,timestamp,category,productName,urlProduct,brand,productName.1,price1,price2,Color,ingredients,skinType,username,datePublished,reviewText,score,reviewerSkinType
0,20221016_022317,프라이버/베이스,3CE 워터 메이크업 베이스,https://www.oliveyoung.co.kr/store/goods/getGoodsDetail.do?goodsNo=A000000164867&dispCatNo=1000001000200010003&trackingCd&curation&egcode&rccode&egrankcode,3CE,3CE 워터 메이크업 베이스,25000,20000,PINK;GREEN;PURPLE,"■PINK
정제수, 다이부틸아디페이트, 프로판다이올, 티타늄디옥사이드, C12-15알킬벤조에이트, 디에칠아미노하이드록시벤조일헥실벤조에이트, 에칠헥실트리아존, 카프릴릭/카프릭트라이글리세라이드, 폴리하이드록시스테아릭애씨드, 카프릴릴메티콘, 디에칠헥실부타미도트리아존, 1,2-헥산다이올, 펜틸렌글라이콜, 소듐하이알루로네이트, 글리세린, 다이카프릴릴카보네이트, 폴리메틸실세스퀴옥세인, 마이크로크리스탈린셀룰로오스, 네오펜틸글라이콜다이에틸헥사노에이트, 알루미나, 암모늄아크릴로일다이메틸타우레이트/브이피코폴리머, 셀룰로오스검, 스테아릭애씨드, 하이드록시프로필메틸셀룰로오스스테아록시에터, 소듐아크릴레이트/소듐아크릴로일다이메틸타우레이트코폴리머, 알루미늄하이드록사이드, 폴리아이소부텐, 잔탄검, 에틸헥실글리세린, 폴리아크릴레이트크로스폴리머-6, 트라이에톡시카프릴릴실레인, 솔비탄올리에이트, 카프릴릴/카프릴글루코사이드, t-부틸알코올, 토코페롤, 향료, 적색산화철, 리날룰, 제라니올",모든 피부,지나가는코덕입니다,2022.10.05,"제가 학생 때부터 쭉 애용하던 제품이 바로 쓰리씨이의 백 투 베이비 메이크업 베이스 스카이블루 제품이었는데 단종됐더라구요 ㅠㅠ 너무 아쉬웠는데 이번에 워터 메이크업 베이스라고 신상이 출시됐길래 예전에 잘 사용했던 기대감을 잔뜩 안고 구매해서 사용해 보게 됐습니다용
❤️일단 이 제품의 가장 큰 장점은 바로 발림성이라고 할 수 있을 것 같아요!! 진짜 약간 메이크업 베이스계의 워터틴트라고 해야 될까요…? 예전에 요런 제형으로 페리페라에서도 출시했었던 것 같은데 약간 펴바르면 물방울이 맺히는 그런 느낌이었어요 타사의 촉촉한 메베들은 대부분 기본베이스가 오일인 경우가 많아서 시간이 지나면 유분기가 올라와서 번들거림이 심한데 이 제품은 이름 그대로 워터 제형이라 전혀 그런 느낌 없이 촉촉하게 발리면서 약간 피부에 스며드는듯한 느낌이라 너무 좋더라구요 ㅎㅎ
아 그리고 톤업이 진짜 기가막히게 잘됩니다 제가 단종된 제품을 좋아했던 이유도 톤업이 잘돼서였는데 역시나… 톤업이 확실히 되더라구여 색상이 3가지였는데 저처럼 피부톤이 누리끼리하신 분들은 퍼플컬러 구매하시면 만족하실 겁니다 단 양조절 실패하면 회기 도는 주온이 될 수 있으니 주의해 주세용!! 
💛 한 가지 아쉬운 점은 메베로 사용하기엔 그 위에 다른 배이스 제품을 올리면 조금 밀리거나 피부화장이 두꺼워지는 느낌이었고 프라이머 기능은 없다 보니까 지속력은 보장 못 한다는 점…? 단독으로 사용하기엔 커버력이나 자차 지수도 낮아서 집 근처에 가벼운 외출 할 때 사용하는 게 좋을 것 같습니돳
💙저의 조그마난 팁을 좀 알려드리자면 스파츌라로 얇게 펴서 필리밀리 스펀지로 팡팡 두들기면 그냥 원래부터 내 피부가 뽀얗고 예뻤던 것처럼 표현돼요!! 혹시나 있으시다면 꼭 한 반 이렇게 사용해 보시길…!!",4,민감성;겨울쿨톤;각질;민감성
1,20221016_022318,프라이버/베이스,3CE 워터 메이크업 베이스,https://www.oliveyoung.co.kr/store/goods/getGoodsDetail.do?goodsNo=A000000164867&dispCatNo=1000001000200010003&trackingCd&curation&egcode&rccode&egrankcode,3CE,3CE 워터 메이크업 베이스,25000,20000,PINK;GREEN;PURPLE,"■PINK
정제수, 다이부틸아디페이트, 프로판다이올, 티타늄디옥사이드, C12-15알킬벤조에이트, 디에칠아미노하이드록시벤조일헥실벤조에이트, 에칠헥실트리아존, 카프릴릭/카프릭트라이글리세라이드, 폴리하이드록시스테아릭애씨드, 카프릴릴메티콘, 디에칠헥실부타미도트리아존, 1,2-헥산다이올, 펜틸렌글라이콜, 소듐하이알루로네이트, 글리세린, 다이카프릴릴카보네이트, 폴리메틸실세스퀴옥세인, 마이크로크리스탈린셀룰로오스, 네오펜틸글라이콜다이에틸헥사노에이트, 알루미나, 암모늄아크릴로일다이메틸타우레이트/브이피코폴리머, 셀룰로오스검, 스테아릭애씨드, 하이드록시프로필메틸셀룰로오스스테아록시에터, 소듐아크릴레이트/소듐아크릴로일다이메틸타우레이트코폴리머, 알루미늄하이드록사이드, 폴리아이소부텐, 잔탄검, 에틸헥실글리세린, 폴리아크릴레이트크로스폴리머-6, 트라이에톡시카프릴릴실레인, 솔비탄올리에이트, 카프릴릴/카프릴글루코사이드, t-부틸알코올, 토코페롤, 향료, 적색산화철, 리날룰, 제라니올",모든 피부,mevr****,2022.09.25,"😊한 달 후기 

🌷노란기가 너무너무너무 심한 수부지, 쿨톤입니다. 
 얼굴 말고도 몸 전체가 그래요...남들은 팔꿈치가 까맣게 되는데 저는 노랗게 되는...ㅜ 햇빛에 타면 더 노랗게 돼요.
    전체적으로 22호이고 입가 주변, 턱은 23호인데 이게 정확하게 맞는지 잘 모르겠어요. 노란기만 없으면 얼굴이 21호 정도 되는 얼굴입니다. ( 노란기 때문에 얼굴이 어두워 보인다고 해야하나...?)
  
🌷 원래 촉촉한 걸 좋아하기도 하지만 기초 탄탄히 해도 보송한 거나 매트한걸 쓰면 각질 부각이 되는 편입니당

💙수분감
노란기 잡겠다고 듬뿍 쓰면 뜰까봐 손으로 소량으로 톡톡 두드리면서 발라봤는데  ""촉촉""해요!! 
원래 각질이 있는 상태라면 부각이 되긴 하지만 그래도 저는 만족해요!
촉촉하다고 해서 기초를 탄탄하게 안하면 건조합니다


💙제형& 밀착력
 밀착력은 좋은 편 같아요! 수분크림처럼 부드럽게 발려서 사용하기 편했어요. 바르고 나서도 얼굴이 편해요.

💙 밀림 현상
 소량씩 바르고 뭔가 부족해보이는 부분에 좀 더 쌓아줬는데 밀림은 없었어요(두들기면서 발라주기!!!)

💙톤업
 얼굴이 화사해지고 피부색이 밝아져요.  이거 없으면 저 화장 안 합니다!

 그래도 이 제품 쓰고 나서 쿠션 올릴 때 (킬커버 올 뉴 21호 란제리 씁니당) 쿠션 색이랑 비슷해서 눈에 잘 안 보이더라구요. 
입 주변, 턱은 선크림을 제대로 안 발라서 노란기보다는 피부톤이 어두운 편인지라 엄청 밝아지더라구요!! 23호 -> 21호 정도? 각질 부각 일어날까봐 진짜 소량만 발랐는데도요😲 그래서 목에도 발라야겠더라구요

💙유지력
확실히 이 제품을 쓰고 안 쓰고 차이가 나요. 안 썼을 때는 지성인지라 피부가 다 흡수해서 쿠션 안 바른 것처럼 돌아오는데 쿠션 유지가 좀 더 오래가요. 물론 그래도 수정 화장이 필요하지만요

🥰 총평
 이제는 없어서는 안될 인생템!!
쓰면 얼굴이 화사, 밝아져서 좋아요
촉촉해서 여름에는 따로 선크림 안 사용해도 되서 편해서 만족합니당",5,트러블성;쿨톤;각질;미백
2,20221016_022319,프라이버/베이스,3CE 워터 메이크업 베이스,https://www.oliveyoung.co.kr/store/goods/getGoodsDetail.do?goodsNo=A000000164867&dispCatNo=1000001000200010003&trackingCd&curation&egcode&rccode&egrankcode,3CE,3CE 워터 메이크업 베이스,25000,20000,PINK;GREEN;PURPLE,"■PINK
정제수, 다이부틸아디페이트, 프로판다이올, 티타늄디옥사이드, C12-15알킬벤조에이트, 디에칠아미노하이드록시벤조일헥실벤조에이트, 에칠헥실트리아존, 카프릴릭/카프릭트라이글리세라이드, 폴리하이드록시스테아릭애씨드, 카프릴릴메티콘, 디에칠헥실부타미도트리아존, 1,2-헥산다이올, 펜틸렌글라이콜, 소듐하이알루로네이트, 글리세린, 다이카프릴릴카보네이트, 폴리메틸실세스퀴옥세인, 마이크로크리스탈린셀룰로오스, 네오펜틸글라이콜다이에틸헥사노에이트, 알루미나, 암모늄아크릴로일다이메틸타우레이트/브이피코폴리머, 셀룰로오스검, 스테아릭애씨드, 하이드록시프로필메틸셀룰로오스스테아록시에터, 소듐아크릴레이트/소듐아크릴로일다이메틸타우레이트코폴리머, 알루미늄하이드록사이드, 폴리아이소부텐, 잔탄검, 에틸헥실글리세린, 폴리아크릴레이트크로스폴리머-6, 트라이에톡시카프릴릴실레인, 솔비탄올리에이트, 카프릴릴/카프릴글루코사이드, t-부틸알코올, 토코페롤, 향료, 적색산화철, 리날룰, 제라니올",모든 피부,피부특공대,2022.08.03,"얼굴 붉은기를 잡기위해 수많은 모험중이에요.ㅠㅠ
이제품 저제품 써보다가 발견한 3ce 워터 메이크업 베이스
세일 안하지만 붉은 스트레스를 없애고 싶어 과감하게 주문했더랬죠ㅠ.ㅠ  

발림성&밀착력
이제품 구매를 고민했던 이유가 
유기자차이기때문!!! 붉은기 있는 분들을 보통 예민한 피부를 가지고 있기에 유기자차를 못쓰시는 분들이 많을거라고 생각해요. 저는 그렇거든요ㅠ.ㅜ 그런데 무기자차 베이스를 쓰면 아무래도 뜨더라구요ㅠ.ㅠ 그래서 무자극이란 말을 믿고 사용해봤는데 유기자차!! 만세!! 바르는것도 부드럽게 샤샥 발려서  바르기 너무 편했고  밀착력도 나쁘지 않게 촥 스며들더라구요. 

톤보정
 톱보정 부분에선 아쉬워요... 많이요..ㅜ 
붉은기를 잡아주지는 못하는거 같아요.
피부가 환하게 밝아지긴 합니다만 밝아질 뿐이지
붉은기를 잡아주진 못해요..ㅠ 
얼굴이 전체적으로 옅은 붉은기를 가지신분이라면 아무래도 톤이 한톤 밝아지니깐 괜찮을꺼같은데 
저처럼 볼에 붉은 홍조를 커버하기엔 무리더라구요.


개인적인 생각!
전체적으러 나쁘지 않으나 홍조같이 기능성 톤보정은 무리!!그냥 전체적으로 한톤 올리고 싶다 할때 쓰면 좋을거 같아요.",3,민감성;쿨톤;각질;모공
3,20221016_022320,프라이버/베이스,3CE 워터 메이크업 베이스,https://www.oliveyoung.co.kr/store/goods/getGoodsDetail.do?goodsNo=A000000164867&dispCatNo=1000001000200010003&trackingCd&curation&egcode&rccode&egrankcode,3CE,3CE 워터 메이크업 베이스,25000,20000,PINK;GREEN;PURPLE,"■PINK
정제수, 다이부틸아디페이트, 프로판다이올, 티타늄디옥사이드, C12-15알킬벤조에이트, 디에칠아미노하이드록시벤조일헥실벤조에이트, 에칠헥실트리아존, 카프릴릭/카프릭트라이글리세라이드, 폴리하이드록시스테아릭애씨드, 카프릴릴메티콘, 디에칠헥실부타미도트리아존, 1,2-헥산다이올, 펜틸렌글라이콜, 소듐하이알루로네이트, 글리세린, 다이카프릴릴카보네이트, 폴리메틸실세스퀴옥세인, 마이크로크리스탈린셀룰로오스, 네오펜틸글라이콜다이에틸헥사노에이트, 알루미나, 암모늄아크릴로일다이메틸타우레이트/브이피코폴리머, 셀룰로오스검, 스테아릭애씨드, 하이드록시프로필메틸셀룰로오스스테아록시에터, 소듐아크릴레이트/소듐아크릴로일다이메틸타우레이트코폴리머, 알루미늄하이드록사이드, 폴리아이소부텐, 잔탄검, 에틸헥실글리세린, 폴리아크릴레이트크로스폴리머-6, 트라이에톡시카프릴릴실레인, 솔비탄올리에이트, 카프릴릴/카프릴글루코사이드, t-부틸알코올, 토코페롤, 향료, 적색산화철, 리날룰, 제라니올",모든 피부,mevr****,2022.07.22,"🌷노란기가 너무너무너무 심한 수부지, 쿨톤입니다. 
 얼굴 말고도 몸 전체가 그래요...남들은 팔꿈치가 까맣게 되는데 저는 노랗게 되는...ㅜ 햇빛에 타면 더 노랗게 돼요.
    전체적으로 22호이고 입가 주변, 턱은 23호인데 이게 정확하게 맞는지 잘 모르겠어요. 노란기만 없으면 얼굴이 21호 정도 되는 얼굴입니다. ( 노란기 때문에 얼굴이 어두워 보인다고 해야하나...?)
  
🌷 원래 촉촉한 걸 좋아하기도 하지만 기초 탄탄히 해도 보송한 거나 매트한걸 쓰면 각질 부각이 되는 편입니다.

메이크업 베이스는 처음 써봐서 괜찮을까 고민을 많이 하고 샀어요 

💙수분감
노란기 잡겠다고 듬뿍 쓰면 뜰까봐 손으로 소량으로 톡톡 두드리면서 발라봤는데  ""촉촉""해요!! 각질 부각이 없어서 너무 좋았어요 ㅎㅎ
(토너 -> 에센스 -> 크림 -> 유분감 좀 있는 수분크림-> 메이크업 베이스 -> 쿠션 순으로 사용)
아 당연한 말이지만 얼굴이 좀 건조한 상태에서 바르면 각질 부각이ㅠ 그러니까 기초는 탄탄하게 하기!!
여름에는 괜찮은데 겨울에는 좀 건조하지 않을까 싶습니다.


💙제형& 밀착력
 밀착력은 좋은 편 같아요! 수분크림처럼 부드럽게 발려서 사용하기 편했어요. 바르고 나서도 얼굴이 편해요.
마스크에도 덜 묻어나는 것 같기도 해요

💙 밀림 현상
 소량씩 바르고 뭔가 부족해보이는 부분에 좀 더 쌓아줬는데 밀림은 없었어요

💙톤업
 얼굴이 화사해지고 피부색이 밝아져요. 
그런데 저는 노란기가 너무 심해서 그런지 눈가 주변에는 노란기가 눈에 띄게 잘 잡히지는 않더라구요 ㅠ 

 그래도 이 제품 쓰고 나서 쿠션 올릴 때 (킬커버 올 뉴 21호 란제리 씁니당) 쿠션 색이랑 비슷해서 눈에 잘 안 보이더라구요. 
입 주변, 턱은 선크림을 제대로 안 발라서 노란기보다는 피부톤이 어두운 편인지라 엄청 밝아지더라구요!! 23호 -> 21호 정도? 각질 부각 일어날까봐 진짜 소량만 발랐는데도요😲 그래서 목에도 발라야겠더라구요

💙유지력
확실히 이 제품을 쓰고 안 쓰고 차이가 나요. 안 썼을 때는 지성인지라 피부가 다 흡수해서 쿠션 안 바른 것처럼 돌아오는데 쿠션 유지가 좀 더 오래가요. 물론 그래도 수정 화장이 필요하지만요


🥰 총평
 재구매 의사 있어요🙆‍♀️ 
쓰면 얼굴이 확실히  화사, 밝아져서 좋아요
 저는 남들에 비해 노란기가 엄청 심해서 그렇지 다른 분들은 이것 쓰면 노란기가 엄청 잘 잡힐 것 같아요 ㅎㅎ
촉촉해서 각질 부각은 많이 없는 것 같고⁰ (기초는 탄탄하게 하기!) 따로 선크림 안 사용해도 되서 편해서 만족합니당",5,트러블성;쿨톤;각질;미백
4,20221016_022320,프라이버/베이스,3CE 워터 메이크업 베이스,https://www.oliveyoung.co.kr/store/goods/getGoodsDetail.do?goodsNo=A000000164867&dispCatNo=1000001000200010003&trackingCd&curation&egcode&rccode&egrankcode,3CE,3CE 워터 메이크업 베이스,25000,20000,PINK;GREEN;PURPLE,"■PINK
정제수, 다이부틸아디페이트, 프로판다이올, 티타늄디옥사이드, C12-15알킬벤조에이트, 디에칠아미노하이드록시벤조일헥실벤조에이트, 에칠헥실트리아존, 카프릴릭/카프릭트라이글리세라이드, 폴리하이드록시스테아릭애씨드, 카프릴릴메티콘, 디에칠헥실부타미도트리아존, 1,2-헥산다이올, 펜틸렌글라이콜, 소듐하이알루로네이트, 글리세린, 다이카프릴릴카보네이트, 폴리메틸실세스퀴옥세인, 마이크로크리스탈린셀룰로오스, 네오펜틸글라이콜다이에틸헥사노에이트, 알루미나, 암모늄아크릴로일다이메틸타우레이트/브이피코폴리머, 셀룰로오스검, 스테아릭애씨드, 하이드록시프로필메틸셀룰로오스스테아록시에터, 소듐아크릴레이트/소듐아크릴로일다이메틸타우레이트코폴리머, 알루미늄하이드록사이드, 폴리아이소부텐, 잔탄검, 에틸헥실글리세린, 폴리아크릴레이트크로스폴리머-6, 트라이에톡시카프릴릴실레인, 솔비탄올리에이트, 카프릴릴/카프릴글루코사이드, t-부틸알코올, 토코페롤, 향료, 적색산화철, 리날룰, 제라니올",모든 피부,올영때매텅장직딩,2022.06.04,"메이크업 베이스 유목민인데 정착템은 샤넬…
가격압박으로 이것저것사보다가 쓰리씨이 도전!
매장에서 써봤는데 꽤 좋더라구요>__<

🧚🏻‍♀️피부타입 : 수부지 모공부자 21호 쿨톤

🌝써본제품 : 
샤넬 복숭아 메베 / 에스티로더 메베 / 맥 톤업씨씨 

🦋발림성 : 
완전 부드럽고 얇게 발려요! 워터드롭이라 수분감 촥!

🌺톤보정 :
일부러 퍼플시켰는데요 딱 화사하게 톤업됩니닷!
발림성좋고 뭉침없어서 얼룩도 노노

🌻결표현 : 
아무래도 매트한 느낌은 아니라서
모공커버는 잘모르겠어용 그래두 
화장이 더 잘먹게해줘서 커버되는듯!

🌸유지력 : 
이거바르고 화장하면 더 오래가는
기분?! 마스크존 부분도 오래 살아요♥️

🌼화장표현 : 
촉촉하니까 파데가 쫀쫀하게 먹어요!
만족해요! 
주로 매트한 파데 많이 쓰는데 훨씬
잘 먹고 잘 발려용!

가성비 좋고 여름에도 쓰기좋아서
전 재구매 의사 있습니다!!",5,지성;쿨톤;블랙헤드;잡티
5,20221016_022321,프라이버/베이스,3CE 워터 메이크업 베이스,https://www.oliveyoung.co.kr/store/goods/getGoodsDetail.do?goodsNo=A000000164867&dispCatNo=1000001000200010003&trackingCd&curation&egcode&rccode&egrankcode,3CE,3CE 워터 메이크업 베이스,25000,20000,PINK;GREEN;PURPLE,"■PINK
정제수, 다이부틸아디페이트, 프로판다이올, 티타늄디옥사이드, C12-15알킬벤조에이트, 디에칠아미노하이드록시벤조일헥실벤조에이트, 에칠헥실트리아존, 카프릴릭/카프릭트라이글리세라이드, 폴리하이드록시스테아릭애씨드, 카프릴릴메티콘, 디에칠헥실부타미도트리아존, 1,2-헥산다이올, 펜틸렌글라이콜, 소듐하이알루로네이트, 글리세린, 다이카프릴릴카보네이트, 폴리메틸실세스퀴옥세인, 마이크로크리스탈린셀룰로오스, 네오펜틸글라이콜다이에틸헥사노에이트, 알루미나, 암모늄아크릴로일다이메틸타우레이트/브이피코폴리머, 셀룰로오스검, 스테아릭애씨드, 하이드록시프로필메틸셀룰로오스스테아록시에터, 소듐아크릴레이트/소듐아크릴로일다이메틸타우레이트코폴리머, 알루미늄하이드록사이드, 폴리아이소부텐, 잔탄검, 에틸헥실글리세린, 폴리아크릴레이트크로스폴리머-6, 트라이에톡시카프릴릴실레인, 솔비탄올리에이트, 카프릴릴/카프릴글루코사이드, t-부틸알코올, 토코페롤, 향료, 적색산화철, 리날룰, 제라니올",모든 피부,홍정희,2022.10.11,촉촉하고 핑크색 베이스가 화사하게 발색되어 기초 베이스로 쓰기 좋고 커버력 지속력 나쁘지 않고 유통기한도 넉넉합니다.,5,복합성;쿨톤;모공;미백
6,20221016_022321,프라이버/베이스,3CE 워터 메이크업 베이스,https://www.oliveyoung.co.kr/store/goods/getGoodsDetail.do?goodsNo=A000000164867&dispCatNo=1000001000200010003&trackingCd&curation&egcode&rccode&egrankcode,3CE,3CE 워터 메이크업 베이스,25000,20000,PINK;GREEN;PURPLE,"■PINK
정제수, 다이부틸아디페이트, 프로판다이올, 티타늄디옥사이드, C12-15알킬벤조에이트, 디에칠아미노하이드록시벤조일헥실벤조에이트, 에칠헥실트리아존, 카프릴릭/카프릭트라이글리세라이드, 폴리하이드록시스테아릭애씨드, 카프릴릴메티콘, 디에칠헥실부타미도트리아존, 1,2-헥산다이올, 펜틸렌글라이콜, 소듐하이알루로네이트, 글리세린, 다이카프릴릴카보네이트, 폴리메틸실세스퀴옥세인, 마이크로크리스탈린셀룰로오스, 네오펜틸글라이콜다이에틸헥사노에이트, 알루미나, 암모늄아크릴로일다이메틸타우레이트/브이피코폴리머, 셀룰로오스검, 스테아릭애씨드, 하이드록시프로필메틸셀룰로오스스테아록시에터, 소듐아크릴레이트/소듐아크릴로일다이메틸타우레이트코폴리머, 알루미늄하이드록사이드, 폴리아이소부텐, 잔탄검, 에틸헥실글리세린, 폴리아크릴레이트크로스폴리머-6, 트라이에톡시카프릴릴실레인, 솔비탄올리에이트, 카프릴릴/카프릴글루코사이드, t-부틸알코올, 토코페롤, 향료, 적색산화철, 리날룰, 제라니올",모든 피부,aha889****,2022.06.11,"처음 도포시에는 워터리한 에센스 로션 같은 제형이지만
순식간에 매트한 마무리감으로 얇게 밀착됩니다.
붉은기 커버에도 좋았고 안색이 맑아보여서 만족했습니다.",4,복합성;봄웜톤;각질;모공
7,20221016_022323,프라이버/베이스,3CE 워터 메이크업 베이스,https://www.oliveyoung.co.kr/store/goods/getGoodsDetail.do?goodsNo=A000000164867&dispCatNo=1000001000200010003&trackingCd&curation&egcode&rccode&egrankcode,3CE,3CE 워터 메이크업 베이스,25000,20000,PINK;GREEN;PURPLE,"■PINK
정제수, 다이부틸아디페이트, 프로판다이올, 티타늄디옥사이드, C12-15알킬벤조에이트, 디에칠아미노하이드록시벤조일헥실벤조에이트, 에칠헥실트리아존, 카프릴릭/카프릭트라이글리세라이드, 폴리하이드록시스테아릭애씨드, 카프릴릴메티콘, 디에칠헥실부타미도트리아존, 1,2-헥산다이올, 펜틸렌글라이콜, 소듐하이알루로네이트, 글리세린, 다이카프릴릴카보네이트, 폴리메틸실세스퀴옥세인, 마이크로크리스탈린셀룰로오스, 네오펜틸글라이콜다이에틸헥사노에이트, 알루미나, 암모늄아크릴로일다이메틸타우레이트/브이피코폴리머, 셀룰로오스검, 스테아릭애씨드, 하이드록시프로필메틸셀룰로오스스테아록시에터, 소듐아크릴레이트/소듐아크릴로일다이메틸타우레이트코폴리머, 알루미늄하이드록사이드, 폴리아이소부텐, 잔탄검, 에틸헥실글리세린, 폴리아크릴레이트크로스폴리머-6, 트라이에톡시카프릴릴실레인, 솔비탄올리에이트, 카프릴릴/카프릴글루코사이드, t-부틸알코올, 토코페롤, 향료, 적색산화철, 리날룰, 제라니올",모든 피부,오승현,2022.04.14,"기존에 쓰던 배이스를 다 써서 고민중에 구매하게 됐어용ㅎ̆̈ ㅎ̌̈ ㅎ̊̈
쓰리씨이꺼는 틴트랑 샤도우만 써보다가 한번 기대하고 삿는데 일단 캐이스는 깔끔하고 아담해서 좋더라구요
휴대용으로도 가지고 다니기도 부담스럽ㅈ 않을 크기에요 ◡̈
저는 끈적거리거나 막 유분감이 많은걸 싫어하는데 이제품은 바를 때 부드럽게 스욱 하고 발려서 괜찮았어요😙
저는 예전에도 라벤더로 써서 그냥 이거로 삿는데 뭔가 과하지않고 딱 자연스럽게 발려서 좋은거 같고 해x 꺼보다는 연햇어요 ◡̈ㅎ
그래도 촉촉하게 발리면서도 흡수도 잘되서 괜찮았고 이거 바르고 화장하니까 수분기가 잇어 그런가 뜨거나 그러지 않아 좋았어요:) 모공을 막 막는 느낌도 아니고 부각시키지도 않아서 좋아요 근ㄷ 이건 여름용일거 같아요
겨울에 바르면 조금 얼굴이 땡길거 같은 느낌..?
가격대비 괜찬ㅎ은거 같아요",5,_alchera_none_
8,20221016_022323,프라이버/베이스,3CE 워터 메이크업 베이스,https://www.oliveyoung.co.kr/store/goods/getGoodsDetail.do?goodsNo=A000000164867&dispCatNo=1000001000200010003&trackingCd&curation&egcode&rccode&egrankcode,3CE,3CE 워터 메이크업 베이스,25000,20000,PINK;GREEN;PURPLE,"■PINK
정제수, 다이부틸아디페이트, 프로판다이올, 티타늄디옥사이드, C12-15알킬벤조에이트, 디에칠아미노하이드록시벤조일헥실벤조에이트, 에칠헥실트리아존, 카프릴릭/카프릭트라이글리세라이드, 폴리하이드록시스테아릭애씨드, 카프릴릴메티콘, 디에칠헥실부타미도트리아존, 1,2-헥산다이올, 펜틸렌글라이콜, 소듐하이알루로네이트, 글리세린, 다이카프릴릴카보네이트, 폴리메틸실세스퀴옥세인, 마이크로크리스탈린셀룰로오스, 네오펜틸글라이콜다이에틸헥사노에이트, 알루미나, 암모늄아크릴로일다이메틸타우레이트/브이피코폴리머, 셀룰로오스검, 스테아릭애씨드, 하이드록시프로필메틸셀룰로오스스테아록시에터, 소듐아크릴레이트/소듐아크릴로일다이메틸타우레이트코폴리머, 알루미늄하이드록사이드, 폴리아이소부텐, 잔탄검, 에틸헥실글리세린, 폴리아크릴레이트크로스폴리머-6, 트라이에톡시카프릴릴실레인, 솔비탄올리에이트, 카프릴릴/카프릴글루코사이드, t-부틸알코올, 토코페롤, 향료, 적색산화철, 리날룰, 제라니올",모든 피부,Sksk,2022.05.26,3ce 제품은 왠지 늘 기대하며 쓰게 됩니다! 메이크업 베이스는 처음 써 보는데 부드럽게 발리고 좋았어요!,5,건성;웜톤;다크서클;모공
9,20221016_022325,프라이버/베이스,3CE 워터 메이크업 베이스,https://www.oliveyoung.co.kr/store/goods/getGoodsDetail.do?goodsNo=A000000164867&dispCatNo=1000001000200010003&trackingCd&curation&egcode&rccode&egrankcode,3CE,3CE 워터 메이크업 베이스,25000,20000,PINK;GREEN;PURPLE,"■PINK
정제수, 다이부틸아디페이트, 프로판다이올, 티타늄디옥사이드, C12-15알킬벤조에이트, 디에칠아미노하이드록시벤조일헥실벤조에이트, 에칠헥실트리아존, 카프릴릭/카프릭트라이글리세라이드, 폴리하이드록시스테아릭애씨드, 카프릴릴메티콘, 디에칠헥실부타미도트리아존, 1,2-헥산다이올, 펜틸렌글라이콜, 소듐하이알루로네이트, 글리세린, 다이카프릴릴카보네이트, 폴리메틸실세스퀴옥세인, 마이크로크리스탈린셀룰로오스, 네오펜틸글라이콜다이에틸헥사노에이트, 알루미나, 암모늄아크릴로일다이메틸타우레이트/브이피코폴리머, 셀룰로오스검, 스테아릭애씨드, 하이드록시프로필메틸셀룰로오스스테아록시에터, 소듐아크릴레이트/소듐아크릴로일다이메틸타우레이트코폴리머, 알루미늄하이드록사이드, 폴리아이소부텐, 잔탄검, 에틸헥실글리세린, 폴리아크릴레이트크로스폴리머-6, 트라이에톡시카프릴릴실레인, 솔비탄올리에이트, 카프릴릴/카프릴글루코사이드, t-부틸알코올, 토코페롤, 향료, 적색산화철, 리날룰, 제라니올",모든 피부,ksp****,2022.10.09,"우연히 샘플 받아보고 일주일동안 써봤는데 
촉촉하고 너무 좋아서 할인 이벤트 할 때 바로 구입했네요 
홍조가 있는 17호 타입이라서 볼터치나 이런건 아예 상상이 안되는데 이 제품 바르고나서는 은은하게 약하게 
블러셔 바르고 출근해요 그리고 이거 바르고 안바르고의 
차이가 큰게 그냥 팩트만 바르고 시간이 지나면 다크닝이 올라와서 눈가 밑이 어두워 지는데 이거 얇게 바르고 팩트 바르면 다크닝 오지 않고 퇴근 후에도 톤이 일정하게 남아 있어서 화사해지더라구요 그리고 촉촉한 선크림 위에 덧바르는건데 
밀림리나 각질부각없이 피부 위에 얹어지더라구요 
많이 바르면 안되고 정말 소량만 바르셔야 합니다 
본 통은 작은데 소량만 바르기 때문에 1년 넘게 사용할 것 같아요  핑크는 써봤지만 핑크보다는 민트가 제 피부에 더 잘 맞아서 이걸로 선택했어요",5,_alchera_none_
10,20221016_022329,프라이버/베이스,3CE 워터 메이크업 베이스,https://www.oliveyoung.co.kr/store/goods/getGoodsDetail.do?goodsNo=A000000164867&dispCatNo=1000001000200010003&trackingCd&curation&egcode&rccode&egrankcode,3CE,3CE 워터 메이크업 베이스,25000,20000,PINK;GREEN;PURPLE,"■PINK
정제수, 다이부틸아디페이트, 프로판다이올, 티타늄디옥사이드, C12-15알킬벤조에이트, 디에칠아미노하이드록시벤조일헥실벤조에이트, 에칠헥실트리아존, 카프릴릭/카프릭트라이글리세라이드, 폴리하이드록시스테아릭애씨드, 카프릴릴메티콘, 디에칠헥실부타미도트리아존, 1,2-헥산다이올, 펜틸렌글라이콜, 소듐하이알루로네이트, 글리세린, 다이카프릴릴카보네이트, 폴리메틸실세스퀴옥세인, 마이크로크리스탈린셀룰로오스, 네오펜틸글라이콜다이에틸헥사노에이트, 알루미나, 암모늄아크릴로일다이메틸타우레이트/브이피코폴리머, 셀룰로오스검, 스테아릭애씨드, 하이드록시프로필메틸셀룰로오스스테아록시에터, 소듐아크릴레이트/소듐아크릴로일다이메틸타우레이트코폴리머, 알루미늄하이드록사이드, 폴리아이소부텐, 잔탄검, 에틸헥실글리세린, 폴리아크릴레이트크로스폴리머-6, 트라이에톡시카프릴릴실레인, 솔비탄올리에이트, 카프릴릴/카프릴글루코사이드, t-부틸알코올, 토코페롤, 향료, 적색산화철, 리날룰, 제라니올",모든 피부,molly****,2022.08.07,물같은 제형이라 피부에 발랐을때 안텁텁해서 좋았어요 촉촉해서 위에 베이스 얹어도 안밀리는거 같아요 그리고 톤업크림이라고 발라도 많이 안 하야지는 제품들이 있었는데 이거는 자연스럽게 피부톤을 환하게 만들어주는거같아 좋았어요 지속력도 오래가는편인거 같아요 그리고 자외선 차단 효과도 있어서 더 좋은 것 같아요 그래서 선크림 대신에 바르는데 좋네요 위에 계속 덧발라도 너무 부담스럽게 하애지는게 아니라 좋은 거 같아요 근데 제 스킨케어 제품이랑 안맞는건지 제품이 그런건지 모르겠는데 바를때 한번씩 때처럼? 하얗게 제품이 뭉쳐서 피부에서 돌아다닐 때가 있어요… 그럴때 좀 당황스럽긴 한데 왜그런건진 모르겠어요 제 피부 상태가 안좋아서 그런걸가요 근데 맨날 그런건 아니라서 계속 사용중이긴 합니다 앞으로도 재구매 의사 있숩니당,5,_alchera_none_
11,20221016_022330,프라이버/베이스,3CE 워터 메이크업 베이스,https://www.oliveyoung.co.kr/store/goods/getGoodsDetail.do?goodsNo=A000000164867&dispCatNo=1000001000200010003&trackingCd&curation&egcode&rccode&egrankcode,3CE,3CE 워터 메이크업 베이스,25000,20000,PINK;GREEN;PURPLE,"■PINK
정제수, 다이부틸아디페이트, 프로판다이올, 티타늄디옥사이드, C12-15알킬벤조에이트, 디에칠아미노하이드록시벤조일헥실벤조에이트, 에칠헥실트리아존, 카프릴릭/카프릭트라이글리세라이드, 폴리하이드록시스테아릭애씨드, 카프릴릴메티콘, 디에칠헥실부타미도트리아존, 1,2-헥산다이올, 펜틸렌글라이콜, 소듐하이알루로네이트, 글리세린, 다이카프릴릴카보네이트, 폴리메틸실세스퀴옥세인, 마이크로크리스탈린셀룰로오스, 네오펜틸글라이콜다이에틸헥사노에이트, 알루미나, 암모늄아크릴로일다이메틸타우레이트/브이피코폴리머, 셀룰로오스검, 스테아릭애씨드, 하이드록시프로필메틸셀룰로오스스테아록시에터, 소듐아크릴레이트/소듐아크릴로일다이메틸타우레이트코폴리머, 알루미늄하이드록사이드, 폴리아이소부텐, 잔탄검, 에틸헥실글리세린, 폴리아크릴레이트크로스폴리머-6, 트라이에톡시카프릴릴실레인, 솔비탄올리에이트, 카프릴릴/카프릴글루코사이드, t-부틸알코올, 토코페롤, 향료, 적색산화철, 리날룰, 제라니올",모든 피부,홍정희,2022.07.06,새로 나왔길래 구매한 워터 메이크업 베이스 촉촉하니 여름에 쓰기 좋고 발림성 지속력 좋고 붉은기를 잡아주고 매트하게  보송하게 밀착력이 마무리가 되요 만족합니다 다 쓰고 나서 할인하면 재구매 의사 있고 유통기한도 넉넉합니다.,5,_alchera_none_
12,20221016_022330,프라이버/베이스,3CE 워터 메이크업 베이스,https://www.oliveyoung.co.kr/store/goods/getGoodsDetail.do?goodsNo=A000000164867&dispCatNo=1000001000200010003&trackingCd&curation&egcode&rccode&egrankcode,3CE,3CE 워터 메이크업 베이스,25000,20000,PINK;GREEN;PURPLE,"■PINK
정제수, 다이부틸아디페이트, 프로판다이올, 티타늄디옥사이드, C12-15알킬벤조에이트, 디에칠아미노하이드록시벤조일헥실벤조에이트, 에칠헥실트리아존, 카프릴릭/카프릭트라이글리세라이드, 폴리하이드록시스테아릭애씨드, 카프릴릴메티콘, 디에칠헥실부타미도트리아존, 1,2-헥산다이올, 펜틸렌글라이콜, 소듐하이알루로네이트, 글리세린, 다이카프릴릴카보네이트, 폴리메틸실세스퀴옥세인, 마이크로크리스탈린셀룰로오스, 네오펜틸글라이콜다이에틸헥사노에이트, 알루미나, 암모늄아크릴로일다이메틸타우레이트/브이피코폴리머, 셀룰로오스검, 스테아릭애씨드, 하이드록시프로필메틸셀룰로오스스테아록시에터, 소듐아크릴레이트/소듐아크릴로일다이메틸타우레이트코폴리머, 알루미늄하이드록사이드, 폴리아이소부텐, 잔탄검, 에틸헥실글리세린, 폴리아크릴레이트크로스폴리머-6, 트라이에톡시카프릴릴실레인, 솔비탄올리에이트, 카프릴릴/카프릴글루코사이드, t-부틸알코올, 토코페롤, 향료, 적색산화철, 리날룰, 제라니올",모든 피부,so94****,2022.05.09,초록색 베이스를 취급하는 제품을 찾다가 찾다가 정착했습니다! 오래오래 팔아주세요ㅜ,5,민감성;여름쿨톤;모공;홍조
13,20221016_022332,프라이버/베이스,3CE 워터 메이크업 베이스,https://www.oliveyoung.co.kr/store/goods/getGoodsDetail.do?goodsNo=A000000164867&dispCatNo=1000001000200010003&trackingCd&curation&egcode&rccode&egrankcode,3CE,3CE 워터 메이크업 베이스,25000,20000,PINK;GREEN;PURPLE,"■PINK
정제수, 다이부틸아디페이트, 프로판다이올, 티타늄디옥사이드, C12-15알킬벤조에이트, 디에칠아미노하이드록시벤조일헥실벤조에이트, 에칠헥실트리아존, 카프릴릭/카프릭트라이글리세라이드, 폴리하이드록시스테아릭애씨드, 카프릴릴메티콘, 디에칠헥실부타미도트리아존, 1,2-헥산다이올, 펜틸렌글라이콜, 소듐하이알루로네이트, 글리세린, 다이카프릴릴카보네이트, 폴리메틸실세스퀴옥세인, 마이크로크리스탈린셀룰로오스, 네오펜틸글라이콜다이에틸헥사노에이트, 알루미나, 암모늄아크릴로일다이메틸타우레이트/브이피코폴리머, 셀룰로오스검, 스테아릭애씨드, 하이드록시프로필메틸셀룰로오스스테아록시에터, 소듐아크릴레이트/소듐아크릴로일다이메틸타우레이트코폴리머, 알루미늄하이드록사이드, 폴리아이소부텐, 잔탄검, 에틸헥실글리세린, 폴리아크릴레이트크로스폴리머-6, 트라이에톡시카프릴릴실레인, 솔비탄올리에이트, 카프릴릴/카프릴글루코사이드, t-부틸알코올, 토코페롤, 향료, 적색산화철, 리날룰, 제라니올",모든 피부,tpwl****,2022.08.19,베이스가 필요해서 평보고 구매했는데 발림성도 좋고 흡수도 잘되요,5,_alchera_none_
14,20221016_022333,프라이버/베이스,3CE 워터 메이크업 베이스,https://www.oliveyoung.co.kr/store/goods/getGoodsDetail.do?goodsNo=A000000164867&dispCatNo=1000001000200010003&trackingCd&curation&egcode&rccode&egrankcode,3CE,3CE 워터 메이크업 베이스,25000,20000,PINK;GREEN;PURPLE,"■PINK
정제수, 다이부틸아디페이트, 프로판다이올, 티타늄디옥사이드, C12-15알킬벤조에이트, 디에칠아미노하이드록시벤조일헥실벤조에이트, 에칠헥실트리아존, 카프릴릭/카프릭트라이글리세라이드, 폴리하이드록시스테아릭애씨드, 카프릴릴메티콘, 디에칠헥실부타미도트리아존, 1,2-헥산다이올, 펜틸렌글라이콜, 소듐하이알루로네이트, 글리세린, 다이카프릴릴카보네이트, 폴리메틸실세스퀴옥세인, 마이크로크리스탈린셀룰로오스, 네오펜틸글라이콜다이에틸헥사노에이트, 알루미나, 암모늄아크릴로일다이메틸타우레이트/브이피코폴리머, 셀룰로오스검, 스테아릭애씨드, 하이드록시프로필메틸셀룰로오스스테아록시에터, 소듐아크릴레이트/소듐아크릴로일다이메틸타우레이트코폴리머, 알루미늄하이드록사이드, 폴리아이소부텐, 잔탄검, 에틸헥실글리세린, 폴리아크릴레이트크로스폴리머-6, 트라이에톡시카프릴릴실레인, 솔비탄올리에이트, 카프릴릴/카프릴글루코사이드, t-부틸알코올, 토코페롤, 향료, 적색산화철, 리날룰, 제라니올",모든 피부,kxxyoung****,2022.06.10,"생각보다
... 별루에여 ㅜㅜ 제가
잘 사용을 못해서 그런것같기두 하지만... 
바르는것도 너무 뻑뻑한 느끼이랄까    ㅠㅠ아쉬워용",5,_alchera_none_
15,20221016_022334,프라이버/베이스,3CE 워터 메이크업 베이스,https://www.oliveyoung.co.kr/store/goods/getGoodsDetail.do?goodsNo=A000000164867&dispCatNo=1000001000200010003&trackingCd&curation&egcode&rccode&egrankcode,3CE,3CE 워터 메이크업 베이스,25000,20000,PINK;GREEN;PURPLE,"■PINK
정제수, 다이부틸아디페이트, 프로판다이올, 티타늄디옥사이드, C12-15알킬벤조에이트, 디에칠아미노하이드록시벤조일헥실벤조에이트, 에칠헥실트리아존, 카프릴릭/카프릭트라이글리세라이드, 폴리하이드록시스테아릭애씨드, 카프릴릴메티콘, 디에칠헥실부타미도트리아존, 1,2-헥산다이올, 펜틸렌글라이콜, 소듐하이알루로네이트, 글리세린, 다이카프릴릴카보네이트, 폴리메틸실세스퀴옥세인, 마이크로크리스탈린셀룰로오스, 네오펜틸글라이콜다이에틸헥사노에이트, 알루미나, 암모늄아크릴로일다이메틸타우레이트/브이피코폴리머, 셀룰로오스검, 스테아릭애씨드, 하이드록시프로필메틸셀룰로오스스테아록시에터, 소듐아크릴레이트/소듐아크릴로일다이메틸타우레이트코폴리머, 알루미늄하이드록사이드, 폴리아이소부텐, 잔탄검, 에틸헥실글리세린, 폴리아크릴레이트크로스폴리머-6, 트라이에톡시카프릴릴실레인, 솔비탄올리에이트, 카프릴릴/카프릴글루코사이드, t-부틸알코올, 토코페롤, 향료, 적색산화철, 리날룰, 제라니올",모든 피부,popo****,2022.09.18,"처음 써보는 제품인데
보정 효과도 있고
수분도 잡아줘서
만족스런 제품입니다",5,_alchera_none_
16,20221016_022335,프라이버/베이스,3CE 워터 메이크업 베이스,https://www.oliveyoung.co.kr/store/goods/getGoodsDetail.do?goodsNo=A000000164867&dispCatNo=1000001000200010003&trackingCd&curation&egcode&rccode&egrankcode,3CE,3CE 워터 메이크업 베이스,25000,20000,PINK;GREEN;PURPLE,"■PINK
정제수, 다이부틸아디페이트, 프로판다이올, 티타늄디옥사이드, C12-15알킬벤조에이트, 디에칠아미노하이드록시벤조일헥실벤조에이트, 에칠헥실트리아존, 카프릴릭/카프릭트라이글리세라이드, 폴리하이드록시스테아릭애씨드, 카프릴릴메티콘, 디에칠헥실부타미도트리아존, 1,2-헥산다이올, 펜틸렌글라이콜, 소듐하이알루로네이트, 글리세린, 다이카프릴릴카보네이트, 폴리메틸실세스퀴옥세인, 마이크로크리스탈린셀룰로오스, 네오펜틸글라이콜다이에틸헥사노에이트, 알루미나, 암모늄아크릴로일다이메틸타우레이트/브이피코폴리머, 셀룰로오스검, 스테아릭애씨드, 하이드록시프로필메틸셀룰로오스스테아록시에터, 소듐아크릴레이트/소듐아크릴로일다이메틸타우레이트코폴리머, 알루미늄하이드록사이드, 폴리아이소부텐, 잔탄검, 에틸헥실글리세린, 폴리아크릴레이트크로스폴리머-6, 트라이에톡시카프릴릴실레인, 솔비탄올리에이트, 카프릴릴/카프릴글루코사이드, t-부틸알코올, 토코페롤, 향료, 적색산화철, 리날룰, 제라니올",모든 피부,ehgml****,2022.05.06,처음 바를때 물처럼 촥 펴지는 듯 하더니 조금 더 바르면 꾸덕하게 펴지는 느낌이 들어요. 그렇다고 매트하진않아요. 얼굴이 환해지는 느낌이 있어 만족합니다. 첫 발림성이 신기해서 잘 쓸 것 같아요.,5,_alchera_none_
17,20221016_022337,프라이버/베이스,3CE 워터 메이크업 베이스,https://www.oliveyoung.co.kr/store/goods/getGoodsDetail.do?goodsNo=A000000164867&dispCatNo=1000001000200010003&trackingCd&curation&egcode&rccode&egrankcode,3CE,3CE 워터 메이크업 베이스,25000,20000,PINK;GREEN;PURPLE,"■PINK
정제수, 다이부틸아디페이트, 프로판다이올, 티타늄디옥사이드, C12-15알킬벤조에이트, 디에칠아미노하이드록시벤조일헥실벤조에이트, 에칠헥실트리아존, 카프릴릭/카프릭트라이글리세라이드, 폴리하이드록시스테아릭애씨드, 카프릴릴메티콘, 디에칠헥실부타미도트리아존, 1,2-헥산다이올, 펜틸렌글라이콜, 소듐하이알루로네이트, 글리세린, 다이카프릴릴카보네이트, 폴리메틸실세스퀴옥세인, 마이크로크리스탈린셀룰로오스, 네오펜틸글라이콜다이에틸헥사노에이트, 알루미나, 암모늄아크릴로일다이메틸타우레이트/브이피코폴리머, 셀룰로오스검, 스테아릭애씨드, 하이드록시프로필메틸셀룰로오스스테아록시에터, 소듐아크릴레이트/소듐아크릴로일다이메틸타우레이트코폴리머, 알루미늄하이드록사이드, 폴리아이소부텐, 잔탄검, 에틸헥실글리세린, 폴리아크릴레이트크로스폴리머-6, 트라이에톡시카프릴릴실레인, 솔비탄올리에이트, 카프릴릴/카프릴글루코사이드, t-부틸알코올, 토코페롤, 향료, 적색산화철, 리날룰, 제라니올",모든 피부,gast****,2022.08.21,처음써보는 베이스입니다. 아직 사용은 안해봤지만 좋을 것 같아요,5,_alchera_none_
18,20221016_022338,프라이버/베이스,3CE 워터 메이크업 베이스,https://www.oliveyoung.co.kr/store/goods/getGoodsDetail.do?goodsNo=A000000164867&dispCatNo=1000001000200010003&trackingCd&curation&egcode&rccode&egrankcode,3CE,3CE 워터 메이크업 베이스,25000,20000,PINK;GREEN;PURPLE,"■PINK
정제수, 다이부틸아디페이트, 프로판다이올, 티타늄디옥사이드, C12-15알킬벤조에이트, 디에칠아미노하이드록시벤조일헥실벤조에이트, 에칠헥실트리아존, 카프릴릭/카프릭트라이글리세라이드, 폴리하이드록시스테아릭애씨드, 카프릴릴메티콘, 디에칠헥실부타미도트리아존, 1,2-헥산다이올, 펜틸렌글라이콜, 소듐하이알루로네이트, 글리세린, 다이카프릴릴카보네이트, 폴리메틸실세스퀴옥세인, 마이크로크리스탈린셀룰로오스, 네오펜틸글라이콜다이에틸헥사노에이트, 알루미나, 암모늄아크릴로일다이메틸타우레이트/브이피코폴리머, 셀룰로오스검, 스테아릭애씨드, 하이드록시프로필메틸셀룰로오스스테아록시에터, 소듐아크릴레이트/소듐아크릴로일다이메틸타우레이트코폴리머, 알루미늄하이드록사이드, 폴리아이소부텐, 잔탄검, 에틸헥실글리세린, 폴리아크릴레이트크로스폴리머-6, 트라이에톡시카프릴릴실레인, 솔비탄올리에이트, 카프릴릴/카프릴글루코사이드, t-부틸알코올, 토코페롤, 향료, 적색산화철, 리날룰, 제라니올",모든 피부,moonjoung2,2022.07.17,"발림성도 좋고 , 지속력과 촉촉함 모두 좋습니다
양 조절만 잘 하면 자연스럽게 잘 쓸 수 있을꺼 같아요",4,_alchera_none_
19,20221016_022339,프라이버/베이스,3CE 워터 메이크업 베이스,https://www.oliveyoung.co.kr/store/goods/getGoodsDetail.do?goodsNo=A000000164867&dispCatNo=1000001000200010003&trackingCd&curation&egcode&rccode&egrankcode,3CE,3CE 워터 메이크업 베이스,25000,20000,PINK;GREEN;PURPLE,"■PINK
정제수, 다이부틸아디페이트, 프로판다이올, 티타늄디옥사이드, C12-15알킬벤조에이트, 디에칠아미노하이드록시벤조일헥실벤조에이트, 에칠헥실트리아존, 카프릴릭/카프릭트라이글리세라이드, 폴리하이드록시스테아릭애씨드, 카프릴릴메티콘, 디에칠헥실부타미도트리아존, 1,2-헥산다이올, 펜틸렌글라이콜, 소듐하이알루로네이트, 글리세린, 다이카프릴릴카보네이트, 폴리메틸실세스퀴옥세인, 마이크로크리스탈린셀룰로오스, 네오펜틸글라이콜다이에틸헥사노에이트, 알루미나, 암모늄아크릴로일다이메틸타우레이트/브이피코폴리머, 셀룰로오스검, 스테아릭애씨드, 하이드록시프로필메틸셀룰로오스스테아록시에터, 소듐아크릴레이트/소듐아크릴로일다이메틸타우레이트코폴리머, 알루미늄하이드록사이드, 폴리아이소부텐, 잔탄검, 에틸헥실글리세린, 폴리아크릴레이트크로스폴리머-6, 트라이에톡시카프릴릴실레인, 솔비탄올리에이트, 카프릴릴/카프릴글루코사이드, t-부틸알코올, 토코페롤, 향료, 적색산화철, 리날룰, 제라니올",모든 피부,nay****,2022.08.12,묽은제형이라서 조금 아쉽긴한데 묽은제형이 좋아하시는분은 괜찮을거같아요 잘발리긴해요,4,_alchera_none_
20,20221016_022343,프라이버/베이스,3CE 워터 메이크업 베이스,https://www.oliveyoung.co.kr/store/goods/getGoodsDetail.do?goodsNo=A000000164867&dispCatNo=1000001000200010003&trackingCd&curation&egcode&rccode&egrankcode,3CE,3CE 워터 메이크업 베이스,25000,20000,PINK;GREEN;PURPLE,"■PINK
정제수, 다이부틸아디페이트, 프로판다이올, 티타늄디옥사이드, C12-15알킬벤조에이트, 디에칠아미노하이드록시벤조일헥실벤조에이트, 에칠헥실트리아존, 카프릴릭/카프릭트라이글리세라이드, 폴리하이드록시스테아릭애씨드, 카프릴릴메티콘, 디에칠헥실부타미도트리아존, 1,2-헥산다이올, 펜틸렌글라이콜, 소듐하이알루로네이트, 글리세린, 다이카프릴릴카보네이트, 폴리메틸실세스퀴옥세인, 마이크로크리스탈린셀룰로오스, 네오펜틸글라이콜다이에틸헥사노에이트, 알루미나, 암모늄아크릴로일다이메틸타우레이트/브이피코폴리머, 셀룰로오스검, 스테아릭애씨드, 하이드록시프로필메틸셀룰로오스스테아록시에터, 소듐아크릴레이트/소듐아크릴로일다이메틸타우레이트코폴리머, 알루미늄하이드록사이드, 폴리아이소부텐, 잔탄검, 에틸헥실글리세린, 폴리아크릴레이트크로스폴리머-6, 트라이에톡시카프릴릴실레인, 솔비탄올리에이트, 카프릴릴/카프릴글루코사이드, t-부틸알코올, 토코페롤, 향료, 적색산화철, 리날룰, 제라니올",모든 피부,icm****,2022.07.14,"묽은 점도의 메베라서 가볍게 발리네요
연한 베이비파우더 향이 나요",5,_alchera_none_
21,20221016_022344,프라이버/베이스,3CE 워터 메이크업 베이스,https://www.oliveyoung.co.kr/store/goods/getGoodsDetail.do?goodsNo=A000000164867&dispCatNo=1000001000200010003&trackingCd&curation&egcode&rccode&egrankcode,3CE,3CE 워터 메이크업 베이스,25000,20000,PINK;GREEN;PURPLE,"■PINK
정제수, 다이부틸아디페이트, 프로판다이올, 티타늄디옥사이드, C12-15알킬벤조에이트, 디에칠아미노하이드록시벤조일헥실벤조에이트, 에칠헥실트리아존, 카프릴릭/카프릭트라이글리세라이드, 폴리하이드록시스테아릭애씨드, 카프릴릴메티콘, 디에칠헥실부타미도트리아존, 1,2-헥산다이올, 펜틸렌글라이콜, 소듐하이알루로네이트, 글리세린, 다이카프릴릴카보네이트, 폴리메틸실세스퀴옥세인, 마이크로크리스탈린셀룰로오스, 네오펜틸글라이콜다이에틸헥사노에이트, 알루미나, 암모늄아크릴로일다이메틸타우레이트/브이피코폴리머, 셀룰로오스검, 스테아릭애씨드, 하이드록시프로필메틸셀룰로오스스테아록시에터, 소듐아크릴레이트/소듐아크릴로일다이메틸타우레이트코폴리머, 알루미늄하이드록사이드, 폴리아이소부텐, 잔탄검, 에틸헥실글리세린, 폴리아크릴레이트크로스폴리머-6, 트라이에톡시카프릴릴실레인, 솔비탄올리에이트, 카프릴릴/카프릴글루코사이드, t-부틸알코올, 토코페롤, 향료, 적색산화철, 리날룰, 제라니올",모든 피부,sse****,2022.07.14,무난하게 쓰기 좋은것같아요 원래 쓰던게 단종돼서 사봤는데 괜찮은것같아요,4,_alchera_none_
22,20221016_022345,프라이버/베이스,3CE 워터 메이크업 베이스,https://www.oliveyoung.co.kr/store/goods/getGoodsDetail.do?goodsNo=A000000164867&dispCatNo=1000001000200010003&trackingCd&curation&egcode&rccode&egrankcode,3CE,3CE 워터 메이크업 베이스,25000,20000,PINK;GREEN;PURPLE,"■PINK
정제수, 다이부틸아디페이트, 프로판다이올, 티타늄디옥사이드, C12-15알킬벤조에이트, 디에칠아미노하이드록시벤조일헥실벤조에이트, 에칠헥실트리아존, 카프릴릭/카프릭트라이글리세라이드, 폴리하이드록시스테아릭애씨드, 카프릴릴메티콘, 디에칠헥실부타미도트리아존, 1,2-헥산다이올, 펜틸렌글라이콜, 소듐하이알루로네이트, 글리세린, 다이카프릴릴카보네이트, 폴리메틸실세스퀴옥세인, 마이크로크리스탈린셀룰로오스, 네오펜틸글라이콜다이에틸헥사노에이트, 알루미나, 암모늄아크릴로일다이메틸타우레이트/브이피코폴리머, 셀룰로오스검, 스테아릭애씨드, 하이드록시프로필메틸셀룰로오스스테아록시에터, 소듐아크릴레이트/소듐아크릴로일다이메틸타우레이트코폴리머, 알루미늄하이드록사이드, 폴리아이소부텐, 잔탄검, 에틸헥실글리세린, 폴리아크릴레이트크로스폴리머-6, 트라이에톡시카프릴릴실레인, 솔비탄올리에이트, 카프릴릴/카프릴글루코사이드, t-부틸알코올, 토코페롤, 향료, 적색산화철, 리날룰, 제라니올",모든 피부,rjd****,2022.06.18,조금 건조하긴해요 무난하게 사용하기 좋고 얇게 잘 펴발려요,3,_alchera_none_
23,20221016_022346,프라이버/베이스,3CE 워터 메이크업 베이스,https://www.oliveyoung.co.kr/store/goods/getGoodsDetail.do?goodsNo=A000000164867&dispCatNo=1000001000200010003&trackingCd&curation&egcode&rccode&egrankcode,3CE,3CE 워터 메이크업 베이스,25000,20000,PINK;GREEN;PURPLE,"■PINK
정제수, 다이부틸아디페이트, 프로판다이올, 티타늄디옥사이드, C12-15알킬벤조에이트, 디에칠아미노하이드록시벤조일헥실벤조에이트, 에칠헥실트리아존, 카프릴릭/카프릭트라이글리세라이드, 폴리하이드록시스테아릭애씨드, 카프릴릴메티콘, 디에칠헥실부타미도트리아존, 1,2-헥산다이올, 펜틸렌글라이콜, 소듐하이알루로네이트, 글리세린, 다이카프릴릴카보네이트, 폴리메틸실세스퀴옥세인, 마이크로크리스탈린셀룰로오스, 네오펜틸글라이콜다이에틸헥사노에이트, 알루미나, 암모늄아크릴로일다이메틸타우레이트/브이피코폴리머, 셀룰로오스검, 스테아릭애씨드, 하이드록시프로필메틸셀룰로오스스테아록시에터, 소듐아크릴레이트/소듐아크릴로일다이메틸타우레이트코폴리머, 알루미늄하이드록사이드, 폴리아이소부텐, 잔탄검, 에틸헥실글리세린, 폴리아크릴레이트크로스폴리머-6, 트라이에톡시카프릴릴실레인, 솔비탄올리에이트, 카프릴릴/카프릴글루코사이드, t-부틸알코올, 토코페롤, 향료, 적색산화철, 리날룰, 제라니올",모든 피부,hm****,2022.05.28,"물처럼 가볍게 발리고 톤 보정력이 뛰어나요 
바르고 파운데이션하면 자연스럽게 뽀얗게 됩니다",5,_alchera_none_
24,20221016_022348,프라이버/베이스,3CE 워터 메이크업 베이스,https://www.oliveyoung.co.kr/store/goods/getGoodsDetail.do?goodsNo=A000000164867&dispCatNo=1000001000200010003&trackingCd&curation&egcode&rccode&egrankcode,3CE,3CE 워터 메이크업 베이스,25000,20000,PINK;GREEN;PURPLE,"■PINK
정제수, 다이부틸아디페이트, 프로판다이올, 티타늄디옥사이드, C12-15알킬벤조에이트, 디에칠아미노하이드록시벤조일헥실벤조에이트, 에칠헥실트리아존, 카프릴릭/카프릭트라이글리세라이드, 폴리하이드록시스테아릭애씨드, 카프릴릴메티콘, 디에칠헥실부타미도트리아존, 1,2-헥산다이올, 펜틸렌글라이콜, 소듐하이알루로네이트, 글리세린, 다이카프릴릴카보네이트, 폴리메틸실세스퀴옥세인, 마이크로크리스탈린셀룰로오스, 네오펜틸글라이콜다이에틸헥사노에이트, 알루미나, 암모늄아크릴로일다이메틸타우레이트/브이피코폴리머, 셀룰로오스검, 스테아릭애씨드, 하이드록시프로필메틸셀룰로오스스테아록시에터, 소듐아크릴레이트/소듐아크릴로일다이메틸타우레이트코폴리머, 알루미늄하이드록사이드, 폴리아이소부텐, 잔탄검, 에틸헥실글리세린, 폴리아크릴레이트크로스폴리머-6, 트라이에톡시카프릴릴실레인, 솔비탄올리에이트, 카프릴릴/카프릴글루코사이드, t-부틸알코올, 토코페롤, 향료, 적색산화철, 리날룰, 제라니올",모든 피부,jiayij****,2022.05.22,"매장에서 데스트를 한번 해봤는데 괜찮을 것 같아요,아주 촉촉하지 않지만 그래도 수분이 있어서 좋아요.",5,_alchera_none_
