,timestamp,category,productName,urlProduct,brand,productName.1,price1,price2,Color,ingredients,skinType,username,datePublished,reviewText,score,reviewerSkinType
0,20221015_111140,아이브로우,3CE 클리어 아이브로우 픽서,https://www.oliveyoung.co.kr/store/goods/getGoodsDetail.do?goodsNo=A000000146109&dispCatNo=1000001000200070004&trackingCd&curation&egcode&rccode&egrankcode,3CE,3CE 클리어 아이브로우 픽서,15000,12800,CLEAR,"■ 정제수,변성알코올,브이피/브이에이코폴리머,부틸렌글라이콜,피브이피,아미노메칠프로판디올,카프릴릴글라이콜,피이지-40하이드로제네이티드캐스터오일,에칠헥실글리세린,카보머,페녹시에탄올,향료",■ 모든피부,올영짠돌,2021.03.14,"올영짠돌알바생~! 저히 매장에는 없는 제품이나ㅜㅜ 다른매장 놀러갔다가 평소에 마음에 품고 있었던 브로우 픽서 구매했습니당! 브러쉬는 작아서 좋으나? 생각보다 고정력이 강한 건 아닌 것 같아여ㅜㅜ 여러번 레이어링 해서 바르면 고정력이 조금 생깁니당~! 여러번 반대쪽으로 빗어줘야 눈썹이 세워집니덩 ㅎㅎ 저는 눈썹 앞머리가 누워있는 편이고 말을 잘 안들어서 조금 여러번 레이어링 했어용~! 
생얼메이크업 때 자주 사용하려구 구매했어요~! 요즘 마스크 때문에 아이메이크업만 빡 강조하거나 생얼로 많이 다녀서용ㅎㅎ 저는 재구매 의사는 장하지 않아서ㅜㅜ 별하나 뺏어용ㅎ 다른 브랜드도 한 번 사용해보고 정하려구용ㅎㅎ 비포애프터 사진도 올립니당효참고해주세용ㅎ",4,복합성;웜톤;모공;미백
1,20221015_111140,아이브로우,3CE 클리어 아이브로우 픽서,https://www.oliveyoung.co.kr/store/goods/getGoodsDetail.do?goodsNo=A000000146109&dispCatNo=1000001000200070004&trackingCd&curation&egcode&rccode&egrankcode,3CE,3CE 클리어 아이브로우 픽서,15000,12800,CLEAR,"■ 정제수,변성알코올,브이피/브이에이코폴리머,부틸렌글라이콜,피브이피,아미노메칠프로판디올,카프릴릴글라이콜,피이지-40하이드로제네이티드캐스터오일,에칠헥실글리세린,카보머,페녹시에탄올,향료",■ 모든피부,밍채,2021.03.17,"제가 진짜 웬만하면 리뷰 안 좋게 쓰지 않는데...ㅠㅠ
이 제품은 쓰리씨이 믿고 샀다가 뒤통수 크게 맞은 제품이에요ㅠㅠ
일단 아이브로우 픽서인데 고정이 하나도 안되요;;;
제가 눈썹 숱이 많은데 그렇다고 눈썹이 억세지는 않거든요...
보통 굵기에 숱 많은 정도인데 고정이 안 되다니;;;

아침에 눈썹 앞머리를 올리면 수직으로 세워지지 않고 사선 정도로 세워져요
그게 지속이 오래된다면 모르겠는데 점심 때쯤 보면 다시 눈썹이 가라앉아있어요ㅠㅠㅠ...
이 제품의 타겟층은... 눈썹이 정말 없고, 눈썹모가 얇은 그런 새럼인가여...?
그런 분들이라면 쉽게 잘 쓸 수 있을 것 같아요ㅠ
기대하고 산 제품인데 제품력 때문에 쪼끔 실망입니다ㅠㅠ",2,건성;봄웜톤;다크서클;미백
2,20221015_111140,아이브로우,3CE 클리어 아이브로우 픽서,https://www.oliveyoung.co.kr/store/goods/getGoodsDetail.do?goodsNo=A000000146109&dispCatNo=1000001000200070004&trackingCd&curation&egcode&rccode&egrankcode,3CE,3CE 클리어 아이브로우 픽서,15000,12800,CLEAR,"■ 정제수,변성알코올,브이피/브이에이코폴리머,부틸렌글라이콜,피브이피,아미노메칠프로판디올,카프릴릴글라이콜,피이지-40하이드로제네이티드캐스터오일,에칠헥실글리세린,카보머,페녹시에탄올,향료",■ 모든피부,예똥예똥,2022.05.11,3CE 브랜드는 워낙 유명해서 믿고 사용하는 브랜드이고 지금까지 다양한 제품을 사용하고 지금도 계속 사용하고 만족하고 있는데 이 제품은 처음으로 실망한 제품이에요 ㅠㅠ 일단 패키지는 깔끔해서 마음에 들었고 같은 라인의 다른 제품들과 같이 가지고 다니면 훨씬 더 예쁘더라구요! 근데 후기가 안 좋아서 살까 말까 고민하다가 패키지를 맞추고 싶어서 구매했는데 괜히 후기가 있는게 아닌거 같아요. 다른 후기처럼 눈썹 결 정돈은 깔끔하게 할 수 있는데 고정이 거의 안 된다고 보시면 될거 같아요. 지속력은 30초 정도랄까..? 그만큼 발림성은 좋은데 지속력이 너무 안 좋아서 재구매는 안 할거 같고 바로 다른 제품으로 구매했네요. 가끔 쌩얼 메이크업으로 눈썹 결 정돈할 때 사용하고 있고 좋은 점은 패키지랑 발림성 뿐이에요.,3,복합성;여름쿨톤;모공;미백
3,20221015_111141,아이브로우,3CE 클리어 아이브로우 픽서,https://www.oliveyoung.co.kr/store/goods/getGoodsDetail.do?goodsNo=A000000146109&dispCatNo=1000001000200070004&trackingCd&curation&egcode&rccode&egrankcode,3CE,3CE 클리어 아이브로우 픽서,15000,12800,CLEAR,"■ 정제수,변성알코올,브이피/브이에이코폴리머,부틸렌글라이콜,피브이피,아미노메칠프로판디올,카프릴릴글라이콜,피이지-40하이드로제네이티드캐스터오일,에칠헥실글리세린,카보머,페녹시에탄올,향료",■ 모든피부,hio9090,2021.05.10,"올리브영 매장에 방문했다가 혹하는 마음에 구매해 후기 남깁니다!
결론부터 말하자면 재구매는 안 할 것 같습니다!

⭐️ 상품 지속력
 - 아이브로우 픽서라고 해서 메이크업 픽서같이 아이브로우가 오래 지속될 것을 예상했지만 쓸 때랑 안 쓸 때랑 개인적으로 큰 차이를 못 느끼겠어요ㅠㅠㅠ 눈썹 앞머리의 결을 살리고 싶으신 분들이라면 차이를 느끼실 수도 있지만 저처럼 눈썹 숱이 많지도 적지도 않으신 분들이라면 그저 그럴 듯 합니다,,

- 눈썹 결이 살아날 것을 생각해서 구매했던 제품이었는데,, 눈썹 앞머리 결을 원하시는 분이시라면 구매하셔도 좋을 듯 합니다. 아니라면,, 차라리 메이크업 픽서를 사용하시는 걸 추천드려요!!ㅠ 

- 저는 재구매 의사는 없습니다! 이왕 구매했으니 사용하기는 할 테지만,, 굳이 또 구매할 이유가 있나 싶어요,,ㅠ",3,지성;가을웜톤;민감성;블랙헤드
4,20221015_111141,아이브로우,3CE 클리어 아이브로우 픽서,https://www.oliveyoung.co.kr/store/goods/getGoodsDetail.do?goodsNo=A000000146109&dispCatNo=1000001000200070004&trackingCd&curation&egcode&rccode&egrankcode,3CE,3CE 클리어 아이브로우 픽서,15000,12800,CLEAR,"■ 정제수,변성알코올,브이피/브이에이코폴리머,부틸렌글라이콜,피브이피,아미노메칠프로판디올,카프릴릴글라이콜,피이지-40하이드로제네이티드캐스터오일,에칠헥실글리세린,카보머,페녹시에탄올,향료",■ 모든피부,HYONIA,2021.05.12,"브로우 결을 정리해줄 투명마스카라가 필요한데, 올영에서 취급하는 제품이 몇개 없어서 고민하다가 이 제품으로 구매했어요. 리뷰보고 구매했었는데, 평이 안좋아서 걱정했지만 ㅜㅜ 다른 선택지가 없어서 구매했는데 ㅜㅜ 흠,. 결론부터말하면 재구매 안할 것같아요 ㅜㅜ 역시 다른분들 리뷰대로 성능이 별로 안좋아요
* 좋은점
- 결따라 발라주면 전체적으로 정돈이 되는느낌
- 뭉치거나, 가루날림 없음
* 아쉬운점
- 고정이 전혀 않돼요. 눈썹 앞머리를 세우고 싶어서 샀는데, 전혀 세워지지가 않네요. ㅜㅜ 저는 눈썹이 짙고 두꺼운편입니다. 얇은 눈썹에는 고정이 잘 될지도 모르겠어요..",3,복합성;쿨톤;모공
5,20221015_111141,아이브로우,3CE 클리어 아이브로우 픽서,https://www.oliveyoung.co.kr/store/goods/getGoodsDetail.do?goodsNo=A000000146109&dispCatNo=1000001000200070004&trackingCd&curation&egcode&rccode&egrankcode,3CE,3CE 클리어 아이브로우 픽서,15000,12800,CLEAR,"■ 정제수,변성알코올,브이피/브이에이코폴리머,부틸렌글라이콜,피브이피,아미노메칠프로판디올,카프릴릴글라이콜,피이지-40하이드로제네이티드캐스터오일,에칠헥실글리세린,카보머,페녹시에탄올,향료",■ 모든피부,asdf,2020.12.03,"냄새가 독하지 않아서 정말 좋습니다
그냥 빼도 양 조절도 잘 돼요
확실한 픽스는 적은 양으로는 잘 안돼요
눈썹 앞머리 세울때는 위로 쓸어올리는 것보단 아예 미간쪽으로 쓸어줘야 겨우 위로 세워집니당
마른 다음에 혹시 광이 나거나 딱딱해지진 않을까 했는데, 그냥 매트하게 파우더 처리한정도로 가볍습니당.",4,건성;웜톤;민감성;잡티
6,20221015_111142,아이브로우,3CE 클리어 아이브로우 픽서,https://www.oliveyoung.co.kr/store/goods/getGoodsDetail.do?goodsNo=A000000146109&dispCatNo=1000001000200070004&trackingCd&curation&egcode&rccode&egrankcode,3CE,3CE 클리어 아이브로우 픽서,15000,12800,CLEAR,"■ 정제수,변성알코올,브이피/브이에이코폴리머,부틸렌글라이콜,피브이피,아미노메칠프로판디올,카프릴릴글라이콜,피이지-40하이드로제네이티드캐스터오일,에칠헥실글리세린,카보머,페녹시에탄올,향료",■ 모든피부,2년9개월차올영알바생,2021.12.21,"잔머리 많은 분들 추천 !!!

저는 조금 특별한 방법으로 이 제품을 쓰는데요.. 바로 잔머리 고정 헤어 마스카라로 사용합니다!

잔머리에 쓴다는 말인즉슨 제품이 굳어도 하얘지지 않고 고정력이 좋다고 생각하면 되겠죠?

제가 붕붕 뜨는 잔머리가 정말 많은 편인데 이 제품으로 살짝 빗어주고 손으로 눌러주면 고정 잘됩니다! 심ㅈ어 자연스러워서 머리에 젤 바른 느낌도 안 나고 좋아요.

솔이 짧은 편이라 눈썹에 사용하기 좋을 거 같고 잔머리에 써도 부분부분마다 잡아줄 수 있어서 좋았어요.

액이 많이 묻어나오지도 않고 적절히 입구에서 조절 되니 덜어낼 필요도 없고 정말 간편했습니다.

잔머리 픽서는 뿌리는 거만 써봤는데 이 제품은 작아서 들고다니기도 좋아요. 저는 가지고 나가서 잔머리 뜰 때마다 이 제품으로 고정해줘요!

브로우 마스카라로도 좋지만 저처럼 잔머리 많은 분들은 헤어에 사용해보세요! ㅎㅎ",5,복합성;쿨톤;각질;민감성
7,20221015_111143,아이브로우,3CE 클리어 아이브로우 픽서,https://www.oliveyoung.co.kr/store/goods/getGoodsDetail.do?goodsNo=A000000146109&dispCatNo=1000001000200070004&trackingCd&curation&egcode&rccode&egrankcode,3CE,3CE 클리어 아이브로우 픽서,15000,12800,CLEAR,"■ 정제수,변성알코올,브이피/브이에이코폴리머,부틸렌글라이콜,피브이피,아미노메칠프로판디올,카프릴릴글라이콜,피이지-40하이드로제네이티드캐스터오일,에칠헥실글리세린,카보머,페녹시에탄올,향료",■ 모든피부,요구르트2,2020.12.07,"후기를 엄청 길고,정성껏 쓰고 싶은데 계속 우리말을 사용하라고 나오고 어쩌라는건지 모르겠네요",3,건성;쿨톤
8,20221015_111144,아이브로우,3CE 클리어 아이브로우 픽서,https://www.oliveyoung.co.kr/store/goods/getGoodsDetail.do?goodsNo=A000000146109&dispCatNo=1000001000200070004&trackingCd&curation&egcode&rccode&egrankcode,3CE,3CE 클리어 아이브로우 픽서,15000,12800,CLEAR,"■ 정제수,변성알코올,브이피/브이에이코폴리머,부틸렌글라이콜,피브이피,아미노메칠프로판디올,카프릴릴글라이콜,피이지-40하이드로제네이티드캐스터오일,에칠헥실글리세린,카보머,페녹시에탄올,향료",■ 모든피부,빛날율,2021.05.02,"진심 최 to the 악인 제품.
그냥 아~~~~무 효과도 없고 고정력도 없음.
유명한 픽서 제품 사려다 그건 올영에 없어서 대신
3ce니까 뭐 괜찮겠지 싶어서 믿고 구매한거였는데 역시나 화장품은 테스트를 해보고 사야한다는걸 몸소 체험함.
희게 떡지지 않지만, 그만큼 그냥 투명젤 눈썹에 바르는 느낌임. 털이 올라가지도 않고 고정되지도 않고 진짜 한두푼 하는것도 아니고 만원이 넘어가는 제품력 따위가 이모양이니 진심 빡쳤음. 다시는 3ce구매 안합니다..
절대 홍보나 돈받고 올리는 블로그나 유튜버들 믿고 구매하지 마.세.요",1,_alchera_none_
9,20221015_111146,아이브로우,3CE 클리어 아이브로우 픽서,https://www.oliveyoung.co.kr/store/goods/getGoodsDetail.do?goodsNo=A000000146109&dispCatNo=1000001000200070004&trackingCd&curation&egcode&rccode&egrankcode,3CE,3CE 클리어 아이브로우 픽서,15000,12800,CLEAR,"■ 정제수,변성알코올,브이피/브이에이코폴리머,부틸렌글라이콜,피브이피,아미노메칠프로판디올,카프릴릴글라이콜,피이지-40하이드로제네이티드캐스터오일,에칠헥실글리세린,카보머,페녹시에탄올,향료",■ 모든피부,레이아,2022.10.12,"* 색감이 마음에 들어요. 
* 바르기 좋고 눈썹이 잘 고정되는 제품이에요.  
* 사용하기 쉬워요.  
* 또한 가격에 비해 양도 만족스러워요.  
* 나는 추천해요 !",5,_alchera_none_
10,20221015_111148,아이브로우,3CE 클리어 아이브로우 픽서,https://www.oliveyoung.co.kr/store/goods/getGoodsDetail.do?goodsNo=A000000146109&dispCatNo=1000001000200070004&trackingCd&curation&egcode&rccode&egrankcode,3CE,3CE 클리어 아이브로우 픽서,15000,12800,CLEAR,"■ 정제수,변성알코올,브이피/브이에이코폴리머,부틸렌글라이콜,피브이피,아미노메칠프로판디올,카프릴릴글라이콜,피이지-40하이드로제네이티드캐스터오일,에칠헥실글리세린,카보머,페녹시에탄올,향료",■ 모든피부,쫑2s,2021.03.09,원하는 스타일의 눈썹을 고정시키거나 아니면 눈썹 모양을 강조할때 편해요 그리고 브로우 마스카라 지속력도 높여주어서 좋아요!',5,복합성;웜톤;모공;민감성
11,20221015_111150,아이브로우,3CE 클리어 아이브로우 픽서,https://www.oliveyoung.co.kr/store/goods/getGoodsDetail.do?goodsNo=A000000146109&dispCatNo=1000001000200070004&trackingCd&curation&egcode&rccode&egrankcode,3CE,3CE 클리어 아이브로우 픽서,15000,12800,CLEAR,"■ 정제수,변성알코올,브이피/브이에이코폴리머,부틸렌글라이콜,피브이피,아미노메칠프로판디올,카프릴릴글라이콜,피이지-40하이드로제네이티드캐스터오일,에칠헥실글리세린,카보머,페녹시에탄올,향료",■ 모든피부,비비빗,2021.01.23,"눈썹결 쳐진걸 위로 올리고 싶어서 처음으로 구매해봤어요
생각했던거보다 덜 올라가서 아쉽지만 ... ㅠㅠ
그래도 아예 효과가 없는건 아니고 안한거 보단 한게
훨 나은 느낌이긴 해요 지속력은 나쁘지 않은 느낌? 
아직 몇 번 안써봐서  노하우가 없어서 그런걸수도....!
이 제품 쓰기 전에는 눈썹을 잘 그려도 눈썹결이 쳐져있다보니 눈썹이 전체적으로 쳐진? 느낌이 들었는데 
쓰고 나서는 확실히 덜 해요!",5,_alchera_none_
12,20221015_111151,아이브로우,3CE 클리어 아이브로우 픽서,https://www.oliveyoung.co.kr/store/goods/getGoodsDetail.do?goodsNo=A000000146109&dispCatNo=1000001000200070004&trackingCd&curation&egcode&rccode&egrankcode,3CE,3CE 클리어 아이브로우 픽서,15000,12800,CLEAR,"■ 정제수,변성알코올,브이피/브이에이코폴리머,부틸렌글라이콜,피브이피,아미노메칠프로판디올,카프릴릴글라이콜,피이지-40하이드로제네이티드캐스터오일,에칠헥실글리세린,카보머,페녹시에탄올,향료",■ 모든피부,서서36,2022.04.21,"아이브로우 픽서를 찾아보는 중 오프라인 매장에서 골라서 구매했습니다! 눈썹 방향을 위로 고정하고 싶어서 구매했는데 고정력이 약해서 원하는 모양을 잡아주지는 못합니다,,,,!!!! 그냥 눈썹결 정리 정도로만? 가능합니다... 대신 많이 발라도 잘 뭉치거나 하얗게 일어나지는 않습니다.! 고정력이 조금 약하고 자연스러운 걸 찾으신다면 구매하셔도 될 것 같습니다. 그냥 딱 결 정리하는 용으로만 사용 가능하고 그 이상의 효과를 기대하시는 건,, 추천 드리지 않아요 그냥 모양이 유지된디,,?는 정도 인거 같습니다. 그치만 제가 원한 고정력은 아니어서 재구매할 의사는 없습니다ㅠㅠㅠ!!
가격은 세일할때 사서 정가보다는 저렴하게 구매했던거 같습니다...
저는 이제 다른 픽서를 찾아서 떠납니다,,,",3,_alchera_none_
13,20221015_111151,아이브로우,3CE 클리어 아이브로우 픽서,https://www.oliveyoung.co.kr/store/goods/getGoodsDetail.do?goodsNo=A000000146109&dispCatNo=1000001000200070004&trackingCd&curation&egcode&rccode&egrankcode,3CE,3CE 클리어 아이브로우 픽서,15000,12800,CLEAR,"■ 정제수,변성알코올,브이피/브이에이코폴리머,부틸렌글라이콜,피브이피,아미노메칠프로판디올,카프릴릴글라이콜,피이지-40하이드로제네이티드캐스터오일,에칠헥실글리세린,카보머,페녹시에탄올,향료",■ 모든피부,은아링,2021.06.22,하얗게 되지않아서 좋아요.. 지속력도 좋고 만족,4,지성;쿨톤;각질;모공
14,20221015_111152,아이브로우,3CE 클리어 아이브로우 픽서,https://www.oliveyoung.co.kr/store/goods/getGoodsDetail.do?goodsNo=A000000146109&dispCatNo=1000001000200070004&trackingCd&curation&egcode&rccode&egrankcode,3CE,3CE 클리어 아이브로우 픽서,15000,12800,CLEAR,"■ 정제수,변성알코올,브이피/브이에이코폴리머,부틸렌글라이콜,피브이피,아미노메칠프로판디올,카프릴릴글라이콜,피이지-40하이드로제네이티드캐스터오일,에칠헥실글리세린,카보머,페녹시에탄올,향료",■ 모든피부,신주영,2021.03.08,"우선 저는 눈썹  숱이 많고 진해서 브로우카라나 래커 같은 제품들을 사용하지 않았어요..ㅠ근데 눈썹 모양이 마음에 안들거나 눈썹 뒤쪽엉킴, 앞머리 모양때문에 투명한 색의 브로우 픽서를 구매해 봤어요🙂픽서가 반투명이 아닌 완전투명이고 그래서 그런지 바른다고 픽스되면서 눈썹이 허옇게 변하거나 그러지 않았어요👍그 점이 마음에 들었고 굳을 때 딱딱하고 떡진 모양으로 굳지 않고 보송보송 자연스러운 느낌으로 픽스되더라구요😀어플리케이터도 작아서 눈썹 앞머리 등 섬세한 부분에 바르기 좋고 살에 묻지 않게 바를 수 있어서 좋았어요!케이스도 매트한 살구색이 예쁘구요😁",4,_alchera_none_
15,20221015_111152,아이브로우,3CE 클리어 아이브로우 픽서,https://www.oliveyoung.co.kr/store/goods/getGoodsDetail.do?goodsNo=A000000146109&dispCatNo=1000001000200070004&trackingCd&curation&egcode&rccode&egrankcode,3CE,3CE 클리어 아이브로우 픽서,15000,12800,CLEAR,"■ 정제수,변성알코올,브이피/브이에이코폴리머,부틸렌글라이콜,피브이피,아미노메칠프로판디올,카프릴릴글라이콜,피이지-40하이드로제네이티드캐스터오일,에칠헥실글리세린,카보머,페녹시에탄올,향료",■ 모든피부,uni0915,2020.12.28,"아이브로우 픽서는 많이들 사용 안하실텐데 써보면 확실히 달라요
한올한올 더 살리기 쉽고 고정력이 살아있어요

투명하게 발색되는 픽서라 눈썹결을 따라서 슥슥 발라주면 끝이고 뭉치지 않고 오랫동안 유지되어서 좋아요",5,복합성;웜톤;각질;미백
16,20221015_111154,아이브로우,3CE 클리어 아이브로우 픽서,https://www.oliveyoung.co.kr/store/goods/getGoodsDetail.do?goodsNo=A000000146109&dispCatNo=1000001000200070004&trackingCd&curation&egcode&rccode&egrankcode,3CE,3CE 클리어 아이브로우 픽서,15000,12800,CLEAR,"■ 정제수,변성알코올,브이피/브이에이코폴리머,부틸렌글라이콜,피브이피,아미노메칠프로판디올,카프릴릴글라이콜,피이지-40하이드로제네이티드캐스터오일,에칠헥실글리세린,카보머,페녹시에탄올,향료",■ 모든피부,liah****,2021.03.23,"제가 숱이 많은 눈썹인데 물로 눈썹결을 정리했을 때 깔끔해보이더라고요. 그런데 숱이 이미 많다보니 결 정리용으로 색이 있는 브로우마스카라 쓰기가 부담스러웠어요. 그래서 이 제품 보고 투명마스카라면 짱구눈썹 피할 수 있겠다 싶어서 구매했어요. 

딱 원하는 만큼 고정되고, 지우기 불편하지도 않고, 말라서 하얗게 변하는 일도 없었습니다. 어플리케이터가 짧고 조그매서 결 하나하나씩 살리긴 좋더라고요. 
근데 제품 사용으로 눈썹에 큰 차이가 생기진 않아요. 정말 나만 알 정도로 표현이 되고, 좋게 말하면 굉장히 무척 아주 자연스럽습니다. 

그래서 효과는 눈썹 보다는 잔머리 정리에서 많이 보고 있어요. 머리 묶었을 때 생기는 뿔 같은 머리 눌러주는 건 확실하더라고요.. 사실 이거 때문에 만족했습니다. 

다른 제품을 써본 경험이 없어 해당 제품이 특출나게 좋다고 할 수는 없지만, 저는 다른 브랜드 제품으로라도 재구매 의향도 있고 이 제품을 시작으로 투명 브로우카라에 입문했습니다. 

사진은.. 둘 중에 애프터가 뭘까요? 저는 까먹었습니다.",5,_alchera_none_
17,20221015_111155,아이브로우,3CE 클리어 아이브로우 픽서,https://www.oliveyoung.co.kr/store/goods/getGoodsDetail.do?goodsNo=A000000146109&dispCatNo=1000001000200070004&trackingCd&curation&egcode&rccode&egrankcode,3CE,3CE 클리어 아이브로우 픽서,15000,12800,CLEAR,"■ 정제수,변성알코올,브이피/브이에이코폴리머,부틸렌글라이콜,피브이피,아미노메칠프로판디올,카프릴릴글라이콜,피이지-40하이드로제네이티드캐스터오일,에칠헥실글리세린,카보머,페녹시에탄올,향료",■ 모든피부,d0rad0ra,2021.04.05,솔이 많이 작은편이에요 눈썹 고정용이라서 눈썹사이즈에는 딱인데 저는 잔머리고정용으로 써보고싶어서 구매했던지라 조금 작다고생각이 들어용(길이가 1cm정도..?) 그리고 생각보다 고정력이 약해서 모든모발이 아주아주아주 얇은 저도 고정이 잘안되더라구요 그래서 3ce제품 엄청 애정하는데 조금아쉬웠어요ㅠㅠ,3,_alchera_none_
18,20221015_111156,아이브로우,3CE 클리어 아이브로우 픽서,https://www.oliveyoung.co.kr/store/goods/getGoodsDetail.do?goodsNo=A000000146109&dispCatNo=1000001000200070004&trackingCd&curation&egcode&rccode&egrankcode,3CE,3CE 클리어 아이브로우 픽서,15000,12800,CLEAR,"■ 정제수,변성알코올,브이피/브이에이코폴리머,부틸렌글라이콜,피브이피,아미노메칠프로판디올,카프릴릴글라이콜,피이지-40하이드로제네이티드캐스터오일,에칠헥실글리세린,카보머,페녹시에탄올,향료",■ 모든피부,홍시럽,2021.03.15,"숱이 적은 눈썹인데 바르고 얼마동안은 결을 잘 살려주지만 
시간이 지나면서 지속력이 약해 지는것 같아요
그래도 안 하는것 보다는 좋아요>♡<",5,_alchera_none_
19,20221015_111156,아이브로우,3CE 클리어 아이브로우 픽서,https://www.oliveyoung.co.kr/store/goods/getGoodsDetail.do?goodsNo=A000000146109&dispCatNo=1000001000200070004&trackingCd&curation&egcode&rccode&egrankcode,3CE,3CE 클리어 아이브로우 픽서,15000,12800,CLEAR,"■ 정제수,변성알코올,브이피/브이에이코폴리머,부틸렌글라이콜,피브이피,아미노메칠프로판디올,카프릴릴글라이콜,피이지-40하이드로제네이티드캐스터오일,에칠헥실글리세린,카보머,페녹시에탄올,향료",■ 모든피부,rkdusdrk****,2022.02.04,"사실 이제품을 구매한이유는 눈썹결을 위한게아니라 잔머리 정리용이였어요.... 
이마쪽잔머리가 갑자기 자라나면서 잔디처럼 지저분해지길래
가르마를 따라 눌러주기위해 구매했어요 ! 
사용해보니 머리카락힘이 더 쎄서그런가... 고정력은 좀 떨어진다는 느낌을 받았어요.
그래도 기름지거나 뭉치는 느낌은 없어서 가지고다니면서 수시로 발라주니 없는거보다는 훨씬 나았어요.
그러다가 잔디들이 정리되면서 눈썹에한번 사용해볼까..?
생각이들었어요.
묽은제형으로 자연스러운 눈썹결 표현이 되어서 초보자분들(저같은..)도 사용하기 좋을거같았어요.
망쳐도 다시할수있기때문에 ㅎ 
하지만 저녁에 돌아오면 다시 제자리를 찾아가는걸 보니 지속력은 정말 짧은거같아요,,
재구매는 조금 생각해봐야할거같네요",3,복합성;웜톤;다크서클;모공
20,20221015_111200,아이브로우,3CE 클리어 아이브로우 픽서,https://www.oliveyoung.co.kr/store/goods/getGoodsDetail.do?goodsNo=A000000146109&dispCatNo=1000001000200070004&trackingCd&curation&egcode&rccode&egrankcode,3CE,3CE 클리어 아이브로우 픽서,15000,12800,CLEAR,"■ 정제수,변성알코올,브이피/브이에이코폴리머,부틸렌글라이콜,피브이피,아미노메칠프로판디올,카프릴릴글라이콜,피이지-40하이드로제네이티드캐스터오일,에칠헥실글리세린,카보머,페녹시에탄올,향료",■ 모든피부,girl****,2021.06.16,"저는 눈썹털이 힘이 없고 얇은 편인데요 화장할 때 눈썹 결만 살리는 걸 매우 좋아하는 편인데 다른 브랜드 제품들은 모두 뭉치거나 너무 티가 많이 나고 그랬었는데 이번에 3ce 아이브로우 마스카라는 정말 많이 달랐어요 ! 뭉치지도 않고 
얇게 쓱슥 발라도 고정잘되고 아이브로우 마스카라로 쓱
쓱 바르고 면봉에 불 살짝 데워서 눈썹 한번 더 세워주면 
지속력도 더 오래가고 눈썹에 더 힘이 들어가는 느낌? 
아무튼 더 자연스러운 눈썹을 만들 수 있습니다 
제가 사용하기에는 제형도 좋았고 투명이라서 또 
눈썹 결 표현하기 정말 딱 좋은 형태라고 생각했습니다 
아이브로우 처음 써보시는 분들도 쉽게 잘 사용하실 수 
있는 제품같아요 쓰리씨이 제품 립이나 섀도우 색조 화장
품만 사용 많이 했었는데 역시 믿을만한 브랜드같아요 
여러분들도 아이브로우 마스카라도 사용하시고 
다른 제품들도 너무 좋으니 꼭 꼭 사용해보세요 
아이브로우 마스카라 지속력도 매우 좋아서 더운 여름날에
사용해도 오래오래 지속됩니당",5,_alchera_none_
21,20221015_111201,아이브로우,3CE 클리어 아이브로우 픽서,https://www.oliveyoung.co.kr/store/goods/getGoodsDetail.do?goodsNo=A000000146109&dispCatNo=1000001000200070004&trackingCd&curation&egcode&rccode&egrankcode,3CE,3CE 클리어 아이브로우 픽서,15000,12800,CLEAR,"■ 정제수,변성알코올,브이피/브이에이코폴리머,부틸렌글라이콜,피브이피,아미노메칠프로판디올,카프릴릴글라이콜,피이지-40하이드로제네이티드캐스터오일,에칠헥실글리세린,카보머,페녹시에탄올,향료",■ 모든피부,yoor****,2021.02.17,"호랑이 눈썹이라서 눈썹을 길러봐도 잘라봐도 소용없는 눈썹입니다. 이제는 지겨워서 찾아보니 픽서로 붙일수가 있더라구요? 올리브영에서 파는것중 제일 후기 괜찮은걸로 산게 이겁니다. 
결과부터 말씀드리면 그냥 쏘쏘에요 액을 뭍히고 손가락으로 눈썹을 꾹 눌러야 붙일정도에요 저는 워낙 뜨는 눈썹이라 반만 성공하는데 대부분의 사람들은 아마 딱 붙여지지않을까 싶네요 결 살리는목적이라면 좋아요. 그리고 지속력도 나쁘지않은편이라 일반눈썹가지신분은 추천드립니다. 호랑이 눈썹분들은 이거에다가 더 추가해야..되지않을까 싶어요 .
무색무취라 부담없이 쓸거같고 다만 손가락으로 눌러 모양을 잡아줘야되서 그런 번거로움이 있어요. 전 그냥 브러쉬로 쓱쓱하면 고정될줄알았는데 ....;;",3,_alchera_none_
22,20221015_111202,아이브로우,3CE 클리어 아이브로우 픽서,https://www.oliveyoung.co.kr/store/goods/getGoodsDetail.do?goodsNo=A000000146109&dispCatNo=1000001000200070004&trackingCd&curation&egcode&rccode&egrankcode,3CE,3CE 클리어 아이브로우 픽서,15000,12800,CLEAR,"■ 정제수,변성알코올,브이피/브이에이코폴리머,부틸렌글라이콜,피브이피,아미노메칠프로판디올,카프릴릴글라이콜,피이지-40하이드로제네이티드캐스터오일,에칠헥실글리세린,카보머,페녹시에탄올,향료",■ 모든피부,복이아빠,2022.05.07,처음구매해봤는데 사용후기봐도 좋아보여서 훅 사버렸네용,4,복합성;웜톤;모공
23,20221015_111203,아이브로우,3CE 클리어 아이브로우 픽서,https://www.oliveyoung.co.kr/store/goods/getGoodsDetail.do?goodsNo=A000000146109&dispCatNo=1000001000200070004&trackingCd&curation&egcode&rccode&egrankcode,3CE,3CE 클리어 아이브로우 픽서,15000,12800,CLEAR,"■ 정제수,변성알코올,브이피/브이에이코폴리머,부틸렌글라이콜,피브이피,아미노메칠프로판디올,카프릴릴글라이콜,피이지-40하이드로제네이티드캐스터오일,에칠헥실글리세린,카보머,페녹시에탄올,향료",■ 모든피부,yaena****,2021.10.25,"저는 눈썹 숱이 없고 눈썹 모질이 얄은 편이에요.
그래서 아이프로우로 만 눈썹을 그리는데 자연스럽게 그려도 모량이 적다보니 부자연스러워 보이더라구요. 
그래서 쓰리씨이 클리어 아이브로우 픽서를 샀어요. 
자연스러운 눈썹을 만들기 위해서 저는 눈썹을 그릴때 앞머리는 아이프로우로 색을 옅게 칠하고 그다음에 쓰리씨이 클리어 아이브로우 픽서로 앞 눈썹 결을 앞으로 쓸어서 숱이 많도록 살려주는 식으로 사용하고 있어요 ㅎㅎ 
발림성은 얇게 발려서 숱이 많은 분들 그리고 결만 정리 하고 싶으신 분들은 잘 맞을것 같구요
저처럼 모량이 적고 숱이 적은 분들은 다소 아쉬울 것 같아요 
다른 브랜드의 클리어 아이브로우 픽서보다 너무 제형이 가볍게 발리더라구요ㅠㅠ 
그런데 생각보다 눈썹을 다 그린 다음에 앞머리다소 얇게 발려서 아쉬웠어요 ㅠㅠ 
팁은 짧아서 편하고 패키지도 살색이라 다른 화장품사이에 잇을때 찾기 좋아요 ㅎㅎ",3,_alchera_none_
24,20221015_111204,아이브로우,3CE 클리어 아이브로우 픽서,https://www.oliveyoung.co.kr/store/goods/getGoodsDetail.do?goodsNo=A000000146109&dispCatNo=1000001000200070004&trackingCd&curation&egcode&rccode&egrankcode,3CE,3CE 클리어 아이브로우 픽서,15000,12800,CLEAR,"■ 정제수,변성알코올,브이피/브이에이코폴리머,부틸렌글라이콜,피브이피,아미노메칠프로판디올,카프릴릴글라이콜,피이지-40하이드로제네이티드캐스터오일,에칠헥실글리세린,카보머,페녹시에탄올,향료",■ 모든피부,꽃보다지인,2021.06.04,음 아주 잘 잡아주지는 못해요 그래도 안바를 때보다는 결이 이뻐요,5,_alchera_none_
25,20221015_111205,아이브로우,3CE 클리어 아이브로우 픽서,https://www.oliveyoung.co.kr/store/goods/getGoodsDetail.do?goodsNo=A000000146109&dispCatNo=1000001000200070004&trackingCd&curation&egcode&rccode&egrankcode,3CE,3CE 클리어 아이브로우 픽서,15000,12800,CLEAR,"■ 정제수,변성알코올,브이피/브이에이코폴리머,부틸렌글라이콜,피브이피,아미노메칠프로판디올,카프릴릴글라이콜,피이지-40하이드로제네이티드캐스터오일,에칠헥실글리세린,카보머,페녹시에탄올,향료",■ 모든피부,sskkyyy,2021.04.23,"눈썹이 끝에 내려가있어서 그 부분 올려주고 고정해줄 용도로 샀는데 간지럽긴 해요
워낙 피부가 민감해서 ㅠ 충분히 덜어낸다음 쓰는 게 좋아요",3,복합성;쿨톤;민감성;블랙헤드
26,20221015_111206,아이브로우,3CE 클리어 아이브로우 픽서,https://www.oliveyoung.co.kr/store/goods/getGoodsDetail.do?goodsNo=A000000146109&dispCatNo=1000001000200070004&trackingCd&curation&egcode&rccode&egrankcode,3CE,3CE 클리어 아이브로우 픽서,15000,12800,CLEAR,"■ 정제수,변성알코올,브이피/브이에이코폴리머,부틸렌글라이콜,피브이피,아미노메칠프로판디올,카프릴릴글라이콜,피이지-40하이드로제네이티드캐스터오일,에칠헥실글리세린,카보머,페녹시에탄올,향료",■ 모든피부,jos****,2021.04.17,톤다운하고 눈썹도진한색으로바꾸고 자연스럽게 눈썹정리하려고 샀어요 만족스러워여,5,_alchera_none_
27,20221015_111207,아이브로우,3CE 클리어 아이브로우 픽서,https://www.oliveyoung.co.kr/store/goods/getGoodsDetail.do?goodsNo=A000000146109&dispCatNo=1000001000200070004&trackingCd&curation&egcode&rccode&egrankcode,3CE,3CE 클리어 아이브로우 픽서,15000,12800,CLEAR,"■ 정제수,변성알코올,브이피/브이에이코폴리머,부틸렌글라이콜,피브이피,아미노메칠프로판디올,카프릴릴글라이콜,피이지-40하이드로제네이티드캐스터오일,에칠헥실글리세린,카보머,페녹시에탄올,향료",■ 모든피부,stephy****,2021.04.01,눈썹을 좀 빗어서 모양을 잡아서 한올 한올 살아있는 사자눈썹(?)을 연출하고 싶었으나 고정력이 매우 약해서 빗어서 모양을 잡아놔도 금방 무너지고 원래 자연의 모양대로 돌아갑니다. 제품 이름이 픽서인데..고정이 전혀 안 되는게 아이러니죠ㅋㅋ 가격도 만원 이상인데 돈낭비한 기분이네요. 한줄요약-고정력 꽝ㅡㅡㅋ,1,_alchera_none_
28,20221015_111208,아이브로우,3CE 클리어 아이브로우 픽서,https://www.oliveyoung.co.kr/store/goods/getGoodsDetail.do?goodsNo=A000000146109&dispCatNo=1000001000200070004&trackingCd&curation&egcode&rccode&egrankcode,3CE,3CE 클리어 아이브로우 픽서,15000,12800,CLEAR,"■ 정제수,변성알코올,브이피/브이에이코폴리머,부틸렌글라이콜,피브이피,아미노메칠프로판디올,카프릴릴글라이콜,피이지-40하이드로제네이티드캐스터오일,에칠헥실글리세린,카보머,페녹시에탄올,향료",■ 모든피부,올리브영찐사랑,2021.03.16,"좋아하는 유투버가 추천해서 산 제품 ^^

깔끔한 컬링과~~

손눈썹모양을 잘 유지시켜줘서

만족도가 높아요^^!!! 재구매의사 있어용~~~♬♬",5,복합성;웜톤;모공;미백
29,20221015_111209,아이브로우,3CE 클리어 아이브로우 픽서,https://www.oliveyoung.co.kr/store/goods/getGoodsDetail.do?goodsNo=A000000146109&dispCatNo=1000001000200070004&trackingCd&curation&egcode&rccode&egrankcode,3CE,3CE 클리어 아이브로우 픽서,15000,12800,CLEAR,"■ 정제수,변성알코올,브이피/브이에이코폴리머,부틸렌글라이콜,피브이피,아미노메칠프로판디올,카프릴릴글라이콜,피이지-40하이드로제네이티드캐스터오일,에칠헥실글리세린,카보머,페녹시에탄올,향료",■ 모든피부,thgml****,2021.03.06,"눈썹결 살리는게 진짜 확실히 안 하는거라 차이가 큰데 브로우 카라로 하려면 거의 다 쓴 상태가 아닌 이상은 뭉치거나 짱구 눈썹되거나 아무리 힘 조절 잘해도 망하는 경우가 대부분이라 안 하고 다녔다가 제가 딱 원하던 제품이 나와서 구매해봤는데 대만족이에요ㅠㅠ
투명 마스카라에 브로우 브러쉬 사용해서도 해봤는데 너무 딱딱하게 굳거나 아니면 고정이 오히려 약하거나 그래서 마음에 들지 않았는데 이건 불편함도 없었고 지속력도 좋았고요 브러쉬도 너무 작지도 크지도 않고 정말 완전 딱이에요ㅠㅠ 사용도 쉬워서 초보분들도 불편함 없이 사용하실 구 있으실거에요~!",5,_alchera_none_
30,20221015_111211,아이브로우,3CE 클리어 아이브로우 픽서,https://www.oliveyoung.co.kr/store/goods/getGoodsDetail.do?goodsNo=A000000146109&dispCatNo=1000001000200070004&trackingCd&curation&egcode&rccode&egrankcode,3CE,3CE 클리어 아이브로우 픽서,15000,12800,CLEAR,"■ 정제수,변성알코올,브이피/브이에이코폴리머,부틸렌글라이콜,피브이피,아미노메칠프로판디올,카프릴릴글라이콜,피이지-40하이드로제네이티드캐스터오일,에칠헥실글리세린,카보머,페녹시에탄올,향료",■ 모든피부,짱구TOP,2021.03.02,픽서 구하러 한참을 돌아 댕기다가 올리브영에서 드디어 샀네여ㅠㅠ 이 귀 한 것.. 잘 써 볼게요..ㅔ,5,지성;웜톤;모공;미백
31,20221015_111213,아이브로우,3CE 클리어 아이브로우 픽서,https://www.oliveyoung.co.kr/store/goods/getGoodsDetail.do?goodsNo=A000000146109&dispCatNo=1000001000200070004&trackingCd&curation&egcode&rccode&egrankcode,3CE,3CE 클리어 아이브로우 픽서,15000,12800,CLEAR,"■ 정제수,변성알코올,브이피/브이에이코폴리머,부틸렌글라이콜,피브이피,아미노메칠프로판디올,카프릴릴글라이콜,피이지-40하이드로제네이티드캐스터오일,에칠헥실글리세린,카보머,페녹시에탄올,향료",■ 모든피부,baman****,2021.01.18,요즘 네추럴한 화장에 꽂혀서 눈썹도 과하게 그리는게 싫어지더라구요 자연스럽게 연출하려다 보니 투명 마스카라처럼 눈썹에 바르고 모양을 잡아주는것이 필요했는데 3ce에 딱 있어서 구매해봤어요 사용감이 나쁘지는 않은데 고정력이 좀더 쌨으면 좋겠어요 그래도 쓸만해요 눈썹앞머리에 해주면 확실히 다르네요,4,_alchera_none_
32,20221015_111214,아이브로우,3CE 클리어 아이브로우 픽서,https://www.oliveyoung.co.kr/store/goods/getGoodsDetail.do?goodsNo=A000000146109&dispCatNo=1000001000200070004&trackingCd&curation&egcode&rccode&egrankcode,3CE,3CE 클리어 아이브로우 픽서,15000,12800,CLEAR,"■ 정제수,변성알코올,브이피/브이에이코폴리머,부틸렌글라이콜,피브이피,아미노메칠프로판디올,카프릴릴글라이콜,피이지-40하이드로제네이티드캐스터오일,에칠헥실글리세린,카보머,페녹시에탄올,향료",■ 모든피부,dongyou****,2021.05.17,"배송이 생각보다 느리다는 생각이 들었습니다
하지만 충분히 참고는 기다릴만했고
남자지만 눈썹에 신경을 자주쓰는편입니다 눈썹 펌을 했엇고
점점 풀리면서 정리가 안되는 결을 이걸로 발라주어서 고정시켜줌으로써 이쁘게 정돈된상태로 지낼수잇어요
크게 건들거나 싯거나 하지않는이상 지속시간은 오래가요
다른제품들은 하얗게 굳어진다거나 무색이 아닌것도 많다고해서 걱정을 많이햇는데 정말 투명하게 무색이에요
고민하시는 남성분들 꼭꼭 구매해보세여..",5,_alchera_none_
33,20221015_111215,아이브로우,3CE 클리어 아이브로우 픽서,https://www.oliveyoung.co.kr/store/goods/getGoodsDetail.do?goodsNo=A000000146109&dispCatNo=1000001000200070004&trackingCd&curation&egcode&rccode&egrankcode,3CE,3CE 클리어 아이브로우 픽서,15000,12800,CLEAR,"■ 정제수,변성알코올,브이피/브이에이코폴리머,부틸렌글라이콜,피브이피,아미노메칠프로판디올,카프릴릴글라이콜,피이지-40하이드로제네이티드캐스터오일,에칠헥실글리세린,카보머,페녹시에탄올,향료",■ 모든피부,jhk****,2022.05.12,자주 이용하고 있습니다. 늘 기대 이상의 퀄리티입니다. 뻑뻑함 없이 자연스럽고 깔끔하게 눈썹 형태를 잡아주면서 한올 한올 부드럽게 고정이 잘됩니다.,5,_alchera_none_
34,20221015_111216,아이브로우,3CE 클리어 아이브로우 픽서,https://www.oliveyoung.co.kr/store/goods/getGoodsDetail.do?goodsNo=A000000146109&dispCatNo=1000001000200070004&trackingCd&curation&egcode&rccode&egrankcode,3CE,3CE 클리어 아이브로우 픽서,15000,12800,CLEAR,"■ 정제수,변성알코올,브이피/브이에이코폴리머,부틸렌글라이콜,피브이피,아미노메칠프로판디올,카프릴릴글라이콜,피이지-40하이드로제네이티드캐스터오일,에칠헥실글리세린,카보머,페녹시에탄올,향료",■ 모든피부,janag****,2022.02.06,"정말 왠만하면 리뷰는 좋게 좋게 쓰려고 하는데 이 픽서 도대체 용도가 제품명이랑 일치한다고 생각하시는지 묻고 싶네요

지속력이 짧고 길고를 판단할 수 없을 정도로 첫 사용 이후 사용할 이유가 없어졌고 돈이 너무나도 아깝다는 생각밖에 안들어요

무슨 눈썹 영양제인줄 알았어요 전혀 고정이 안되더군요..
아이브로우 픽서라는 이름에 전혀 맞지 않는 제품이더군여

전혀 고정이 하나도 안되고 용도를 모르겠어요

돈아깝게 한번 사용하고 버릴정도의 사용감이네요

다시는 구매 안할거고 3CE라는 제품의 이미지에도 영향이 미칠정도로 충격적인 사용감이였어요

리뷰를 먼저 보고 구매할껄 하고 후회가 되고

저 뿐만 아니라 다른 사람들도 저랑 비슷한 사용감을 느끼는 사람들이 꽤나 있네요

제품 품질에 대한 관리.. 품질 개선이 정말 시급해보이네요",1,_alchera_none_
35,20221015_111217,아이브로우,3CE 클리어 아이브로우 픽서,https://www.oliveyoung.co.kr/store/goods/getGoodsDetail.do?goodsNo=A000000146109&dispCatNo=1000001000200070004&trackingCd&curation&egcode&rccode&egrankcode,3CE,3CE 클리어 아이브로우 픽서,15000,12800,CLEAR,"■ 정제수,변성알코올,브이피/브이에이코폴리머,부틸렌글라이콜,피브이피,아미노메칠프로판디올,카프릴릴글라이콜,피이지-40하이드로제네이티드캐스터오일,에칠헥실글리세린,카보머,페녹시에탄올,향료",■ 모든피부,lehe****,2021.10.19,저는 이 픽서를 머리카락 잔머리 정리하는데에 사용하려고 구매해봤어요. 유튜버 민정님이 이 제품을 추천하신 영상을 봤는데 하얗게 마르지도 않고 잔머리가 깔끔하게 정리된다고 하시길래 평소 잔머리가 좀 신경쓰였던 저는 한번 구매해봤답니당. 일단 제품의 디자인이 마음에 들어요. 깔끔한 베이지 컬러의 매트한 질감이고 쓰리씨이 로고까지 아주 군더더기 없구요. 크기도 생각보다 작아서 가방 안에 쏙 넣어가지고 다니기 좋을 것 같아요. 잔머리에 사용했을때 부드럽게 잘 발리고 확실히 바르기 전보다 잔머리가 정돈돼서 인상이 깔끔해보이고 좋네용. 그런데 드라마틱하게 왁스처럼 고정되는 제품은 아니고 자연스럽게 정리해주는 정도라 너무 강한 고정력은 기대하시면 안될 것 같아요. 아침에 그냥 쓱쓱 바르고 나가면 돼서 간편해요,4,_alchera_none_
36,20221015_111218,아이브로우,3CE 클리어 아이브로우 픽서,https://www.oliveyoung.co.kr/store/goods/getGoodsDetail.do?goodsNo=A000000146109&dispCatNo=1000001000200070004&trackingCd&curation&egcode&rccode&egrankcode,3CE,3CE 클리어 아이브로우 픽서,15000,12800,CLEAR,"■ 정제수,변성알코올,브이피/브이에이코폴리머,부틸렌글라이콜,피브이피,아미노메칠프로판디올,카프릴릴글라이콜,피이지-40하이드로제네이티드캐스터오일,에칠헥실글리세린,카보머,페녹시에탄올,향료",■ 모든피부,myj****,2021.06.13,"사실 리뷰를 안 찾아보고 샀어요~ 고정력이 약하고 지속력이 약하다고 해서 사실 걱정했는데.. 저는 생각보다는 괜찮더라구요!
제가 지금 눈썹정리를 안 한 상태여서..ㅋㅋ 눈썹 앞머리가 조금 긴데 길어서 그런지 고정 잘 되구 티도 잘 안 나요! 왜 좀 하드한 거 쓰면 너무 착! 달라붙어서 티 날 수도 있는데 일단 이 제품은 자연스러운 게 장점입니당.
사용하기도 어렵지는 않았어요~ 근데 제가 잘못 생각을 한 게.. 제가 아이브로우를 갈색으로 그리고 나사 고정을 시켰거든오? 근데 이 제품이 투명이다보니 그 솔에 갈색이 다 뭍어나오더라구요.. 그거 다들 어떻게 하시는지ㅠㅠ",3,_alchera_none_
37,20221015_111220,아이브로우,3CE 클리어 아이브로우 픽서,https://www.oliveyoung.co.kr/store/goods/getGoodsDetail.do?goodsNo=A000000146109&dispCatNo=1000001000200070004&trackingCd&curation&egcode&rccode&egrankcode,3CE,3CE 클리어 아이브로우 픽서,15000,12800,CLEAR,"■ 정제수,변성알코올,브이피/브이에이코폴리머,부틸렌글라이콜,피브이피,아미노메칠프로판디올,카프릴릴글라이콜,피이지-40하이드로제네이티드캐스터오일,에칠헥실글리세린,카보머,페녹시에탄올,향료",■ 모든피부,lux****,2021.06.10,눈썹결  살리려  이것저것 알아보다가  자연스런 연출원해 투명구입했는데..눈썹숱  많은분은 결살리기 좋을듯 합니다..   눈 앞머리 숱 별로없는 전 긴가민가ㅎ 그래도 잘 사용하고있습니다,4,_alchera_none_
38,20221015_111221,아이브로우,3CE 클리어 아이브로우 픽서,https://www.oliveyoung.co.kr/store/goods/getGoodsDetail.do?goodsNo=A000000146109&dispCatNo=1000001000200070004&trackingCd&curation&egcode&rccode&egrankcode,3CE,3CE 클리어 아이브로우 픽서,15000,12800,CLEAR,"■ 정제수,변성알코올,브이피/브이에이코폴리머,부틸렌글라이콜,피브이피,아미노메칠프로판디올,카프릴릴글라이콜,피이지-40하이드로제네이티드캐스터오일,에칠헥실글리세린,카보머,페녹시에탄올,향료",■ 모든피부,popo89****,2021.05.10,"완전 완전 강추 합니다 정말 너무너무 좋아요 ㅠㅠㅠ 
연예인뉸썹 따라하고싶어소 산건대 
모질 하나하나잡아주니까 정말 고급스럽게 눈썹이 표현되는것같아요 장점이 너무 많아요
처음에 아이브로우로 빈곳들ㅊㅐ워주고 
그리고 가볍게 사용하는데   뭉치지않아서좋고 
대신에 사용감이 묽어서 고정되는느낌이 많이 적어요 
그래도 부담없이 데일리로 쓰는데 
정말 좋아요  눈썹이 왠지 전보다 뚜렸해진건 기분탓일수도있는데 몬가 사용하고나서부터 모질에 힘이 생긴느낌이애요 ㅎㅎㅎ 강추합니다  
다떨어지면또 구매할거에요  데일리로 쓰기 자극적이지않고 좋네요 ㅎㅎ",5,_alchera_none_
39,20221015_111222,아이브로우,3CE 클리어 아이브로우 픽서,https://www.oliveyoung.co.kr/store/goods/getGoodsDetail.do?goodsNo=A000000146109&dispCatNo=1000001000200070004&trackingCd&curation&egcode&rccode&egrankcode,3CE,3CE 클리어 아이브로우 픽서,15000,12800,CLEAR,"■ 정제수,변성알코올,브이피/브이에이코폴리머,부틸렌글라이콜,피브이피,아미노메칠프로판디올,카프릴릴글라이콜,피이지-40하이드로제네이티드캐스터오일,에칠헥실글리세린,카보머,페녹시에탄올,향료",■ 모든피부,giljm****,2021.04.26,요즘 브로우 픽서를 사용한 이후에 브로우 픽서의 중요성이 마스카라 픽서 만큼이나 중요하다는걸 깨닫고 있어요. 일상에서 메이크업을 자연스럽게 하고싶은데 아이브로우를 그릴때에 팬슬로만 브로우를 그리게되면 아무리 선들을 자연스럽게 없애고 모발색과 맞춘다 하더라도 아이브로우 마스카라와 픽서를 사용하고난후만큼 자연스럽게 되지않더라구요. 그리고 요즘은 화려하고 진한 메이크업 보다는 깔끔한 메이크업이 선호되고 있는 만큼 클리어 브로우 픽서가 지속력을 향상 시켜줄 뿐만아니라 눈썹을 전체적으로 정리해준다는 느낌이 강했어요. 눈썹 한올 한올 고정시켜 올려주는 클리어브로우 픽서 너무좋으네요!,4,_alchera_none_
40,20221015_111225,아이브로우,3CE 클리어 아이브로우 픽서,https://www.oliveyoung.co.kr/store/goods/getGoodsDetail.do?goodsNo=A000000146109&dispCatNo=1000001000200070004&trackingCd&curation&egcode&rccode&egrankcode,3CE,3CE 클리어 아이브로우 픽서,15000,12800,CLEAR,"■ 정제수,변성알코올,브이피/브이에이코폴리머,부틸렌글라이콜,피브이피,아미노메칠프로판디올,카프릴릴글라이콜,피이지-40하이드로제네이티드캐스터오일,에칠헥실글리세린,카보머,페녹시에탄올,향료",■ 모든피부,kalgh****,2021.04.03,"매장에 한개 남은거 간신히 득템햇어요.
눈썹은 항상 그리기만 햇었는데 결 정돈이 중요하다는 것을 깨달았습니다.
눈썹 결만 살려줘도 얼굴이 확실히 생동감이 생기고 인상도 달라지더라구요.
더워지는 날씨와 코시국에는 색깔이 있는 브로우보다는 간단히 눈썹끝만 그려주고 픽서로 눈썹결을 살려주면 인상이 깔끔해집ㄴ다. 효과없다는 분들 많은데.  픽서를
바를때 과감하게 아예 눈썹털을 반대방향으로 먼저 다 쓸어주고 털을 한올한올 위를 향해 올려준다는 느낌으로 정돈해주심 좋아요",5,_alchera_none_
41,20221015_111226,아이브로우,3CE 클리어 아이브로우 픽서,https://www.oliveyoung.co.kr/store/goods/getGoodsDetail.do?goodsNo=A000000146109&dispCatNo=1000001000200070004&trackingCd&curation&egcode&rccode&egrankcode,3CE,3CE 클리어 아이브로우 픽서,15000,12800,CLEAR,"■ 정제수,변성알코올,브이피/브이에이코폴리머,부틸렌글라이콜,피브이피,아미노메칠프로판디올,카프릴릴글라이콜,피이지-40하이드로제네이티드캐스터오일,에칠헥실글리세린,카보머,페녹시에탄올,향료",■ 모든피부,vtv****,2021.03.16,"눈썹 모양을 힘있게 잡아주길 기대하면서 구매했는데 기대 이하인 게 사실입니다
고정력이 떨어지니 당연히 지속력도 없고 나중에 허옇게 되는 것만 없으면 마스카라 픽서로 대신 눈썹 잡아주는 게 훨씬 좋네요",3,_alchera_none_
42,20221015_111228,아이브로우,3CE 클리어 아이브로우 픽서,https://www.oliveyoung.co.kr/store/goods/getGoodsDetail.do?goodsNo=A000000146109&dispCatNo=1000001000200070004&trackingCd&curation&egcode&rccode&egrankcode,3CE,3CE 클리어 아이브로우 픽서,15000,12800,CLEAR,"■ 정제수,변성알코올,브이피/브이에이코폴리머,부틸렌글라이콜,피브이피,아미노메칠프로판디올,카프릴릴글라이콜,피이지-40하이드로제네이티드캐스터오일,에칠헥실글리세린,카보머,페녹시에탄올,향료",■ 모든피부,gemma****,2021.02.08,"눈썹궅이 많고 색도 진해서 결정리, 고정용으로 구매했습니다. 요즘 청순한 메이크업할때 색조는 거의 안하고 아이브로우를 투명 마스카라로 결은 살려주고 약간 촉촉해보이게 많이 하더라구요. 
이 제품은 고정력이나 결 살려주는건 좋은데 거의 티가안나요 ㅎㅎㅎ약간 에센스바른 느낌 주고싶어서 샀는데 그정도는 아니고 한쪽은 바르고 한쪽은 안발랐을때 자세히 보면 좀 다른느낌? 
제품대비 가격이 그렇게 착하지는 않은것같아서 세일할때 구매하거나 그냥 아이브로우 브러쉬 사용하는것을 추천합니다. 
쌩얼 메이크업할때 바르기는 하는데 굳이 안발라도될것같아요 ㅎㅎ",4,_alchera_none_
43,20221015_111229,아이브로우,3CE 클리어 아이브로우 픽서,https://www.oliveyoung.co.kr/store/goods/getGoodsDetail.do?goodsNo=A000000146109&dispCatNo=1000001000200070004&trackingCd&curation&egcode&rccode&egrankcode,3CE,3CE 클리어 아이브로우 픽서,15000,12800,CLEAR,"■ 정제수,변성알코올,브이피/브이에이코폴리머,부틸렌글라이콜,피브이피,아미노메칠프로판디올,카프릴릴글라이콜,피이지-40하이드로제네이티드캐스터오일,에칠헥실글리세린,카보머,페녹시에탄올,향료",■ 모든피부,easyh****,2022.06.04,"고정력이 아주 좋진 않지만 무난하게 사용하는 제품입니다.
세일할때 사세요",5,_alchera_none_
44,20221015_111230,아이브로우,3CE 클리어 아이브로우 픽서,https://www.oliveyoung.co.kr/store/goods/getGoodsDetail.do?goodsNo=A000000146109&dispCatNo=1000001000200070004&trackingCd&curation&egcode&rccode&egrankcode,3CE,3CE 클리어 아이브로우 픽서,15000,12800,CLEAR,"■ 정제수,변성알코올,브이피/브이에이코폴리머,부틸렌글라이콜,피브이피,아미노메칠프로판디올,카프릴릴글라이콜,피이지-40하이드로제네이티드캐스터오일,에칠헥실글리세린,카보머,페녹시에탄올,향료",■ 모든피부,지옥에서온바닐라,2021.06.21,엄청 강력하진 않고 무난한 제품이에요. 제 눈썹이 좀 굵고 억세서 그런지 두번 정도 하면 눈 앞머리가 원하는 모양으로 나옵니다.,3,_alchera_none_
45,20221015_111231,아이브로우,3CE 클리어 아이브로우 픽서,https://www.oliveyoung.co.kr/store/goods/getGoodsDetail.do?goodsNo=A000000146109&dispCatNo=1000001000200070004&trackingCd&curation&egcode&rccode&egrankcode,3CE,3CE 클리어 아이브로우 픽서,15000,12800,CLEAR,"■ 정제수,변성알코올,브이피/브이에이코폴리머,부틸렌글라이콜,피브이피,아미노메칠프로판디올,카프릴릴글라이콜,피이지-40하이드로제네이티드캐스터오일,에칠헥실글리세린,카보머,페녹시에탄올,향료",■ 모든피부,fha****,2021.06.07,아이브로우 픽서는 처음써보는데 괜찮아요! 발랐을때랑 안발랐을때랑 지속력이 다른것같아요~! 발랐을때가 더 오래가는것같아요! 잔머리가 좀 나왔을때 써도 좋을것같아요,5,_alchera_none_
46,20221015_111233,아이브로우,3CE 클리어 아이브로우 픽서,https://www.oliveyoung.co.kr/store/goods/getGoodsDetail.do?goodsNo=A000000146109&dispCatNo=1000001000200070004&trackingCd&curation&egcode&rccode&egrankcode,3CE,3CE 클리어 아이브로우 픽서,15000,12800,CLEAR,"■ 정제수,변성알코올,브이피/브이에이코폴리머,부틸렌글라이콜,피브이피,아미노메칠프로판디올,카프릴릴글라이콜,피이지-40하이드로제네이티드캐스터오일,에칠헥실글리세린,카보머,페녹시에탄올,향료",■ 모든피부,se****,2021.06.05,"케이스가 심플하고 예뻐요
그런데 내용물이 솔에 거의 안묻어나는ㄷ느낌이에요
아무리 브러쉬를 용기에 넣어봐도
묻어나오는것도없고 눈썹에 발라보면 결이 세워진다는 느낌이없네요ㅠ",2,_alchera_none_
47,20221015_111234,아이브로우,3CE 클리어 아이브로우 픽서,https://www.oliveyoung.co.kr/store/goods/getGoodsDetail.do?goodsNo=A000000146109&dispCatNo=1000001000200070004&trackingCd&curation&egcode&rccode&egrankcode,3CE,3CE 클리어 아이브로우 픽서,15000,12800,CLEAR,"■ 정제수,변성알코올,브이피/브이에이코폴리머,부틸렌글라이콜,피브이피,아미노메칠프로판디올,카프릴릴글라이콜,피이지-40하이드로제네이티드캐스터오일,에칠헥실글리세린,카보머,페녹시에탄올,향료",■ 모든피부,seo****,2021.05.05,"쓰리컨셉 제품이라 기대를 많이하고 고민없이 샀는데
조금 실망스러웠어요. 고정이 잘안돼고 눈썹앞머리 세우려고 산제품인데 하나도 안세워지고 너무 많이바르면 떡지고 그러네여..ㅠㅠ",5,_alchera_none_
48,20221015_111235,아이브로우,3CE 클리어 아이브로우 픽서,https://www.oliveyoung.co.kr/store/goods/getGoodsDetail.do?goodsNo=A000000146109&dispCatNo=1000001000200070004&trackingCd&curation&egcode&rccode&egrankcode,3CE,3CE 클리어 아이브로우 픽서,15000,12800,CLEAR,"■ 정제수,변성알코올,브이피/브이에이코폴리머,부틸렌글라이콜,피브이피,아미노메칠프로판디올,카프릴릴글라이콜,피이지-40하이드로제네이티드캐스터오일,에칠헥실글리세린,카보머,페녹시에탄올,향료",■ 모든피부,87milk****,2021.04.03,"눈썹이 없어서 눈썹 그릴때 오래걸리고 섬세하게
그리는편이예요, 하지만, 시간이 흐르면 눈썹 그린게 날라가거나, 유분기때문에 지워져서 
이제품을 구매했는데
눈썹 그리고, 마무리로 싹 발라주니깐
저녁까지 눈썹그린게 지워지지않고 유지되요.
눈썹머리에 발라주면 결도 살고 눈썹숱도
풍성해보여서 만족합니다.",5,_alchera_none_
49,20221015_111236,아이브로우,3CE 클리어 아이브로우 픽서,https://www.oliveyoung.co.kr/store/goods/getGoodsDetail.do?goodsNo=A000000146109&dispCatNo=1000001000200070004&trackingCd&curation&egcode&rccode&egrankcode,3CE,3CE 클리어 아이브로우 픽서,15000,12800,CLEAR,"■ 정제수,변성알코올,브이피/브이에이코폴리머,부틸렌글라이콜,피브이피,아미노메칠프로판디올,카프릴릴글라이콜,피이지-40하이드로제네이티드캐스터오일,에칠헥실글리세린,카보머,페녹시에탄올,향료",■ 모든피부,핑가,2021.03.06,픽서사용하고싶어서구매했는데 처음사용해봐서 제가 양조절을 잘못해서 그런지 티가별로안나고 눈썹이 고정된건지 잘모르겠네요 연습좀해봐야겠어요;;,4,_alchera_none_
50,20221015_111240,아이브로우,3CE 클리어 아이브로우 픽서,https://www.oliveyoung.co.kr/store/goods/getGoodsDetail.do?goodsNo=A000000146109&dispCatNo=1000001000200070004&trackingCd&curation&egcode&rccode&egrankcode,3CE,3CE 클리어 아이브로우 픽서,15000,12800,CLEAR,"■ 정제수,변성알코올,브이피/브이에이코폴리머,부틸렌글라이콜,피브이피,아미노메칠프로판디올,카프릴릴글라이콜,피이지-40하이드로제네이티드캐스터오일,에칠헥실글리세린,카보머,페녹시에탄올,향료",■ 모든피부,pumk****,2021.03.05,"브러쉬가 작아서 살에 잘 안묻어서 좋아요
지속력이나 고정력도 나름 괜찮은거 같아요
디자인도 깔끔해서 좋네요",5,_alchera_none_
51,20221015_111241,아이브로우,3CE 클리어 아이브로우 픽서,https://www.oliveyoung.co.kr/store/goods/getGoodsDetail.do?goodsNo=A000000146109&dispCatNo=1000001000200070004&trackingCd&curation&egcode&rccode&egrankcode,3CE,3CE 클리어 아이브로우 픽서,15000,12800,CLEAR,"■ 정제수,변성알코올,브이피/브이에이코폴리머,부틸렌글라이콜,피브이피,아미노메칠프로판디올,카프릴릴글라이콜,피이지-40하이드로제네이티드캐스터오일,에칠헥실글리세린,카보머,페녹시에탄올,향료",■ 모든피부,노을사냥꾼,2021.01.09,"색 있는 브로우만 쓰다가
투명한건 처음 써보는데요, 아주 만족합니다!!
자연스럽고 망해도 티가 안나서 좋아요",5,_alchera_none_
52,20221015_111242,아이브로우,3CE 클리어 아이브로우 픽서,https://www.oliveyoung.co.kr/store/goods/getGoodsDetail.do?goodsNo=A000000146109&dispCatNo=1000001000200070004&trackingCd&curation&egcode&rccode&egrankcode,3CE,3CE 클리어 아이브로우 픽서,15000,12800,CLEAR,"■ 정제수,변성알코올,브이피/브이에이코폴리머,부틸렌글라이콜,피브이피,아미노메칠프로판디올,카프릴릴글라이콜,피이지-40하이드로제네이티드캐스터오일,에칠헥실글리세린,카보머,페녹시에탄올,향료",■ 모든피부,lim****,2022.03.08,요즘들어 눈썹이 휘어서 샀는데 만족스러워요 색있는것은 짱구되기쉬워서ㅎㅎ,5,_alchera_none_
53,20221015_111243,아이브로우,3CE 클리어 아이브로우 픽서,https://www.oliveyoung.co.kr/store/goods/getGoodsDetail.do?goodsNo=A000000146109&dispCatNo=1000001000200070004&trackingCd&curation&egcode&rccode&egrankcode,3CE,3CE 클리어 아이브로우 픽서,15000,12800,CLEAR,"■ 정제수,변성알코올,브이피/브이에이코폴리머,부틸렌글라이콜,피브이피,아미노메칠프로판디올,카프릴릴글라이콜,피이지-40하이드로제네이티드캐스터오일,에칠헥실글리세린,카보머,페녹시에탄올,향료",■ 모든피부,tmfdk****,2021.11.29,"재구매의사 없어요.
투명한 느낌의 화장을 할 때 눈썹 결만 딱 살리면 좋겠다 싶어서 구매했어요.
그런데 하나마나에요.. 픽서의 기능이 없습니다. 눈썹이 억센 편도 아니고요. 그냥.. 투명한 립글로즈같은 느낌..? 빗어주는 대로 고정이 되거나 하는거 1도 없습니다. 뭔가 개선을 해주셔야 할듯요..",1,_alchera_none_
54,20221015_111245,아이브로우,3CE 클리어 아이브로우 픽서,https://www.oliveyoung.co.kr/store/goods/getGoodsDetail.do?goodsNo=A000000146109&dispCatNo=1000001000200070004&trackingCd&curation&egcode&rccode&egrankcode,3CE,3CE 클리어 아이브로우 픽서,15000,12800,CLEAR,"■ 정제수,변성알코올,브이피/브이에이코폴리머,부틸렌글라이콜,피브이피,아미노메칠프로판디올,카프릴릴글라이콜,피이지-40하이드로제네이티드캐스터오일,에칠헥실글리세린,카보머,페녹시에탄올,향료",■ 모든피부,leeyj****,2021.11.13,다른 재품 재고가 없어서 이걸로 구매 했는데 생각보다 별로였어요 결이 잘 잡히는 편은 아닌 것 같아요 흐음 하면서 있다가 잔머리 정리용 으로 한번 써 봤는데 이거에요 잔머리 정리용 으로 딱이에요 브러쉬 크기도 딱 좋고 부분 잔머리 정리하기 좋아요,3,_alchera_none_
55,20221015_111246,아이브로우,3CE 클리어 아이브로우 픽서,https://www.oliveyoung.co.kr/store/goods/getGoodsDetail.do?goodsNo=A000000146109&dispCatNo=1000001000200070004&trackingCd&curation&egcode&rccode&egrankcode,3CE,3CE 클리어 아이브로우 픽서,15000,12800,CLEAR,"■ 정제수,변성알코올,브이피/브이에이코폴리머,부틸렌글라이콜,피브이피,아미노메칠프로판디올,카프릴릴글라이콜,피이지-40하이드로제네이티드캐스터오일,에칠헥실글리세린,카보머,페녹시에탄올,향료",■ 모든피부,ruddmsd****,2021.08.04,신경 써서 나가야 할 일 생기면 항상 이 제품 사용해요 ㅎㅎ 결 살릴 때 너무 좋아서,4,_alchera_none_
56,20221015_111247,아이브로우,3CE 클리어 아이브로우 픽서,https://www.oliveyoung.co.kr/store/goods/getGoodsDetail.do?goodsNo=A000000146109&dispCatNo=1000001000200070004&trackingCd&curation&egcode&rccode&egrankcode,3CE,3CE 클리어 아이브로우 픽서,15000,12800,CLEAR,"■ 정제수,변성알코올,브이피/브이에이코폴리머,부틸렌글라이콜,피브이피,아미노메칠프로판디올,카프릴릴글라이콜,피이지-40하이드로제네이티드캐스터오일,에칠헥실글리세린,카보머,페녹시에탄올,향료",■ 모든피부,gkdi****,2021.06.17,"지속력이 다소 약해요 고정력도 약하고요
물론 제가 숱이 많아서 그런걸 수도 있는데
생각한 것보다는 약해요
여러번 덧바르면 그나마 고정이 됩니다
한번에 고정을 원하시면 좀 고민해보셔야할  것같아요",3,_alchera_none_
57,20221015_111248,아이브로우,3CE 클리어 아이브로우 픽서,https://www.oliveyoung.co.kr/store/goods/getGoodsDetail.do?goodsNo=A000000146109&dispCatNo=1000001000200070004&trackingCd&curation&egcode&rccode&egrankcode,3CE,3CE 클리어 아이브로우 픽서,15000,12800,CLEAR,"■ 정제수,변성알코올,브이피/브이에이코폴리머,부틸렌글라이콜,피브이피,아미노메칠프로판디올,카프릴릴글라이콜,피이지-40하이드로제네이티드캐스터오일,에칠헥실글리세린,카보머,페녹시에탄올,향료",■ 모든피부,donghye****,2021.05.09,"동생이 사서 부러워서 삿어요~
고정 잘되는지 함 써보겟슴미다~~~
디자인이 이뻐유",5,_alchera_none_
58,20221015_111249,아이브로우,3CE 클리어 아이브로우 픽서,https://www.oliveyoung.co.kr/store/goods/getGoodsDetail.do?goodsNo=A000000146109&dispCatNo=1000001000200070004&trackingCd&curation&egcode&rccode&egrankcode,3CE,3CE 클리어 아이브로우 픽서,15000,12800,CLEAR,"■ 정제수,변성알코올,브이피/브이에이코폴리머,부틸렌글라이콜,피브이피,아미노메칠프로판디올,카프릴릴글라이콜,피이지-40하이드로제네이티드캐스터오일,에칠헥실글리세린,카보머,페녹시에탄올,향료",■ 모든피부,bom****,2021.04.30,솝브로우같이 챡 밀착되는거 생각하고 샀는데 그런건 아니고 그냥 자연스럽게?? 눈썹 고정시켜주는 느낌이에요 끈적하지 않아서 좋았고 솝브로우생각하고 구매하시면 쪼끔 고정력 떨어진다고 느끼실거에요. 그냥 자연러운 정도로 정리되요,3,_alchera_none_
59,20221015_111251,아이브로우,3CE 클리어 아이브로우 픽서,https://www.oliveyoung.co.kr/store/goods/getGoodsDetail.do?goodsNo=A000000146109&dispCatNo=1000001000200070004&trackingCd&curation&egcode&rccode&egrankcode,3CE,3CE 클리어 아이브로우 픽서,15000,12800,CLEAR,"■ 정제수,변성알코올,브이피/브이에이코폴리머,부틸렌글라이콜,피브이피,아미노메칠프로판디올,카프릴릴글라이콜,피이지-40하이드로제네이티드캐스터오일,에칠헥실글리세린,카보머,페녹시에탄올,향료",■ 모든피부,didwldnj****,2021.04.13,제가 딴제품을 써보지 않아서 정확하게는 모르겠으나 생각보다 고정력이 좋지는 않은것같아요 ㅠㅠ 제 눈썹이 쫌 강한편이라서 그럴수도 있어요! 그래도 뭔가 눈썹 존재감이 살아나는 느낌은 있네요,4,_alchera_none_
60,20221015_111254,아이브로우,3CE 클리어 아이브로우 픽서,https://www.oliveyoung.co.kr/store/goods/getGoodsDetail.do?goodsNo=A000000146109&dispCatNo=1000001000200070004&trackingCd&curation&egcode&rccode&egrankcode,3CE,3CE 클리어 아이브로우 픽서,15000,12800,CLEAR,"■ 정제수,변성알코올,브이피/브이에이코폴리머,부틸렌글라이콜,피브이피,아미노메칠프로판디올,카프릴릴글라이콜,피이지-40하이드로제네이티드캐스터오일,에칠헥실글리세린,카보머,페녹시에탄올,향료",■ 모든피부,kjieun****,2021.02.26,"고정이 확실히 되는건 아니네요
눈썹숱이 많은데 오전에 발라놓고 오후에 보면
제멋대로 앞으로 뒤로 눈썹이 뒤죽박죽
픽싱 안됩니다",3,_alchera_none_
61,20221015_111255,아이브로우,3CE 클리어 아이브로우 픽서,https://www.oliveyoung.co.kr/store/goods/getGoodsDetail.do?goodsNo=A000000146109&dispCatNo=1000001000200070004&trackingCd&curation&egcode&rccode&egrankcode,3CE,3CE 클리어 아이브로우 픽서,15000,12800,CLEAR,"■ 정제수,변성알코올,브이피/브이에이코폴리머,부틸렌글라이콜,피브이피,아미노메칠프로판디올,카프릴릴글라이콜,피이지-40하이드로제네이티드캐스터오일,에칠헥실글리세린,카보머,페녹시에탄올,향료",■ 모든피부,vldzmrhd****,2021.01.26,아직 안써봤는데 기대돼요 일단 디자인이 깔끔해서 좋네요~,5,_alchera_none_
62,20221015_111256,아이브로우,3CE 클리어 아이브로우 픽서,https://www.oliveyoung.co.kr/store/goods/getGoodsDetail.do?goodsNo=A000000146109&dispCatNo=1000001000200070004&trackingCd&curation&egcode&rccode&egrankcode,3CE,3CE 클리어 아이브로우 픽서,15000,12800,CLEAR,"■ 정제수,변성알코올,브이피/브이에이코폴리머,부틸렌글라이콜,피브이피,아미노메칠프로판디올,카프릴릴글라이콜,피이지-40하이드로제네이티드캐스터오일,에칠헥실글리세린,카보머,페녹시에탄올,향료",■ 모든피부,llu****,2022.03.26,눈썹이 자꾸 쳐지기도하고 앞머리 살릴려고 산건데..그냥 단정되보이게 뒤로 눕히는 용도로만 써야겠어요ㅠㅠ 픽싱력이 좀 약해서 재구매의사는 없어요ㅠㅠ,2,_alchera_none_
63,20221015_111257,아이브로우,3CE 클리어 아이브로우 픽서,https://www.oliveyoung.co.kr/store/goods/getGoodsDetail.do?goodsNo=A000000146109&dispCatNo=1000001000200070004&trackingCd&curation&egcode&rccode&egrankcode,3CE,3CE 클리어 아이브로우 픽서,15000,12800,CLEAR,"■ 정제수,변성알코올,브이피/브이에이코폴리머,부틸렌글라이콜,피브이피,아미노메칠프로판디올,카프릴릴글라이콜,피이지-40하이드로제네이티드캐스터오일,에칠헥실글리세린,카보머,페녹시에탄올,향료",■ 모든피부,hi****,2022.03.10,처음사용해봐여 원래 송아지 눈썹이라 축 처지거든여 올리고 마스카라 가벼운걸 사용해두 처지더라구여 근데 이걸사용하니 확실히 덜처지는것같아여,5,_alchera_none_
64,20221015_111259,아이브로우,3CE 클리어 아이브로우 픽서,https://www.oliveyoung.co.kr/store/goods/getGoodsDetail.do?goodsNo=A000000146109&dispCatNo=1000001000200070004&trackingCd&curation&egcode&rccode&egrankcode,3CE,3CE 클리어 아이브로우 픽서,15000,12800,CLEAR,"■ 정제수,변성알코올,브이피/브이에이코폴리머,부틸렌글라이콜,피브이피,아미노메칠프로판디올,카프릴릴글라이콜,피이지-40하이드로제네이티드캐스터오일,에칠헥실글리세린,카보머,페녹시에탄올,향료",■ 모든피부,dcs****,2021.11.23,"예전에 클리ㅇ 쓰던 아이브로우가 단종되면서
우연히 매장구매로 한 5번째 구매했는데 단종안됐으면 좋겠어요 유분기 많으신분들 진짜 하루 한번 그리고 잠들지 않는이상 맨처음 그대로에요 진짜 너무 좋음",5,_alchera_none_
65,20221015_111300,아이브로우,3CE 클리어 아이브로우 픽서,https://www.oliveyoung.co.kr/store/goods/getGoodsDetail.do?goodsNo=A000000146109&dispCatNo=1000001000200070004&trackingCd&curation&egcode&rccode&egrankcode,3CE,3CE 클리어 아이브로우 픽서,15000,12800,CLEAR,"■ 정제수,변성알코올,브이피/브이에이코폴리머,부틸렌글라이콜,피브이피,아미노메칠프로판디올,카프릴릴글라이콜,피이지-40하이드로제네이티드캐스터오일,에칠헥실글리세린,카보머,페녹시에탄올,향료",■ 모든피부,redmem****,2021.09.07,"눈썹 픽서지만 속눈썹 등 여기저기 유용한 픽서에요. 
모는 보통 마스카라의 반절정도의 크기로 좀 더 꼼꼼하게 바를 수 있다는 게 특징 같아요.",4,_alchera_none_
66,20221015_111301,아이브로우,3CE 클리어 아이브로우 픽서,https://www.oliveyoung.co.kr/store/goods/getGoodsDetail.do?goodsNo=A000000146109&dispCatNo=1000001000200070004&trackingCd&curation&egcode&rccode&egrankcode,3CE,3CE 클리어 아이브로우 픽서,15000,12800,CLEAR,"■ 정제수,변성알코올,브이피/브이에이코폴리머,부틸렌글라이콜,피브이피,아미노메칠프로판디올,카프릴릴글라이콜,피이지-40하이드로제네이티드캐스터오일,에칠헥실글리세린,카보머,페녹시에탄올,향료",■ 모든피부,dhfflqm****,2021.07.04,"브러쉬가 짧아서 눈썹에 바르기 편해요
지속력은 에뛰드 투명 마스카라랑 똑같아서 가성비는 에뛰드가 더 좋은 것 같아요",5,_alchera_none_
67,20221015_111302,아이브로우,3CE 클리어 아이브로우 픽서,https://www.oliveyoung.co.kr/store/goods/getGoodsDetail.do?goodsNo=A000000146109&dispCatNo=1000001000200070004&trackingCd&curation&egcode&rccode&egrankcode,3CE,3CE 클리어 아이브로우 픽서,15000,12800,CLEAR,"■ 정제수,변성알코올,브이피/브이에이코폴리머,부틸렌글라이콜,피브이피,아미노메칠프로판디올,카프릴릴글라이콜,피이지-40하이드로제네이티드캐스터오일,에칠헥실글리세린,카보머,페녹시에탄올,향료",■ 모든피부,qnflqnf****,2021.06.10,"고정력이 좋고 뭉침없이 발려서 좋아요
색상도 딱 마음에 듭니다!
솔이 얇아서 살에 안 뭍어요",5,_alchera_none_
68,20221015_111303,아이브로우,3CE 클리어 아이브로우 픽서,https://www.oliveyoung.co.kr/store/goods/getGoodsDetail.do?goodsNo=A000000146109&dispCatNo=1000001000200070004&trackingCd&curation&egcode&rccode&egrankcode,3CE,3CE 클리어 아이브로우 픽서,15000,12800,CLEAR,"■ 정제수,변성알코올,브이피/브이에이코폴리머,부틸렌글라이콜,피브이피,아미노메칠프로판디올,카프릴릴글라이콜,피이지-40하이드로제네이티드캐스터오일,에칠헥실글리세린,카보머,페녹시에탄올,향료",■ 모든피부,as****,2021.05.31,"고정력이 강하지 않고 
그냥 결 정리하기엔 좋아요 
저처럼 고정력 강한 제품 찾으시면 좀 아쉬우실 듯!
자연스러운 느낌이라서요",2,_alchera_none_
69,20221015_111305,아이브로우,3CE 클리어 아이브로우 픽서,https://www.oliveyoung.co.kr/store/goods/getGoodsDetail.do?goodsNo=A000000146109&dispCatNo=1000001000200070004&trackingCd&curation&egcode&rccode&egrankcode,3CE,3CE 클리어 아이브로우 픽서,15000,12800,CLEAR,"■ 정제수,변성알코올,브이피/브이에이코폴리머,부틸렌글라이콜,피브이피,아미노메칠프로판디올,카프릴릴글라이콜,피이지-40하이드로제네이티드캐스터오일,에칠헥실글리세린,카보머,페녹시에탄올,향료",■ 모든피부,joohee****,2021.04.13,"패키지는 심플해서 이뻐요
투명 픽서가 필요해서 급하게 샀는대 하나도 고정 안되고 한번 쓰자마자 쓸수가 없내요...",2,_alchera_none_
70,20221015_111308,아이브로우,3CE 클리어 아이브로우 픽서,https://www.oliveyoung.co.kr/store/goods/getGoodsDetail.do?goodsNo=A000000146109&dispCatNo=1000001000200070004&trackingCd&curation&egcode&rccode&egrankcode,3CE,3CE 클리어 아이브로우 픽서,15000,12800,CLEAR,"■ 정제수,변성알코올,브이피/브이에이코폴리머,부틸렌글라이콜,피브이피,아미노메칠프로판디올,카프릴릴글라이콜,피이지-40하이드로제네이티드캐스터오일,에칠헥실글리세린,카보머,페녹시에탄올,향료",■ 모든피부,darl****,2021.04.01,"브로우 쉐이퍼라는데 그냥 빗질에서 끝나는 정도..
눈썹 결을 전혀 잡아주지 않아 많이 아쉬워요",3,_alchera_none_
71,20221015_111310,아이브로우,3CE 클리어 아이브로우 픽서,https://www.oliveyoung.co.kr/store/goods/getGoodsDetail.do?goodsNo=A000000146109&dispCatNo=1000001000200070004&trackingCd&curation&egcode&rccode&egrankcode,3CE,3CE 클리어 아이브로우 픽서,15000,12800,CLEAR,"■ 정제수,변성알코올,브이피/브이에이코폴리머,부틸렌글라이콜,피브이피,아미노메칠프로판디올,카프릴릴글라이콜,피이지-40하이드로제네이티드캐스터오일,에칠헥실글리세린,카보머,페녹시에탄올,향료",■ 모든피부,drjw****,2021.03.22,"향도 나쁘지않고, 마스카라 픽서로 고정한 것 처럼 하얗게 변하지는 않아서 좋았지만 고정력이나 지속력이 별로 좋지 않아요ㅠㅠ",3,_alchera_none_
72,20221015_111311,아이브로우,3CE 클리어 아이브로우 픽서,https://www.oliveyoung.co.kr/store/goods/getGoodsDetail.do?goodsNo=A000000146109&dispCatNo=1000001000200070004&trackingCd&curation&egcode&rccode&egrankcode,3CE,3CE 클리어 아이브로우 픽서,15000,12800,CLEAR,"■ 정제수,변성알코올,브이피/브이에이코폴리머,부틸렌글라이콜,피브이피,아미노메칠프로판디올,카프릴릴글라이콜,피이지-40하이드로제네이티드캐스터오일,에칠헥실글리세린,카보머,페녹시에탄올,향료",■ 모든피부,체리에이드,2021.03.08,"투명 아이브로우 픽서 찾다가 신상품이길래 한번 구매해 봤는데 생각보다 만족스러워요
마스카라 솔 크기도 적당해서 사용하기 좋고 마른 후에 너무 뻣뻣해지지 않아서 좋아요~!",5,_alchera_none_
73,20221015_111312,아이브로우,3CE 클리어 아이브로우 픽서,https://www.oliveyoung.co.kr/store/goods/getGoodsDetail.do?goodsNo=A000000146109&dispCatNo=1000001000200070004&trackingCd&curation&egcode&rccode&egrankcode,3CE,3CE 클리어 아이브로우 픽서,15000,12800,CLEAR,"■ 정제수,변성알코올,브이피/브이에이코폴리머,부틸렌글라이콜,피브이피,아미노메칠프로판디올,카프릴릴글라이콜,피이지-40하이드로제네이티드캐스터오일,에칠헥실글리세린,카보머,페녹시에탄올,향료",■ 모든피부,ggsni****,2021.02.04,바르고 오히려 더러워보일까봐 걱정하기도 했는데 전혀 그렇지 않고 눈썹한올한올 표현되어 너무 좋아요,5,_alchera_none_
74,20221015_111313,아이브로우,3CE 클리어 아이브로우 픽서,https://www.oliveyoung.co.kr/store/goods/getGoodsDetail.do?goodsNo=A000000146109&dispCatNo=1000001000200070004&trackingCd&curation&egcode&rccode&egrankcode,3CE,3CE 클리어 아이브로우 픽서,15000,12800,CLEAR,"■ 정제수,변성알코올,브이피/브이에이코폴리머,부틸렌글라이콜,피브이피,아미노메칠프로판디올,카프릴릴글라이콜,피이지-40하이드로제네이티드캐스터오일,에칠헥실글리세린,카보머,페녹시에탄올,향료",■ 모든피부,aseaa****,2021.01.24,지속력 짱입니다. 전 마스카라로 사용하고 있는데 요즘 마스크땜에 눈썹이 축 쳐저서 고민이있는데 컬이 저녁까지 살아있네요,5,_alchera_none_
75,20221015_111315,아이브로우,3CE 클리어 아이브로우 픽서,https://www.oliveyoung.co.kr/store/goods/getGoodsDetail.do?goodsNo=A000000146109&dispCatNo=1000001000200070004&trackingCd&curation&egcode&rccode&egrankcode,3CE,3CE 클리어 아이브로우 픽서,15000,12800,CLEAR,"■ 정제수,변성알코올,브이피/브이에이코폴리머,부틸렌글라이콜,피브이피,아미노메칠프로판디올,카프릴릴글라이콜,피이지-40하이드로제네이티드캐스터오일,에칠헥실글리세린,카보머,페녹시에탄올,향료",■ 모든피부,aoa****,2020.12.10,"눈썹을 강하게 잡아주진 못해요 ㅜㅜ 약한느낌
지속력도 그저그럽니다",3,_alchera_none_
76,20221015_111316,아이브로우,3CE 클리어 아이브로우 픽서,https://www.oliveyoung.co.kr/store/goods/getGoodsDetail.do?goodsNo=A000000146109&dispCatNo=1000001000200070004&trackingCd&curation&egcode&rccode&egrankcode,3CE,3CE 클리어 아이브로우 픽서,15000,12800,CLEAR,"■ 정제수,변성알코올,브이피/브이에이코폴리머,부틸렌글라이콜,피브이피,아미노메칠프로판디올,카프릴릴글라이콜,피이지-40하이드로제네이티드캐스터오일,에칠헥실글리세린,카보머,페녹시에탄올,향료",■ 모든피부,yjo9****,2022.04.17,뭉치지도 않고 한올 한올 자연스럽게 올라가면서 고정력이 아주 좋아요,5,_alchera_none_
77,20221015_111317,아이브로우,3CE 클리어 아이브로우 픽서,https://www.oliveyoung.co.kr/store/goods/getGoodsDetail.do?goodsNo=A000000146109&dispCatNo=1000001000200070004&trackingCd&curation&egcode&rccode&egrankcode,3CE,3CE 클리어 아이브로우 픽서,15000,12800,CLEAR,"■ 정제수,변성알코올,브이피/브이에이코폴리머,부틸렌글라이콜,피브이피,아미노메칠프로판디올,카프릴릴글라이콜,피이지-40하이드로제네이티드캐스터오일,에칠헥실글리세린,카보머,페녹시에탄올,향료",■ 모든피부,lucky****,2022.03.31,브로우리프트 할까하다가 불편하다 해서 이거로 대신함요 ㅋㅋㅋ,5,_alchera_none_
78,20221015_111319,아이브로우,3CE 클리어 아이브로우 픽서,https://www.oliveyoung.co.kr/store/goods/getGoodsDetail.do?goodsNo=A000000146109&dispCatNo=1000001000200070004&trackingCd&curation&egcode&rccode&egrankcode,3CE,3CE 클리어 아이브로우 픽서,15000,12800,CLEAR,"■ 정제수,변성알코올,브이피/브이에이코폴리머,부틸렌글라이콜,피브이피,아미노메칠프로판디올,카프릴릴글라이콜,피이지-40하이드로제네이티드캐스터오일,에칠헥실글리세린,카보머,페녹시에탄올,향료",■ 모든피부,sallybut****,2022.03.26,조ㅓㅗ아여 석눈썹 잘 얼라감 담에도 살 거긴한데 뭌상이라 잘 안 얼라감ㅜ,5,_alchera_none_
79,20221015_111320,아이브로우,3CE 클리어 아이브로우 픽서,https://www.oliveyoung.co.kr/store/goods/getGoodsDetail.do?goodsNo=A000000146109&dispCatNo=1000001000200070004&trackingCd&curation&egcode&rccode&egrankcode,3CE,3CE 클리어 아이브로우 픽서,15000,12800,CLEAR,"■ 정제수,변성알코올,브이피/브이에이코폴리머,부틸렌글라이콜,피브이피,아미노메칠프로판디올,카프릴릴글라이콜,피이지-40하이드로제네이티드캐스터오일,에칠헥실글리세린,카보머,페녹시에탄올,향료",■ 모든피부,css0****,2022.03.03,하얗게 일어나지도 않고 지속력도 꽤 좋은편이에요!!! 기대이상,5,_alchera_none_
80,20221015_111323,아이브로우,3CE 클리어 아이브로우 픽서,https://www.oliveyoung.co.kr/store/goods/getGoodsDetail.do?goodsNo=A000000146109&dispCatNo=1000001000200070004&trackingCd&curation&egcode&rccode&egrankcode,3CE,3CE 클리어 아이브로우 픽서,15000,12800,CLEAR,"■ 정제수,변성알코올,브이피/브이에이코폴리머,부틸렌글라이콜,피브이피,아미노메칠프로판디올,카프릴릴글라이콜,피이지-40하이드로제네이티드캐스터오일,에칠헥실글리세린,카보머,페녹시에탄올,향료",■ 모든피부,yjo9****,2022.02.15,떡지지도 않고 한올 한올 진짜 자연스럽게 올려주는데 이만한 것이 없다,5,_alchera_none_
81,20221015_111323,아이브로우,3CE 클리어 아이브로우 픽서,https://www.oliveyoung.co.kr/store/goods/getGoodsDetail.do?goodsNo=A000000146109&dispCatNo=1000001000200070004&trackingCd&curation&egcode&rccode&egrankcode,3CE,3CE 클리어 아이브로우 픽서,15000,12800,CLEAR,"■ 정제수,변성알코올,브이피/브이에이코폴리머,부틸렌글라이콜,피브이피,아미노메칠프로판디올,카프릴릴글라이콜,피이지-40하이드로제네이티드캐스터오일,에칠헥실글리세린,카보머,페녹시에탄올,향료",■ 모든피부,tndms****,2022.02.14,발림성도 좋고 초보자한테도 너무 좋은 제품인 것 같아요 하지만 지속력은 조금 부족한것 같아요,4,복합성;봄웜톤;각질;다크서클
82,20221015_111325,아이브로우,3CE 클리어 아이브로우 픽서,https://www.oliveyoung.co.kr/store/goods/getGoodsDetail.do?goodsNo=A000000146109&dispCatNo=1000001000200070004&trackingCd&curation&egcode&rccode&egrankcode,3CE,3CE 클리어 아이브로우 픽서,15000,12800,CLEAR,"■ 정제수,변성알코올,브이피/브이에이코폴리머,부틸렌글라이콜,피브이피,아미노메칠프로판디올,카프릴릴글라이콜,피이지-40하이드로제네이티드캐스터오일,에칠헥실글리세린,카보머,페녹시에탄올,향료",■ 모든피부,ssmk****,2021.12.17,눈썹결 하나하나 살려주먼서 너무 예쁘게 고정이 잘 됩니당^^,5,_alchera_none_
83,20221015_111326,아이브로우,3CE 클리어 아이브로우 픽서,https://www.oliveyoung.co.kr/store/goods/getGoodsDetail.do?goodsNo=A000000146109&dispCatNo=1000001000200070004&trackingCd&curation&egcode&rccode&egrankcode,3CE,3CE 클리어 아이브로우 픽서,15000,12800,CLEAR,"■ 정제수,변성알코올,브이피/브이에이코폴리머,부틸렌글라이콜,피브이피,아미노메칠프로판디올,카프릴릴글라이콜,피이지-40하이드로제네이티드캐스터오일,에칠헥실글리세린,카보머,페녹시에탄올,향료",■ 모든피부,tjsd****,2021.12.06,눈썹이 휘기 시작해서 하나 샀어요 브로우 그린 뒤에 픽서로 고정해주면 눈썹이 잘 고정되어있습니당,5,_alchera_none_
84,20221015_111326,아이브로우,3CE 클리어 아이브로우 픽서,https://www.oliveyoung.co.kr/store/goods/getGoodsDetail.do?goodsNo=A000000146109&dispCatNo=1000001000200070004&trackingCd&curation&egcode&rccode&egrankcode,3CE,3CE 클리어 아이브로우 픽서,15000,12800,CLEAR,"■ 정제수,변성알코올,브이피/브이에이코폴리머,부틸렌글라이콜,피브이피,아미노메칠프로판디올,카프릴릴글라이콜,피이지-40하이드로제네이티드캐스터오일,에칠헥실글리세린,카보머,페녹시에탄올,향료",■ 모든피부,sskkyyy,2021.11.29,"재구매예요!!
항상 눈썹을 이걸로 결정리 해주면 투명이라 딱 고정되서 너무 좋아요!!",5,민감성;여름쿨톤;모공;민감성
85,20221015_111327,아이브로우,3CE 클리어 아이브로우 픽서,https://www.oliveyoung.co.kr/store/goods/getGoodsDetail.do?goodsNo=A000000146109&dispCatNo=1000001000200070004&trackingCd&curation&egcode&rccode&egrankcode,3CE,3CE 클리어 아이브로우 픽서,15000,12800,CLEAR,"■ 정제수,변성알코올,브이피/브이에이코폴리머,부틸렌글라이콜,피브이피,아미노메칠프로판디올,카프릴릴글라이콜,피이지-40하이드로제네이티드캐스터오일,에칠헥실글리세린,카보머,페녹시에탄올,향료",■ 모든피부,qkrtnq****,2021.09.13,눈썹모가 길지 않아도 결을 정돈해주고 부드럽고 가볍게 고정시켜줘서 마음에 들었어용,5,_alchera_none_
86,20221015_111329,아이브로우,3CE 클리어 아이브로우 픽서,https://www.oliveyoung.co.kr/store/goods/getGoodsDetail.do?goodsNo=A000000146109&dispCatNo=1000001000200070004&trackingCd&curation&egcode&rccode&egrankcode,3CE,3CE 클리어 아이브로우 픽서,15000,12800,CLEAR,"■ 정제수,변성알코올,브이피/브이에이코폴리머,부틸렌글라이콜,피브이피,아미노메칠프로판디올,카프릴릴글라이콜,피이지-40하이드로제네이티드캐스터오일,에칠헥실글리세린,카보머,페녹시에탄올,향료",■ 모든피부,dongyou****,2021.09.08,무색 브로우 픽서는 이게짱인가같아요 저는 남자이지만 또 삿어요 곧 또 사러 올것같아요,5,_alchera_none_
87,20221015_111330,아이브로우,3CE 클리어 아이브로우 픽서,https://www.oliveyoung.co.kr/store/goods/getGoodsDetail.do?goodsNo=A000000146109&dispCatNo=1000001000200070004&trackingCd&curation&egcode&rccode&egrankcode,3CE,3CE 클리어 아이브로우 픽서,15000,12800,CLEAR,"■ 정제수,변성알코올,브이피/브이에이코폴리머,부틸렌글라이콜,피브이피,아미노메칠프로판디올,카프릴릴글라이콜,피이지-40하이드로제네이티드캐스터오일,에칠헥실글리세린,카보머,페녹시에탄올,향료",■ 모든피부,chobo****,2021.08.24,아이브로우도 주기적으로 새거를 사서 그려줘야 제맛인 물건,5,_alchera_none_
88,20221015_111332,아이브로우,3CE 클리어 아이브로우 픽서,https://www.oliveyoung.co.kr/store/goods/getGoodsDetail.do?goodsNo=A000000146109&dispCatNo=1000001000200070004&trackingCd&curation&egcode&rccode&egrankcode,3CE,3CE 클리어 아이브로우 픽서,15000,12800,CLEAR,"■ 정제수,변성알코올,브이피/브이에이코폴리머,부틸렌글라이콜,피브이피,아미노메칠프로판디올,카프릴릴글라이콜,피이지-40하이드로제네이티드캐스터오일,에칠헥실글리세린,카보머,페녹시에탄올,향료",■ 모든피부,rlaeeheh,2021.08.02,"타사 제품만큼의 고정력은 아닌 것 같지만, 자연스러운 픽싱에는 최고네요",5,_alchera_none_
89,20221015_111333,아이브로우,3CE 클리어 아이브로우 픽서,https://www.oliveyoung.co.kr/store/goods/getGoodsDetail.do?goodsNo=A000000146109&dispCatNo=1000001000200070004&trackingCd&curation&egcode&rccode&egrankcode,3CE,3CE 클리어 아이브로우 픽서,15000,12800,CLEAR,"■ 정제수,변성알코올,브이피/브이에이코폴리머,부틸렌글라이콜,피브이피,아미노메칠프로판디올,카프릴릴글라이콜,피이지-40하이드로제네이티드캐스터오일,에칠헥실글리세린,카보머,페녹시에탄올,향료",■ 모든피부,jhsuna****,2021.06.07,이제품은 그냥 그렇네요 고정은 안되요 살짝 가지런하게 해줄뿐 지속력은 떨어져요,3,_alchera_none_
90,20221015_111336,아이브로우,3CE 클리어 아이브로우 픽서,https://www.oliveyoung.co.kr/store/goods/getGoodsDetail.do?goodsNo=A000000146109&dispCatNo=1000001000200070004&trackingCd&curation&egcode&rccode&egrankcode,3CE,3CE 클리어 아이브로우 픽서,15000,12800,CLEAR,"■ 정제수,변성알코올,브이피/브이에이코폴리머,부틸렌글라이콜,피브이피,아미노메칠프로판디올,카프릴릴글라이콜,피이지-40하이드로제네이티드캐스터오일,에칠헥실글리세린,카보머,페녹시에탄올,향료",■ 모든피부,rlas****,2021.05.24,아이브로우 픽서는 처음 구입했는데 고정력도 나쁘지않구 종종 잘 사용할거 같아용 ! 🙃,5,_alchera_none_
91,20221015_111338,아이브로우,3CE 클리어 아이브로우 픽서,https://www.oliveyoung.co.kr/store/goods/getGoodsDetail.do?goodsNo=A000000146109&dispCatNo=1000001000200070004&trackingCd&curation&egcode&rccode&egrankcode,3CE,3CE 클리어 아이브로우 픽서,15000,12800,CLEAR,"■ 정제수,변성알코올,브이피/브이에이코폴리머,부틸렌글라이콜,피브이피,아미노메칠프로판디올,카프릴릴글라이콜,피이지-40하이드로제네이티드캐스터오일,에칠헥실글리세린,카보머,페녹시에탄올,향료",■ 모든피부,kmj1****,2021.05.09,제가 잘 사용을 못해서 그런거 ㅠㅠ 잘모르겠어요 ㅠ,5,_alchera_none_
92,20221015_111339,아이브로우,3CE 클리어 아이브로우 픽서,https://www.oliveyoung.co.kr/store/goods/getGoodsDetail.do?goodsNo=A000000146109&dispCatNo=1000001000200070004&trackingCd&curation&egcode&rccode&egrankcode,3CE,3CE 클리어 아이브로우 픽서,15000,12800,CLEAR,"■ 정제수,변성알코올,브이피/브이에이코폴리머,부틸렌글라이콜,피브이피,아미노메칠프로판디올,카프릴릴글라이콜,피이지-40하이드로제네이티드캐스터오일,에칠헥실글리세린,카보머,페녹시에탄올,향료",■ 모든피부,jitae****,2021.05.04,여기저기서 나오는거 보고 구매하게 됐는데.. 똥손인가 생각보다 이쁜 표현은 되지 않아요,2,_alchera_none_
93,20221015_111339,아이브로우,3CE 클리어 아이브로우 픽서,https://www.oliveyoung.co.kr/store/goods/getGoodsDetail.do?goodsNo=A000000146109&dispCatNo=1000001000200070004&trackingCd&curation&egcode&rccode&egrankcode,3CE,3CE 클리어 아이브로우 픽서,15000,12800,CLEAR,"■ 정제수,변성알코올,브이피/브이에이코폴리머,부틸렌글라이콜,피브이피,아미노메칠프로판디올,카프릴릴글라이콜,피이지-40하이드로제네이티드캐스터오일,에칠헥실글리세린,카보머,페녹시에탄올,향료",■ 모든피부,엘디엘,2021.05.03,"고정력 센 픽서는
아니지만 코팅 여러번 해도 별로 안 뭉치는게 마음에 들어용",4,건성;쿨톤;모공;미백
94,20221015_111339,아이브로우,3CE 클리어 아이브로우 픽서,https://www.oliveyoung.co.kr/store/goods/getGoodsDetail.do?goodsNo=A000000146109&dispCatNo=1000001000200070004&trackingCd&curation&egcode&rccode&egrankcode,3CE,3CE 클리어 아이브로우 픽서,15000,12800,CLEAR,"■ 정제수,변성알코올,브이피/브이에이코폴리머,부틸렌글라이콜,피브이피,아미노메칠프로판디올,카프릴릴글라이콜,피이지-40하이드로제네이티드캐스터오일,에칠헥실글리세린,카보머,페녹시에탄올,향료",■ 모든피부,주블리콩,2021.04.18,오우 ! 완전 짱짱 유지력 대박 좋아요 오래갑니당,5,복합성;쿨톤;미백;블랙헤드
95,20221015_111339,아이브로우,3CE 클리어 아이브로우 픽서,https://www.oliveyoung.co.kr/store/goods/getGoodsDetail.do?goodsNo=A000000146109&dispCatNo=1000001000200070004&trackingCd&curation&egcode&rccode&egrankcode,3CE,3CE 클리어 아이브로우 픽서,15000,12800,CLEAR,"■ 정제수,변성알코올,브이피/브이에이코폴리머,부틸렌글라이콜,피브이피,아미노메칠프로판디올,카프릴릴글라이콜,피이지-40하이드로제네이티드캐스터오일,에칠헥실글리세린,카보머,페녹시에탄올,향료",■ 모든피부,dmsql****,2021.04.06,잔머리가 마음에 안들어서 잔머리 고정용으로 샀는데 되게 만족합니다!,5,지성;봄웜톤;트러블
96,20221015_111341,아이브로우,3CE 클리어 아이브로우 픽서,https://www.oliveyoung.co.kr/store/goods/getGoodsDetail.do?goodsNo=A000000146109&dispCatNo=1000001000200070004&trackingCd&curation&egcode&rccode&egrankcode,3CE,3CE 클리어 아이브로우 픽서,15000,12800,CLEAR,"■ 정제수,변성알코올,브이피/브이에이코폴리머,부틸렌글라이콜,피브이피,아미노메칠프로판디올,카프릴릴글라이콜,피이지-40하이드로제네이티드캐스터오일,에칠헥실글리세린,카보머,페녹시에탄올,향료",■ 모든피부,skql****,2021.03.26,"헤어젤이 더  고정력이 좋을  듯
그래도 쓸만한데 또  구매의사 없어요",5,_alchera_none_
97,20221015_111342,아이브로우,3CE 클리어 아이브로우 픽서,https://www.oliveyoung.co.kr/store/goods/getGoodsDetail.do?goodsNo=A000000146109&dispCatNo=1000001000200070004&trackingCd&curation&egcode&rccode&egrankcode,3CE,3CE 클리어 아이브로우 픽서,15000,12800,CLEAR,"■ 정제수,변성알코올,브이피/브이에이코폴리머,부틸렌글라이콜,피브이피,아미노메칠프로판디올,카프릴릴글라이콜,피이지-40하이드로제네이티드캐스터오일,에칠헥실글리세린,카보머,페녹시에탄올,향료",■ 모든피부,칠린스,2021.03.17,무난무난 지속력도 괜찮고 서브로 쓰기 좋은 사용감,4,_alchera_none_
98,20221015_111343,아이브로우,3CE 클리어 아이브로우 픽서,https://www.oliveyoung.co.kr/store/goods/getGoodsDetail.do?goodsNo=A000000146109&dispCatNo=1000001000200070004&trackingCd&curation&egcode&rccode&egrankcode,3CE,3CE 클리어 아이브로우 픽서,15000,12800,CLEAR,"■ 정제수,변성알코올,브이피/브이에이코폴리머,부틸렌글라이콜,피브이피,아미노메칠프로판디올,카프릴릴글라이콜,피이지-40하이드로제네이티드캐스터오일,에칠헥실글리세린,카보머,페녹시에탄올,향료",■ 모든피부,kjiye****,2021.03.14,눈썹 결을 살려서 풍성하게 만들어줘서 좋습니다 ~!,4,_alchera_none_
99,20221015_111344,아이브로우,3CE 클리어 아이브로우 픽서,https://www.oliveyoung.co.kr/store/goods/getGoodsDetail.do?goodsNo=A000000146109&dispCatNo=1000001000200070004&trackingCd&curation&egcode&rccode&egrankcode,3CE,3CE 클리어 아이브로우 픽서,15000,12800,CLEAR,"■ 정제수,변성알코올,브이피/브이에이코폴리머,부틸렌글라이콜,피브이피,아미노메칠프로판디올,카프릴릴글라이콜,피이지-40하이드로제네이티드캐스터오일,에칠헥실글리세린,카보머,페녹시에탄올,향료",■ 모든피부,heejn96****,2021.03.02,"고정력이 뛰어나지는 않아요.
하지만 눈썹의 결을 살려주어서 
사용하면 좋습니다",4,건성;웜톤;다크서클;블랙헤드
100,20221015_111347,아이브로우,3CE 클리어 아이브로우 픽서,https://www.oliveyoung.co.kr/store/goods/getGoodsDetail.do?goodsNo=A000000146109&dispCatNo=1000001000200070004&trackingCd&curation&egcode&rccode&egrankcode,3CE,3CE 클리어 아이브로우 픽서,15000,12800,CLEAR,"■ 정제수,변성알코올,브이피/브이에이코폴리머,부틸렌글라이콜,피브이피,아미노메칠프로판디올,카프릴릴글라이콜,피이지-40하이드로제네이티드캐스터오일,에칠헥실글리세린,카보머,페녹시에탄올,향료",■ 모든피부,nasong****,2021.02.28,"눈썹 정리하기에 너무 좋습니다
케이스 색상부터 너무 예쁘고
인상이 깔끔하거 단정해보야요",5,_alchera_none_
101,20221015_111348,아이브로우,3CE 클리어 아이브로우 픽서,https://www.oliveyoung.co.kr/store/goods/getGoodsDetail.do?goodsNo=A000000146109&dispCatNo=1000001000200070004&trackingCd&curation&egcode&rccode&egrankcode,3CE,3CE 클리어 아이브로우 픽서,15000,12800,CLEAR,"■ 정제수,변성알코올,브이피/브이에이코폴리머,부틸렌글라이콜,피브이피,아미노메칠프로판디올,카프릴릴글라이콜,피이지-40하이드로제네이티드캐스터오일,에칠헥실글리세린,카보머,페녹시에탄올,향료",■ 모든피부,shhs1****,2021.01.29,상품은 만족 그치만 가격이 사악하네요 라카꺼보다 3천원 더비쌈,5,_alchera_none_
102,20221015_111349,아이브로우,3CE 클리어 아이브로우 픽서,https://www.oliveyoung.co.kr/store/goods/getGoodsDetail.do?goodsNo=A000000146109&dispCatNo=1000001000200070004&trackingCd&curation&egcode&rccode&egrankcode,3CE,3CE 클리어 아이브로우 픽서,15000,12800,CLEAR,"■ 정제수,변성알코올,브이피/브이에이코폴리머,부틸렌글라이콜,피브이피,아미노메칠프로판디올,카프릴릴글라이콜,피이지-40하이드로제네이티드캐스터오일,에칠헥실글리세린,카보머,페녹시에탄올,향료",■ 모든피부,gyjan****,2021.01.28,좋아요 무난하게 쓰기 좋아요 뻑뻑한 느낌도 크게 안들어서 좋네용,5,_alchera_none_
