,timestamp,category,productName,urlProduct,brand,productName.1,price1,price2,Color,ingredients,skinType,username,datePublished,reviewText,score,reviewerSkinType
0,20221016_025150,프라이버/베이스,3CE 글로우 빔,https://www.oliveyoung.co.kr/store/goods/getGoodsDetail.do?goodsNo=A000000162006&dispCatNo=1000001000200010003&trackingCd&curation&egcode&rccode&egrankcode,3CE,3CE 글로우 빔,27000,21600,,"하이드로제네이티드폴리데센
하이드로제네이티드폴리아이소부텐
에틸렌/프로필렌코폴리머
티타늄디옥사이드
피마자씨오일
다이아이소스테아릴말레이트
폴리글리세릴-4다이아이소스테아레이트/폴리하이드록시스테아레이트/세바케이트
마이카
세틸다이메티콘
합성플루오르플로고파이트
비스머스옥시클로라이드
적색산화철
카프릴릴글라이콜
칼슘티타늄보로실리케이트
향료
에틸헥실글리세린
황색산화철
1,2-헥산다이올
틴옥사이드
리날룰
제라니올",모든 피부,구름엄마,2022.07.18,"쫀쫀한 프라이머로 사용하기 너무 좋은 제품이에요!!요즘 같은 날씨에..노파데 대신 이 제품을 발라주면 얼굴에 광도 나구요,, 건성피부이신 분들은 하루종일 수분감을 느끼실 수 있을거에요!!. 미국에 사는 동생 추천으로 구매했는데요.. 대만족 입니다!!.
아 그리고 이거 핑크톤과 화이트톤이 있는데여 저는 핑크를 구매하였는데요,, 살짝 발그레한 톱업이 되어 맘이 쏙 듭니다,노파데 하기는 좀 지쳐보이고,얼굴에서 광도 나고 핑크로 살짝 톤업 원하시는 분들게 강강추입니다.!!
예쁜톤업크림이로 여름에도 피부좋은 우리 한번 되어 봐여^^
똥손이기지만 제형 보여두리려고 사진과 동영상 남깁니다. 조금이라도 도움이 되시길 바라며,,,,,꼭 써보세요!! 가격이 좀 고민하게 하지만 그만큼 만족하실 거라 믿습니다,.",5,건성;봄웜톤;미백;탄력
1,20221016_025152,프라이버/베이스,3CE 글로우 빔,https://www.oliveyoung.co.kr/store/goods/getGoodsDetail.do?goodsNo=A000000162006&dispCatNo=1000001000200010003&trackingCd&curation&egcode&rccode&egrankcode,3CE,3CE 글로우 빔,27000,21600,,"하이드로제네이티드폴리데센
하이드로제네이티드폴리아이소부텐
에틸렌/프로필렌코폴리머
티타늄디옥사이드
피마자씨오일
다이아이소스테아릴말레이트
폴리글리세릴-4다이아이소스테아레이트/폴리하이드록시스테아레이트/세바케이트
마이카
세틸다이메티콘
합성플루오르플로고파이트
비스머스옥시클로라이드
적색산화철
카프릴릴글라이콜
칼슘티타늄보로실리케이트
향료
에틸헥실글리세린
황색산화철
1,2-헥산다이올
틴옥사이드
리날룰
제라니올",모든 피부,jinh****,2022.09.21,"진짜 정말 좋아요. 피부가 아주 좋아보입니다.
글로우빔 바르고 쿠션, 파우더까지 해도 아주 잔잔하게 광이 살아있어서 텁텁해보이지 않아요.
피부 자체 광 같다는 점이 제일제일 좋아요. 무조건 자연스러운 걸 선호하기에..!
정말 피부 좋아보여서 넘 만족.. 베이스도 착 잘 달라붙는 거 같아요. 아주 만조옥..
추가로 23-24호인 어두운 피부라 톤업효과를 싫어하는데, (회색빛으로 톤업되는 경우가 대부분이고 부자연스러워서)
이건 정말 자연스럽게 살짝 톤업되어서 좋아요. 피부 어두운 분들도 충분히 예쁘게 사용하실 수 있습니다!",5,_alchera_none_
2,20221016_025153,프라이버/베이스,3CE 글로우 빔,https://www.oliveyoung.co.kr/store/goods/getGoodsDetail.do?goodsNo=A000000162006&dispCatNo=1000001000200010003&trackingCd&curation&egcode&rccode&egrankcode,3CE,3CE 글로우 빔,27000,21600,,"하이드로제네이티드폴리데센
하이드로제네이티드폴리아이소부텐
에틸렌/프로필렌코폴리머
티타늄디옥사이드
피마자씨오일
다이아이소스테아릴말레이트
폴리글리세릴-4다이아이소스테아레이트/폴리하이드록시스테아레이트/세바케이트
마이카
세틸다이메티콘
합성플루오르플로고파이트
비스머스옥시클로라이드
적색산화철
카프릴릴글라이콜
칼슘티타늄보로실리케이트
향료
에틸헥실글리세린
황색산화철
1,2-헥산다이올
틴옥사이드
리날룰
제라니올",모든 피부,ivor****,2022.09.02,얼굴에 자연스러운 물광을 내고 싶을때 화운데이션이랑 섞어서 발라요.,5,_alchera_none_
3,20221016_025154,프라이버/베이스,3CE 글로우 빔,https://www.oliveyoung.co.kr/store/goods/getGoodsDetail.do?goodsNo=A000000162006&dispCatNo=1000001000200010003&trackingCd&curation&egcode&rccode&egrankcode,3CE,3CE 글로우 빔,27000,21600,,"하이드로제네이티드폴리데센
하이드로제네이티드폴리아이소부텐
에틸렌/프로필렌코폴리머
티타늄디옥사이드
피마자씨오일
다이아이소스테아릴말레이트
폴리글리세릴-4다이아이소스테아레이트/폴리하이드록시스테아레이트/세바케이트
마이카
세틸다이메티콘
합성플루오르플로고파이트
비스머스옥시클로라이드
적색산화철
카프릴릴글라이콜
칼슘티타늄보로실리케이트
향료
에틸헥실글리세린
황색산화철
1,2-헥산다이올
틴옥사이드
리날룰
제라니올",모든 피부,swy13****,2022.05.14,재구매있데 수분감은 많지 않아요 건성이 심해서 그런것두있구요  색상은 정말 이뻐요 다크써클 밑에 바르면 환해 보이구요 펄감도 있어요 반짝이여서 이쁘구요,4,_alchera_none_
4,20221016_025155,프라이버/베이스,3CE 글로우 빔,https://www.oliveyoung.co.kr/store/goods/getGoodsDetail.do?goodsNo=A000000162006&dispCatNo=1000001000200010003&trackingCd&curation&egcode&rccode&egrankcode,3CE,3CE 글로우 빔,27000,21600,,"하이드로제네이티드폴리데센
하이드로제네이티드폴리아이소부텐
에틸렌/프로필렌코폴리머
티타늄디옥사이드
피마자씨오일
다이아이소스테아릴말레이트
폴리글리세릴-4다이아이소스테아레이트/폴리하이드록시스테아레이트/세바케이트
마이카
세틸다이메티콘
합성플루오르플로고파이트
비스머스옥시클로라이드
적색산화철
카프릴릴글라이콜
칼슘티타늄보로실리케이트
향료
에틸헥실글리세린
황색산화철
1,2-헥산다이올
틴옥사이드
리날룰
제라니올",모든 피부,ss****,2022.05.06,글로우빔 후기가 좋아서 저도 한번 사봤어요! 손등에 살짝 발라봤는데 진짜 자연스러운 광이 도네요 인위적이지않아서 좋고 피부요철에도 괜찮을꺼같아요!!,5,_alchera_none_
