,timestamp,category,productName,urlProduct,brand,productName.1,price1,price2,Color,ingredients,skinType,username,datePublished,reviewText,score,reviewerSkinType
0,20221015_060221,립틴트,[1+1+1] 플린 어딕션 벨벳 틴트,https://www.oliveyoung.co.kr/store/goods/getGoodsDetail.do?goodsNo=B000000143306&dispCatNo=1000001000200060003&trackingCd&curation&egcode&rccode&egrankcode,플린,[1+1+1] 플린 어딕션 벨벳 틴트,15900,9800,204 + 205;204 + 206;105 + 202;103 + 101;103 + 102;101 + 102;101시에나 1+1;102원앤온리 1+1;103어게인 1+1;104셀피쉬코랄 1+1;105로즈베일 1+1;106네버마인드 1+1;202파탈 1+1;204프랜치베이지 1+1;205세이예스 1+1;206딥브레스 1+1,"다이메티콘, 다이메티콘/비닐다이메티콘크로스폴리머, 정제수, 부틸렌글라이콜, 아이소도데케인, 폴리글리세릴-2트라이아이소스테아레이트, 폴리메틸실세스퀴옥세인, 세틸피이지/피피지-10/1다이메티콘, 합성플루오르플로고파이트, 폴리메틸메타크릴레이트, 실리카, 사이클로펜타실록세인, 트라이메틸실록시실리케이트, 1,2-헥산다이올, 브이피/헥사데센코폴리머, 솔비탄세스퀴올리에이트, 다이스테아다이모늄헥토라이트, 실리카다이메틸실릴레이트, 팔미틱애씨드, 스테아릭애씨드, 프로필렌카보네이트, 에틸헥실글리세린, 카프릴릭/카프릭트라이글리세라이드, 프로필렌글라이콜, 꿀, 하이드로제네이티드레시틴, 세라마이드엔피, 소듐하이알루로네이트, 적색201호, 적색202호, 적색102호, 황색4호, 벤질벤조에이트, 향료",모든피부용,올킹,2020.09.09,ㅜㅜ 왜항상 어디에나 랜덤증정같은이벤트는 웜톤이랑 쿨톤을 주시나요...일부러 그러시는건가요... 랜덤으로 파탈이 왔는데 봄웜인 저는 지금 쓸수가 없네요.. 겨울에 레드많이 사용했어서 이색은 겨울에 한번 써봐야할거같아요 색은 정말 이쁩니다! 근데 원앤온리는 진짜 맘에들어요 오렌지색이랑 레드의 오묘한 조화라 더 좋아요! 손목발색사진이 실제 색상이랑 제일 비슷해요! 근데 실제로 입술에 발색했을땐 조금더 밝은 느낌이에요! 오른쪽이 원앤온리이고 왼쪽이 페탈입니다 냄새는 약간 새콤달콤의 복숭아향? 납니다 거북하진않은데 바르고나서 입술에서 그맛이나서 약간 그점은 별루에요 지속력은 강력합니다 ㅎㅎ,5,건성;웜톤;모공;민감성
1,20221015_060221,립틴트,[1+1+1] 플린 어딕션 벨벳 틴트,https://www.oliveyoung.co.kr/store/goods/getGoodsDetail.do?goodsNo=B000000143306&dispCatNo=1000001000200060003&trackingCd&curation&egcode&rccode&egrankcode,플린,[1+1+1] 플린 어딕션 벨벳 틴트,15900,9800,204 + 205;204 + 206;105 + 202;103 + 101;103 + 102;101 + 102;101시에나 1+1;102원앤온리 1+1;103어게인 1+1;104셀피쉬코랄 1+1;105로즈베일 1+1;106네버마인드 1+1;202파탈 1+1;204프랜치베이지 1+1;205세이예스 1+1;206딥브레스 1+1,"다이메티콘, 다이메티콘/비닐다이메티콘크로스폴리머, 정제수, 부틸렌글라이콜, 아이소도데케인, 폴리글리세릴-2트라이아이소스테아레이트, 폴리메틸실세스퀴옥세인, 세틸피이지/피피지-10/1다이메티콘, 합성플루오르플로고파이트, 폴리메틸메타크릴레이트, 실리카, 사이클로펜타실록세인, 트라이메틸실록시실리케이트, 1,2-헥산다이올, 브이피/헥사데센코폴리머, 솔비탄세스퀴올리에이트, 다이스테아다이모늄헥토라이트, 실리카다이메틸실릴레이트, 팔미틱애씨드, 스테아릭애씨드, 프로필렌카보네이트, 에틸헥실글리세린, 카프릴릭/카프릭트라이글리세라이드, 프로필렌글라이콜, 꿀, 하이드로제네이티드레시틴, 세라마이드엔피, 소듐하이알루로네이트, 적색201호, 적색202호, 적색102호, 황색4호, 벤질벤조에이트, 향료",모든피부용,may****,2020.09.23,"발색이랑 발림은 부드럽고 색감도 선명하게 나와요
향은 조금 특이한 향이 나고 개인적으론 웜레드에 가까운거 같아요",5,복합성;쿨톤;각질;모공
2,20221015_060221,립틴트,[1+1+1] 플린 어딕션 벨벳 틴트,https://www.oliveyoung.co.kr/store/goods/getGoodsDetail.do?goodsNo=B000000143306&dispCatNo=1000001000200060003&trackingCd&curation&egcode&rccode&egrankcode,플린,[1+1+1] 플린 어딕션 벨벳 틴트,15900,9800,204 + 205;204 + 206;105 + 202;103 + 101;103 + 102;101 + 102;101시에나 1+1;102원앤온리 1+1;103어게인 1+1;104셀피쉬코랄 1+1;105로즈베일 1+1;106네버마인드 1+1;202파탈 1+1;204프랜치베이지 1+1;205세이예스 1+1;206딥브레스 1+1,"다이메티콘, 다이메티콘/비닐다이메티콘크로스폴리머, 정제수, 부틸렌글라이콜, 아이소도데케인, 폴리글리세릴-2트라이아이소스테아레이트, 폴리메틸실세스퀴옥세인, 세틸피이지/피피지-10/1다이메티콘, 합성플루오르플로고파이트, 폴리메틸메타크릴레이트, 실리카, 사이클로펜타실록세인, 트라이메틸실록시실리케이트, 1,2-헥산다이올, 브이피/헥사데센코폴리머, 솔비탄세스퀴올리에이트, 다이스테아다이모늄헥토라이트, 실리카다이메틸실릴레이트, 팔미틱애씨드, 스테아릭애씨드, 프로필렌카보네이트, 에틸헥실글리세린, 카프릴릭/카프릭트라이글리세라이드, 프로필렌글라이콜, 꿀, 하이드로제네이티드레시틴, 세라마이드엔피, 소듐하이알루로네이트, 적색201호, 적색202호, 적색102호, 황색4호, 벤질벤조에이트, 향료",모든피부용,hyojim****,2020.09.16,"랜덤으로 배송되는게 별로였는데 다행이 어울리는 색이 배송이 왔습니다
엄청 매트하지도 않고 좋은거 같아요!
착색은 좀 됩니다!",5,복합성;웜톤;모공;블랙헤드
3,20221015_060221,립틴트,[1+1+1] 플린 어딕션 벨벳 틴트,https://www.oliveyoung.co.kr/store/goods/getGoodsDetail.do?goodsNo=B000000143306&dispCatNo=1000001000200060003&trackingCd&curation&egcode&rccode&egrankcode,플린,[1+1+1] 플린 어딕션 벨벳 틴트,15900,9800,204 + 205;204 + 206;105 + 202;103 + 101;103 + 102;101 + 102;101시에나 1+1;102원앤온리 1+1;103어게인 1+1;104셀피쉬코랄 1+1;105로즈베일 1+1;106네버마인드 1+1;202파탈 1+1;204프랜치베이지 1+1;205세이예스 1+1;206딥브레스 1+1,"다이메티콘, 다이메티콘/비닐다이메티콘크로스폴리머, 정제수, 부틸렌글라이콜, 아이소도데케인, 폴리글리세릴-2트라이아이소스테아레이트, 폴리메틸실세스퀴옥세인, 세틸피이지/피피지-10/1다이메티콘, 합성플루오르플로고파이트, 폴리메틸메타크릴레이트, 실리카, 사이클로펜타실록세인, 트라이메틸실록시실리케이트, 1,2-헥산다이올, 브이피/헥사데센코폴리머, 솔비탄세스퀴올리에이트, 다이스테아다이모늄헥토라이트, 실리카다이메틸실릴레이트, 팔미틱애씨드, 스테아릭애씨드, 프로필렌카보네이트, 에틸헥실글리세린, 카프릴릭/카프릭트라이글리세라이드, 프로필렌글라이콜, 꿀, 하이드로제네이티드레시틴, 세라마이드엔피, 소듐하이알루로네이트, 적색201호, 적색202호, 적색102호, 황색4호, 벤질벤조에이트, 향료",모든피부용,beauti****,2020.09.10,"촉촉하면서 발색도 좋아요 두컬러 다 맘어니 들어요
저렴하게 구매해 더 만족도 높네요",5,복합성;웜톤;미백;잡티
4,20221015_060222,립틴트,[1+1+1] 플린 어딕션 벨벳 틴트,https://www.oliveyoung.co.kr/store/goods/getGoodsDetail.do?goodsNo=B000000143306&dispCatNo=1000001000200060003&trackingCd&curation&egcode&rccode&egrankcode,플린,[1+1+1] 플린 어딕션 벨벳 틴트,15900,9800,204 + 205;204 + 206;105 + 202;103 + 101;103 + 102;101 + 102;101시에나 1+1;102원앤온리 1+1;103어게인 1+1;104셀피쉬코랄 1+1;105로즈베일 1+1;106네버마인드 1+1;202파탈 1+1;204프랜치베이지 1+1;205세이예스 1+1;206딥브레스 1+1,"다이메티콘, 다이메티콘/비닐다이메티콘크로스폴리머, 정제수, 부틸렌글라이콜, 아이소도데케인, 폴리글리세릴-2트라이아이소스테아레이트, 폴리메틸실세스퀴옥세인, 세틸피이지/피피지-10/1다이메티콘, 합성플루오르플로고파이트, 폴리메틸메타크릴레이트, 실리카, 사이클로펜타실록세인, 트라이메틸실록시실리케이트, 1,2-헥산다이올, 브이피/헥사데센코폴리머, 솔비탄세스퀴올리에이트, 다이스테아다이모늄헥토라이트, 실리카다이메틸실릴레이트, 팔미틱애씨드, 스테아릭애씨드, 프로필렌카보네이트, 에틸헥실글리세린, 카프릴릭/카프릭트라이글리세라이드, 프로필렌글라이콜, 꿀, 하이드로제네이티드레시틴, 세라마이드엔피, 소듐하이알루로네이트, 적색201호, 적색202호, 적색102호, 황색4호, 벤질벤조에이트, 향료",모든피부용,llibeauty,2020.12.18,"너무 많은 컬러라서 고민하다가 여러개 샀는데, 하나같이 컬러도 이쁘고 발색, 지속력도 아주 만족하는 제품이에요! 실제 컬러 참고해 보세요!",5,_alchera_none_
5,20221015_060223,립틴트,[1+1+1] 플린 어딕션 벨벳 틴트,https://www.oliveyoung.co.kr/store/goods/getGoodsDetail.do?goodsNo=B000000143306&dispCatNo=1000001000200060003&trackingCd&curation&egcode&rccode&egrankcode,플린,[1+1+1] 플린 어딕션 벨벳 틴트,15900,9800,204 + 205;204 + 206;105 + 202;103 + 101;103 + 102;101 + 102;101시에나 1+1;102원앤온리 1+1;103어게인 1+1;104셀피쉬코랄 1+1;105로즈베일 1+1;106네버마인드 1+1;202파탈 1+1;204프랜치베이지 1+1;205세이예스 1+1;206딥브레스 1+1,"다이메티콘, 다이메티콘/비닐다이메티콘크로스폴리머, 정제수, 부틸렌글라이콜, 아이소도데케인, 폴리글리세릴-2트라이아이소스테아레이트, 폴리메틸실세스퀴옥세인, 세틸피이지/피피지-10/1다이메티콘, 합성플루오르플로고파이트, 폴리메틸메타크릴레이트, 실리카, 사이클로펜타실록세인, 트라이메틸실록시실리케이트, 1,2-헥산다이올, 브이피/헥사데센코폴리머, 솔비탄세스퀴올리에이트, 다이스테아다이모늄헥토라이트, 실리카다이메틸실릴레이트, 팔미틱애씨드, 스테아릭애씨드, 프로필렌카보네이트, 에틸헥실글리세린, 카프릴릭/카프릭트라이글리세라이드, 프로필렌글라이콜, 꿀, 하이드로제네이티드레시틴, 세라마이드엔피, 소듐하이알루로네이트, 적색201호, 적색202호, 적색102호, 황색4호, 벤질벤조에이트, 향료",모든피부용,썬썬이,2020.09.30,"1+1이라 더 맘에 드네용
색상도 맘에 드는 색으로 보내주셨어용",5,복합성;쿨톤;모공;미백
6,20221015_060223,립틴트,[1+1+1] 플린 어딕션 벨벳 틴트,https://www.oliveyoung.co.kr/store/goods/getGoodsDetail.do?goodsNo=B000000143306&dispCatNo=1000001000200060003&trackingCd&curation&egcode&rccode&egrankcode,플린,[1+1+1] 플린 어딕션 벨벳 틴트,15900,9800,204 + 205;204 + 206;105 + 202;103 + 101;103 + 102;101 + 102;101시에나 1+1;102원앤온리 1+1;103어게인 1+1;104셀피쉬코랄 1+1;105로즈베일 1+1;106네버마인드 1+1;202파탈 1+1;204프랜치베이지 1+1;205세이예스 1+1;206딥브레스 1+1,"다이메티콘, 다이메티콘/비닐다이메티콘크로스폴리머, 정제수, 부틸렌글라이콜, 아이소도데케인, 폴리글리세릴-2트라이아이소스테아레이트, 폴리메틸실세스퀴옥세인, 세틸피이지/피피지-10/1다이메티콘, 합성플루오르플로고파이트, 폴리메틸메타크릴레이트, 실리카, 사이클로펜타실록세인, 트라이메틸실록시실리케이트, 1,2-헥산다이올, 브이피/헥사데센코폴리머, 솔비탄세스퀴올리에이트, 다이스테아다이모늄헥토라이트, 실리카다이메틸실릴레이트, 팔미틱애씨드, 스테아릭애씨드, 프로필렌카보네이트, 에틸헥실글리세린, 카프릴릭/카프릭트라이글리세라이드, 프로필렌글라이콜, 꿀, 하이드로제네이티드레시틴, 세라마이드엔피, 소듐하이알루로네이트, 적색201호, 적색202호, 적색102호, 황색4호, 벤질벤조에이트, 향료",모든피부용,안디에르,2020.09.08,"네버마인드에 파탈이 1+1 로 왔어요. 쿨톤이라 색감 아주 맘에 들어요. 네버마인드가 완전 핑크레드가
아니라서 더 색달랐어요. 아무래도 핑크계열을 많이 바르는데 가을이기도 하고 새로워요. 마스크때문에 자주 못바르니 아쉽지만 늘 궁금했던 플린 제품인데 만족스러워요. 향이 엄청 달달해요 그리고 손목 발색 후에 손으로 문지르고 티슈로 8회 가량 가볍게 찍어내니 묻어남이 좀 줄어드네요. 펴바른 손가락과 손목은 물티슈로 빡빡 닦아도 착색이 다 지워지지 않고 남아있어요. 사진상 왼쪽 파탈 오른쪽 네버마인드 입니다. 파탈은 진한 보라레드계열 클래식한 느낌도 나구요 네버마인드는 무화과나 자두가 생각나는 느낌의 레드에요",5,복합성;쿨톤;각질;모공
7,20221015_060224,립틴트,[1+1+1] 플린 어딕션 벨벳 틴트,https://www.oliveyoung.co.kr/store/goods/getGoodsDetail.do?goodsNo=B000000143306&dispCatNo=1000001000200060003&trackingCd&curation&egcode&rccode&egrankcode,플린,[1+1+1] 플린 어딕션 벨벳 틴트,15900,9800,204 + 205;204 + 206;105 + 202;103 + 101;103 + 102;101 + 102;101시에나 1+1;102원앤온리 1+1;103어게인 1+1;104셀피쉬코랄 1+1;105로즈베일 1+1;106네버마인드 1+1;202파탈 1+1;204프랜치베이지 1+1;205세이예스 1+1;206딥브레스 1+1,"다이메티콘, 다이메티콘/비닐다이메티콘크로스폴리머, 정제수, 부틸렌글라이콜, 아이소도데케인, 폴리글리세릴-2트라이아이소스테아레이트, 폴리메틸실세스퀴옥세인, 세틸피이지/피피지-10/1다이메티콘, 합성플루오르플로고파이트, 폴리메틸메타크릴레이트, 실리카, 사이클로펜타실록세인, 트라이메틸실록시실리케이트, 1,2-헥산다이올, 브이피/헥사데센코폴리머, 솔비탄세스퀴올리에이트, 다이스테아다이모늄헥토라이트, 실리카다이메틸실릴레이트, 팔미틱애씨드, 스테아릭애씨드, 프로필렌카보네이트, 에틸헥실글리세린, 카프릴릭/카프릭트라이글리세라이드, 프로필렌글라이콜, 꿀, 하이드로제네이티드레시틴, 세라마이드엔피, 소듐하이알루로네이트, 적색201호, 적색202호, 적색102호, 황색4호, 벤질벤조에이트, 향료",모든피부용,biju루나,2022.02.19,"향에 민감한 타입이라 그런지 향은 조금 머리가 띵한 정도였지만, 제가 향에 좀 심하게 민감한 편이라 그런것일 수도 있는데, 향에 민감하신 분들은 조금 잘 알아보고 하시는 편이 좋으실거 같아요! 색상도 그렇고 발림성도 그렇도 되게 부드럽게 잘 발색이 되고, 지속력도 나름 괜찮은거 같아요! 하지만 뭘 먹거나 마시거나 하시거나 마스크 또는 휴지에 잘 뭍어나와서 조금 그런것은 있었어요ㅠㅠ그래도 대체적으로 만족합니당!!",5,_alchera_none_
8,20221015_060225,립틴트,[1+1+1] 플린 어딕션 벨벳 틴트,https://www.oliveyoung.co.kr/store/goods/getGoodsDetail.do?goodsNo=B000000143306&dispCatNo=1000001000200060003&trackingCd&curation&egcode&rccode&egrankcode,플린,[1+1+1] 플린 어딕션 벨벳 틴트,15900,9800,204 + 205;204 + 206;105 + 202;103 + 101;103 + 102;101 + 102;101시에나 1+1;102원앤온리 1+1;103어게인 1+1;104셀피쉬코랄 1+1;105로즈베일 1+1;106네버마인드 1+1;202파탈 1+1;204프랜치베이지 1+1;205세이예스 1+1;206딥브레스 1+1,"다이메티콘, 다이메티콘/비닐다이메티콘크로스폴리머, 정제수, 부틸렌글라이콜, 아이소도데케인, 폴리글리세릴-2트라이아이소스테아레이트, 폴리메틸실세스퀴옥세인, 세틸피이지/피피지-10/1다이메티콘, 합성플루오르플로고파이트, 폴리메틸메타크릴레이트, 실리카, 사이클로펜타실록세인, 트라이메틸실록시실리케이트, 1,2-헥산다이올, 브이피/헥사데센코폴리머, 솔비탄세스퀴올리에이트, 다이스테아다이모늄헥토라이트, 실리카다이메틸실릴레이트, 팔미틱애씨드, 스테아릭애씨드, 프로필렌카보네이트, 에틸헥실글리세린, 카프릴릭/카프릭트라이글리세라이드, 프로필렌글라이콜, 꿀, 하이드로제네이티드레시틴, 세라마이드엔피, 소듐하이알루로네이트, 적색201호, 적색202호, 적색102호, 황색4호, 벤질벤조에이트, 향료",모든피부용,llibeauty,2020.12.18,앞에 리뷰에서도 적었지만 정말 만족하는 제품으로 컬러별로 다 소장하고 싶은 립이에요 ㅠㅠ,5,_alchera_none_
9,20221015_060226,립틴트,[1+1+1] 플린 어딕션 벨벳 틴트,https://www.oliveyoung.co.kr/store/goods/getGoodsDetail.do?goodsNo=B000000143306&dispCatNo=1000001000200060003&trackingCd&curation&egcode&rccode&egrankcode,플린,[1+1+1] 플린 어딕션 벨벳 틴트,15900,9800,204 + 205;204 + 206;105 + 202;103 + 101;103 + 102;101 + 102;101시에나 1+1;102원앤온리 1+1;103어게인 1+1;104셀피쉬코랄 1+1;105로즈베일 1+1;106네버마인드 1+1;202파탈 1+1;204프랜치베이지 1+1;205세이예스 1+1;206딥브레스 1+1,"다이메티콘, 다이메티콘/비닐다이메티콘크로스폴리머, 정제수, 부틸렌글라이콜, 아이소도데케인, 폴리글리세릴-2트라이아이소스테아레이트, 폴리메틸실세스퀴옥세인, 세틸피이지/피피지-10/1다이메티콘, 합성플루오르플로고파이트, 폴리메틸메타크릴레이트, 실리카, 사이클로펜타실록세인, 트라이메틸실록시실리케이트, 1,2-헥산다이올, 브이피/헥사데센코폴리머, 솔비탄세스퀴올리에이트, 다이스테아다이모늄헥토라이트, 실리카다이메틸실릴레이트, 팔미틱애씨드, 스테아릭애씨드, 프로필렌카보네이트, 에틸헥실글리세린, 카프릴릭/카프릭트라이글리세라이드, 프로필렌글라이콜, 꿀, 하이드로제네이티드레시틴, 세라마이드엔피, 소듐하이알루로네이트, 적색201호, 적색202호, 적색102호, 황색4호, 벤질벤조에이트, 향료",모든피부용,sahee****,2020.09.09,발림성 좋고 발색 좋습니다!  101시에나는 얼굴빛을 환하게 만들어주는 밝은레드에 가깝고 202파탈은 같은 레드이지만 와인빛에 더 가까운 살짝은 검붉다고 느낄만한 톤다운된 어두운 레드입니다!  둘다 결코 안이쁜것이 아니라 계절감에 따라 여름과 가을로 나눠 바를 수 있을건 같은 활용도 높은 색상들입니다! 두 색상 모두 핑크빛으로 착색이 되고 101시에나의 경우 살짝의 오렌지빛도 가미되어있는 듯 합니다!  아무튼 두 색상 모두 맘에 듭니다ㅎ,5,_alchera_none_
10,20221015_060229,립틴트,[1+1+1] 플린 어딕션 벨벳 틴트,https://www.oliveyoung.co.kr/store/goods/getGoodsDetail.do?goodsNo=B000000143306&dispCatNo=1000001000200060003&trackingCd&curation&egcode&rccode&egrankcode,플린,[1+1+1] 플린 어딕션 벨벳 틴트,15900,9800,204 + 205;204 + 206;105 + 202;103 + 101;103 + 102;101 + 102;101시에나 1+1;102원앤온리 1+1;103어게인 1+1;104셀피쉬코랄 1+1;105로즈베일 1+1;106네버마인드 1+1;202파탈 1+1;204프랜치베이지 1+1;205세이예스 1+1;206딥브레스 1+1,"다이메티콘, 다이메티콘/비닐다이메티콘크로스폴리머, 정제수, 부틸렌글라이콜, 아이소도데케인, 폴리글리세릴-2트라이아이소스테아레이트, 폴리메틸실세스퀴옥세인, 세틸피이지/피피지-10/1다이메티콘, 합성플루오르플로고파이트, 폴리메틸메타크릴레이트, 실리카, 사이클로펜타실록세인, 트라이메틸실록시실리케이트, 1,2-헥산다이올, 브이피/헥사데센코폴리머, 솔비탄세스퀴올리에이트, 다이스테아다이모늄헥토라이트, 실리카다이메틸실릴레이트, 팔미틱애씨드, 스테아릭애씨드, 프로필렌카보네이트, 에틸헥실글리세린, 카프릴릭/카프릭트라이글리세라이드, 프로필렌글라이콜, 꿀, 하이드로제네이티드레시틴, 세라마이드엔피, 소듐하이알루로네이트, 적색201호, 적색202호, 적색102호, 황색4호, 벤질벤조에이트, 향료",모든피부용,zza****,2022.09.07,"마스크 착용한 이후로 
마스크에 묻어나지 않는 틴트만 찾다가 
사용해 본 플린 제품은 바른 후 휴지에 한 번 닦아내면 
색상 유지는 예쁘게 되면서 마스크에 묻어나지 않아
꾸준히 사용하고 있었는데 다 써서
오랜만에 주문하려고 보니 1+1이라 신나게 주문했어요
예쁘게 잘 사용하겠습니다
감사합니다🥲🤍",5,_alchera_none_
11,20221015_060229,립틴트,[1+1+1] 플린 어딕션 벨벳 틴트,https://www.oliveyoung.co.kr/store/goods/getGoodsDetail.do?goodsNo=B000000143306&dispCatNo=1000001000200060003&trackingCd&curation&egcode&rccode&egrankcode,플린,[1+1+1] 플린 어딕션 벨벳 틴트,15900,9800,204 + 205;204 + 206;105 + 202;103 + 101;103 + 102;101 + 102;101시에나 1+1;102원앤온리 1+1;103어게인 1+1;104셀피쉬코랄 1+1;105로즈베일 1+1;106네버마인드 1+1;202파탈 1+1;204프랜치베이지 1+1;205세이예스 1+1;206딥브레스 1+1,"다이메티콘, 다이메티콘/비닐다이메티콘크로스폴리머, 정제수, 부틸렌글라이콜, 아이소도데케인, 폴리글리세릴-2트라이아이소스테아레이트, 폴리메틸실세스퀴옥세인, 세틸피이지/피피지-10/1다이메티콘, 합성플루오르플로고파이트, 폴리메틸메타크릴레이트, 실리카, 사이클로펜타실록세인, 트라이메틸실록시실리케이트, 1,2-헥산다이올, 브이피/헥사데센코폴리머, 솔비탄세스퀴올리에이트, 다이스테아다이모늄헥토라이트, 실리카다이메틸실릴레이트, 팔미틱애씨드, 스테아릭애씨드, 프로필렌카보네이트, 에틸헥실글리세린, 카프릴릭/카프릭트라이글리세라이드, 프로필렌글라이콜, 꿀, 하이드로제네이티드레시틴, 세라마이드엔피, 소듐하이알루로네이트, 적색201호, 적색202호, 적색102호, 황색4호, 벤질벤조에이트, 향료",모든피부용,소올,2020.09.11,"각부터 해서 색까지 이뻐요
+1랜덤이라서 고른 색상이랑 그나마 비슷한 색으로 올 줄 알았는데 아쉽게도 핑크컬러가 왔네요
배송은  빨리왔어요",5,건성;웜톤;각질;모공
12,20221015_060230,립틴트,[1+1+1] 플린 어딕션 벨벳 틴트,https://www.oliveyoung.co.kr/store/goods/getGoodsDetail.do?goodsNo=B000000143306&dispCatNo=1000001000200060003&trackingCd&curation&egcode&rccode&egrankcode,플린,[1+1+1] 플린 어딕션 벨벳 틴트,15900,9800,204 + 205;204 + 206;105 + 202;103 + 101;103 + 102;101 + 102;101시에나 1+1;102원앤온리 1+1;103어게인 1+1;104셀피쉬코랄 1+1;105로즈베일 1+1;106네버마인드 1+1;202파탈 1+1;204프랜치베이지 1+1;205세이예스 1+1;206딥브레스 1+1,"다이메티콘, 다이메티콘/비닐다이메티콘크로스폴리머, 정제수, 부틸렌글라이콜, 아이소도데케인, 폴리글리세릴-2트라이아이소스테아레이트, 폴리메틸실세스퀴옥세인, 세틸피이지/피피지-10/1다이메티콘, 합성플루오르플로고파이트, 폴리메틸메타크릴레이트, 실리카, 사이클로펜타실록세인, 트라이메틸실록시실리케이트, 1,2-헥산다이올, 브이피/헥사데센코폴리머, 솔비탄세스퀴올리에이트, 다이스테아다이모늄헥토라이트, 실리카다이메틸실릴레이트, 팔미틱애씨드, 스테아릭애씨드, 프로필렌카보네이트, 에틸헥실글리세린, 카프릴릭/카프릭트라이글리세라이드, 프로필렌글라이콜, 꿀, 하이드로제네이티드레시틴, 세라마이드엔피, 소듐하이알루로네이트, 적색201호, 적색202호, 적색102호, 황색4호, 벤질벤조에이트, 향료",모든피부용,도리도리치도리,2020.09.10,"원플러스원이라 별생각없이 구매해봤는데 
아주 만족합니다 벨벳인데 각질부각 하나도없고 촉촉보송??한 느낌",5,복합성;웜톤;각질;모공
13,20221015_060231,립틴트,[1+1+1] 플린 어딕션 벨벳 틴트,https://www.oliveyoung.co.kr/store/goods/getGoodsDetail.do?goodsNo=B000000143306&dispCatNo=1000001000200060003&trackingCd&curation&egcode&rccode&egrankcode,플린,[1+1+1] 플린 어딕션 벨벳 틴트,15900,9800,204 + 205;204 + 206;105 + 202;103 + 101;103 + 102;101 + 102;101시에나 1+1;102원앤온리 1+1;103어게인 1+1;104셀피쉬코랄 1+1;105로즈베일 1+1;106네버마인드 1+1;202파탈 1+1;204프랜치베이지 1+1;205세이예스 1+1;206딥브레스 1+1,"다이메티콘, 다이메티콘/비닐다이메티콘크로스폴리머, 정제수, 부틸렌글라이콜, 아이소도데케인, 폴리글리세릴-2트라이아이소스테아레이트, 폴리메틸실세스퀴옥세인, 세틸피이지/피피지-10/1다이메티콘, 합성플루오르플로고파이트, 폴리메틸메타크릴레이트, 실리카, 사이클로펜타실록세인, 트라이메틸실록시실리케이트, 1,2-헥산다이올, 브이피/헥사데센코폴리머, 솔비탄세스퀴올리에이트, 다이스테아다이모늄헥토라이트, 실리카다이메틸실릴레이트, 팔미틱애씨드, 스테아릭애씨드, 프로필렌카보네이트, 에틸헥실글리세린, 카프릴릭/카프릭트라이글리세라이드, 프로필렌글라이콜, 꿀, 하이드로제네이티드레시틴, 세라마이드엔피, 소듐하이알루로네이트, 적색201호, 적색202호, 적색102호, 황색4호, 벤질벤조에이트, 향료",모든피부용,yun385****,2020.09.09,"색 진짜너무이뻐요 
홈페이지나 유튜브에서 볼때는 되게 누드해보였는데
생각보다 주황빛이 더 들어가있어서 베이스로 발라도 이쁘고 단독으로 발라도 정말 이뻐요!
부드럽게 발리고 고정된 다음엔 묻어남도 별로 없어요
모든 틴트가 그렇겠지만 바른다음에 휴지에 음파음파한다음에 덧바르고 휴지랑 반복하면 밀착도 잘되고 지속력도 오래가요!
그런데 색이 연해서 착색은 거의 없는 것 같아요 참고하세요:)",5,_alchera_none_
14,20221015_060232,립틴트,[1+1+1] 플린 어딕션 벨벳 틴트,https://www.oliveyoung.co.kr/store/goods/getGoodsDetail.do?goodsNo=B000000143306&dispCatNo=1000001000200060003&trackingCd&curation&egcode&rccode&egrankcode,플린,[1+1+1] 플린 어딕션 벨벳 틴트,15900,9800,204 + 205;204 + 206;105 + 202;103 + 101;103 + 102;101 + 102;101시에나 1+1;102원앤온리 1+1;103어게인 1+1;104셀피쉬코랄 1+1;105로즈베일 1+1;106네버마인드 1+1;202파탈 1+1;204프랜치베이지 1+1;205세이예스 1+1;206딥브레스 1+1,"다이메티콘, 다이메티콘/비닐다이메티콘크로스폴리머, 정제수, 부틸렌글라이콜, 아이소도데케인, 폴리글리세릴-2트라이아이소스테아레이트, 폴리메틸실세스퀴옥세인, 세틸피이지/피피지-10/1다이메티콘, 합성플루오르플로고파이트, 폴리메틸메타크릴레이트, 실리카, 사이클로펜타실록세인, 트라이메틸실록시실리케이트, 1,2-헥산다이올, 브이피/헥사데센코폴리머, 솔비탄세스퀴올리에이트, 다이스테아다이모늄헥토라이트, 실리카다이메틸실릴레이트, 팔미틱애씨드, 스테아릭애씨드, 프로필렌카보네이트, 에틸헥실글리세린, 카프릴릭/카프릭트라이글리세라이드, 프로필렌글라이콜, 꿀, 하이드로제네이티드레시틴, 세라마이드엔피, 소듐하이알루로네이트, 적색201호, 적색202호, 적색102호, 황색4호, 벤질벤조에이트, 향료",모든피부용,yun385****,2020.09.09,"진짜 너무 이뻐요 딱 원하던 색이에요!!
가을웜톤 무조건사세요ㅠㅠ
발림성도 좋구 밀착력 지속력 다 굿굿이에요!
사진은 바르자마자 바로 휴지로 지워봤는데 틴트답게 착색이 있어요!그런데 있는 핑크착색이 아니라서 너무좋습니당❤️",5,_alchera_none_
15,20221015_060233,립틴트,[1+1+1] 플린 어딕션 벨벳 틴트,https://www.oliveyoung.co.kr/store/goods/getGoodsDetail.do?goodsNo=B000000143306&dispCatNo=1000001000200060003&trackingCd&curation&egcode&rccode&egrankcode,플린,[1+1+1] 플린 어딕션 벨벳 틴트,15900,9800,204 + 205;204 + 206;105 + 202;103 + 101;103 + 102;101 + 102;101시에나 1+1;102원앤온리 1+1;103어게인 1+1;104셀피쉬코랄 1+1;105로즈베일 1+1;106네버마인드 1+1;202파탈 1+1;204프랜치베이지 1+1;205세이예스 1+1;206딥브레스 1+1,"다이메티콘, 다이메티콘/비닐다이메티콘크로스폴리머, 정제수, 부틸렌글라이콜, 아이소도데케인, 폴리글리세릴-2트라이아이소스테아레이트, 폴리메틸실세스퀴옥세인, 세틸피이지/피피지-10/1다이메티콘, 합성플루오르플로고파이트, 폴리메틸메타크릴레이트, 실리카, 사이클로펜타실록세인, 트라이메틸실록시실리케이트, 1,2-헥산다이올, 브이피/헥사데센코폴리머, 솔비탄세스퀴올리에이트, 다이스테아다이모늄헥토라이트, 실리카다이메틸실릴레이트, 팔미틱애씨드, 스테아릭애씨드, 프로필렌카보네이트, 에틸헥실글리세린, 카프릴릭/카프릭트라이글리세라이드, 프로필렌글라이콜, 꿀, 하이드로제네이티드레시틴, 세라마이드엔피, 소듐하이알루로네이트, 적색201호, 적색202호, 적색102호, 황색4호, 벤질벤조에이트, 향료",모든피부용,suga19****,2022.09.19,친구꺼 써보고 산거라 고민없이 골랐어요 발색 마음에 들고 지속력도 오래 가는편인것 같습니다,5,_alchera_none_
16,20221015_060234,립틴트,[1+1+1] 플린 어딕션 벨벳 틴트,https://www.oliveyoung.co.kr/store/goods/getGoodsDetail.do?goodsNo=B000000143306&dispCatNo=1000001000200060003&trackingCd&curation&egcode&rccode&egrankcode,플린,[1+1+1] 플린 어딕션 벨벳 틴트,15900,9800,204 + 205;204 + 206;105 + 202;103 + 101;103 + 102;101 + 102;101시에나 1+1;102원앤온리 1+1;103어게인 1+1;104셀피쉬코랄 1+1;105로즈베일 1+1;106네버마인드 1+1;202파탈 1+1;204프랜치베이지 1+1;205세이예스 1+1;206딥브레스 1+1,"다이메티콘, 다이메티콘/비닐다이메티콘크로스폴리머, 정제수, 부틸렌글라이콜, 아이소도데케인, 폴리글리세릴-2트라이아이소스테아레이트, 폴리메틸실세스퀴옥세인, 세틸피이지/피피지-10/1다이메티콘, 합성플루오르플로고파이트, 폴리메틸메타크릴레이트, 실리카, 사이클로펜타실록세인, 트라이메틸실록시실리케이트, 1,2-헥산다이올, 브이피/헥사데센코폴리머, 솔비탄세스퀴올리에이트, 다이스테아다이모늄헥토라이트, 실리카다이메틸실릴레이트, 팔미틱애씨드, 스테아릭애씨드, 프로필렌카보네이트, 에틸헥실글리세린, 카프릴릭/카프릭트라이글리세라이드, 프로필렌글라이콜, 꿀, 하이드로제네이티드레시틴, 세라마이드엔피, 소듐하이알루로네이트, 적색201호, 적색202호, 적색102호, 황색4호, 벤질벤조에이트, 향료",모든피부용,rkddmsd****,2020.09.09,연하게 소량 올리구 손으로 잘 펴바른 다음 휴지에 몇번 찍어주는거 두번 반복하면 발색도 이쁘고 지속력도 길어져요. 매트하고 벨벳이라 보들보들하게 착색 잘되네용. 증정으로 온 색도 이뻐서 9월중에 다시 재구매할거 같아요.,5,_alchera_none_
17,20221015_060235,립틴트,[1+1+1] 플린 어딕션 벨벳 틴트,https://www.oliveyoung.co.kr/store/goods/getGoodsDetail.do?goodsNo=B000000143306&dispCatNo=1000001000200060003&trackingCd&curation&egcode&rccode&egrankcode,플린,[1+1+1] 플린 어딕션 벨벳 틴트,15900,9800,204 + 205;204 + 206;105 + 202;103 + 101;103 + 102;101 + 102;101시에나 1+1;102원앤온리 1+1;103어게인 1+1;104셀피쉬코랄 1+1;105로즈베일 1+1;106네버마인드 1+1;202파탈 1+1;204프랜치베이지 1+1;205세이예스 1+1;206딥브레스 1+1,"다이메티콘, 다이메티콘/비닐다이메티콘크로스폴리머, 정제수, 부틸렌글라이콜, 아이소도데케인, 폴리글리세릴-2트라이아이소스테아레이트, 폴리메틸실세스퀴옥세인, 세틸피이지/피피지-10/1다이메티콘, 합성플루오르플로고파이트, 폴리메틸메타크릴레이트, 실리카, 사이클로펜타실록세인, 트라이메틸실록시실리케이트, 1,2-헥산다이올, 브이피/헥사데센코폴리머, 솔비탄세스퀴올리에이트, 다이스테아다이모늄헥토라이트, 실리카다이메틸실릴레이트, 팔미틱애씨드, 스테아릭애씨드, 프로필렌카보네이트, 에틸헥실글리세린, 카프릴릭/카프릭트라이글리세라이드, 프로필렌글라이콜, 꿀, 하이드로제네이티드레시틴, 세라마이드엔피, 소듐하이알루로네이트, 적색201호, 적색202호, 적색102호, 황색4호, 벤질벤조에이트, 향료",모든피부용,mj0****,2021.12.30,204호를 바르면 그 위에 다른 색을 같이 바르기 좋아서 베이스립으로 4통째 쓰고 있어요 보송한 느낌이라 좋아요,5,_alchera_none_
18,20221015_060236,립틴트,[1+1+1] 플린 어딕션 벨벳 틴트,https://www.oliveyoung.co.kr/store/goods/getGoodsDetail.do?goodsNo=B000000143306&dispCatNo=1000001000200060003&trackingCd&curation&egcode&rccode&egrankcode,플린,[1+1+1] 플린 어딕션 벨벳 틴트,15900,9800,204 + 205;204 + 206;105 + 202;103 + 101;103 + 102;101 + 102;101시에나 1+1;102원앤온리 1+1;103어게인 1+1;104셀피쉬코랄 1+1;105로즈베일 1+1;106네버마인드 1+1;202파탈 1+1;204프랜치베이지 1+1;205세이예스 1+1;206딥브레스 1+1,"다이메티콘, 다이메티콘/비닐다이메티콘크로스폴리머, 정제수, 부틸렌글라이콜, 아이소도데케인, 폴리글리세릴-2트라이아이소스테아레이트, 폴리메틸실세스퀴옥세인, 세틸피이지/피피지-10/1다이메티콘, 합성플루오르플로고파이트, 폴리메틸메타크릴레이트, 실리카, 사이클로펜타실록세인, 트라이메틸실록시실리케이트, 1,2-헥산다이올, 브이피/헥사데센코폴리머, 솔비탄세스퀴올리에이트, 다이스테아다이모늄헥토라이트, 실리카다이메틸실릴레이트, 팔미틱애씨드, 스테아릭애씨드, 프로필렌카보네이트, 에틸헥실글리세린, 카프릴릭/카프릭트라이글리세라이드, 프로필렌글라이콜, 꿀, 하이드로제네이티드레시틴, 세라마이드엔피, 소듐하이알루로네이트, 적색201호, 적색202호, 적색102호, 황색4호, 벤질벤조에이트, 향료",모든피부용,llibeauty,2020.12.01,보이는 것보다 매트하고요 컬러는 보이는 그대로에요. 향도 좋아요,5,_alchera_none_
19,20221015_060237,립틴트,[1+1+1] 플린 어딕션 벨벳 틴트,https://www.oliveyoung.co.kr/store/goods/getGoodsDetail.do?goodsNo=B000000143306&dispCatNo=1000001000200060003&trackingCd&curation&egcode&rccode&egrankcode,플린,[1+1+1] 플린 어딕션 벨벳 틴트,15900,9800,204 + 205;204 + 206;105 + 202;103 + 101;103 + 102;101 + 102;101시에나 1+1;102원앤온리 1+1;103어게인 1+1;104셀피쉬코랄 1+1;105로즈베일 1+1;106네버마인드 1+1;202파탈 1+1;204프랜치베이지 1+1;205세이예스 1+1;206딥브레스 1+1,"다이메티콘, 다이메티콘/비닐다이메티콘크로스폴리머, 정제수, 부틸렌글라이콜, 아이소도데케인, 폴리글리세릴-2트라이아이소스테아레이트, 폴리메틸실세스퀴옥세인, 세틸피이지/피피지-10/1다이메티콘, 합성플루오르플로고파이트, 폴리메틸메타크릴레이트, 실리카, 사이클로펜타실록세인, 트라이메틸실록시실리케이트, 1,2-헥산다이올, 브이피/헥사데센코폴리머, 솔비탄세스퀴올리에이트, 다이스테아다이모늄헥토라이트, 실리카다이메틸실릴레이트, 팔미틱애씨드, 스테아릭애씨드, 프로필렌카보네이트, 에틸헥실글리세린, 카프릴릭/카프릭트라이글리세라이드, 프로필렌글라이콜, 꿀, 하이드로제네이티드레시틴, 세라마이드엔피, 소듐하이알루로네이트, 적색201호, 적색202호, 적색102호, 황색4호, 벤질벤조에이트, 향료",모든피부용,lsb****,2020.09.08,"105로즈베일 시켰는데 202파탈이 같이왔어요!! 립 색은 화변 발색이랑 거의 흡사해서 똑같다고 생각하시면 될 것 같아요! 지속력도 꽤오래가고 벨벳이라서 그런지 바고 나면 포슬포슬한 느낌이 듭니다! 
근데 저는 착색이 잘 안된다는 느낌을 받기는 했는데 딱히 신경쓰는 부분은 아니어서 괜찮았지만 다른분들은 어떠실지 모르겠네요!",5,_alchera_none_
20,20221015_060241,립틴트,[1+1+1] 플린 어딕션 벨벳 틴트,https://www.oliveyoung.co.kr/store/goods/getGoodsDetail.do?goodsNo=B000000143306&dispCatNo=1000001000200060003&trackingCd&curation&egcode&rccode&egrankcode,플린,[1+1+1] 플린 어딕션 벨벳 틴트,15900,9800,204 + 205;204 + 206;105 + 202;103 + 101;103 + 102;101 + 102;101시에나 1+1;102원앤온리 1+1;103어게인 1+1;104셀피쉬코랄 1+1;105로즈베일 1+1;106네버마인드 1+1;202파탈 1+1;204프랜치베이지 1+1;205세이예스 1+1;206딥브레스 1+1,"다이메티콘, 다이메티콘/비닐다이메티콘크로스폴리머, 정제수, 부틸렌글라이콜, 아이소도데케인, 폴리글리세릴-2트라이아이소스테아레이트, 폴리메틸실세스퀴옥세인, 세틸피이지/피피지-10/1다이메티콘, 합성플루오르플로고파이트, 폴리메틸메타크릴레이트, 실리카, 사이클로펜타실록세인, 트라이메틸실록시실리케이트, 1,2-헥산다이올, 브이피/헥사데센코폴리머, 솔비탄세스퀴올리에이트, 다이스테아다이모늄헥토라이트, 실리카다이메틸실릴레이트, 팔미틱애씨드, 스테아릭애씨드, 프로필렌카보네이트, 에틸헥실글리세린, 카프릴릭/카프릭트라이글리세라이드, 프로필렌글라이콜, 꿀, 하이드로제네이티드레시틴, 세라마이드엔피, 소듐하이알루로네이트, 적색201호, 적색202호, 적색102호, 황색4호, 벤질벤조에이트, 향료",모든피부용,hh****,2020.09.08,"처음사용해보는데 발색 발림성 모두 좋아요
향도 가볍게 나서 좋네요~
발림성이 매트할줄알았는데 굉장히 부드럽네요
9월안에 또 구매해야겠어요!",5,_alchera_none_
21,20221015_060242,립틴트,[1+1+1] 플린 어딕션 벨벳 틴트,https://www.oliveyoung.co.kr/store/goods/getGoodsDetail.do?goodsNo=B000000143306&dispCatNo=1000001000200060003&trackingCd&curation&egcode&rccode&egrankcode,플린,[1+1+1] 플린 어딕션 벨벳 틴트,15900,9800,204 + 205;204 + 206;105 + 202;103 + 101;103 + 102;101 + 102;101시에나 1+1;102원앤온리 1+1;103어게인 1+1;104셀피쉬코랄 1+1;105로즈베일 1+1;106네버마인드 1+1;202파탈 1+1;204프랜치베이지 1+1;205세이예스 1+1;206딥브레스 1+1,"다이메티콘, 다이메티콘/비닐다이메티콘크로스폴리머, 정제수, 부틸렌글라이콜, 아이소도데케인, 폴리글리세릴-2트라이아이소스테아레이트, 폴리메틸실세스퀴옥세인, 세틸피이지/피피지-10/1다이메티콘, 합성플루오르플로고파이트, 폴리메틸메타크릴레이트, 실리카, 사이클로펜타실록세인, 트라이메틸실록시실리케이트, 1,2-헥산다이올, 브이피/헥사데센코폴리머, 솔비탄세스퀴올리에이트, 다이스테아다이모늄헥토라이트, 실리카다이메틸실릴레이트, 팔미틱애씨드, 스테아릭애씨드, 프로필렌카보네이트, 에틸헥실글리세린, 카프릴릭/카프릭트라이글리세라이드, 프로필렌글라이콜, 꿀, 하이드로제네이티드레시틴, 세라마이드엔피, 소듐하이알루로네이트, 적색201호, 적색202호, 적색102호, 황색4호, 벤질벤조에이트, 향료",모든피부용,bala****,2020.11.18,착색도 이쁘게되고 틴트 자체가 이쁘게 생겼는데 색상도 이뻐요 세상 플린이 짱입니다 다 모으고싶어요,5,_alchera_none_
22,20221015_060243,립틴트,[1+1+1] 플린 어딕션 벨벳 틴트,https://www.oliveyoung.co.kr/store/goods/getGoodsDetail.do?goodsNo=B000000143306&dispCatNo=1000001000200060003&trackingCd&curation&egcode&rccode&egrankcode,플린,[1+1+1] 플린 어딕션 벨벳 틴트,15900,9800,204 + 205;204 + 206;105 + 202;103 + 101;103 + 102;101 + 102;101시에나 1+1;102원앤온리 1+1;103어게인 1+1;104셀피쉬코랄 1+1;105로즈베일 1+1;106네버마인드 1+1;202파탈 1+1;204프랜치베이지 1+1;205세이예스 1+1;206딥브레스 1+1,"다이메티콘, 다이메티콘/비닐다이메티콘크로스폴리머, 정제수, 부틸렌글라이콜, 아이소도데케인, 폴리글리세릴-2트라이아이소스테아레이트, 폴리메틸실세스퀴옥세인, 세틸피이지/피피지-10/1다이메티콘, 합성플루오르플로고파이트, 폴리메틸메타크릴레이트, 실리카, 사이클로펜타실록세인, 트라이메틸실록시실리케이트, 1,2-헥산다이올, 브이피/헥사데센코폴리머, 솔비탄세스퀴올리에이트, 다이스테아다이모늄헥토라이트, 실리카다이메틸실릴레이트, 팔미틱애씨드, 스테아릭애씨드, 프로필렌카보네이트, 에틸헥실글리세린, 카프릴릭/카프릭트라이글리세라이드, 프로필렌글라이콜, 꿀, 하이드로제네이티드레시틴, 세라마이드엔피, 소듐하이알루로네이트, 적색201호, 적색202호, 적색102호, 황색4호, 벤질벤조에이트, 향료",모든피부용,taeye****,2020.11.06,좀 아쉬워요 보송봉송할 줄 알았고 웜 베이지라고 생각했는데  잿빛 돌고..좀 아쉬워요 제형이 좀 기름진 느낌도 없지않아 있고... 근데 또 그게 날라가면서 되게 매트해져요 ㅋㅋㅋㅋ,3,_alchera_none_
23,20221015_060244,립틴트,[1+1+1] 플린 어딕션 벨벳 틴트,https://www.oliveyoung.co.kr/store/goods/getGoodsDetail.do?goodsNo=B000000143306&dispCatNo=1000001000200060003&trackingCd&curation&egcode&rccode&egrankcode,플린,[1+1+1] 플린 어딕션 벨벳 틴트,15900,9800,204 + 205;204 + 206;105 + 202;103 + 101;103 + 102;101 + 102;101시에나 1+1;102원앤온리 1+1;103어게인 1+1;104셀피쉬코랄 1+1;105로즈베일 1+1;106네버마인드 1+1;202파탈 1+1;204프랜치베이지 1+1;205세이예스 1+1;206딥브레스 1+1,"다이메티콘, 다이메티콘/비닐다이메티콘크로스폴리머, 정제수, 부틸렌글라이콜, 아이소도데케인, 폴리글리세릴-2트라이아이소스테아레이트, 폴리메틸실세스퀴옥세인, 세틸피이지/피피지-10/1다이메티콘, 합성플루오르플로고파이트, 폴리메틸메타크릴레이트, 실리카, 사이클로펜타실록세인, 트라이메틸실록시실리케이트, 1,2-헥산다이올, 브이피/헥사데센코폴리머, 솔비탄세스퀴올리에이트, 다이스테아다이모늄헥토라이트, 실리카다이메틸실릴레이트, 팔미틱애씨드, 스테아릭애씨드, 프로필렌카보네이트, 에틸헥실글리세린, 카프릴릭/카프릭트라이글리세라이드, 프로필렌글라이콜, 꿀, 하이드로제네이티드레시틴, 세라마이드엔피, 소듐하이알루로네이트, 적색201호, 적색202호, 적색102호, 황색4호, 벤질벤조에이트, 향료",모든피부용,dudtls****,2020.10.07,"색 너무 맘에 들고, 발림성도 처음 접해보는 그런 느낌...? 암튼 최고. 하나 더 살 예정 :)",5,_alchera_none_
24,20221015_060245,립틴트,[1+1+1] 플린 어딕션 벨벳 틴트,https://www.oliveyoung.co.kr/store/goods/getGoodsDetail.do?goodsNo=B000000143306&dispCatNo=1000001000200060003&trackingCd&curation&egcode&rccode&egrankcode,플린,[1+1+1] 플린 어딕션 벨벳 틴트,15900,9800,204 + 205;204 + 206;105 + 202;103 + 101;103 + 102;101 + 102;101시에나 1+1;102원앤온리 1+1;103어게인 1+1;104셀피쉬코랄 1+1;105로즈베일 1+1;106네버마인드 1+1;202파탈 1+1;204프랜치베이지 1+1;205세이예스 1+1;206딥브레스 1+1,"다이메티콘, 다이메티콘/비닐다이메티콘크로스폴리머, 정제수, 부틸렌글라이콜, 아이소도데케인, 폴리글리세릴-2트라이아이소스테아레이트, 폴리메틸실세스퀴옥세인, 세틸피이지/피피지-10/1다이메티콘, 합성플루오르플로고파이트, 폴리메틸메타크릴레이트, 실리카, 사이클로펜타실록세인, 트라이메틸실록시실리케이트, 1,2-헥산다이올, 브이피/헥사데센코폴리머, 솔비탄세스퀴올리에이트, 다이스테아다이모늄헥토라이트, 실리카다이메틸실릴레이트, 팔미틱애씨드, 스테아릭애씨드, 프로필렌카보네이트, 에틸헥실글리세린, 카프릴릭/카프릭트라이글리세라이드, 프로필렌글라이콜, 꿀, 하이드로제네이티드레시틴, 세라마이드엔피, 소듐하이알루로네이트, 적색201호, 적색202호, 적색102호, 황색4호, 벤질벤조에이트, 향료",모든피부용,hobbang****,2020.09.24,"플린 넘 좋아요~~~발림과 지속력 다 넘 좋아요~~^^202있어서 다른색 구입했는데 201이 왔어요~랜덤 색상이~ㅋㅋㅋ그래두 좋아요~~~
묻어나기는 하지만 많이 묻어나지 않아서 좋아요~
다른 틴트처럼 막 벗겨지지도 않아서 좋아요~^^",5,_alchera_none_
25,20221015_060247,립틴트,[1+1+1] 플린 어딕션 벨벳 틴트,https://www.oliveyoung.co.kr/store/goods/getGoodsDetail.do?goodsNo=B000000143306&dispCatNo=1000001000200060003&trackingCd&curation&egcode&rccode&egrankcode,플린,[1+1+1] 플린 어딕션 벨벳 틴트,15900,9800,204 + 205;204 + 206;105 + 202;103 + 101;103 + 102;101 + 102;101시에나 1+1;102원앤온리 1+1;103어게인 1+1;104셀피쉬코랄 1+1;105로즈베일 1+1;106네버마인드 1+1;202파탈 1+1;204프랜치베이지 1+1;205세이예스 1+1;206딥브레스 1+1,"다이메티콘, 다이메티콘/비닐다이메티콘크로스폴리머, 정제수, 부틸렌글라이콜, 아이소도데케인, 폴리글리세릴-2트라이아이소스테아레이트, 폴리메틸실세스퀴옥세인, 세틸피이지/피피지-10/1다이메티콘, 합성플루오르플로고파이트, 폴리메틸메타크릴레이트, 실리카, 사이클로펜타실록세인, 트라이메틸실록시실리케이트, 1,2-헥산다이올, 브이피/헥사데센코폴리머, 솔비탄세스퀴올리에이트, 다이스테아다이모늄헥토라이트, 실리카다이메틸실릴레이트, 팔미틱애씨드, 스테아릭애씨드, 프로필렌카보네이트, 에틸헥실글리세린, 카프릴릭/카프릭트라이글리세라이드, 프로필렌글라이콜, 꿀, 하이드로제네이티드레시틴, 세라마이드엔피, 소듐하이알루로네이트, 적색201호, 적색202호, 적색102호, 황색4호, 벤질벤조에이트, 향료",모든피부용,하이뚜니,2020.09.20,원플원 할때 주문했는데 색상 둘다 마음에 들어요! 벨벳느낌이구 케이스도 넘이쁘다는,5,_alchera_none_
26,20221015_060248,립틴트,[1+1+1] 플린 어딕션 벨벳 틴트,https://www.oliveyoung.co.kr/store/goods/getGoodsDetail.do?goodsNo=B000000143306&dispCatNo=1000001000200060003&trackingCd&curation&egcode&rccode&egrankcode,플린,[1+1+1] 플린 어딕션 벨벳 틴트,15900,9800,204 + 205;204 + 206;105 + 202;103 + 101;103 + 102;101 + 102;101시에나 1+1;102원앤온리 1+1;103어게인 1+1;104셀피쉬코랄 1+1;105로즈베일 1+1;106네버마인드 1+1;202파탈 1+1;204프랜치베이지 1+1;205세이예스 1+1;206딥브레스 1+1,"다이메티콘, 다이메티콘/비닐다이메티콘크로스폴리머, 정제수, 부틸렌글라이콜, 아이소도데케인, 폴리글리세릴-2트라이아이소스테아레이트, 폴리메틸실세스퀴옥세인, 세틸피이지/피피지-10/1다이메티콘, 합성플루오르플로고파이트, 폴리메틸메타크릴레이트, 실리카, 사이클로펜타실록세인, 트라이메틸실록시실리케이트, 1,2-헥산다이올, 브이피/헥사데센코폴리머, 솔비탄세스퀴올리에이트, 다이스테아다이모늄헥토라이트, 실리카다이메틸실릴레이트, 팔미틱애씨드, 스테아릭애씨드, 프로필렌카보네이트, 에틸헥실글리세린, 카프릴릭/카프릭트라이글리세라이드, 프로필렌글라이콜, 꿀, 하이드로제네이티드레시틴, 세라마이드엔피, 소듐하이알루로네이트, 적색201호, 적색202호, 적색102호, 황색4호, 벤질벤조에이트, 향료",모든피부용,yyi0****,2021.02.05,매장에서 못사서 맨날 배달시키네용 너무 만족합니당,5,_alchera_none_
27,20221015_060249,립틴트,[1+1+1] 플린 어딕션 벨벳 틴트,https://www.oliveyoung.co.kr/store/goods/getGoodsDetail.do?goodsNo=B000000143306&dispCatNo=1000001000200060003&trackingCd&curation&egcode&rccode&egrankcode,플린,[1+1+1] 플린 어딕션 벨벳 틴트,15900,9800,204 + 205;204 + 206;105 + 202;103 + 101;103 + 102;101 + 102;101시에나 1+1;102원앤온리 1+1;103어게인 1+1;104셀피쉬코랄 1+1;105로즈베일 1+1;106네버마인드 1+1;202파탈 1+1;204프랜치베이지 1+1;205세이예스 1+1;206딥브레스 1+1,"다이메티콘, 다이메티콘/비닐다이메티콘크로스폴리머, 정제수, 부틸렌글라이콜, 아이소도데케인, 폴리글리세릴-2트라이아이소스테아레이트, 폴리메틸실세스퀴옥세인, 세틸피이지/피피지-10/1다이메티콘, 합성플루오르플로고파이트, 폴리메틸메타크릴레이트, 실리카, 사이클로펜타실록세인, 트라이메틸실록시실리케이트, 1,2-헥산다이올, 브이피/헥사데센코폴리머, 솔비탄세스퀴올리에이트, 다이스테아다이모늄헥토라이트, 실리카다이메틸실릴레이트, 팔미틱애씨드, 스테아릭애씨드, 프로필렌카보네이트, 에틸헥실글리세린, 카프릴릭/카프릭트라이글리세라이드, 프로필렌글라이콜, 꿀, 하이드로제네이티드레시틴, 세라마이드엔피, 소듐하이알루로네이트, 적색201호, 적색202호, 적색102호, 황색4호, 벤질벤조에이트, 향료",모든피부용,jom****,2020.12.10,"인생 틴트라고 해도 될정도로 너무 좋은 매트 틴트고, 디자인도 너무 이뻐요❤",5,_alchera_none_
28,20221015_060250,립틴트,[1+1+1] 플린 어딕션 벨벳 틴트,https://www.oliveyoung.co.kr/store/goods/getGoodsDetail.do?goodsNo=B000000143306&dispCatNo=1000001000200060003&trackingCd&curation&egcode&rccode&egrankcode,플린,[1+1+1] 플린 어딕션 벨벳 틴트,15900,9800,204 + 205;204 + 206;105 + 202;103 + 101;103 + 102;101 + 102;101시에나 1+1;102원앤온리 1+1;103어게인 1+1;104셀피쉬코랄 1+1;105로즈베일 1+1;106네버마인드 1+1;202파탈 1+1;204프랜치베이지 1+1;205세이예스 1+1;206딥브레스 1+1,"다이메티콘, 다이메티콘/비닐다이메티콘크로스폴리머, 정제수, 부틸렌글라이콜, 아이소도데케인, 폴리글리세릴-2트라이아이소스테아레이트, 폴리메틸실세스퀴옥세인, 세틸피이지/피피지-10/1다이메티콘, 합성플루오르플로고파이트, 폴리메틸메타크릴레이트, 실리카, 사이클로펜타실록세인, 트라이메틸실록시실리케이트, 1,2-헥산다이올, 브이피/헥사데센코폴리머, 솔비탄세스퀴올리에이트, 다이스테아다이모늄헥토라이트, 실리카다이메틸실릴레이트, 팔미틱애씨드, 스테아릭애씨드, 프로필렌카보네이트, 에틸헥실글리세린, 카프릴릭/카프릭트라이글리세라이드, 프로필렌글라이콜, 꿀, 하이드로제네이티드레시틴, 세라마이드엔피, 소듐하이알루로네이트, 적색201호, 적색202호, 적색102호, 황색4호, 벤질벤조에이트, 향료",모든피부용,tlaekwjd****,2020.11.15,생각보다 그렇게 오래가는건 아니였어요!! 원플원이라 같이 온 색상은 잘 안어울려서 못썼어요!!,5,_alchera_none_
29,20221015_060251,립틴트,[1+1+1] 플린 어딕션 벨벳 틴트,https://www.oliveyoung.co.kr/store/goods/getGoodsDetail.do?goodsNo=B000000143306&dispCatNo=1000001000200060003&trackingCd&curation&egcode&rccode&egrankcode,플린,[1+1+1] 플린 어딕션 벨벳 틴트,15900,9800,204 + 205;204 + 206;105 + 202;103 + 101;103 + 102;101 + 102;101시에나 1+1;102원앤온리 1+1;103어게인 1+1;104셀피쉬코랄 1+1;105로즈베일 1+1;106네버마인드 1+1;202파탈 1+1;204프랜치베이지 1+1;205세이예스 1+1;206딥브레스 1+1,"다이메티콘, 다이메티콘/비닐다이메티콘크로스폴리머, 정제수, 부틸렌글라이콜, 아이소도데케인, 폴리글리세릴-2트라이아이소스테아레이트, 폴리메틸실세스퀴옥세인, 세틸피이지/피피지-10/1다이메티콘, 합성플루오르플로고파이트, 폴리메틸메타크릴레이트, 실리카, 사이클로펜타실록세인, 트라이메틸실록시실리케이트, 1,2-헥산다이올, 브이피/헥사데센코폴리머, 솔비탄세스퀴올리에이트, 다이스테아다이모늄헥토라이트, 실리카다이메틸실릴레이트, 팔미틱애씨드, 스테아릭애씨드, 프로필렌카보네이트, 에틸헥실글리세린, 카프릴릭/카프릭트라이글리세라이드, 프로필렌글라이콜, 꿀, 하이드로제네이티드레시틴, 세라마이드엔피, 소듐하이알루로네이트, 적색201호, 적색202호, 적색102호, 황색4호, 벤질벤조에이트, 향료",모든피부용,fc****,2020.11.08,"내가 선택한 색보다 랜덤으로 온게 더 색이 이쁘더라구여,,
오히려 랜덤색상이 나한테 착붙...
그래서 넘 좋았어여 ㅎㅎㅎ",5,_alchera_none_
30,20221015_060254,립틴트,[1+1+1] 플린 어딕션 벨벳 틴트,https://www.oliveyoung.co.kr/store/goods/getGoodsDetail.do?goodsNo=B000000143306&dispCatNo=1000001000200060003&trackingCd&curation&egcode&rccode&egrankcode,플린,[1+1+1] 플린 어딕션 벨벳 틴트,15900,9800,204 + 205;204 + 206;105 + 202;103 + 101;103 + 102;101 + 102;101시에나 1+1;102원앤온리 1+1;103어게인 1+1;104셀피쉬코랄 1+1;105로즈베일 1+1;106네버마인드 1+1;202파탈 1+1;204프랜치베이지 1+1;205세이예스 1+1;206딥브레스 1+1,"다이메티콘, 다이메티콘/비닐다이메티콘크로스폴리머, 정제수, 부틸렌글라이콜, 아이소도데케인, 폴리글리세릴-2트라이아이소스테아레이트, 폴리메틸실세스퀴옥세인, 세틸피이지/피피지-10/1다이메티콘, 합성플루오르플로고파이트, 폴리메틸메타크릴레이트, 실리카, 사이클로펜타실록세인, 트라이메틸실록시실리케이트, 1,2-헥산다이올, 브이피/헥사데센코폴리머, 솔비탄세스퀴올리에이트, 다이스테아다이모늄헥토라이트, 실리카다이메틸실릴레이트, 팔미틱애씨드, 스테아릭애씨드, 프로필렌카보네이트, 에틸헥실글리세린, 카프릴릭/카프릭트라이글리세라이드, 프로필렌글라이콜, 꿀, 하이드로제네이티드레시틴, 세라마이드엔피, 소듐하이알루로네이트, 적색201호, 적색202호, 적색102호, 황색4호, 벤질벤조에이트, 향료",모든피부용,jjonju****,2020.10.21,"아주소량만 발라도 쨍~~~하게 진하게 발려요
각질부각은없지만 소량만바르다보니 다바르기전에 마르는 느낌이 있어요~~  시간이지나면  뭉침? 약간그런현상이 있네요",4,_alchera_none_
31,20221015_060256,립틴트,[1+1+1] 플린 어딕션 벨벳 틴트,https://www.oliveyoung.co.kr/store/goods/getGoodsDetail.do?goodsNo=B000000143306&dispCatNo=1000001000200060003&trackingCd&curation&egcode&rccode&egrankcode,플린,[1+1+1] 플린 어딕션 벨벳 틴트,15900,9800,204 + 205;204 + 206;105 + 202;103 + 101;103 + 102;101 + 102;101시에나 1+1;102원앤온리 1+1;103어게인 1+1;104셀피쉬코랄 1+1;105로즈베일 1+1;106네버마인드 1+1;202파탈 1+1;204프랜치베이지 1+1;205세이예스 1+1;206딥브레스 1+1,"다이메티콘, 다이메티콘/비닐다이메티콘크로스폴리머, 정제수, 부틸렌글라이콜, 아이소도데케인, 폴리글리세릴-2트라이아이소스테아레이트, 폴리메틸실세스퀴옥세인, 세틸피이지/피피지-10/1다이메티콘, 합성플루오르플로고파이트, 폴리메틸메타크릴레이트, 실리카, 사이클로펜타실록세인, 트라이메틸실록시실리케이트, 1,2-헥산다이올, 브이피/헥사데센코폴리머, 솔비탄세스퀴올리에이트, 다이스테아다이모늄헥토라이트, 실리카다이메틸실릴레이트, 팔미틱애씨드, 스테아릭애씨드, 프로필렌카보네이트, 에틸헥실글리세린, 카프릴릭/카프릭트라이글리세라이드, 프로필렌글라이콜, 꿀, 하이드로제네이티드레시틴, 세라마이드엔피, 소듐하이알루로네이트, 적색201호, 적색202호, 적색102호, 황색4호, 벤질벤조에이트, 향료",모든피부용,choigahy****,2020.10.15,향이 좋고 양도 만족하는데 왜 아예 다른 색깔 보내주신 거예요ㅠㅠㅠ 쓰질 못하겠어서 엄마 주려구요ㅠㅠ 너무 뻑뻑해서 잘 안 발리고 바르기 전에 립밤 필수입니다,4,_alchera_none_
32,20221015_060257,립틴트,[1+1+1] 플린 어딕션 벨벳 틴트,https://www.oliveyoung.co.kr/store/goods/getGoodsDetail.do?goodsNo=B000000143306&dispCatNo=1000001000200060003&trackingCd&curation&egcode&rccode&egrankcode,플린,[1+1+1] 플린 어딕션 벨벳 틴트,15900,9800,204 + 205;204 + 206;105 + 202;103 + 101;103 + 102;101 + 102;101시에나 1+1;102원앤온리 1+1;103어게인 1+1;104셀피쉬코랄 1+1;105로즈베일 1+1;106네버마인드 1+1;202파탈 1+1;204프랜치베이지 1+1;205세이예스 1+1;206딥브레스 1+1,"다이메티콘, 다이메티콘/비닐다이메티콘크로스폴리머, 정제수, 부틸렌글라이콜, 아이소도데케인, 폴리글리세릴-2트라이아이소스테아레이트, 폴리메틸실세스퀴옥세인, 세틸피이지/피피지-10/1다이메티콘, 합성플루오르플로고파이트, 폴리메틸메타크릴레이트, 실리카, 사이클로펜타실록세인, 트라이메틸실록시실리케이트, 1,2-헥산다이올, 브이피/헥사데센코폴리머, 솔비탄세스퀴올리에이트, 다이스테아다이모늄헥토라이트, 실리카다이메틸실릴레이트, 팔미틱애씨드, 스테아릭애씨드, 프로필렌카보네이트, 에틸헥실글리세린, 카프릴릭/카프릭트라이글리세라이드, 프로필렌글라이콜, 꿀, 하이드로제네이티드레시틴, 세라마이드엔피, 소듐하이알루로네이트, 적색201호, 적색202호, 적색102호, 황색4호, 벤질벤조에이트, 향료",모든피부용,ham****,2020.09.11,일단 이 제품을 너무 좋아해서 하나씩 모으고 있는데 진짜 좋아요 향도 좋고 발림성도 좋어서 매일매일 쓰고 있어용,5,_alchera_none_
33,20221015_060258,립틴트,[1+1+1] 플린 어딕션 벨벳 틴트,https://www.oliveyoung.co.kr/store/goods/getGoodsDetail.do?goodsNo=B000000143306&dispCatNo=1000001000200060003&trackingCd&curation&egcode&rccode&egrankcode,플린,[1+1+1] 플린 어딕션 벨벳 틴트,15900,9800,204 + 205;204 + 206;105 + 202;103 + 101;103 + 102;101 + 102;101시에나 1+1;102원앤온리 1+1;103어게인 1+1;104셀피쉬코랄 1+1;105로즈베일 1+1;106네버마인드 1+1;202파탈 1+1;204프랜치베이지 1+1;205세이예스 1+1;206딥브레스 1+1,"다이메티콘, 다이메티콘/비닐다이메티콘크로스폴리머, 정제수, 부틸렌글라이콜, 아이소도데케인, 폴리글리세릴-2트라이아이소스테아레이트, 폴리메틸실세스퀴옥세인, 세틸피이지/피피지-10/1다이메티콘, 합성플루오르플로고파이트, 폴리메틸메타크릴레이트, 실리카, 사이클로펜타실록세인, 트라이메틸실록시실리케이트, 1,2-헥산다이올, 브이피/헥사데센코폴리머, 솔비탄세스퀴올리에이트, 다이스테아다이모늄헥토라이트, 실리카다이메틸실릴레이트, 팔미틱애씨드, 스테아릭애씨드, 프로필렌카보네이트, 에틸헥실글리세린, 카프릴릭/카프릭트라이글리세라이드, 프로필렌글라이콜, 꿀, 하이드로제네이티드레시틴, 세라마이드엔피, 소듐하이알루로네이트, 적색201호, 적색202호, 적색102호, 황색4호, 벤질벤조에이트, 향료",모든피부용,lh****,2020.09.08,"색깔도 예쁘고 지속력도 좋고~
부드럽게 발리며 너무 좋으네요~",5,_alchera_none_
34,20221015_060259,립틴트,[1+1+1] 플린 어딕션 벨벳 틴트,https://www.oliveyoung.co.kr/store/goods/getGoodsDetail.do?goodsNo=B000000143306&dispCatNo=1000001000200060003&trackingCd&curation&egcode&rccode&egrankcode,플린,[1+1+1] 플린 어딕션 벨벳 틴트,15900,9800,204 + 205;204 + 206;105 + 202;103 + 101;103 + 102;101 + 102;101시에나 1+1;102원앤온리 1+1;103어게인 1+1;104셀피쉬코랄 1+1;105로즈베일 1+1;106네버마인드 1+1;202파탈 1+1;204프랜치베이지 1+1;205세이예스 1+1;206딥브레스 1+1,"다이메티콘, 다이메티콘/비닐다이메티콘크로스폴리머, 정제수, 부틸렌글라이콜, 아이소도데케인, 폴리글리세릴-2트라이아이소스테아레이트, 폴리메틸실세스퀴옥세인, 세틸피이지/피피지-10/1다이메티콘, 합성플루오르플로고파이트, 폴리메틸메타크릴레이트, 실리카, 사이클로펜타실록세인, 트라이메틸실록시실리케이트, 1,2-헥산다이올, 브이피/헥사데센코폴리머, 솔비탄세스퀴올리에이트, 다이스테아다이모늄헥토라이트, 실리카다이메틸실릴레이트, 팔미틱애씨드, 스테아릭애씨드, 프로필렌카보네이트, 에틸헥실글리세린, 카프릴릭/카프릭트라이글리세라이드, 프로필렌글라이콜, 꿀, 하이드로제네이티드레시틴, 세라마이드엔피, 소듐하이알루로네이트, 적색201호, 적색202호, 적색102호, 황색4호, 벤질벤조에이트, 향료",모든피부용,ringri****,2021.03.10,정말 예쁘네용 가성비도 좋구요^^같이온 랜덤 색상도 넘나 예뻐용~~~,5,_alchera_none_
35,20221015_060300,립틴트,[1+1+1] 플린 어딕션 벨벳 틴트,https://www.oliveyoung.co.kr/store/goods/getGoodsDetail.do?goodsNo=B000000143306&dispCatNo=1000001000200060003&trackingCd&curation&egcode&rccode&egrankcode,플린,[1+1+1] 플린 어딕션 벨벳 틴트,15900,9800,204 + 205;204 + 206;105 + 202;103 + 101;103 + 102;101 + 102;101시에나 1+1;102원앤온리 1+1;103어게인 1+1;104셀피쉬코랄 1+1;105로즈베일 1+1;106네버마인드 1+1;202파탈 1+1;204프랜치베이지 1+1;205세이예스 1+1;206딥브레스 1+1,"다이메티콘, 다이메티콘/비닐다이메티콘크로스폴리머, 정제수, 부틸렌글라이콜, 아이소도데케인, 폴리글리세릴-2트라이아이소스테아레이트, 폴리메틸실세스퀴옥세인, 세틸피이지/피피지-10/1다이메티콘, 합성플루오르플로고파이트, 폴리메틸메타크릴레이트, 실리카, 사이클로펜타실록세인, 트라이메틸실록시실리케이트, 1,2-헥산다이올, 브이피/헥사데센코폴리머, 솔비탄세스퀴올리에이트, 다이스테아다이모늄헥토라이트, 실리카다이메틸실릴레이트, 팔미틱애씨드, 스테아릭애씨드, 프로필렌카보네이트, 에틸헥실글리세린, 카프릴릭/카프릭트라이글리세라이드, 프로필렌글라이콜, 꿀, 하이드로제네이티드레시틴, 세라마이드엔피, 소듐하이알루로네이트, 적색201호, 적색202호, 적색102호, 황색4호, 벤질벤조에이트, 향료",모든피부용,yyi0****,2021.02.05,모던시크 샀는데 잃어버리고 로즈 티남았어요...그래도 만족,5,_alchera_none_
36,20221015_060301,립틴트,[1+1+1] 플린 어딕션 벨벳 틴트,https://www.oliveyoung.co.kr/store/goods/getGoodsDetail.do?goodsNo=B000000143306&dispCatNo=1000001000200060003&trackingCd&curation&egcode&rccode&egrankcode,플린,[1+1+1] 플린 어딕션 벨벳 틴트,15900,9800,204 + 205;204 + 206;105 + 202;103 + 101;103 + 102;101 + 102;101시에나 1+1;102원앤온리 1+1;103어게인 1+1;104셀피쉬코랄 1+1;105로즈베일 1+1;106네버마인드 1+1;202파탈 1+1;204프랜치베이지 1+1;205세이예스 1+1;206딥브레스 1+1,"다이메티콘, 다이메티콘/비닐다이메티콘크로스폴리머, 정제수, 부틸렌글라이콜, 아이소도데케인, 폴리글리세릴-2트라이아이소스테아레이트, 폴리메틸실세스퀴옥세인, 세틸피이지/피피지-10/1다이메티콘, 합성플루오르플로고파이트, 폴리메틸메타크릴레이트, 실리카, 사이클로펜타실록세인, 트라이메틸실록시실리케이트, 1,2-헥산다이올, 브이피/헥사데센코폴리머, 솔비탄세스퀴올리에이트, 다이스테아다이모늄헥토라이트, 실리카다이메틸실릴레이트, 팔미틱애씨드, 스테아릭애씨드, 프로필렌카보네이트, 에틸헥실글리세린, 카프릴릭/카프릭트라이글리세라이드, 프로필렌글라이콜, 꿀, 하이드로제네이티드레시틴, 세라마이드엔피, 소듐하이알루로네이트, 적색201호, 적색202호, 적색102호, 황색4호, 벤질벤조에이트, 향료",모든피부용,sjm****,2020.11.03,세개를 받았는데 매트한 것도 있고 약간 번들거리는 것도 있는데 색상은 예쁨,5,_alchera_none_
37,20221015_060302,립틴트,[1+1+1] 플린 어딕션 벨벳 틴트,https://www.oliveyoung.co.kr/store/goods/getGoodsDetail.do?goodsNo=B000000143306&dispCatNo=1000001000200060003&trackingCd&curation&egcode&rccode&egrankcode,플린,[1+1+1] 플린 어딕션 벨벳 틴트,15900,9800,204 + 205;204 + 206;105 + 202;103 + 101;103 + 102;101 + 102;101시에나 1+1;102원앤온리 1+1;103어게인 1+1;104셀피쉬코랄 1+1;105로즈베일 1+1;106네버마인드 1+1;202파탈 1+1;204프랜치베이지 1+1;205세이예스 1+1;206딥브레스 1+1,"다이메티콘, 다이메티콘/비닐다이메티콘크로스폴리머, 정제수, 부틸렌글라이콜, 아이소도데케인, 폴리글리세릴-2트라이아이소스테아레이트, 폴리메틸실세스퀴옥세인, 세틸피이지/피피지-10/1다이메티콘, 합성플루오르플로고파이트, 폴리메틸메타크릴레이트, 실리카, 사이클로펜타실록세인, 트라이메틸실록시실리케이트, 1,2-헥산다이올, 브이피/헥사데센코폴리머, 솔비탄세스퀴올리에이트, 다이스테아다이모늄헥토라이트, 실리카다이메틸실릴레이트, 팔미틱애씨드, 스테아릭애씨드, 프로필렌카보네이트, 에틸헥실글리세린, 카프릴릭/카프릭트라이글리세라이드, 프로필렌글라이콜, 꿀, 하이드로제네이티드레시틴, 세라마이드엔피, 소듐하이알루로네이트, 적색201호, 적색202호, 적색102호, 황색4호, 벤질벤조에이트, 향료",모든피부용,eh****,2020.10.09,좀 매트하고 지속력이 아쉬워요 색상은 화면 색상과 비슷해요,4,_alchera_none_
38,20221015_060303,립틴트,[1+1+1] 플린 어딕션 벨벳 틴트,https://www.oliveyoung.co.kr/store/goods/getGoodsDetail.do?goodsNo=B000000143306&dispCatNo=1000001000200060003&trackingCd&curation&egcode&rccode&egrankcode,플린,[1+1+1] 플린 어딕션 벨벳 틴트,15900,9800,204 + 205;204 + 206;105 + 202;103 + 101;103 + 102;101 + 102;101시에나 1+1;102원앤온리 1+1;103어게인 1+1;104셀피쉬코랄 1+1;105로즈베일 1+1;106네버마인드 1+1;202파탈 1+1;204프랜치베이지 1+1;205세이예스 1+1;206딥브레스 1+1,"다이메티콘, 다이메티콘/비닐다이메티콘크로스폴리머, 정제수, 부틸렌글라이콜, 아이소도데케인, 폴리글리세릴-2트라이아이소스테아레이트, 폴리메틸실세스퀴옥세인, 세틸피이지/피피지-10/1다이메티콘, 합성플루오르플로고파이트, 폴리메틸메타크릴레이트, 실리카, 사이클로펜타실록세인, 트라이메틸실록시실리케이트, 1,2-헥산다이올, 브이피/헥사데센코폴리머, 솔비탄세스퀴올리에이트, 다이스테아다이모늄헥토라이트, 실리카다이메틸실릴레이트, 팔미틱애씨드, 스테아릭애씨드, 프로필렌카보네이트, 에틸헥실글리세린, 카프릴릭/카프릭트라이글리세라이드, 프로필렌글라이콜, 꿀, 하이드로제네이티드레시틴, 세라마이드엔피, 소듐하이알루로네이트, 적색201호, 적색202호, 적색102호, 황색4호, 벤질벤조에이트, 향료",모든피부용,kittyd****,2020.10.02,지속력이 별로에요 생각보다 묻어남은 있어요 아쉬워요,3,_alchera_none_
39,20221015_060305,립틴트,[1+1+1] 플린 어딕션 벨벳 틴트,https://www.oliveyoung.co.kr/store/goods/getGoodsDetail.do?goodsNo=B000000143306&dispCatNo=1000001000200060003&trackingCd&curation&egcode&rccode&egrankcode,플린,[1+1+1] 플린 어딕션 벨벳 틴트,15900,9800,204 + 205;204 + 206;105 + 202;103 + 101;103 + 102;101 + 102;101시에나 1+1;102원앤온리 1+1;103어게인 1+1;104셀피쉬코랄 1+1;105로즈베일 1+1;106네버마인드 1+1;202파탈 1+1;204프랜치베이지 1+1;205세이예스 1+1;206딥브레스 1+1,"다이메티콘, 다이메티콘/비닐다이메티콘크로스폴리머, 정제수, 부틸렌글라이콜, 아이소도데케인, 폴리글리세릴-2트라이아이소스테아레이트, 폴리메틸실세스퀴옥세인, 세틸피이지/피피지-10/1다이메티콘, 합성플루오르플로고파이트, 폴리메틸메타크릴레이트, 실리카, 사이클로펜타실록세인, 트라이메틸실록시실리케이트, 1,2-헥산다이올, 브이피/헥사데센코폴리머, 솔비탄세스퀴올리에이트, 다이스테아다이모늄헥토라이트, 실리카다이메틸실릴레이트, 팔미틱애씨드, 스테아릭애씨드, 프로필렌카보네이트, 에틸헥실글리세린, 카프릴릭/카프릭트라이글리세라이드, 프로필렌글라이콜, 꿀, 하이드로제네이티드레시틴, 세라마이드엔피, 소듐하이알루로네이트, 적색201호, 적색202호, 적색102호, 황색4호, 벤질벤조에이트, 향료",모든피부용,choimy****,2020.09.08,저는 입술이 건성인데 각질도 잘 일어나는데 이거는 너무 저한테는 좋네요,5,_alchera_none_
