,timestamp,category,productName,urlProduct,brand,productName.1,price1,price2,Color,ingredients,skinType,username,datePublished,reviewText,score,reviewerSkinType
0,20221015_031632,립틴트,[1+1] 플린 다이브 워터 틴트,https://www.oliveyoung.co.kr/store/goods/getGoodsDetail.do?goodsNo=B000000168054&dispCatNo=1000001000200060003&trackingCd&curation&egcode&rccode&egrankcode,플린,[1+1] 플린 다이브 워터 틴트,17900,14900,01 클리어인+04 프리즈인;02 줌인+03 온리인;01 클리어인+02 줌인;01 클리어인+03 온리인;02 줌인+04 프리즈인;03 온리인+04 프리즈인;01 클리어인 1+1;02 줌인 1+1;03 온리인 1+1;04 프리즈인 1+1,"01 클리어 인
정제수, 비스-다이글리세릴폴리아실아디페이트-2, 글리세린, 다이페닐다이메티콘, 다이페닐실록시페닐트라이메티콘, 다이아이소스테아릴말레이트, 하이드로제네이티드폴리아이소부텐, 트라이메틸실록시페닐다이메티콘, 다이글리세린, 폴리솔베이트60, 아이소노닐아이소노나노에이트, 에탄올, 글리세릴스테아레이트, 펜틸렌글라이콜, 1,2-헥산다이올, 라우릴피이지-10트리스(트라이메틸실록시)실릴에틸다이메티콘 , 하이드록시에틸아크릴레이트/소듐아크릴로일다이메틸타우레이트코폴리머, 스쿠알란, 티타늄디옥사이드, 폴리글리세린-3, 황색5호, 적색227호, 피이지-10, 향료, 다이소듐이디티에이, 에틸헥실글리세린, 솔비탄아이소스테아레이트, 알루미늄하이드록사이드, 암모늄폴리아크릴레이트, 피이지-100스테아레이트, 페녹시에탄올, 부틸렌글라이콜, 청색1호",모든피부용,민도오리,2022.09.07,"인스타에서 우연히 메이크업 사진을 보고 구매하게 되었습니다. 제가 봤던 사진 중 온리인은 불투명하게 오렌지 빛이 드러나는 립이었는데 제품을 직접 사용해보니 불투명하게 발색하려면 꽤 많이 얹어야 해서 그런 발색으로는 사용이 어려울 것 같더라고요. 
제가 가진 립들 중 비슷한 톤의 립을 비교해 보았습니다. 얇고 가볍게 발색되는 제품들임에도 불구하고 플린의 제품만큼 투명한 컬러는 없네요. 대체로 비교적 채도가 낮습니다. 

제형
반짝반짝 윤이나는 제형이에요. 신기하게도 바른 후 시간이 지나도 그 느낌이 남아 있어요. 글로시한 바탕 립을 찾는다면 추천드려요. 그러나 음파 해서 바르게되면 입주변에 번지는 립이 좀 지저분 해보입니다. 

색상
2호 비교적 채도가 높은 코랄 컬러입니다. 
3호 발색이 매우 약해 제입술에서는 거의 티가 나지 않습니다. 

착색
사진은 30초 정도 뒤에 닦은 건데 비교적 2호가 더 착색되며 타 제품과 비교했을때는 두제품 모두 거의 착색이 없는 편입니다.",5,복합성;봄웜톤;모공;잡티
1,20221015_031633,립틴트,[1+1] 플린 다이브 워터 틴트,https://www.oliveyoung.co.kr/store/goods/getGoodsDetail.do?goodsNo=B000000168054&dispCatNo=1000001000200060003&trackingCd&curation&egcode&rccode&egrankcode,플린,[1+1] 플린 다이브 워터 틴트,17900,14900,01 클리어인+04 프리즈인;02 줌인+03 온리인;01 클리어인+02 줌인;01 클리어인+03 온리인;02 줌인+04 프리즈인;03 온리인+04 프리즈인;01 클리어인 1+1;02 줌인 1+1;03 온리인 1+1;04 프리즈인 1+1,"01 클리어 인
정제수, 비스-다이글리세릴폴리아실아디페이트-2, 글리세린, 다이페닐다이메티콘, 다이페닐실록시페닐트라이메티콘, 다이아이소스테아릴말레이트, 하이드로제네이티드폴리아이소부텐, 트라이메틸실록시페닐다이메티콘, 다이글리세린, 폴리솔베이트60, 아이소노닐아이소노나노에이트, 에탄올, 글리세릴스테아레이트, 펜틸렌글라이콜, 1,2-헥산다이올, 라우릴피이지-10트리스(트라이메틸실록시)실릴에틸다이메티콘 , 하이드록시에틸아크릴레이트/소듐아크릴로일다이메틸타우레이트코폴리머, 스쿠알란, 티타늄디옥사이드, 폴리글리세린-3, 황색5호, 적색227호, 피이지-10, 향료, 다이소듐이디티에이, 에틸헥실글리세린, 솔비탄아이소스테아레이트, 알루미늄하이드록사이드, 암모늄폴리아크릴레이트, 피이지-100스테아레이트, 페녹시에탄올, 부틸렌글라이콜, 청색1호",모든피부용,민도오리,2022.10.09,지속이 오래가진 않지만 광택감이 잘 드러나는 제품이에요! 매트한 상태에서 발라줘야합니다,5,복합성;봄웜톤;모공;잡티
2,20221015_031634,립틴트,[1+1] 플린 다이브 워터 틴트,https://www.oliveyoung.co.kr/store/goods/getGoodsDetail.do?goodsNo=B000000168054&dispCatNo=1000001000200060003&trackingCd&curation&egcode&rccode&egrankcode,플린,[1+1] 플린 다이브 워터 틴트,17900,14900,01 클리어인+04 프리즈인;02 줌인+03 온리인;01 클리어인+02 줌인;01 클리어인+03 온리인;02 줌인+04 프리즈인;03 온리인+04 프리즈인;01 클리어인 1+1;02 줌인 1+1;03 온리인 1+1;04 프리즈인 1+1,"01 클리어 인
정제수, 비스-다이글리세릴폴리아실아디페이트-2, 글리세린, 다이페닐다이메티콘, 다이페닐실록시페닐트라이메티콘, 다이아이소스테아릴말레이트, 하이드로제네이티드폴리아이소부텐, 트라이메틸실록시페닐다이메티콘, 다이글리세린, 폴리솔베이트60, 아이소노닐아이소노나노에이트, 에탄올, 글리세릴스테아레이트, 펜틸렌글라이콜, 1,2-헥산다이올, 라우릴피이지-10트리스(트라이메틸실록시)실릴에틸다이메티콘 , 하이드록시에틸아크릴레이트/소듐아크릴로일다이메틸타우레이트코폴리머, 스쿠알란, 티타늄디옥사이드, 폴리글리세린-3, 황색5호, 적색227호, 피이지-10, 향료, 다이소듐이디티에이, 에틸헥실글리세린, 솔비탄아이소스테아레이트, 알루미늄하이드록사이드, 암모늄폴리아크릴레이트, 피이지-100스테아레이트, 페녹시에탄올, 부틸렌글라이콜, 청색1호",모든피부용,ilililil,2022.06.30,"이거 딱 도착하자마자 베이스 깔고 발랐는데 하루종일 촉촉한 거 너무 신기해서 계속 입술 한번씩 만져보게 돼요 너무너무 맘에 들어요ㅠㅠ 저는 하이라이트를 준다길래...하나사려던거...웜톤세트로 사봣어요ㅎㅎㅎ 하이라이터까지 받고...ㅎㅎ 이가격에 아주 만족스럽습니당 : )

필터없는 아이폰사진으로 아주 정직한 사진 첨부하니 컬러선택에 ㅎㅎ감안하고 참고하세여(1콧 팔이랑 손등에 바른직후 / 바르고 휴지로닦은 착색정도)

- 3호 온리 인
색이 거의 누드톤이라 은은하고 좀 여리여리해보이는느낌! 베이스로 깔아도 이쁘구(대신 위에 다른거 올리려면 좀 착색되고 휴지로 오일 한번 음파하고 걷고나서 바르는게 좋을듯여) /  이것만 살짝 올려도 예뻐요 한두콧 정도로도 충분해요!

- 2호 줌 인
살몬립! 색깔은 복숭아랑 살구?느낌이 나는 색이고 색깔이 엄청 진하지도 않고 꾸안꾸 느낌으로 딱이여서 데일리로 잘 쓰일것 같습니당!

웜톤 2컬러를 같이 섞어써도 예쁠거같아서 손가락으로 입술위에 펴발라봣는데 막내손가락에 그새 착색돼서 안지워지더라구요 플린 역시 워터틴트는 잘뽑는듯여! 자연스러운 혈색 이런거 좋아하는데 발색이 딱 제가좋아하는 그런 은은한 느낌이라 쌩얼에 바르기 좋을거 같아여 또 사러 올게요😍

(500자…꾸역꾸역채운다)
- 하이라이터 : 제가 안쓰다보니 안키우던 아이템인데 딱 미니라 ㅎㅎ 좋네요! 막 안튀고 코나 애교살에 포인트용ㅂ으로 잘쓸게요!",5,_alchera_none_
3,20221015_031635,립틴트,[1+1] 플린 다이브 워터 틴트,https://www.oliveyoung.co.kr/store/goods/getGoodsDetail.do?goodsNo=B000000168054&dispCatNo=1000001000200060003&trackingCd&curation&egcode&rccode&egrankcode,플린,[1+1] 플린 다이브 워터 틴트,17900,14900,01 클리어인+04 프리즈인;02 줌인+03 온리인;01 클리어인+02 줌인;01 클리어인+03 온리인;02 줌인+04 프리즈인;03 온리인+04 프리즈인;01 클리어인 1+1;02 줌인 1+1;03 온리인 1+1;04 프리즈인 1+1,"01 클리어 인
정제수, 비스-다이글리세릴폴리아실아디페이트-2, 글리세린, 다이페닐다이메티콘, 다이페닐실록시페닐트라이메티콘, 다이아이소스테아릴말레이트, 하이드로제네이티드폴리아이소부텐, 트라이메틸실록시페닐다이메티콘, 다이글리세린, 폴리솔베이트60, 아이소노닐아이소노나노에이트, 에탄올, 글리세릴스테아레이트, 펜틸렌글라이콜, 1,2-헥산다이올, 라우릴피이지-10트리스(트라이메틸실록시)실릴에틸다이메티콘 , 하이드록시에틸아크릴레이트/소듐아크릴로일다이메틸타우레이트코폴리머, 스쿠알란, 티타늄디옥사이드, 폴리글리세린-3, 황색5호, 적색227호, 피이지-10, 향료, 다이소듐이디티에이, 에틸헥실글리세린, 솔비탄아이소스테아레이트, 알루미늄하이드록사이드, 암모늄폴리아크릴레이트, 피이지-100스테아레이트, 페녹시에탄올, 부틸렌글라이콜, 청색1호",모든피부용,kyw10****,2022.06.14,"이렇게 정성스럽게 리뷰 남겨보긴 처음인데요 300자 채우려고 열심히 적다보니ㅎㅎ 솔직후기 도움되셨음 합니다!
쨍한 원색의 핑크,레드가 잘 안어울리는 가을뮤트인데 1호가 유독 예쁘다는 말에 혹해서 구매했어요~
소문대로 색상은 맘에 들구 예뻤습니다! 레드와 오렌지, 핑크가 살짝씩 섞인 느낌인데 탁하지 않고 맑아요 
이름을 붙힌다면 애플레드 or 앵두레드라 하고싶네요
4호는 쿨톤분들 바르면 잘 어울릴만한 딸기우유같은 핑크인데 개인적으로 좋아하는 색상이어서 같이 구매했지만 1호에 비해서 특별한 느낌은 못받았어요 하나만 사실거면 1호 추천드려요! 잘 어울리는 베이스 색상 하나 깔고 안쪽에만 레드 발라주면 예쁘더라고요..❤️

단점으로는 발림성은 솔직히 좀 별로였어요 첨 발랐을때 물을 마신후라 입술에 약간 물이 촉촉한 정도로 남아있는 상태였는데 틴트 갖다대자마자 요플레로 변해버리더라고요.. 무슨 화학실험인줄 알았습니다ㅋㅋ 
휴지로 음파음파해서 수분 없애고 바르니 스윽 묽은 크림처럼 발리는데 바른직후는 촉촉하고, 천천히 스며들면서 건조되는 제형이에요. 다행히 픽싱되었을때는 물과 닿아도 요플레 현상은 없었고 입술 찢어지게 당기지도 않으니 바를때 침이나 물기 등 수분은 꼭 제거하고 바르세요! 

지속력은 아예 없진 않고 보통 정도에요 시간이 지나면 입술에 좀 얼룩덜룩하게 색이 빠지기도 했습니다

틴트 유목민이어서 3개 구매해봤는데 단점이 있지만 색상이나 제형이 맘에 들어 요즘 잘 바르고 있습니다. 보통 투명하고 선명하게 발색되는 워터틴트는 시간지나면 입술 찢어질거같은 건조함 잇자나요,, 저는 입술이 쉽게 건조해지는 편인데 발색은 선명하면서 무거운 느낌 없고 촉촉함이 꽤 유지되는게 맘에 드네요~ 1호 색상은 다쓰면 또 재구매할것 같아요",4,_alchera_none_
4,20221015_031636,립틴트,[1+1] 플린 다이브 워터 틴트,https://www.oliveyoung.co.kr/store/goods/getGoodsDetail.do?goodsNo=B000000168054&dispCatNo=1000001000200060003&trackingCd&curation&egcode&rccode&egrankcode,플린,[1+1] 플린 다이브 워터 틴트,17900,14900,01 클리어인+04 프리즈인;02 줌인+03 온리인;01 클리어인+02 줌인;01 클리어인+03 온리인;02 줌인+04 프리즈인;03 온리인+04 프리즈인;01 클리어인 1+1;02 줌인 1+1;03 온리인 1+1;04 프리즈인 1+1,"01 클리어 인
정제수, 비스-다이글리세릴폴리아실아디페이트-2, 글리세린, 다이페닐다이메티콘, 다이페닐실록시페닐트라이메티콘, 다이아이소스테아릴말레이트, 하이드로제네이티드폴리아이소부텐, 트라이메틸실록시페닐다이메티콘, 다이글리세린, 폴리솔베이트60, 아이소노닐아이소노나노에이트, 에탄올, 글리세릴스테아레이트, 펜틸렌글라이콜, 1,2-헥산다이올, 라우릴피이지-10트리스(트라이메틸실록시)실릴에틸다이메티콘 , 하이드록시에틸아크릴레이트/소듐아크릴로일다이메틸타우레이트코폴리머, 스쿠알란, 티타늄디옥사이드, 폴리글리세린-3, 황색5호, 적색227호, 피이지-10, 향료, 다이소듐이디티에이, 에틸헥실글리세린, 솔비탄아이소스테아레이트, 알루미늄하이드록사이드, 암모늄폴리아크릴레이트, 피이지-100스테아레이트, 페녹시에탄올, 부틸렌글라이콜, 청색1호",모든피부용,disiisis,2022.09.21,둘다 너무 예쁘고 입술에 착 붙는 느낌이라서 좋습니다 마스크에도 별로 안묻어요,5,_alchera_none_
5,20221015_031638,립틴트,[1+1] 플린 다이브 워터 틴트,https://www.oliveyoung.co.kr/store/goods/getGoodsDetail.do?goodsNo=B000000168054&dispCatNo=1000001000200060003&trackingCd&curation&egcode&rccode&egrankcode,플린,[1+1] 플린 다이브 워터 틴트,17900,14900,01 클리어인+04 프리즈인;02 줌인+03 온리인;01 클리어인+02 줌인;01 클리어인+03 온리인;02 줌인+04 프리즈인;03 온리인+04 프리즈인;01 클리어인 1+1;02 줌인 1+1;03 온리인 1+1;04 프리즈인 1+1,"01 클리어 인
정제수, 비스-다이글리세릴폴리아실아디페이트-2, 글리세린, 다이페닐다이메티콘, 다이페닐실록시페닐트라이메티콘, 다이아이소스테아릴말레이트, 하이드로제네이티드폴리아이소부텐, 트라이메틸실록시페닐다이메티콘, 다이글리세린, 폴리솔베이트60, 아이소노닐아이소노나노에이트, 에탄올, 글리세릴스테아레이트, 펜틸렌글라이콜, 1,2-헥산다이올, 라우릴피이지-10트리스(트라이메틸실록시)실릴에틸다이메티콘 , 하이드록시에틸아크릴레이트/소듐아크릴로일다이메틸타우레이트코폴리머, 스쿠알란, 티타늄디옥사이드, 폴리글리세린-3, 황색5호, 적색227호, 피이지-10, 향료, 다이소듐이디티에이, 에틸헥실글리세린, 솔비탄아이소스테아레이트, 알루미늄하이드록사이드, 암모늄폴리아크릴레이트, 피이지-100스테아레이트, 페녹시에탄올, 부틸렌글라이콜, 청색1호",모든피부용,VANA,2022.08.14,"촉촉하고 좋은데 지속력이 역시 좀 약하네요
베이스 매트로 깔고 쓰고 있어요",3,_alchera_none_
6,20221015_031639,립틴트,[1+1] 플린 다이브 워터 틴트,https://www.oliveyoung.co.kr/store/goods/getGoodsDetail.do?goodsNo=B000000168054&dispCatNo=1000001000200060003&trackingCd&curation&egcode&rccode&egrankcode,플린,[1+1] 플린 다이브 워터 틴트,17900,14900,01 클리어인+04 프리즈인;02 줌인+03 온리인;01 클리어인+02 줌인;01 클리어인+03 온리인;02 줌인+04 프리즈인;03 온리인+04 프리즈인;01 클리어인 1+1;02 줌인 1+1;03 온리인 1+1;04 프리즈인 1+1,"01 클리어 인
정제수, 비스-다이글리세릴폴리아실아디페이트-2, 글리세린, 다이페닐다이메티콘, 다이페닐실록시페닐트라이메티콘, 다이아이소스테아릴말레이트, 하이드로제네이티드폴리아이소부텐, 트라이메틸실록시페닐다이메티콘, 다이글리세린, 폴리솔베이트60, 아이소노닐아이소노나노에이트, 에탄올, 글리세릴스테아레이트, 펜틸렌글라이콜, 1,2-헥산다이올, 라우릴피이지-10트리스(트라이메틸실록시)실릴에틸다이메티콘 , 하이드록시에틸아크릴레이트/소듐아크릴로일다이메틸타우레이트코폴리머, 스쿠알란, 티타늄디옥사이드, 폴리글리세린-3, 황색5호, 적색227호, 피이지-10, 향료, 다이소듐이디티에이, 에틸헥실글리세린, 솔비탄아이소스테아레이트, 알루미늄하이드록사이드, 암모늄폴리아크릴레이트, 피이지-100스테아레이트, 페녹시에탄올, 부틸렌글라이콜, 청색1호",모든피부용,맹구랭이,2022.09.10,온리인컬러가 딱 제 취향이었습니당... 넘 예뿌네영!!,5,_alchera_none_
7,20221015_031640,립틴트,[1+1] 플린 다이브 워터 틴트,https://www.oliveyoung.co.kr/store/goods/getGoodsDetail.do?goodsNo=B000000168054&dispCatNo=1000001000200060003&trackingCd&curation&egcode&rccode&egrankcode,플린,[1+1] 플린 다이브 워터 틴트,17900,14900,01 클리어인+04 프리즈인;02 줌인+03 온리인;01 클리어인+02 줌인;01 클리어인+03 온리인;02 줌인+04 프리즈인;03 온리인+04 프리즈인;01 클리어인 1+1;02 줌인 1+1;03 온리인 1+1;04 프리즈인 1+1,"01 클리어 인
정제수, 비스-다이글리세릴폴리아실아디페이트-2, 글리세린, 다이페닐다이메티콘, 다이페닐실록시페닐트라이메티콘, 다이아이소스테아릴말레이트, 하이드로제네이티드폴리아이소부텐, 트라이메틸실록시페닐다이메티콘, 다이글리세린, 폴리솔베이트60, 아이소노닐아이소노나노에이트, 에탄올, 글리세릴스테아레이트, 펜틸렌글라이콜, 1,2-헥산다이올, 라우릴피이지-10트리스(트라이메틸실록시)실릴에틸다이메티콘 , 하이드록시에틸아크릴레이트/소듐아크릴로일다이메틸타우레이트코폴리머, 스쿠알란, 티타늄디옥사이드, 폴리글리세린-3, 황색5호, 적색227호, 피이지-10, 향료, 다이소듐이디티에이, 에틸헥실글리세린, 솔비탄아이소스테아레이트, 알루미늄하이드록사이드, 암모늄폴리아크릴레이트, 피이지-100스테아레이트, 페녹시에탄올, 부틸렌글라이콜, 청색1호",모든피부용,susan****,2022.10.14,"전혀 그럴듯한 발색이 안 나오는데 
상품 사진에 나오는것과 전혀 다름 틴트 느낌으로 색상 발리면서 반짝 거리는것도 아니고 
반짝거림도 삽겹살에 김치먹다가 입에 묻는 느낌나요 ㅠㅠ이걸 왜써 요즘 좋은 립 제품들이 얼마나 마눙데 ㅠ
힝 돈아까버 속아따",1,_alchera_none_
8,20221015_031641,립틴트,[1+1] 플린 다이브 워터 틴트,https://www.oliveyoung.co.kr/store/goods/getGoodsDetail.do?goodsNo=B000000168054&dispCatNo=1000001000200060003&trackingCd&curation&egcode&rccode&egrankcode,플린,[1+1] 플린 다이브 워터 틴트,17900,14900,01 클리어인+04 프리즈인;02 줌인+03 온리인;01 클리어인+02 줌인;01 클리어인+03 온리인;02 줌인+04 프리즈인;03 온리인+04 프리즈인;01 클리어인 1+1;02 줌인 1+1;03 온리인 1+1;04 프리즈인 1+1,"01 클리어 인
정제수, 비스-다이글리세릴폴리아실아디페이트-2, 글리세린, 다이페닐다이메티콘, 다이페닐실록시페닐트라이메티콘, 다이아이소스테아릴말레이트, 하이드로제네이티드폴리아이소부텐, 트라이메틸실록시페닐다이메티콘, 다이글리세린, 폴리솔베이트60, 아이소노닐아이소노나노에이트, 에탄올, 글리세릴스테아레이트, 펜틸렌글라이콜, 1,2-헥산다이올, 라우릴피이지-10트리스(트라이메틸실록시)실릴에틸다이메티콘 , 하이드록시에틸아크릴레이트/소듐아크릴로일다이메틸타우레이트코폴리머, 스쿠알란, 티타늄디옥사이드, 폴리글리세린-3, 황색5호, 적색227호, 피이지-10, 향료, 다이소듐이디티에이, 에틸헥실글리세린, 솔비탄아이소스테아레이트, 알루미늄하이드록사이드, 암모늄폴리아크릴레이트, 피이지-100스테아레이트, 페녹시에탄올, 부틸렌글라이콜, 청색1호",모든피부용,junhee****,2022.08.27,"인스타 보다가 포니?틴트라고 뜨길래 구매하게 되었는데
색상도 발림성도 너무 좋은거 같아요. 
개다가 지금 1+1행사 중이어서 본 가격보다 훨씬 저렴하게 구입했습니당ㅎㅎ 
플린 다이브 워터 1호 클리어 인 색상은 레드코랄컬러로  바르자마자 얼굴에 형광등이 딱 켜지는 색깔이었어요!
4호 프리즈 인 색상은 딸기 우유가 생각나는 그런 색상인데 웜톤인저에게는 살짝 겉도는 느낌이 있었어요,, 쿨톤 분들에겐 누구나 잘 어울릴것 같은 그런 색상이에요
발림성은 부드럽고 매끄럽게 잘 발리는 것 같고 입술이 많이 건조한 편인데 이 틴트는 립밥 대신에 발라줘도 될 정도로 굉장히 촉촉한 제품이였어요. 겨울에도 잘 바르도 다닐 것 같아요
이 틴트는 바른 직후보다 살짝 시간이 지나면 컬러감이 좀 더 선명하게 올라 옵니당 바르고 나면 완전 물먹립!! 표현감이 미쳤어요! 물먹립 좋아하시는 분들에게 완전 추천합니다.",5,_alchera_none_
9,20221015_031642,립틴트,[1+1] 플린 다이브 워터 틴트,https://www.oliveyoung.co.kr/store/goods/getGoodsDetail.do?goodsNo=B000000168054&dispCatNo=1000001000200060003&trackingCd&curation&egcode&rccode&egrankcode,플린,[1+1] 플린 다이브 워터 틴트,17900,14900,01 클리어인+04 프리즈인;02 줌인+03 온리인;01 클리어인+02 줌인;01 클리어인+03 온리인;02 줌인+04 프리즈인;03 온리인+04 프리즈인;01 클리어인 1+1;02 줌인 1+1;03 온리인 1+1;04 프리즈인 1+1,"01 클리어 인
정제수, 비스-다이글리세릴폴리아실아디페이트-2, 글리세린, 다이페닐다이메티콘, 다이페닐실록시페닐트라이메티콘, 다이아이소스테아릴말레이트, 하이드로제네이티드폴리아이소부텐, 트라이메틸실록시페닐다이메티콘, 다이글리세린, 폴리솔베이트60, 아이소노닐아이소노나노에이트, 에탄올, 글리세릴스테아레이트, 펜틸렌글라이콜, 1,2-헥산다이올, 라우릴피이지-10트리스(트라이메틸실록시)실릴에틸다이메티콘 , 하이드록시에틸아크릴레이트/소듐아크릴로일다이메틸타우레이트코폴리머, 스쿠알란, 티타늄디옥사이드, 폴리글리세린-3, 황색5호, 적색227호, 피이지-10, 향료, 다이소듐이디티에이, 에틸헥실글리세린, 솔비탄아이소스테아레이트, 알루미늄하이드록사이드, 암모늄폴리아크릴레이트, 피이지-100스테아레이트, 페녹시에탄올, 부틸렌글라이콜, 청색1호",모든피부용,redfox****,2022.09.07,일단 발색이 기대이상 맘에 들구요~~~촉촉하니 아주 좋습니다~~~02 줌인도  아주 이쁘고 03  온리인도 아주 이쁘게 잘 발색되요~~~재구매각입니다~~~,5,_alchera_none_
10,20221015_031646,립틴트,[1+1] 플린 다이브 워터 틴트,https://www.oliveyoung.co.kr/store/goods/getGoodsDetail.do?goodsNo=B000000168054&dispCatNo=1000001000200060003&trackingCd&curation&egcode&rccode&egrankcode,플린,[1+1] 플린 다이브 워터 틴트,17900,14900,01 클리어인+04 프리즈인;02 줌인+03 온리인;01 클리어인+02 줌인;01 클리어인+03 온리인;02 줌인+04 프리즈인;03 온리인+04 프리즈인;01 클리어인 1+1;02 줌인 1+1;03 온리인 1+1;04 프리즈인 1+1,"01 클리어 인
정제수, 비스-다이글리세릴폴리아실아디페이트-2, 글리세린, 다이페닐다이메티콘, 다이페닐실록시페닐트라이메티콘, 다이아이소스테아릴말레이트, 하이드로제네이티드폴리아이소부텐, 트라이메틸실록시페닐다이메티콘, 다이글리세린, 폴리솔베이트60, 아이소노닐아이소노나노에이트, 에탄올, 글리세릴스테아레이트, 펜틸렌글라이콜, 1,2-헥산다이올, 라우릴피이지-10트리스(트라이메틸실록시)실릴에틸다이메티콘 , 하이드록시에틸아크릴레이트/소듐아크릴로일다이메틸타우레이트코폴리머, 스쿠알란, 티타늄디옥사이드, 폴리글리세린-3, 황색5호, 적색227호, 피이지-10, 향료, 다이소듐이디티에이, 에틸헥실글리세린, 솔비탄아이소스테아레이트, 알루미늄하이드록사이드, 암모늄폴리아크릴레이트, 피이지-100스테아레이트, 페녹시에탄올, 부틸렌글라이콜, 청색1호",모든피부용,tae15****,2022.09.02,"무난무난 ~~
유광인데 많이 부담스럽지는 않은 그런 느낌이지만..
쿨톤이 쓰기에는 좀 웜한..",5,_alchera_none_
11,20221015_031647,립틴트,[1+1] 플린 다이브 워터 틴트,https://www.oliveyoung.co.kr/store/goods/getGoodsDetail.do?goodsNo=B000000168054&dispCatNo=1000001000200060003&trackingCd&curation&egcode&rccode&egrankcode,플린,[1+1] 플린 다이브 워터 틴트,17900,14900,01 클리어인+04 프리즈인;02 줌인+03 온리인;01 클리어인+02 줌인;01 클리어인+03 온리인;02 줌인+04 프리즈인;03 온리인+04 프리즈인;01 클리어인 1+1;02 줌인 1+1;03 온리인 1+1;04 프리즈인 1+1,"01 클리어 인
정제수, 비스-다이글리세릴폴리아실아디페이트-2, 글리세린, 다이페닐다이메티콘, 다이페닐실록시페닐트라이메티콘, 다이아이소스테아릴말레이트, 하이드로제네이티드폴리아이소부텐, 트라이메틸실록시페닐다이메티콘, 다이글리세린, 폴리솔베이트60, 아이소노닐아이소노나노에이트, 에탄올, 글리세릴스테아레이트, 펜틸렌글라이콜, 1,2-헥산다이올, 라우릴피이지-10트리스(트라이메틸실록시)실릴에틸다이메티콘 , 하이드록시에틸아크릴레이트/소듐아크릴로일다이메틸타우레이트코폴리머, 스쿠알란, 티타늄디옥사이드, 폴리글리세린-3, 황색5호, 적색227호, 피이지-10, 향료, 다이소듐이디티에이, 에틸헥실글리세린, 솔비탄아이소스테아레이트, 알루미늄하이드록사이드, 암모늄폴리아크릴레이트, 피이지-100스테아레이트, 페녹시에탄올, 부틸렌글라이콜, 청색1호",모든피부용,sarahjun****,2022.08.28,메이크업 받았었는데 이거 발라주셨는데 색이 너무 예뻐서 바로 구매했어요~ 촉촉하고 지속력도 좋아요,5,_alchera_none_
12,20221015_031648,립틴트,[1+1] 플린 다이브 워터 틴트,https://www.oliveyoung.co.kr/store/goods/getGoodsDetail.do?goodsNo=B000000168054&dispCatNo=1000001000200060003&trackingCd&curation&egcode&rccode&egrankcode,플린,[1+1] 플린 다이브 워터 틴트,17900,14900,01 클리어인+04 프리즈인;02 줌인+03 온리인;01 클리어인+02 줌인;01 클리어인+03 온리인;02 줌인+04 프리즈인;03 온리인+04 프리즈인;01 클리어인 1+1;02 줌인 1+1;03 온리인 1+1;04 프리즈인 1+1,"01 클리어 인
정제수, 비스-다이글리세릴폴리아실아디페이트-2, 글리세린, 다이페닐다이메티콘, 다이페닐실록시페닐트라이메티콘, 다이아이소스테아릴말레이트, 하이드로제네이티드폴리아이소부텐, 트라이메틸실록시페닐다이메티콘, 다이글리세린, 폴리솔베이트60, 아이소노닐아이소노나노에이트, 에탄올, 글리세릴스테아레이트, 펜틸렌글라이콜, 1,2-헥산다이올, 라우릴피이지-10트리스(트라이메틸실록시)실릴에틸다이메티콘 , 하이드록시에틸아크릴레이트/소듐아크릴로일다이메틸타우레이트코폴리머, 스쿠알란, 티타늄디옥사이드, 폴리글리세린-3, 황색5호, 적색227호, 피이지-10, 향료, 다이소듐이디티에이, 에틸헥실글리세린, 솔비탄아이소스테아레이트, 알루미늄하이드록사이드, 암모늄폴리아크릴레이트, 피이지-100스테아레이트, 페녹시에탄올, 부틸렌글라이콜, 청색1호",모든피부용,jihye****,2022.07.31,사진으로 본것처럼 발색이 잘되는 거 같지도 않고 발림이 좋은 것 같지도 않아요 각질부각있고 금방 지워지는 느낌,3,_alchera_none_
