,timestamp,category,productName,urlProduct,brand,productName.1,price1,price2,Color,ingredients,skinType,username,datePublished,reviewText,score,reviewerSkinType
0,20221015_030621,립틴트,[1+1] 플린 브리즈 벨벳틴트,https://www.oliveyoung.co.kr/store/goods/getGoodsDetail.do?goodsNo=B000000169750&dispCatNo=1000001000200060003&trackingCd&curation&egcode&rccode&egrankcode,플린,[1+1] 플린 브리즈 벨벳틴트,17900,14900,01 레드우드+03 리썸베이지;02 딤로즈+04 비모브;01 레드우드+02 딤로즈;01 레드우드+04 비모브;02 딤로즈+03 리썸베이지;03 리썸베이지+04 비모브;01 레드우드 1+1;02 딤로즈 1+1;03 리썸베이지 1+1;04 비모브 1+1,"01 레드우드
다이메티콘, 사이클로펜타실록세인, 다이메티콘크로스폴리머, 폴리글리세릴-2트라이아이소스테아레이트, 티타늄디옥사이드, 사이클로헥사실록세인, 1,2-헥산다이올, 세틸피이지/피피지-10/1다이메티콘, 실리카실릴레이트, 황색5호, 탤크, 다이메티콘/비닐다이메티콘크로스폴리머, 에칠헥실살리실레이트, 적색산화철, 부틸옥틸살리실레이트, 페닐트라이메티콘, 적색202호, 향료, 토코페릴아세테이트, 흑색산화철, C30-45알킬다이메티콘",모든피부용,퍼플n핑크,2022.08.24,"일단 발색샷이 아예 다른 제품 수준이지만(특히 레드우드)
컬러가 너무 예뻐서 핵만족입니다.

레드우드 딥로즈 둘 다 존예구요

특히 레드우드 이거 진짜 오묘하고 예쁜 브라운 컬러예요.
레드는 그냥 거들뿐.. 그냥 레드끼를 은은하게 머금은
브라운이고
발색샷처럼 레드 절대 아니에요 이건 브라운이다!!!
발색 왜 저렇게 찍어놨지 의문스러울 정도.. 색맹이 아니고서야 저런 색이 절대 나올 수가 없는데 🤔
설명만 레드브라운이고 발색샷은 걍 흔한 레드잖아유 ㅋㅋ
실제 발색을 찍어달라구요 그래야 더 잘 팔릴 듯 ㅠㅠ 

저 레드컬러 기대하고 사면 100프로 실패지만(아예 저 컬러가 1도 없음)
웜톤들 쓰면 무조건 미모 업그레이드되는 마법같은 브라운템임..
너무 진하지 않으면서 깊고 은은한 컬러감과 분위기가 진짜 예뻐요
바르고서 두 번 당황함..
예뻐서 / 컬러가 너무 달라서 ㅋㅋ
특히 가을웜님들 확신의 픽이다!!
이제 곧 9월이죠? 가을에 바르면 무조건이다!! 👍
깔끔한 꾸안꾸 캐주얼, 각잡힌 트렌치코트,
시크한 룩, 힙한 룩까지 전부 잘 어울릴 컬러입니다. 

제 발색샷도 레드끼가 좀 많아보이지만.. 아닙니다 입술에 올리면 the 브라운임.
그리고 사람, 톤, 피부 컨디션에 따라서 컬러감 차이 클 것 같은 제품입니다 ㅎㅎ
당장 저만해도 며칠 전 발랐을 때랑 오늘 발랐을 때랑 미묘하게 느낌이 틀렸어요. 
막 엄청 다른 건 아니고 베이지브라운 / 로즈브라운 느낌이 각각 났음 그래서 오묘하다고 말씀드린 거에요ㅋㅋ
전 맘에 들어서 올가을에 손이 많이 갈 것 같아요 😘

딥로즈도 예뻐요.
전 웜쿨 거의 안 가리고 잘 쓰는데 둘 다 잘 어울려서 만족!
발색샷보다 더 차분하고 명도채도 낮아유
발색샷이 전체적으로 좀 찐하고 쨍하게 찍힌 것 같은데
실물은 고급스러운 mlbb 로즈고, 조명에 따라서 아주 약간의 플럼끼가 느껴지기도 합니다.

+발림성은 제가 좋아하는 무스+벨벳이라 아주 굿굿 👍
밀착력 좋고, 각질부각 걱정은 안해도 됨.
(각질부각이 아예 없는 건 아닌데 티가 안남ㅋㅋ)

+향은 젤리같은 포도향인데 전 좋아요 ㅋㅋ

+미세 솜털볼 파우더 입자의 무스립블러링
+오일감을 제거한 포슬 벨벳 피니쉬
제형은 설명이랑 똑같습니다 👏

+다만 케이스에 적힌 설명처럼 투명하고 맑게 발색되는 컬러라기 보다는! 그윽하고 은은하게 빠져드는 듯한 컬러입니다.
제형이랑 아주 딱 맞는 컬러감이에요.

+지속력은 나쁘지 않은 편이고
클렌징워터로 클렌징 엄청 잘 됩니다. 착색 없이 잘 닦여요!

+플린.. 발색샷은 못 찍지만 컬러감은 잘 뽑는 것 같아서
다른 제품들도 테스트 후 구매해보고 싶어짐",5,복합성;봄웜톤;모공
1,20221015_030622,립틴트,[1+1] 플린 브리즈 벨벳틴트,https://www.oliveyoung.co.kr/store/goods/getGoodsDetail.do?goodsNo=B000000169750&dispCatNo=1000001000200060003&trackingCd&curation&egcode&rccode&egrankcode,플린,[1+1] 플린 브리즈 벨벳틴트,17900,14900,01 레드우드+03 리썸베이지;02 딤로즈+04 비모브;01 레드우드+02 딤로즈;01 레드우드+04 비모브;02 딤로즈+03 리썸베이지;03 리썸베이지+04 비모브;01 레드우드 1+1;02 딤로즈 1+1;03 리썸베이지 1+1;04 비모브 1+1,"01 레드우드
다이메티콘, 사이클로펜타실록세인, 다이메티콘크로스폴리머, 폴리글리세릴-2트라이아이소스테아레이트, 티타늄디옥사이드, 사이클로헥사실록세인, 1,2-헥산다이올, 세틸피이지/피피지-10/1다이메티콘, 실리카실릴레이트, 황색5호, 탤크, 다이메티콘/비닐다이메티콘크로스폴리머, 에칠헥실살리실레이트, 적색산화철, 부틸옥틸살리실레이트, 페닐트라이메티콘, 적색202호, 향료, 토코페릴아세테이트, 흑색산화철, C30-45알킬다이메티콘",모든피부용,Amyyy,2022.08.22,"★진짜로 진짜로 너무 좋아요★

저 이거 올영체험단으로 받아서 써봤는데
딤로즈 진짜 무슨짓을 한거예요.
색깔이 너무 너무 예뻐서 저 진짜 만족 100%
돈주고 사야것다 싶어서 당장 나머지색도 다 사왔어요.

올리브영 이런식으로 제품 깔별로 쟁이게 하는적은 많지 않았는데 이번에 진짜 대박이네요.

★지속력 : 한가지 딱 아쉬운데 지속력이네요.
밥먹고 나면 많이 지워져요. 착색되는 틴트 느낌은 아니고, 바르고 나면 조금 지워짐은 있어요.
근데 이 지속력 안고갈만큼 색이 예뻐요.

★수분감 : 말도 마세요.
매트하게 마무리되고, 알갱이가 터진다는게 뭔가 했는데 수분 알갱이가 아니라 뭔가 실 알갱이들이 속속 터지는 느낌이 들어요. 진짜 작은 알갱이들이 보이거든요. 그게 다 수분들어간 실 알갱이라는 느낌이 들어요.
그래서 진짜 매트한 마무리가 되는데 촉촉해요.

★색감 : 와. 미쳤다.
진짜 예뻐요. 딤로즈 최애이고, 다른 색들도 쿨이고 웜이고 얼굴에 착붙는거보면 동양인 피부색에 잘맞는것 같아요. 그래서 그냥 다 샀어요. 뭐...어쩌겠어요

★재구매 의사 : 있습니다 .완전요. 또 살거고 다 쓰면 딤로즈 꾸준하게 안고 갈거예요

★추천 : 이 가격에 이 퀄리티? 무조건 사세요. 망설이는 시간 아까우니까요.
주변인들한테 추천 너무 많이 해서 이미 두명이나 샀답니다... 손해보고 살지 맙시다 여러분 이거예요.

★최근 올영체험단 몇개월간 제일 마음에 드는 상품이네요.",5,복합성;쿨톤;각질;아토피
2,20221015_030622,립틴트,[1+1] 플린 브리즈 벨벳틴트,https://www.oliveyoung.co.kr/store/goods/getGoodsDetail.do?goodsNo=B000000169750&dispCatNo=1000001000200060003&trackingCd&curation&egcode&rccode&egrankcode,플린,[1+1] 플린 브리즈 벨벳틴트,17900,14900,01 레드우드+03 리썸베이지;02 딤로즈+04 비모브;01 레드우드+02 딤로즈;01 레드우드+04 비모브;02 딤로즈+03 리썸베이지;03 리썸베이지+04 비모브;01 레드우드 1+1;02 딤로즈 1+1;03 리썸베이지 1+1;04 비모브 1+1,"01 레드우드
다이메티콘, 사이클로펜타실록세인, 다이메티콘크로스폴리머, 폴리글리세릴-2트라이아이소스테아레이트, 티타늄디옥사이드, 사이클로헥사실록세인, 1,2-헥산다이올, 세틸피이지/피피지-10/1다이메티콘, 실리카실릴레이트, 황색5호, 탤크, 다이메티콘/비닐다이메티콘크로스폴리머, 에칠헥실살리실레이트, 적색산화철, 부틸옥틸살리실레이트, 페닐트라이메티콘, 적색202호, 향료, 토코페릴아세테이트, 흑색산화철, C30-45알킬다이메티콘",모든피부용,bibim,2022.08.26,"22호/ 겨울쿨톤

1+1 상품이에요!
어울리는 세트조합이라 두색상 다 마음에 드실 것 같아요.

용기는
살짝 불투명한 느낌으로 되어있어요 네모낳고 감촉은 매우 부드러워요
우유를 굳힌 것 같은느낌인데
이 살짝 불투명하면서도 부드러운 느낌이 내용물 색상에도 섞여있는 듯한 느낌이 들어요

팁은 양이 많이 묻어나서 많이 덜어내고 발라주는게 좋을 것 같아요

발림성은 너무너무 좋습니다
밀착력도 좋고 굉장히 스무스하게 발려요
그라데이션도 잘 되고, 뭉침이 없이 발리는 점이 가장 마음에 들었어요

색상은 두가지 옵션인데
제가 받은 구성의 옵션은 없어 아쉽습니다
딤로즈 레드우드 색상으로 적어볼게요!

딤로즈 색상은 핑크빛 장미에 따뜻하고 포근함을 섞은 느낌이에요 그래서 뮤트하면서도 웜한데
막 웜하지는 않은 
따뜻한 우유섞인 부드러운 느낌의 색이랄까요?
굉장히 마음에 드는 색상이었어요

레드우드 색상은 따뜻한 장미와 홍시가 섞인듯한 느낌이에요! 부드러운 홍시같은 느낌에 포인트줄 수 있는 색상이라 예뻐요


다음에는 리썸베이지색을 사보고싶네요
개인적으로 톤을 떠나 너모 예쁜 색인 것 같아요>.<💖",5,복합성;겨울쿨톤;각질;모공
3,20221015_030623,립틴트,[1+1] 플린 브리즈 벨벳틴트,https://www.oliveyoung.co.kr/store/goods/getGoodsDetail.do?goodsNo=B000000169750&dispCatNo=1000001000200060003&trackingCd&curation&egcode&rccode&egrankcode,플린,[1+1] 플린 브리즈 벨벳틴트,17900,14900,01 레드우드+03 리썸베이지;02 딤로즈+04 비모브;01 레드우드+02 딤로즈;01 레드우드+04 비모브;02 딤로즈+03 리썸베이지;03 리썸베이지+04 비모브;01 레드우드 1+1;02 딤로즈 1+1;03 리썸베이지 1+1;04 비모브 1+1,"01 레드우드
다이메티콘, 사이클로펜타실록세인, 다이메티콘크로스폴리머, 폴리글리세릴-2트라이아이소스테아레이트, 티타늄디옥사이드, 사이클로헥사실록세인, 1,2-헥산다이올, 세틸피이지/피피지-10/1다이메티콘, 실리카실릴레이트, 황색5호, 탤크, 다이메티콘/비닐다이메티콘크로스폴리머, 에칠헥실살리실레이트, 적색산화철, 부틸옥틸살리실레이트, 페닐트라이메티콘, 적색202호, 향료, 토코페릴아세테이트, 흑색산화철, C30-45알킬다이메티콘",모든피부용,동동이,2022.08.18,"🙂 올영체험단을 통한 첫 만남!
가끔 올영체험단 통해서 리뷰 올리는 분들 보면 마냥 부러웠는데, 저에게도 드디어 기회가 왔네요.
게다가 립 제품 정말 좋아하는데, 새로운 제품을 두 개나 만나볼 수 있었어요.

🙂 발색
보내주신 제품은 웜톤을 위한 1호 레드우드와 쿨톤을 위한 3호 딤 로즈였어요.
평소 딱히 톤을 가리지 않고 시도해보는 걸 좋아하는 편이라 큰 부담 없이 사용해보았는데요.
체험단 리뷰여서가 빈말로 하는 소리가 아니라 정말 예쁩니다!
은은하게 가운데 위주로만 발랐을 때와 풀립의 느낌이 또 완전히 다른 느낌이라 매력있어요.

레드우드의 경우는 강렬함에 따스함 한 방울이 섞인 레드 브라운 컬러, 딤 로즈는 마른 장미 컬러지만 포도주빛도 살짝 감도는 듯해요.

여름에는 주로 맑아보이는 글로시 립 제품을 선호했었는데 최근에 뭔가 안정감이 매력인 세미매트립에 꽂혀 있었거든요.
근데 정말이지...(감격) 웜톤, 쿨톤 대표 컬러인데도 둘 다 부드럽고 따스한 기운이 느껴져서 가을, 겨울까지 쭉쭉 잘 사용할 것 같아요.
개인적으로는 딤 로즈를 발랐을 때의 피부톤과 여성스러운 특유의 분위기가 마음에 쏙 들었네요.

🙂 지속력
개인적으로 착색이 너무 강한 건 또 지저분해보여서 싫은 1인...플린 틴트는 발랐을 때 컬러감이 충분히 표현되지만 물티슈로 지우면 또 잘 지워져요. 
자연스럽게 지워졌을 때는 뽀송하면서도 은은하게 남아서 그 컬러 또한 분위기가 있어요. 크으...

🙂 발림성
포슬포슬하다는 게 딱 맞는 것 같아요. 풀립으로 사용할 때 처음엔 약간의 되직한 느낌으로 보이지만 음파음파하면 굉장히 부드럽고 가볍게 펴져요. 

🙂 향
이 부분에서 호불호가 있을 수도 있겠다는 생각이 들어요. 약간 새콤달콤한 빙과류? 향이 나요. 
향이 나는 립 제품을 썩 좋아하는 편은 아니라서 아쉬웠지만, 향이 날 뿐이지 혀끝에서 계속 맴돌게 맛이 나거나 하진 않는 것 같아서 다행이에요.",5,민감성;잡티;트러블
4,20221015_030623,립틴트,[1+1] 플린 브리즈 벨벳틴트,https://www.oliveyoung.co.kr/store/goods/getGoodsDetail.do?goodsNo=B000000169750&dispCatNo=1000001000200060003&trackingCd&curation&egcode&rccode&egrankcode,플린,[1+1] 플린 브리즈 벨벳틴트,17900,14900,01 레드우드+03 리썸베이지;02 딤로즈+04 비모브;01 레드우드+02 딤로즈;01 레드우드+04 비모브;02 딤로즈+03 리썸베이지;03 리썸베이지+04 비모브;01 레드우드 1+1;02 딤로즈 1+1;03 리썸베이지 1+1;04 비모브 1+1,"01 레드우드
다이메티콘, 사이클로펜타실록세인, 다이메티콘크로스폴리머, 폴리글리세릴-2트라이아이소스테아레이트, 티타늄디옥사이드, 사이클로헥사실록세인, 1,2-헥산다이올, 세틸피이지/피피지-10/1다이메티콘, 실리카실릴레이트, 황색5호, 탤크, 다이메티콘/비닐다이메티콘크로스폴리머, 에칠헥실살리실레이트, 적색산화철, 부틸옥틸살리실레이트, 페닐트라이메티콘, 적색202호, 향료, 토코페릴아세테이트, 흑색산화철, C30-45알킬다이메티콘",모든피부용,사랑스러운여우야,2022.08.15,"살짝 늦어서 아쉬웠지만,, 틴트는 좋아용! 
원래 저는 플린에 어게인 틴트를 정말 잘 사용하고 있었어요!! 색상도 가지고 있는 틴트중에 제일 저랑 잘 맞는 색이었고, 발림성도 부드럽고 입술에 착 붙는 느낌이어서 정말 잘 사용하고 있었습니다 ㅎㅎ 

이 제품은 전에 쓰던거랑 비슷한 제형이에요! 
진짜 보송보송 파우더리한 느낌이라 지속력이 별로일 것 같은데, 진짜 지속력이 엄청 오래갑니다!! 
그리고 그냥 대충 입술로 문질문질 해줘도 입술에 예쁘게 발색이 됩니다!! 그냥 급하게 쓱 바르기에도 딱 좋은 것 같아요! 

그리고 전 제품이랑 다른점은 향!! 
전에 틴트는 약간 아몬드사탕..? (커피맛에 아몬드 맛이었너..? 무튼 유명한 사탕이었음) 그 냄새가 났는데 이번 틴트에는 청포도 사탕 향이 나요 :) 진짜 맛있는 냄새 ㅠ 

저는 색도 중요하지만 거의 입술에 착! 붙는 립은 색 구별없이 다 어울리는 편이에요!!  근데 플린 틴트가 진짜 딱 맞는것 같다는 생각을 쓰면서 계속 했어요 ㅠㅠ  
1,2호 색을 입술에 얇게 발색 했을때는 비슷하게 발색되어서 잉? 했는데 2호가 살짝 더 핑크빛? 약간 잘 익은 포도색 입니다 ㅎㅎ 저는 둘다 너무 만족해요!!  (첫번째 사진은 레드우드 두번째는 딤로즈)
착색도 색 그대로 남아있어요 ~ (사진에는 잘 안보임 ㅠ) 
다음에 다른색도 구매할게영!!",5,복합성;여름쿨톤;각질;미백
5,20221015_030624,립틴트,[1+1] 플린 브리즈 벨벳틴트,https://www.oliveyoung.co.kr/store/goods/getGoodsDetail.do?goodsNo=B000000169750&dispCatNo=1000001000200060003&trackingCd&curation&egcode&rccode&egrankcode,플린,[1+1] 플린 브리즈 벨벳틴트,17900,14900,01 레드우드+03 리썸베이지;02 딤로즈+04 비모브;01 레드우드+02 딤로즈;01 레드우드+04 비모브;02 딤로즈+03 리썸베이지;03 리썸베이지+04 비모브;01 레드우드 1+1;02 딤로즈 1+1;03 리썸베이지 1+1;04 비모브 1+1,"01 레드우드
다이메티콘, 사이클로펜타실록세인, 다이메티콘크로스폴리머, 폴리글리세릴-2트라이아이소스테아레이트, 티타늄디옥사이드, 사이클로헥사실록세인, 1,2-헥산다이올, 세틸피이지/피피지-10/1다이메티콘, 실리카실릴레이트, 황색5호, 탤크, 다이메티콘/비닐다이메티콘크로스폴리머, 에칠헥실살리실레이트, 적색산화철, 부틸옥틸살리실레이트, 페닐트라이메티콘, 적색202호, 향료, 토코페릴아세테이트, 흑색산화철, C30-45알킬다이메티콘",모든피부용,올리브영덕후,2022.08.25,"올영체험단 덕분에 웜톤, 쿨톤 립 두개나 사용해볼 수 있었어요ㅎㅅㅎ!👍👍
전 퍼스널컬러 검사를 받아보지 않아서 정확히 어떤 톤인지 모르거든요ㅠㅠㅠ --> 이거 때매 틴트살 때마다 고민이 많은데 비교하면서 바를 수 있어서 너무 좋았습니다!
그럼 지금까지 사용하면서 좋았던 점 몇 가지를 적어보도록 하겠습니다.

💕발색, 색상
✨1호 레드우드
빨간색과 따듯한 느낌의 색이 섞여 있어요! 
바르면 왜 웜톤 틴트라고 하는지 알 것 같습니당!
입에 바르면 자연스럽게 발색이 돼서 너~~~무 만족스러웠어요! 레드 색상 싫어하는 분들도 가볍게 바를 수 있구 레이어드하기 쉬운 틴트여서 좋아하실 것 같아요!
✨2호 딤로즈
로즈색상+퍼플 느낌의 색상이에요!
퍼플 느낌이 그렇게 강하지 않아서 여쿨, 겨쿨 상관없이 무난하게 어울릴 것 같은 색상입니다!
마찬가지로 발색이 자연스럽고 가볍게 되기 때문에 바르기 쉽고 부담스럽지 않아서 좋아용 ㅎㅎ

💕지속력
지속력은 일반적인 다른 틴트들이랑 똑같습니당
밥 먹고나면 조금 지워져 있는? 그 정도예요!!

💕발림성
아까 잠깐 말했다 싶이 엄청 가볍게 발리구 포슬포슬하게 발립니다!!
매트틴트 좋아하시는 분들이 엄청 만족스러워 하실 것 같아용 ㅎㅎ

💕정리
얇고 가볍게 발리는 매트틴트
자연스럽게 바를 수 있는 틴트
뽀송뽀송한 틴트",5,건성;쿨톤;민감성;블랙헤드
6,20221015_030624,립틴트,[1+1] 플린 브리즈 벨벳틴트,https://www.oliveyoung.co.kr/store/goods/getGoodsDetail.do?goodsNo=B000000169750&dispCatNo=1000001000200060003&trackingCd&curation&egcode&rccode&egrankcode,플린,[1+1] 플린 브리즈 벨벳틴트,17900,14900,01 레드우드+03 리썸베이지;02 딤로즈+04 비모브;01 레드우드+02 딤로즈;01 레드우드+04 비모브;02 딤로즈+03 리썸베이지;03 리썸베이지+04 비모브;01 레드우드 1+1;02 딤로즈 1+1;03 리썸베이지 1+1;04 비모브 1+1,"01 레드우드
다이메티콘, 사이클로펜타실록세인, 다이메티콘크로스폴리머, 폴리글리세릴-2트라이아이소스테아레이트, 티타늄디옥사이드, 사이클로헥사실록세인, 1,2-헥산다이올, 세틸피이지/피피지-10/1다이메티콘, 실리카실릴레이트, 황색5호, 탤크, 다이메티콘/비닐다이메티콘크로스폴리머, 에칠헥실살리실레이트, 적색산화철, 부틸옥틸살리실레이트, 페닐트라이메티콘, 적색202호, 향료, 토코페릴아세테이트, 흑색산화철, C30-45알킬다이메티콘",모든피부용,뮤온,2022.08.15,"🥰 Flynn Breeze Velvet Tint 💕


👋 세줄요약
1. 색상도 밀착력도 좋아요.
2. 균등하게 바르기가 조금 어려웠어요.
3. 본품 용기가 그렇게 예쁜 편은 아니에요.

@발림성
정말 주름을 메꿔주며 포슬포슬 부드럽게 발려요!
그러나 왜인지 입술 위에서는 조금 뭉치는 듯한 감이 있어서 어플리케이터를 누르듯하며 천천히 도포하셔야 합니다. 벨벳립들이 전반적으로 다 이런 것 같기는 해요. 

@ 색상
제게는 약간 채도가 높은 편이지만 색상 자체는 정말 자연스럽고 활용도 높게 잘 뽑혔어요. 무난무난한 색상.

@ 용기
종이 단상자는 민들레 씨앗이 그려져 있어 귀엽고 예뻐요. 컨셉 전달도 잘 되고요. 그런데 본품의 용기가 너무 투박해요. 길고 가늘어서 형태는 예쁜데 어딘가 투박한 느낌을 주어요. 근데 어떻게 바꾸어야 하나 생각해보면 또 모르겠단 말이죠 ㅠㅠ

#추가내용
플린에서 올영체험단 분들을 위한 편지?도 인쇄해서 보내주셨는데 그냥 형식적인 거라해도 읽었을 때 기분은 좋았답니다~ 감사해요! 🥰",4,건성;쿨톤;각질;모공
7,20221015_030625,립틴트,[1+1] 플린 브리즈 벨벳틴트,https://www.oliveyoung.co.kr/store/goods/getGoodsDetail.do?goodsNo=B000000169750&dispCatNo=1000001000200060003&trackingCd&curation&egcode&rccode&egrankcode,플린,[1+1] 플린 브리즈 벨벳틴트,17900,14900,01 레드우드+03 리썸베이지;02 딤로즈+04 비모브;01 레드우드+02 딤로즈;01 레드우드+04 비모브;02 딤로즈+03 리썸베이지;03 리썸베이지+04 비모브;01 레드우드 1+1;02 딤로즈 1+1;03 리썸베이지 1+1;04 비모브 1+1,"01 레드우드
다이메티콘, 사이클로펜타실록세인, 다이메티콘크로스폴리머, 폴리글리세릴-2트라이아이소스테아레이트, 티타늄디옥사이드, 사이클로헥사실록세인, 1,2-헥산다이올, 세틸피이지/피피지-10/1다이메티콘, 실리카실릴레이트, 황색5호, 탤크, 다이메티콘/비닐다이메티콘크로스폴리머, 에칠헥실살리실레이트, 적색산화철, 부틸옥틸살리실레이트, 페닐트라이메티콘, 적색202호, 향료, 토코페릴아세테이트, 흑색산화철, C30-45알킬다이메티콘",모든피부용,Ace,2022.08.28,"❤️평소에 립스틱 위주로 립메이크업하고
틴트는 잘 쓰지 않는데
틴트는 발색이 너무 강한 제품이 많다는
선입견이 있어서입니다.

🧡그러던 중 올영체험단으로 플린 틴트를 받아서
사용해보았는데요…
색상은 딤로즈와 레드 우드 
두 가지 색상을 받았어요.
개인적으로 쿨톤 메이크업 좋아하고
웜톤보다는 쿨톤이 잘 어울리는 편이라
딤로즈 발색이 레드 우드보다 더 잘 어울리네요.

💜딤로즈는 진한 핑크빛 로즈가 연상되는 느낌의 발색인데 베이스 메이크업으로 21호 쿠션바르고 
딤로즈 틴트 하나 쓱 바르면…
시크하고 세련된 느낌의 메이크업이 완성돼요.
제품 향도 달달하고 좋아서
사용시 기분이 너무 좋고요…
질감은 매우 부드러운 타입인데
무광이고 뭉치지 않더라고요.
매트한 느낌인데 입술이 건조해지지도 않고요…

💚그리고 레드 우드는 진한 레드에 가깝게 발색이 되서
강렬한 느낌이 들어요.
포인트 메이크업으로 딱~인 색상이고
이 색상은 확실히 쿨톤보다 웜톤분들에게
잘 어울릴 색상입니다.
곧 다가오는 가을에 예쁜 립 메이크업하기에
손색없은 틴트~
특히 딤로즈는 진짜 너무 예뻐요.👍",5,건성;웜톤;미백;민감성
8,20221015_030626,립틴트,[1+1] 플린 브리즈 벨벳틴트,https://www.oliveyoung.co.kr/store/goods/getGoodsDetail.do?goodsNo=B000000169750&dispCatNo=1000001000200060003&trackingCd&curation&egcode&rccode&egrankcode,플린,[1+1] 플린 브리즈 벨벳틴트,17900,14900,01 레드우드+03 리썸베이지;02 딤로즈+04 비모브;01 레드우드+02 딤로즈;01 레드우드+04 비모브;02 딤로즈+03 리썸베이지;03 리썸베이지+04 비모브;01 레드우드 1+1;02 딤로즈 1+1;03 리썸베이지 1+1;04 비모브 1+1,"01 레드우드
다이메티콘, 사이클로펜타실록세인, 다이메티콘크로스폴리머, 폴리글리세릴-2트라이아이소스테아레이트, 티타늄디옥사이드, 사이클로헥사실록세인, 1,2-헥산다이올, 세틸피이지/피피지-10/1다이메티콘, 실리카실릴레이트, 황색5호, 탤크, 다이메티콘/비닐다이메티콘크로스폴리머, 에칠헥실살리실레이트, 적색산화철, 부틸옥틸살리실레이트, 페닐트라이메티콘, 적색202호, 향료, 토코페릴아세테이트, 흑색산화철, C30-45알킬다이메티콘",모든피부용,조망고,2022.08.28,"포슬포슬한 벨벳 제형의 틴트예요!

✔️ 색상
 저는 1호와 2호를 받았는데 1호는 브릭이 한 방울 정도 첨가된 레드/2호는 로지빛이 감도는 레드 느낌이라서 둘 다 다른 느낌으로 마음에 들었어요! 얇게 한 겹으로 바르면 핑키한 느낌이 잘 보이기 때문에 레드가 잘 안어울리는 분들은 1회 발색해서 그라데이션 해주는 방법을 추천해요! 2회 이상 발색해주면 레드빛이 더 올라오는 편입니다ㅎㅎ

✔️ 제형
 요즘은 거의 다 글로시한 립 위주로 출시되고 있는 것 같은데, 또 이런 벨벳 제형은 유행 타지 않고 바르기에 좋다고 생각해요! 입술 위에 바르면 입자가 부드럽게 뭉개지면서 포슬포슬하게 올라가고, 매트하게 마무리되는 편이에요.
 
 벨벳 제형이다보니 평소 입술이 건조한 분들은 바르기 전에 립밤을 약간 올려두고 다른 메이크업을 한 후, 립을 바르기 직접에 유분기가 남지 않도록 깨끗하게 닦아주세요. 그 다음에 벨벳 립제품을 발라주면 건조하지 않고 유지력도 약간이지만 좋아져요!

👀 아무래도 벨벳 제형이다보니 유지력은 보통인 편이에요! 입술에 착색을 시켜주는 틴트와는 다르기 때문에 어쩔 수 없지만 벨벳 틴트만의 매력이 있으니까요ㅎㅎ… 그래서 저는 립을 바르기 전에 입술의 유수분을 잘 없애고 발라주는 걸 추천해요. 그리고 립을 바르고 건조되면 휴지에 한 번 음파 해주고, 립을 한 번 더 덧발라준 후 다시 휴지에 음파 해주면 유지력이 높아져요!",5,민감성;봄웜톤;민감성;트러블
9,20221015_030626,립틴트,[1+1] 플린 브리즈 벨벳틴트,https://www.oliveyoung.co.kr/store/goods/getGoodsDetail.do?goodsNo=B000000169750&dispCatNo=1000001000200060003&trackingCd&curation&egcode&rccode&egrankcode,플린,[1+1] 플린 브리즈 벨벳틴트,17900,14900,01 레드우드+03 리썸베이지;02 딤로즈+04 비모브;01 레드우드+02 딤로즈;01 레드우드+04 비모브;02 딤로즈+03 리썸베이지;03 리썸베이지+04 비모브;01 레드우드 1+1;02 딤로즈 1+1;03 리썸베이지 1+1;04 비모브 1+1,"01 레드우드
다이메티콘, 사이클로펜타실록세인, 다이메티콘크로스폴리머, 폴리글리세릴-2트라이아이소스테아레이트, 티타늄디옥사이드, 사이클로헥사실록세인, 1,2-헥산다이올, 세틸피이지/피피지-10/1다이메티콘, 실리카실릴레이트, 황색5호, 탤크, 다이메티콘/비닐다이메티콘크로스폴리머, 에칠헥실살리실레이트, 적색산화철, 부틸옥틸살리실레이트, 페닐트라이메티콘, 적색202호, 향료, 토코페릴아세테이트, 흑색산화철, C30-45알킬다이메티콘",모든피부용,살구1,2022.08.26,"올영체험단을 통해 처음 알게 된 💖플린💖이라는 브랜드라 제품을 기대하지 않았는데 정말 만족하고 요즘 매일 사용하는 틴트예요! 1호와 2호 모두 예쁜데 개인적으로는 2호 딥로즈 컬러가 더좋았어요! 

💖1호 레드우드, 2호 딥 로즈 컬러는 손목과 입술에 발색했을 때 상품 설명에 있는 발색샷의 느낌보다는 살짝 톤다운 된 느낌이었어요 개인적으로 발색샷보다 더 예쁘게 느껴졌어요

💖평소 글로시한 제품을 좋아하지 않고 벨벳 형태를 좋아하는데, 벨벳 제형 좋아하시는 분들은 꼭 사용하시면 좋을 것 같아요! 무스와 벨벳 느낌이 섞인 제형인데 묻어남도 별로 없고 주름 부각도 거의 없는 편이라 정말 만족스러웠어요❤️

💖제품의 디자인도 예쁘고 촉감도 좋아요 조금 길어서 너무 작은 파우치에는 튀어나올 것 같은데 들고 다니기에 부담스러운 크기는 아니에요

💖1호 레드우드는 다홍빛 느낌, 2호 딥로즈는 핑크 느낌으로 착색되는데, 착색은 없는 편이고 클렌징밤 사용해서 클렌징했을 때 깨끗하게 지워졌어요",5,건성;쿨톤;민감성;트러블
10,20221015_030630,립틴트,[1+1] 플린 브리즈 벨벳틴트,https://www.oliveyoung.co.kr/store/goods/getGoodsDetail.do?goodsNo=B000000169750&dispCatNo=1000001000200060003&trackingCd&curation&egcode&rccode&egrankcode,플린,[1+1] 플린 브리즈 벨벳틴트,17900,14900,01 레드우드+03 리썸베이지;02 딤로즈+04 비모브;01 레드우드+02 딤로즈;01 레드우드+04 비모브;02 딤로즈+03 리썸베이지;03 리썸베이지+04 비모브;01 레드우드 1+1;02 딤로즈 1+1;03 리썸베이지 1+1;04 비모브 1+1,"01 레드우드
다이메티콘, 사이클로펜타실록세인, 다이메티콘크로스폴리머, 폴리글리세릴-2트라이아이소스테아레이트, 티타늄디옥사이드, 사이클로헥사실록세인, 1,2-헥산다이올, 세틸피이지/피피지-10/1다이메티콘, 실리카실릴레이트, 황색5호, 탤크, 다이메티콘/비닐다이메티콘크로스폴리머, 에칠헥실살리실레이트, 적색산화철, 부틸옥틸살리실레이트, 페닐트라이메티콘, 적색202호, 향료, 토코페릴아세테이트, 흑색산화철, C30-45알킬다이메티콘",모든피부용,횬님,2022.08.27,"# 올영체험단 제품 선택 이유
올영체험단 이벤트 제품을 둘러보다가 플린에서 새로 출시된 벨벳틴트를 보게 됐어요! 플린이라는 브랜드도 처음 들어봤지만, 틴트 색을 웜/쿨톤 2개를 한번에 주는 구성이어서 선택해봤네요ㅎㅎ

# 제품 특징
우선 제품 패키지가 불투명하고 은은한게 분위기 있게 예뻐요. 전형적인 벨벳틴트 제형이고 발색도 부드럽고 살짝 보송하게 되네요. 너무 매트하면 각질이 부각될 수 있는데, 이 제품은 처음엔 촉촉하게 발려서 흡수되고 벨벳 느낌으로 마무리되서 지속력도 괜찮고 입술이 건조하지 않아요!

웜톤 색인 '레드우드'는 브라운기가 베이스인 브라운레드 색인데, 발색이 은은하게 되서 분위기 있는 메이크업을 하기 좋은 색상이에요. 쿨톤 색인 '딥로즈'는 연한 말린장미 색으로, 웜,쿨톤에 상관없이 다 잘 어울리네요. 색상 모두 가을에 딱 맞는 색이라 잘 바르고 다닐 것 같아요:)",5,복합성;봄웜톤;모공;주름
11,20221015_030630,립틴트,[1+1] 플린 브리즈 벨벳틴트,https://www.oliveyoung.co.kr/store/goods/getGoodsDetail.do?goodsNo=B000000169750&dispCatNo=1000001000200060003&trackingCd&curation&egcode&rccode&egrankcode,플린,[1+1] 플린 브리즈 벨벳틴트,17900,14900,01 레드우드+03 리썸베이지;02 딤로즈+04 비모브;01 레드우드+02 딤로즈;01 레드우드+04 비모브;02 딤로즈+03 리썸베이지;03 리썸베이지+04 비모브;01 레드우드 1+1;02 딤로즈 1+1;03 리썸베이지 1+1;04 비모브 1+1,"01 레드우드
다이메티콘, 사이클로펜타실록세인, 다이메티콘크로스폴리머, 폴리글리세릴-2트라이아이소스테아레이트, 티타늄디옥사이드, 사이클로헥사실록세인, 1,2-헥산다이올, 세틸피이지/피피지-10/1다이메티콘, 실리카실릴레이트, 황색5호, 탤크, 다이메티콘/비닐다이메티콘크로스폴리머, 에칠헥실살리실레이트, 적색산화철, 부틸옥틸살리실레이트, 페닐트라이메티콘, 적색202호, 향료, 토코페릴아세테이트, 흑색산화철, C30-45알킬다이메티콘",모든피부용,베리95,2022.08.20,요즘 촉촉립을 많이 쓰다 보니 다시 매트립을 쓰고싶었어요ㅋㅋ 플린 브리즈 벨벳 틴트 한번 써보고 싶었는데 올영체험단에 있길래 신청했어요!! 1호 레드우드랑 2호 딤 로즈 두색상 받았어요 전 웜톤이라서 1호는 잘 맞을거같았는데 2호는 긴기민가했어요 일단 1호 레드우드는 레드에 브라운이 살짝 섞인 색상이에요 쨍한 레드는 아니지만 손이 잘 가는 색상이라서 잘쓸거같아요 2호는 로즈에 레드가 살짝 섞인 색상이에요 웜톤도 데일리하게 쓸수있는 색상이에요 틴트를 쓰면 청포도향이 나서 너무 기분이 좋아요 바를때마다 청포도향이 나서 너무 좋아요ㅎㅎ 벨벳틴트인데 입술에 올렸을때 포슬포슬하게 올라가고 시간이 지나도 건조하거나 그런게 전혀 없어서 신기했어요 단독으로 발라도 이쁘지만 베이스 바르고 포인트로 안쪽에 발라도 이뻐요 사계절내내 잘쓸수있는 색이에요ㅎㅎ,5,지성;웜톤;모공;트러블
12,20221015_030631,립틴트,[1+1] 플린 브리즈 벨벳틴트,https://www.oliveyoung.co.kr/store/goods/getGoodsDetail.do?goodsNo=B000000169750&dispCatNo=1000001000200060003&trackingCd&curation&egcode&rccode&egrankcode,플린,[1+1] 플린 브리즈 벨벳틴트,17900,14900,01 레드우드+03 리썸베이지;02 딤로즈+04 비모브;01 레드우드+02 딤로즈;01 레드우드+04 비모브;02 딤로즈+03 리썸베이지;03 리썸베이지+04 비모브;01 레드우드 1+1;02 딤로즈 1+1;03 리썸베이지 1+1;04 비모브 1+1,"01 레드우드
다이메티콘, 사이클로펜타실록세인, 다이메티콘크로스폴리머, 폴리글리세릴-2트라이아이소스테아레이트, 티타늄디옥사이드, 사이클로헥사실록세인, 1,2-헥산다이올, 세틸피이지/피피지-10/1다이메티콘, 실리카실릴레이트, 황색5호, 탤크, 다이메티콘/비닐다이메티콘크로스폴리머, 에칠헥실살리실레이트, 적색산화철, 부틸옥틸살리실레이트, 페닐트라이메티콘, 적색202호, 향료, 토코페릴아세테이트, 흑색산화철, C30-45알킬다이메티콘",모든피부용,뾰료료룡,2022.08.18,"올영체험단으로 선정되어 상품을 받고 사용한 후기입니다!
❤️ 우선 향이 좋았습니다 립 제품이라서 형이 잘 느껴지는데 가끔 거북한 향을 가지고 있는 제품을 사용하면 머리가 아프기도 합니다 그래도 아 제품은 향이 좋아서 만족합니다
🧡 색도 예뻤습니다! 발색이 은은하기도하고 잘 나서 만족합니다! 피부톤에 맞춰서 구매를 하는 편이지만 그렇게 색상에 예민하지는 않습니다! 2가지 색상 모두 너무 예뻐서 번갈아가면서 사용하려고 합니다
💚 촉촉하다기보다는 부드러운 느낌입니다! 착색이 심하지 않아서 좋았고 지워지고 나도 은은한 색상이 남아있어서 좋았습니다
💙 지속력이 엄청 좋은 편은 아니지만 처음 발랐을 때의 색상이 유지되지 않는 가지 조금 지워지고 은은한 색상은 잘 유지되는 편인 것 같습니다
💜 립밤을 사용하고 틴트를 사용하는 편입니다 사용하면서 불편한 점은 느끼지 못했습니다 립밤을 사용하면서 사용해서 그런지 촉촉하게 유지되기는 했습니다",5,복합성;쿨톤;모공;미백
13,20221015_030631,립틴트,[1+1] 플린 브리즈 벨벳틴트,https://www.oliveyoung.co.kr/store/goods/getGoodsDetail.do?goodsNo=B000000169750&dispCatNo=1000001000200060003&trackingCd&curation&egcode&rccode&egrankcode,플린,[1+1] 플린 브리즈 벨벳틴트,17900,14900,01 레드우드+03 리썸베이지;02 딤로즈+04 비모브;01 레드우드+02 딤로즈;01 레드우드+04 비모브;02 딤로즈+03 리썸베이지;03 리썸베이지+04 비모브;01 레드우드 1+1;02 딤로즈 1+1;03 리썸베이지 1+1;04 비모브 1+1,"01 레드우드
다이메티콘, 사이클로펜타실록세인, 다이메티콘크로스폴리머, 폴리글리세릴-2트라이아이소스테아레이트, 티타늄디옥사이드, 사이클로헥사실록세인, 1,2-헥산다이올, 세틸피이지/피피지-10/1다이메티콘, 실리카실릴레이트, 황색5호, 탤크, 다이메티콘/비닐다이메티콘크로스폴리머, 에칠헥실살리실레이트, 적색산화철, 부틸옥틸살리실레이트, 페닐트라이메티콘, 적색202호, 향료, 토코페릴아세테이트, 흑색산화철, C30-45알킬다이메티콘",모든피부용,꼬마,2022.08.18,"💗💗플린 브리즈 벨벳 틴트 리뷰💗💗

새로나온 플린이란 브랜드 틴트 
상세 정보 발색 사진 보니까
색감이 너무 이뻐서 궁금했는데 올영체험단으로
신청할수있어서 좋았습니다.!

확실히 벨벳 틴트라 그런지
뽀송뽀송..발리는 느낌? 살짝 매트하긴한데
발림성도 좋고 발색도 잘되어서
좋았습니다.~!
저는 1호 red wood 색상이랑 2호 dim rose 색상
받았는데 개인적으로 ㅠㅠ 둘다 넘 색감
이쁜것 같아요. 둘중 2호 색상이
개취이긴합니당.! 쿨톤을 위한 색감..?

밀착력도 좋은 편입니다. 지속력은
마스크 묻어남 살짝 있습니다.
용기 디자인이 살짝 애매한 느낌..?
너무 길이가 긴것같아요.ㅎㅎ

개인적으로 틴트 달달한 향이 나서 
좋았습니다..?
달달구리 최고..ㅎ
다른 색상도구매해보고싶어요.!",5,복합성;봄웜톤;각질;미백
14,20221015_030631,립틴트,[1+1] 플린 브리즈 벨벳틴트,https://www.oliveyoung.co.kr/store/goods/getGoodsDetail.do?goodsNo=B000000169750&dispCatNo=1000001000200060003&trackingCd&curation&egcode&rccode&egrankcode,플린,[1+1] 플린 브리즈 벨벳틴트,17900,14900,01 레드우드+03 리썸베이지;02 딤로즈+04 비모브;01 레드우드+02 딤로즈;01 레드우드+04 비모브;02 딤로즈+03 리썸베이지;03 리썸베이지+04 비모브;01 레드우드 1+1;02 딤로즈 1+1;03 리썸베이지 1+1;04 비모브 1+1,"01 레드우드
다이메티콘, 사이클로펜타실록세인, 다이메티콘크로스폴리머, 폴리글리세릴-2트라이아이소스테아레이트, 티타늄디옥사이드, 사이클로헥사실록세인, 1,2-헥산다이올, 세틸피이지/피피지-10/1다이메티콘, 실리카실릴레이트, 황색5호, 탤크, 다이메티콘/비닐다이메티콘크로스폴리머, 에칠헥실살리실레이트, 적색산화철, 부틸옥틸살리실레이트, 페닐트라이메티콘, 적색202호, 향료, 토코페릴아세테이트, 흑색산화철, C30-45알킬다이메티콘",모든피부용,ddumany,2022.08.16,"예전에 플린 벨벳틴트를 써 본적이 있는데 그때도 블러리한 느낌이 마음에 들어서 만족하면서 사용했었어요
이번 틴트도 제형감이나 발림성이 넘 맘에 들어요
발라보자마자 느낀 첫 인상은 롬앤 블러퍼지틴트랑 굉장히 비슷하다는 거였어요!
벨벳틴트인데 입술에서 겉도는 느낌이 아니라 입술에 밀착력 있게 발려서 지속력이 괜찮다고 느껴졌고 넘 건조해서 불편하다는 느낌도 없었어요.
1호 레드우드는 웜한 레드컬러여서 가을웜 분들이 가을에 포인트 립으로 바르면 너무 이쁠것 같아요
2호 딥로즈는 쿨톤 로즈컬러인데 요즘 딱 유행하는 모브핑크립이예요!
저는 개인적으로 딥로즈컬러 넘 이쁜듯 ㅠㅠ
바를때 손가락이나 브러쉬로 블렌딩 해서 양조절 해서 바르는게 훨 이쁩니당!!!",5,복합성;웜톤;모공;민감성
15,20221015_030631,립틴트,[1+1] 플린 브리즈 벨벳틴트,https://www.oliveyoung.co.kr/store/goods/getGoodsDetail.do?goodsNo=B000000169750&dispCatNo=1000001000200060003&trackingCd&curation&egcode&rccode&egrankcode,플린,[1+1] 플린 브리즈 벨벳틴트,17900,14900,01 레드우드+03 리썸베이지;02 딤로즈+04 비모브;01 레드우드+02 딤로즈;01 레드우드+04 비모브;02 딤로즈+03 리썸베이지;03 리썸베이지+04 비모브;01 레드우드 1+1;02 딤로즈 1+1;03 리썸베이지 1+1;04 비모브 1+1,"01 레드우드
다이메티콘, 사이클로펜타실록세인, 다이메티콘크로스폴리머, 폴리글리세릴-2트라이아이소스테아레이트, 티타늄디옥사이드, 사이클로헥사실록세인, 1,2-헥산다이올, 세틸피이지/피피지-10/1다이메티콘, 실리카실릴레이트, 황색5호, 탤크, 다이메티콘/비닐다이메티콘크로스폴리머, 에칠헥실살리실레이트, 적색산화철, 부틸옥틸살리실레이트, 페닐트라이메티콘, 적색202호, 향료, 토코페릴아세테이트, 흑색산화철, C30-45알킬다이메티콘",모든피부용,올리뷰노예,2022.08.17,첫 발색은 맘에 들었으나 착색이 주황으로 되는.. 분명 쿨 틴트 발랐는데 웜이 되버리는마법 ㅜㅜ 지속력은 좋아요.. 픽싱되고 나면 마스크 묻어남 없습니다! 바를때 폭신하고 부드러운 질감 각질 부각 조금 있고 시간지날 수록 매트해지는 거 같네요 !!,3,건성;여름쿨톤;각질;다크서클
16,20221015_030633,립틴트,[1+1] 플린 브리즈 벨벳틴트,https://www.oliveyoung.co.kr/store/goods/getGoodsDetail.do?goodsNo=B000000169750&dispCatNo=1000001000200060003&trackingCd&curation&egcode&rccode&egrankcode,플린,[1+1] 플린 브리즈 벨벳틴트,17900,14900,01 레드우드+03 리썸베이지;02 딤로즈+04 비모브;01 레드우드+02 딤로즈;01 레드우드+04 비모브;02 딤로즈+03 리썸베이지;03 리썸베이지+04 비모브;01 레드우드 1+1;02 딤로즈 1+1;03 리썸베이지 1+1;04 비모브 1+1,"01 레드우드
다이메티콘, 사이클로펜타실록세인, 다이메티콘크로스폴리머, 폴리글리세릴-2트라이아이소스테아레이트, 티타늄디옥사이드, 사이클로헥사실록세인, 1,2-헥산다이올, 세틸피이지/피피지-10/1다이메티콘, 실리카실릴레이트, 황색5호, 탤크, 다이메티콘/비닐다이메티콘크로스폴리머, 에칠헥실살리실레이트, 적색산화철, 부틸옥틸살리실레이트, 페닐트라이메티콘, 적색202호, 향료, 토코페릴아세테이트, 흑색산화철, C30-45알킬다이메티콘",모든피부용,파우더꽃,2022.08.17,"21호 여른쿨톤 피부발색했을때 1호는 확실히 웜한 코랄 빛이 올라오고 2호는 레드가강한 핑크에아주 약간의 플럼으로 올라옵니다. 제품 하단의 색깔과는 아주 약간 달라요!

길고가능 외관처럼 브러쉬도 그리고 제품입구도 좁은 편인데 양조절을 적절히 하기 좋습니다. 다만 입구에 남은 제품이 나중에 새지않을까 쪼금 걱정이되기도하네요ㅎ

향이 딸기향이 베리향이 확 올라옵니다ㅋㅋ 그래서 바를때 약간 베리무스를 입술에 살포시올리는 느낌입니다ㅋㅋ 발림성도 그만큼 스무스하구요 까끌거리거나 예민한 느낌없이 부드럽습니다.

그리고 지속력정말 좋습니다. 착색도 엄청 진하네요
아침에 한번 바르고 점심까지 수정한번 안해도 거의 그대로 색이 남아있고 손목발색후 물티슈로 엄청 밀었는데도 잘 안지워지더라구요 그래도 비누로지우니깐 잘 지워집니다. 다만 착색 색깔이 원래색보다는 확실히 톤을 타는게 호는 거의 찐한 오렌지색으로 2호는 레드색으로 남습니다.",5,_alchera_none_
17,20221015_030633,립틴트,[1+1] 플린 브리즈 벨벳틴트,https://www.oliveyoung.co.kr/store/goods/getGoodsDetail.do?goodsNo=B000000169750&dispCatNo=1000001000200060003&trackingCd&curation&egcode&rccode&egrankcode,플린,[1+1] 플린 브리즈 벨벳틴트,17900,14900,01 레드우드+03 리썸베이지;02 딤로즈+04 비모브;01 레드우드+02 딤로즈;01 레드우드+04 비모브;02 딤로즈+03 리썸베이지;03 리썸베이지+04 비모브;01 레드우드 1+1;02 딤로즈 1+1;03 리썸베이지 1+1;04 비모브 1+1,"01 레드우드
다이메티콘, 사이클로펜타실록세인, 다이메티콘크로스폴리머, 폴리글리세릴-2트라이아이소스테아레이트, 티타늄디옥사이드, 사이클로헥사실록세인, 1,2-헥산다이올, 세틸피이지/피피지-10/1다이메티콘, 실리카실릴레이트, 황색5호, 탤크, 다이메티콘/비닐다이메티콘크로스폴리머, 에칠헥실살리실레이트, 적색산화철, 부틸옥틸살리실레이트, 페닐트라이메티콘, 적색202호, 향료, 토코페릴아세테이트, 흑색산화철, C30-45알킬다이메티콘",모든피부용,올영아가공주,2022.08.26,"상품의 색깔은 마음에 들었어요!!
근데 지속력과 발림성이 제 스타일에 맞는 제품은 아니었어요!!
수분감은 매트한 느낌이 드는 제품이었어요!
유분기가 많아서 입술에 착 달라붙는 뽀송함이 아니라 입술과 따로 노는 듯한 느낌이 들었어요.
제 기준에서는 아쉬운 제품이었습니다🥹",5,건성;여름쿨톤;홍조
18,20221015_030634,립틴트,[1+1] 플린 브리즈 벨벳틴트,https://www.oliveyoung.co.kr/store/goods/getGoodsDetail.do?goodsNo=B000000169750&dispCatNo=1000001000200060003&trackingCd&curation&egcode&rccode&egrankcode,플린,[1+1] 플린 브리즈 벨벳틴트,17900,14900,01 레드우드+03 리썸베이지;02 딤로즈+04 비모브;01 레드우드+02 딤로즈;01 레드우드+04 비모브;02 딤로즈+03 리썸베이지;03 리썸베이지+04 비모브;01 레드우드 1+1;02 딤로즈 1+1;03 리썸베이지 1+1;04 비모브 1+1,"01 레드우드
다이메티콘, 사이클로펜타실록세인, 다이메티콘크로스폴리머, 폴리글리세릴-2트라이아이소스테아레이트, 티타늄디옥사이드, 사이클로헥사실록세인, 1,2-헥산다이올, 세틸피이지/피피지-10/1다이메티콘, 실리카실릴레이트, 황색5호, 탤크, 다이메티콘/비닐다이메티콘크로스폴리머, 에칠헥실살리실레이트, 적색산화철, 부틸옥틸살리실레이트, 페닐트라이메티콘, 적색202호, 향료, 토코페릴아세테이트, 흑색산화철, C30-45알킬다이메티콘",모든피부용,둥이엄마아빠,2022.08.25,"신청하고 나서 한참이 지나서야 왔네요... ㅋㅋㅋ 못받는줄 알았어요

웜톤쿨톤 하나씩 받았는데 바르고나니 입술이 너무 건조해져요....",3,복합성;가을웜톤;미백;주름
19,20221015_030635,립틴트,[1+1] 플린 브리즈 벨벳틴트,https://www.oliveyoung.co.kr/store/goods/getGoodsDetail.do?goodsNo=B000000169750&dispCatNo=1000001000200060003&trackingCd&curation&egcode&rccode&egrankcode,플린,[1+1] 플린 브리즈 벨벳틴트,17900,14900,01 레드우드+03 리썸베이지;02 딤로즈+04 비모브;01 레드우드+02 딤로즈;01 레드우드+04 비모브;02 딤로즈+03 리썸베이지;03 리썸베이지+04 비모브;01 레드우드 1+1;02 딤로즈 1+1;03 리썸베이지 1+1;04 비모브 1+1,"01 레드우드
다이메티콘, 사이클로펜타실록세인, 다이메티콘크로스폴리머, 폴리글리세릴-2트라이아이소스테아레이트, 티타늄디옥사이드, 사이클로헥사실록세인, 1,2-헥산다이올, 세틸피이지/피피지-10/1다이메티콘, 실리카실릴레이트, 황색5호, 탤크, 다이메티콘/비닐다이메티콘크로스폴리머, 에칠헥실살리실레이트, 적색산화철, 부틸옥틸살리실레이트, 페닐트라이메티콘, 적색202호, 향료, 토코페릴아세테이트, 흑색산화철, C30-45알킬다이메티콘",모든피부용,pinkqu****,2022.07.06,"목요일 오후에 시켰는데 토욜아침에 받았어요!
진짜 색 너무 이쁘고요ㅠㅠ.....그 포슬포슬한게 진짜 요즘 습해서 그런지 너무 보송보송하고 산뜻하고 가볍게 발려서 좋아요 완전 처음 써보는 제형이에요.

좋아요! 저는 2+4호 조합으로 주문했는데, 4호 바르고 2호로 포인트 살짝 넣어주니까 더 예쁜 것 같아요><
사실 웜톤인데 쿨톤컬러도 욕심나서 사본거지만 솔직히 쿨톤은 2+4호 백퍼 성공할거같구여 웜톤도 블렌딩해서 쓰면 추천입니당 컬러는 그냥 예뻐요ㅠ

오일기가 없다보니 파우더리하게 조금 잘 뭉치는 편이라 그냥 입술 위에 대충 바르고 음빠해서 발라주면 나중에 몽글몽글 입술 위에서 다 뭉쳐있을수 있어요. 브러쉬든 손가락이든 이용해서 좀 얇게 펴발라줘야 할 것 같아여 대신진짜 주름사이 잘 메워주고 풀발색이 넘 예뻐요

두개 다 외출할때 써봤는데 친구들도 인정 해줌 👍",5,_alchera_none_
20,20221015_030639,립틴트,[1+1] 플린 브리즈 벨벳틴트,https://www.oliveyoung.co.kr/store/goods/getGoodsDetail.do?goodsNo=B000000169750&dispCatNo=1000001000200060003&trackingCd&curation&egcode&rccode&egrankcode,플린,[1+1] 플린 브리즈 벨벳틴트,17900,14900,01 레드우드+03 리썸베이지;02 딤로즈+04 비모브;01 레드우드+02 딤로즈;01 레드우드+04 비모브;02 딤로즈+03 리썸베이지;03 리썸베이지+04 비모브;01 레드우드 1+1;02 딤로즈 1+1;03 리썸베이지 1+1;04 비모브 1+1,"01 레드우드
다이메티콘, 사이클로펜타실록세인, 다이메티콘크로스폴리머, 폴리글리세릴-2트라이아이소스테아레이트, 티타늄디옥사이드, 사이클로헥사실록세인, 1,2-헥산다이올, 세틸피이지/피피지-10/1다이메티콘, 실리카실릴레이트, 황색5호, 탤크, 다이메티콘/비닐다이메티콘크로스폴리머, 에칠헥실살리실레이트, 적색산화철, 부틸옥틸살리실레이트, 페닐트라이메티콘, 적색202호, 향료, 토코페릴아세테이트, 흑색산화철, C30-45알킬다이메티콘",모든피부용,dlatnwl****,2022.09.16,너무너무 좋아용ㅎㅎ 친구꺼 잠깐 써보고 발림성도 너무좋고 색깔도 넘이쁘길래 샀는데 아주 만족해용:),5,_alchera_none_
21,20221015_030640,립틴트,[1+1] 플린 브리즈 벨벳틴트,https://www.oliveyoung.co.kr/store/goods/getGoodsDetail.do?goodsNo=B000000169750&dispCatNo=1000001000200060003&trackingCd&curation&egcode&rccode&egrankcode,플린,[1+1] 플린 브리즈 벨벳틴트,17900,14900,01 레드우드+03 리썸베이지;02 딤로즈+04 비모브;01 레드우드+02 딤로즈;01 레드우드+04 비모브;02 딤로즈+03 리썸베이지;03 리썸베이지+04 비모브;01 레드우드 1+1;02 딤로즈 1+1;03 리썸베이지 1+1;04 비모브 1+1,"01 레드우드
다이메티콘, 사이클로펜타실록세인, 다이메티콘크로스폴리머, 폴리글리세릴-2트라이아이소스테아레이트, 티타늄디옥사이드, 사이클로헥사실록세인, 1,2-헥산다이올, 세틸피이지/피피지-10/1다이메티콘, 실리카실릴레이트, 황색5호, 탤크, 다이메티콘/비닐다이메티콘크로스폴리머, 에칠헥실살리실레이트, 적색산화철, 부틸옥틸살리실레이트, 페닐트라이메티콘, 적색202호, 향료, 토코페릴아세테이트, 흑색산화철, C30-45알킬다이메티콘",모든피부용,dmswl****,2022.10.05,다공성파우더가 들어가있다고 해서 입술위에 적적갈라지는 느낌이 들진 않고 겉표현이 블러링 하면서도 매트해보이는? 하지만 파워매트는 아니라서 신기했어요! 진짜 꿀조합템,5,_alchera_none_
22,20221015_030641,립틴트,[1+1] 플린 브리즈 벨벳틴트,https://www.oliveyoung.co.kr/store/goods/getGoodsDetail.do?goodsNo=B000000169750&dispCatNo=1000001000200060003&trackingCd&curation&egcode&rccode&egrankcode,플린,[1+1] 플린 브리즈 벨벳틴트,17900,14900,01 레드우드+03 리썸베이지;02 딤로즈+04 비모브;01 레드우드+02 딤로즈;01 레드우드+04 비모브;02 딤로즈+03 리썸베이지;03 리썸베이지+04 비모브;01 레드우드 1+1;02 딤로즈 1+1;03 리썸베이지 1+1;04 비모브 1+1,"01 레드우드
다이메티콘, 사이클로펜타실록세인, 다이메티콘크로스폴리머, 폴리글리세릴-2트라이아이소스테아레이트, 티타늄디옥사이드, 사이클로헥사실록세인, 1,2-헥산다이올, 세틸피이지/피피지-10/1다이메티콘, 실리카실릴레이트, 황색5호, 탤크, 다이메티콘/비닐다이메티콘크로스폴리머, 에칠헥실살리실레이트, 적색산화철, 부틸옥틸살리실레이트, 페닐트라이메티콘, 적색202호, 향료, 토코페릴아세테이트, 흑색산화철, C30-45알킬다이메티콘",모든피부용,sun****,2022.08.07,"처음부터.
 1,2,4호에요 

너무나도 예쁩니다 정말루 발색 킹갓
1+3,2+4,2+3 다 섞어서 발라보고 있어요 ㅋㅋㅋ
다예쁜것 같기도 🥹🥹",5,_alchera_none_
23,20221015_030643,립틴트,[1+1] 플린 브리즈 벨벳틴트,https://www.oliveyoung.co.kr/store/goods/getGoodsDetail.do?goodsNo=B000000169750&dispCatNo=1000001000200060003&trackingCd&curation&egcode&rccode&egrankcode,플린,[1+1] 플린 브리즈 벨벳틴트,17900,14900,01 레드우드+03 리썸베이지;02 딤로즈+04 비모브;01 레드우드+02 딤로즈;01 레드우드+04 비모브;02 딤로즈+03 리썸베이지;03 리썸베이지+04 비모브;01 레드우드 1+1;02 딤로즈 1+1;03 리썸베이지 1+1;04 비모브 1+1,"01 레드우드
다이메티콘, 사이클로펜타실록세인, 다이메티콘크로스폴리머, 폴리글리세릴-2트라이아이소스테아레이트, 티타늄디옥사이드, 사이클로헥사실록세인, 1,2-헥산다이올, 세틸피이지/피피지-10/1다이메티콘, 실리카실릴레이트, 황색5호, 탤크, 다이메티콘/비닐다이메티콘크로스폴리머, 에칠헥실살리실레이트, 적색산화철, 부틸옥틸살리실레이트, 페닐트라이메티콘, 적색202호, 향료, 토코페릴아세테이트, 흑색산화철, C30-45알킬다이메티콘",모든피부용,제리제랑,2022.09.30,여름쿨톤 여름소프트 여름뮤트에 찰떡인 색상만 엮어놨어요 입술 진짜 예뻐보여요,5,_alchera_none_
24,20221015_030644,립틴트,[1+1] 플린 브리즈 벨벳틴트,https://www.oliveyoung.co.kr/store/goods/getGoodsDetail.do?goodsNo=B000000169750&dispCatNo=1000001000200060003&trackingCd&curation&egcode&rccode&egrankcode,플린,[1+1] 플린 브리즈 벨벳틴트,17900,14900,01 레드우드+03 리썸베이지;02 딤로즈+04 비모브;01 레드우드+02 딤로즈;01 레드우드+04 비모브;02 딤로즈+03 리썸베이지;03 리썸베이지+04 비모브;01 레드우드 1+1;02 딤로즈 1+1;03 리썸베이지 1+1;04 비모브 1+1,"01 레드우드
다이메티콘, 사이클로펜타실록세인, 다이메티콘크로스폴리머, 폴리글리세릴-2트라이아이소스테아레이트, 티타늄디옥사이드, 사이클로헥사실록세인, 1,2-헥산다이올, 세틸피이지/피피지-10/1다이메티콘, 실리카실릴레이트, 황색5호, 탤크, 다이메티콘/비닐다이메티콘크로스폴리머, 에칠헥실살리실레이트, 적색산화철, 부틸옥틸살리실레이트, 페닐트라이메티콘, 적색202호, 향료, 토코페릴아세테이트, 흑색산화철, C30-45알킬다이메티콘",모든피부용,dkfk****,2022.09.26,"처음 느껴보는 발림성과 컬러 발색력!
컬러 선택장애와서 4가지 컬러 모두 구입했는데 너무 만족해요",5,_alchera_none_
25,20221015_030645,립틴트,[1+1] 플린 브리즈 벨벳틴트,https://www.oliveyoung.co.kr/store/goods/getGoodsDetail.do?goodsNo=B000000169750&dispCatNo=1000001000200060003&trackingCd&curation&egcode&rccode&egrankcode,플린,[1+1] 플린 브리즈 벨벳틴트,17900,14900,01 레드우드+03 리썸베이지;02 딤로즈+04 비모브;01 레드우드+02 딤로즈;01 레드우드+04 비모브;02 딤로즈+03 리썸베이지;03 리썸베이지+04 비모브;01 레드우드 1+1;02 딤로즈 1+1;03 리썸베이지 1+1;04 비모브 1+1,"01 레드우드
다이메티콘, 사이클로펜타실록세인, 다이메티콘크로스폴리머, 폴리글리세릴-2트라이아이소스테아레이트, 티타늄디옥사이드, 사이클로헥사실록세인, 1,2-헥산다이올, 세틸피이지/피피지-10/1다이메티콘, 실리카실릴레이트, 황색5호, 탤크, 다이메티콘/비닐다이메티콘크로스폴리머, 에칠헥실살리실레이트, 적색산화철, 부틸옥틸살리실레이트, 페닐트라이메티콘, 적색202호, 향료, 토코페릴아세테이트, 흑색산화철, C30-45알킬다이메티콘",모든피부용,dkfk****,2022.09.26,"처음 느껴보는 발림성과 컬러 발색력!
컬러 선택장애와서 4가지 컬러 모두 구입했는데 너무 만족해요",5,_alchera_none_
26,20221015_030646,립틴트,[1+1] 플린 브리즈 벨벳틴트,https://www.oliveyoung.co.kr/store/goods/getGoodsDetail.do?goodsNo=B000000169750&dispCatNo=1000001000200060003&trackingCd&curation&egcode&rccode&egrankcode,플린,[1+1] 플린 브리즈 벨벳틴트,17900,14900,01 레드우드+03 리썸베이지;02 딤로즈+04 비모브;01 레드우드+02 딤로즈;01 레드우드+04 비모브;02 딤로즈+03 리썸베이지;03 리썸베이지+04 비모브;01 레드우드 1+1;02 딤로즈 1+1;03 리썸베이지 1+1;04 비모브 1+1,"01 레드우드
다이메티콘, 사이클로펜타실록세인, 다이메티콘크로스폴리머, 폴리글리세릴-2트라이아이소스테아레이트, 티타늄디옥사이드, 사이클로헥사실록세인, 1,2-헥산다이올, 세틸피이지/피피지-10/1다이메티콘, 실리카실릴레이트, 황색5호, 탤크, 다이메티콘/비닐다이메티콘크로스폴리머, 에칠헥실살리실레이트, 적색산화철, 부틸옥틸살리실레이트, 페닐트라이메티콘, 적색202호, 향료, 토코페릴아세테이트, 흑색산화철, C30-45알킬다이메티콘",모든피부용,hyeonyou****,2022.07.06,공홈에서 구매 후 세트로 다른 홋수 구매했오요!! 플린 처음 사용해보는데 좋아요,5,_alchera_none_
27,20221015_030648,립틴트,[1+1] 플린 브리즈 벨벳틴트,https://www.oliveyoung.co.kr/store/goods/getGoodsDetail.do?goodsNo=B000000169750&dispCatNo=1000001000200060003&trackingCd&curation&egcode&rccode&egrankcode,플린,[1+1] 플린 브리즈 벨벳틴트,17900,14900,01 레드우드+03 리썸베이지;02 딤로즈+04 비모브;01 레드우드+02 딤로즈;01 레드우드+04 비모브;02 딤로즈+03 리썸베이지;03 리썸베이지+04 비모브;01 레드우드 1+1;02 딤로즈 1+1;03 리썸베이지 1+1;04 비모브 1+1,"01 레드우드
다이메티콘, 사이클로펜타실록세인, 다이메티콘크로스폴리머, 폴리글리세릴-2트라이아이소스테아레이트, 티타늄디옥사이드, 사이클로헥사실록세인, 1,2-헥산다이올, 세틸피이지/피피지-10/1다이메티콘, 실리카실릴레이트, 황색5호, 탤크, 다이메티콘/비닐다이메티콘크로스폴리머, 에칠헥실살리실레이트, 적색산화철, 부틸옥틸살리실레이트, 페닐트라이메티콘, 적색202호, 향료, 토코페릴아세테이트, 흑색산화철, C30-45알킬다이메티콘",모든피부용,dmswl****,2022.09.05,이번 구매로 인해 전색상 모두 가지고 있어요 가격대비 색상도 표현력도 너무 좋아요!,5,_alchera_none_
28,20221015_030649,립틴트,[1+1] 플린 브리즈 벨벳틴트,https://www.oliveyoung.co.kr/store/goods/getGoodsDetail.do?goodsNo=B000000169750&dispCatNo=1000001000200060003&trackingCd&curation&egcode&rccode&egrankcode,플린,[1+1] 플린 브리즈 벨벳틴트,17900,14900,01 레드우드+03 리썸베이지;02 딤로즈+04 비모브;01 레드우드+02 딤로즈;01 레드우드+04 비모브;02 딤로즈+03 리썸베이지;03 리썸베이지+04 비모브;01 레드우드 1+1;02 딤로즈 1+1;03 리썸베이지 1+1;04 비모브 1+1,"01 레드우드
다이메티콘, 사이클로펜타실록세인, 다이메티콘크로스폴리머, 폴리글리세릴-2트라이아이소스테아레이트, 티타늄디옥사이드, 사이클로헥사실록세인, 1,2-헥산다이올, 세틸피이지/피피지-10/1다이메티콘, 실리카실릴레이트, 황색5호, 탤크, 다이메티콘/비닐다이메티콘크로스폴리머, 에칠헥실살리실레이트, 적색산화철, 부틸옥틸살리실레이트, 페닐트라이메티콘, 적색202호, 향료, 토코페릴아세테이트, 흑색산화철, C30-45알킬다이메티콘",모든피부용,kuhee****,2022.07.24,"유이레컬러 영상보고 혹시나 하고 샀는데,
오 생각외로 잘 맞고 쌩얼에도 좋네요ㅎㅎ
유용하게 잘 쓰고 있습니다.",5,_alchera_none_
