,timestamp,category,productName,urlProduct,brand,productName.1,price1,price2,Color,ingredients,skinType,username,datePublished,reviewText,score,reviewerSkinType
0,20221016_110224,컨실러,[NEW] 컬러그램 무결 창조 꼼실러 3종,https://www.oliveyoung.co.kr/store/goods/getGoodsDetail.do?goodsNo=A000000171877&dispCatNo=1000001000200010005&trackingCd&curation&egcode&rccode&egrankcode,컬러그램,[NEW] 컬러그램 무결 창조 꼼실러 3종,6900,6900,01 퓨어 바닐라;02 바닐라;03 샌드,"[01 퓨어바닐라]
정제수, 티타늄디옥사이드, 다이메티콘, 아이소트라이데실아이소노나노에이트, 부틸렌글라이콜, 하이드로제네이티드폴리아이소부텐, 아이소도데케인, 라우릴피이지-10트리스(트라이메틸실록시)실릴에틸다이메티콘 , 피브이피, 피이지-10다이메티콘, 아크릴레이트/폴리트라이메틸실록시메타크릴레이트코폴리머, 다이페닐실록시페닐트라이메티콘, 다이스테아다이모늄헥토라이트, 솔비탄아이소스테아레이트, 트라이메틸실록시실리케이트, 소듐클로라이드, 황색산화철, 트라이에톡시카프릴릴실레인, 페녹시에탄올, 적색산화철, 알루미늄하이드록사이드, 폴리글리세릴-6폴리하이드록시스테아레이트, 폴리글리세릴-6폴리리시놀리에이트, 피이지-10, 다이메티콘/비닐다이메티콘크로스폴리머, 향료, 흑색산화철, 에틸헥실글리세린, 폴리글리세린-6, 병풀추출물",모든피부타입/3colors,새벽여우별,2022.10.01,"🍦제가 구입한 건 2호 바닐라 호수예요.🍦
그런데 생각보다 원하는 색상이 아니어서 1호 살걸 하는 생각도 들어요. 컨실러는 피부톤보다 어둡게 써야 커버가 잘 된다는 말을 많이 들었는데 베이스 색상이 안 맞아서 커버력을 덜 느낀 것 같아요.

▪️가격이 저렴하다고 생각했는데 용량을 보면 다른 컨실러 제품들과 비슷하다는 생각이 들어요. 제 손이 작은데도 손가락 길이와 맞먹는 길이에요. 한 손에 들어오는 미니미한 사이즈!! 
휴대성을 생각해서 작은 제품을 선호하시거나 위생 문제 때문에 빨리 제품을 교체하는 것을 원하는 분들께 적합한 소용량 컨실러랍니다ㅎㅎ 저도 위생 때문에 화장품 기한을 따져서 저에게는 적당한 제품이었어요.

▪️커버력 높은 제품을 원하시면 이 제품은 커버력이 좀 모자라다고 할 수 있을 것 같아요. 
저는 컨실러를 거의 안 쓰던 사람이라 2년에 한두 개 정도 사용할까 말까한 사람이에요. 웬만한 잡티는 파운데이션으로 커버가 돼서 컨실러를 안 쓰다 최근에 붉은 트러블이 갑자기 생기는 바람에 구매했어요. 그런데 파운데이션이랑 커버력이 비슷한 느낌이에요. 그냥 파운데이션만 사용할 때와 별 차이 없어서 손이 자주 가지는 않아요🥹

▪️그다지 묽은 편도 아니고 꾸덕한 편도 아니고 딱 중간 정도의 묽기예요. 그런데 픽스가 잘 안 돼서 커버가 잘 되지 않는다고 느끼는 것 같아요. 원래 컨실러 사용할 때 픽싱 시간을 주려고 올려만 놓고 블렌딩은 마지막에 해 주는데요, 이 컨실러는 그렇게 묽지도 않은데 픽싱이 빠르지도 않고 블렌딩할 때 도구에 찍히거나 벗겨지는 경향이 있는 것 같아요. 컨실러는 브러쉬와 똥퍼프를 사용하거든요. 두 개 다 벗겨짐이 느껴졌어요. 피부가 아니라 도구가 컨실러를 먹는 것 같이 밀착이 잘 안 됐어요😅

▪️개인적으로는 색상의 미스도 있어서 더 그렇게 느꼈어요. 핑크 베이스를 사용하면 피부가 두세 배로 더 붉어 보이는 홍조 피부라 웬만해서 옐로 베이스를 쓰려고 하는데 사진에 보시다시피 핑크 베이스라 애매하게 느껴졌어요. 분명 상세 페이지에서 볼 때도 그렇고 용기만 봐도 핑크 베이스처럼은 안 보이는데 발라보니 핑크기가 돌더라구요ㅠㅠ 저에게는 뜨는 색상이었어요...

▪️입구에 실리콘 마개가 있어서 양 조절이 잘 돼요. 
컨실러 봉의 두께와 실리콘 마개 지름 차이가 얼마 안 나서 양 조절이 정말 적절하게 돼요. 

▪️유통기한은 2024년 7월까지로 넉넉한 제품이 왔어요. 워낙 크기가 작아서 사용기한 안에 다 쓸 것 같아요. 생각보다 양이 얼마 안 되거든요.",4,건성;여름쿨톤;민감성;트러블
1,20221016_110224,컨실러,[NEW] 컬러그램 무결 창조 꼼실러 3종,https://www.oliveyoung.co.kr/store/goods/getGoodsDetail.do?goodsNo=A000000171877&dispCatNo=1000001000200010005&trackingCd&curation&egcode&rccode&egrankcode,컬러그램,[NEW] 컬러그램 무결 창조 꼼실러 3종,6900,6900,01 퓨어 바닐라;02 바닐라;03 샌드,"[01 퓨어바닐라]
정제수, 티타늄디옥사이드, 다이메티콘, 아이소트라이데실아이소노나노에이트, 부틸렌글라이콜, 하이드로제네이티드폴리아이소부텐, 아이소도데케인, 라우릴피이지-10트리스(트라이메틸실록시)실릴에틸다이메티콘 , 피브이피, 피이지-10다이메티콘, 아크릴레이트/폴리트라이메틸실록시메타크릴레이트코폴리머, 다이페닐실록시페닐트라이메티콘, 다이스테아다이모늄헥토라이트, 솔비탄아이소스테아레이트, 트라이메틸실록시실리케이트, 소듐클로라이드, 황색산화철, 트라이에톡시카프릴릴실레인, 페녹시에탄올, 적색산화철, 알루미늄하이드록사이드, 폴리글리세릴-6폴리하이드록시스테아레이트, 폴리글리세릴-6폴리리시놀리에이트, 피이지-10, 다이메티콘/비닐다이메티콘크로스폴리머, 향료, 흑색산화철, 에틸헥실글리세린, 폴리글리세린-6, 병풀추출물",모든피부타입/3colors,새벽여우별,2022.08.31,"📌총평📌
▪️커버력: 별 5개 중 2/5
▪️밀착력: 별 5개 중 4/5
▪️지속력: 별 5개 중 5/5
▪️색상: 핑크 베이스 21-22호, 옐로우 베이스 쓰거나 홍조 있는 사람에게는 분홍빛으로 올라옴.

🙂컨실러를 평소에 안 쓰는데 최근에 피부가 많이 뒤집어져서 컨실러가 필요하더라고요. 잘 안 쓰다보니 많은 양이 필요하지 않았는데 가격과 용량을 보니 작은 사이즈일 것 같아서 컬러그램 컨실러를 구매했어요.

🙂증정용으로 온 틴트 정말 작고 귀여워요ㅎㅎ
컬러그램 쥬시 블러 틴트 3호 애플쌍따봉을 받았어요.
쿨톤인 제게도 잘 맞는 애플레드 색상으로 피부톤을 크게 타지 않는 색상이라 증정용으로 좋은 것 같아요.🍎

🔹크기는 생각했던대로 많이 작았어요.
더* 컨실러 정도로 작은 크기예요. 딱 이 가격에 맞는 용량이랄까요ㅎㅎ 5.2g이라 보통 컨실러 용량의 반 정도예요. 그래서 가성비라고 하기엔 그렇고 저처럼 컨실러 잘 안 쓰는 분들께는 좋은 제품 같아요.

🔹커버력이 뛰어나지는 않아요.
제 팔에 있는 점을 커버해봤는데 손가락으로 덜어 톡톡 두드렸을 때 저 정도로 커버돼요. 다크서클 커버도 푸른기가 남을 정도로 부족해요. 높은 커버력을 원하시면 다른 컨실러 구매하시는 거 추천입니다.

🔹밀착력과 지속력이 좋아요.
컨실러 중에서도 지속력이 좋은 편인 것 같은 게 완전 티슈로 빡빡 문지르지 않는 한 손가락으로 밀어도 지워지지 않고 워터프루프 기능도 충실해요. 무슨 방수 처리한 것처럼 발려져 있어요.
밀착력도 좋은 편이에요.
제형이 꾸덕해서 올라갈 때 잘 펴발라줘야 하는데요, 
한 번 바르면 착 달라붙어서 발라놓은 베이스랑 잘 맞아요.

🔹제형은 꾸덕, 세미매트예요.
매트까지는 아니고 쫀득함이 느껴지는 세미매트예요. 
픽싱되면 보송하지만 어느 정도 점도가 느껴지는 컨실러라 지성피부에는 매트가 아닐 것 같아요. 

🔹중간에서 양조절이 잘 돼요.
세 번째 사진처럼 중간에 팁을 빼낼 때 양조절이 잘 돼서 나와요. 국소부위에 바를 분들에게 좋아요.

🔹저한테는 색상이 살짝 미스였어요.
21호를 사용하긴 하지만 그 이상은 밝을 것 같고 실제로 컬러그램 컨실러 상세 정보 페이지 사진을 봤을 때 2호 바닐라도 충분히 밝은 것 같아서 1호를 구매했어요. 
밝은 21호나 17호 정도까지는 1호도 괜찮을 것 같아요.
컨실러를 스팟 가리기 용도로 쓰는 거라 어두운 건 상관없었지만 색상이 분홍빛이 돌더라고요.
상세 페이지에서 볼 때 충분히 노란기나 붉은기에 치우치지 않았다고 생각했는데 실제로 발라보니 핑크 베이스에 가깝더라고요.
홍조가 진하게 올라오는 피부라 평소에 핑크 베이스를 쓰지 않는데 좀 아쉬웠어요. 피부에서도 붉게 올라오더라고요.",5,건성;여름쿨톤;민감성;트러블
2,20221016_110224,컨실러,[NEW] 컬러그램 무결 창조 꼼실러 3종,https://www.oliveyoung.co.kr/store/goods/getGoodsDetail.do?goodsNo=A000000171877&dispCatNo=1000001000200010005&trackingCd&curation&egcode&rccode&egrankcode,컬러그램,[NEW] 컬러그램 무결 창조 꼼실러 3종,6900,6900,01 퓨어 바닐라;02 바닐라;03 샌드,"[01 퓨어바닐라]
정제수, 티타늄디옥사이드, 다이메티콘, 아이소트라이데실아이소노나노에이트, 부틸렌글라이콜, 하이드로제네이티드폴리아이소부텐, 아이소도데케인, 라우릴피이지-10트리스(트라이메틸실록시)실릴에틸다이메티콘 , 피브이피, 피이지-10다이메티콘, 아크릴레이트/폴리트라이메틸실록시메타크릴레이트코폴리머, 다이페닐실록시페닐트라이메티콘, 다이스테아다이모늄헥토라이트, 솔비탄아이소스테아레이트, 트라이메틸실록시실리케이트, 소듐클로라이드, 황색산화철, 트라이에톡시카프릴릴실레인, 페녹시에탄올, 적색산화철, 알루미늄하이드록사이드, 폴리글리세릴-6폴리하이드록시스테아레이트, 폴리글리세릴-6폴리리시놀리에이트, 피이지-10, 다이메티콘/비닐다이메티콘크로스폴리머, 향료, 흑색산화철, 에틸헥실글리세린, 폴리글리세린-6, 병풀추출물",모든피부타입/3colors,코덕인생,2022.09.03,"17호~19호 피부 여러분..
이 컨실러는 어두운색의 컨실러와 섞어쓰기위해 탄생한 것 같습니다
(13호정도의 분들은 안 섞고 이 제품만 쓰시면 될 것 같습니다)

제가 항상 맞는 색의 컨실러가 없어서 안쓰는 컨실러면 4개 넘어가는 사람인데
이렇게 밝은색의 컨실러는 처음봅니다..
다크닝도 없고 계속 뽀얀 그대로 유지됩니다
(사진에서 웨메 컨실러랑 동시에 발랐는데
웨메만 다크닝이 와있어요)

발림성도 괜찮았고 밖에서 7시간동안 있었는데
파우더 처리하니까 그리 묻어나지도 않았고
꽤 괜찮았습니다!

밝지만 너무 밝진않은 피부톤의 17~19호분들..
어두워서 안 쓰는 컨실러와 섞어서 써보세요!",5,복합성;여름쿨톤;다크서클;민감성
3,20221016_110224,컨실러,[NEW] 컬러그램 무결 창조 꼼실러 3종,https://www.oliveyoung.co.kr/store/goods/getGoodsDetail.do?goodsNo=A000000171877&dispCatNo=1000001000200010005&trackingCd&curation&egcode&rccode&egrankcode,컬러그램,[NEW] 컬러그램 무결 창조 꼼실러 3종,6900,6900,01 퓨어 바닐라;02 바닐라;03 샌드,"[01 퓨어바닐라]
정제수, 티타늄디옥사이드, 다이메티콘, 아이소트라이데실아이소노나노에이트, 부틸렌글라이콜, 하이드로제네이티드폴리아이소부텐, 아이소도데케인, 라우릴피이지-10트리스(트라이메틸실록시)실릴에틸다이메티콘 , 피브이피, 피이지-10다이메티콘, 아크릴레이트/폴리트라이메틸실록시메타크릴레이트코폴리머, 다이페닐실록시페닐트라이메티콘, 다이스테아다이모늄헥토라이트, 솔비탄아이소스테아레이트, 트라이메틸실록시실리케이트, 소듐클로라이드, 황색산화철, 트라이에톡시카프릴릴실레인, 페녹시에탄올, 적색산화철, 알루미늄하이드록사이드, 폴리글리세릴-6폴리하이드록시스테아레이트, 폴리글리세릴-6폴리리시놀리에이트, 피이지-10, 다이메티콘/비닐다이메티콘크로스폴리머, 향료, 흑색산화철, 에틸헥실글리세린, 폴리글리세린-6, 병풀추출물",모든피부타입/3colors,김붕붕,2022.10.07,13호에서 17호 라인의 컨실러가 필요해서 색상때문에 구매했어요 커버력은 높은 편은 아니에요 일반적으로 생각하는 정도의 컨실러와 파운데이션의 중간정도 커버력 느낌이에요 워낙 밝은 색상이라 더 그렇게 느껴지는 것 같아 감안하고 사용중이에요 그래도 이정도로 밝은 컨실러를 찾기 힘들었는데 컬러가 정말 마음에 들어요! 노란 피부라 핑크베이스 파운데이션을 사용하는데 이 컨실러도 옐로우베이스보다는 뉴트럴~핑크베이스라서 좋아요 17호나 21호 파운데이션 위에 이 컨실러를 하이라이터나 쉐딩 용으로 써도 좋을 것 같아요 퍼프를 사용하는 것보다는 가리고 싶은 부위에 조금 도톰하게 올린 후 브러쉬로 경계를 풀어주는 방법이 더 좋았습니다 제형은 꾸덕하고 용기 특징 덕분에 양 조절이 잘 돼서 국소부위에 올릴 때도 편했어요,4,지성;쿨톤;피지과다
4,20221016_110224,컨실러,[NEW] 컬러그램 무결 창조 꼼실러 3종,https://www.oliveyoung.co.kr/store/goods/getGoodsDetail.do?goodsNo=A000000171877&dispCatNo=1000001000200010005&trackingCd&curation&egcode&rccode&egrankcode,컬러그램,[NEW] 컬러그램 무결 창조 꼼실러 3종,6900,6900,01 퓨어 바닐라;02 바닐라;03 샌드,"[01 퓨어바닐라]
정제수, 티타늄디옥사이드, 다이메티콘, 아이소트라이데실아이소노나노에이트, 부틸렌글라이콜, 하이드로제네이티드폴리아이소부텐, 아이소도데케인, 라우릴피이지-10트리스(트라이메틸실록시)실릴에틸다이메티콘 , 피브이피, 피이지-10다이메티콘, 아크릴레이트/폴리트라이메틸실록시메타크릴레이트코폴리머, 다이페닐실록시페닐트라이메티콘, 다이스테아다이모늄헥토라이트, 솔비탄아이소스테아레이트, 트라이메틸실록시실리케이트, 소듐클로라이드, 황색산화철, 트라이에톡시카프릴릴실레인, 페녹시에탄올, 적색산화철, 알루미늄하이드록사이드, 폴리글리세릴-6폴리하이드록시스테아레이트, 폴리글리세릴-6폴리리시놀리에이트, 피이지-10, 다이메티콘/비닐다이메티콘크로스폴리머, 향료, 흑색산화철, 에틸헥실글리세린, 폴리글리세린-6, 병풀추출물",모든피부타입/3colors,로프티,2022.09.27,커버력은 생각보다...그렇게 좋지는 않았던것같아요! ㅠㅠㅠ 그래도 엄청 나쁘다거나 커버가 아예 안되는 정도는 아닙니다~~ 나름 잘 가려집니다!!! 저는 무엇보다 가격과 사이즈가 매력적이었어요 ㅎㅎㅎ 색상도 제 피부에 잘맞아서 좋았고요 ~~ 처음쓰면 팁에 내용물이 많이 묻어나와서 입구에 좀 덜어내고 사용하셔야 합니다! 저는 평소에 21호? 보다 좀더 밝은 색으로 사용하고있는 정도로 밝은 피부인데 중간 색상쓰니까 적당히 가리기 좋았어요ㅜ! 붓으로 바르면 좀더 잘 바를 수 있을것같아요~ ~ 참고로 저는 그냥 팩트 쿠션으로 발랐는데 그래서인지 커버력은 그닥...이었던거같아여 잡티가 작거나 옅으면 아주 좋을것같습니다:)! 그래서인지 완전 매트하기보단 살짝 촉촉한편에 가까웠습니다^^!참고하세용,5,민감성;봄웜톤;모공;민감성
5,20221016_110224,컨실러,[NEW] 컬러그램 무결 창조 꼼실러 3종,https://www.oliveyoung.co.kr/store/goods/getGoodsDetail.do?goodsNo=A000000171877&dispCatNo=1000001000200010005&trackingCd&curation&egcode&rccode&egrankcode,컬러그램,[NEW] 컬러그램 무결 창조 꼼실러 3종,6900,6900,01 퓨어 바닐라;02 바닐라;03 샌드,"[01 퓨어바닐라]
정제수, 티타늄디옥사이드, 다이메티콘, 아이소트라이데실아이소노나노에이트, 부틸렌글라이콜, 하이드로제네이티드폴리아이소부텐, 아이소도데케인, 라우릴피이지-10트리스(트라이메틸실록시)실릴에틸다이메티콘 , 피브이피, 피이지-10다이메티콘, 아크릴레이트/폴리트라이메틸실록시메타크릴레이트코폴리머, 다이페닐실록시페닐트라이메티콘, 다이스테아다이모늄헥토라이트, 솔비탄아이소스테아레이트, 트라이메틸실록시실리케이트, 소듐클로라이드, 황색산화철, 트라이에톡시카프릴릴실레인, 페녹시에탄올, 적색산화철, 알루미늄하이드록사이드, 폴리글리세릴-6폴리하이드록시스테아레이트, 폴리글리세릴-6폴리리시놀리에이트, 피이지-10, 다이메티콘/비닐다이메티콘크로스폴리머, 향료, 흑색산화철, 에틸헥실글리세린, 폴리글리세린-6, 병풀추출물",모든피부타입/3colors,beemin,2022.09.08,컨실러가 급하게 필요해서 마침 세일하기도 하고 크기도 작아서 호기심에 구입 해봤어요. 피부가 13호여서 제일 밝은 색으로 샀는데 색은 다행이 잘 맞았어요. 개인적으로 커버력은 솔직히 별로였어요. 커버력이 좀 만 더 좋았으면 하는 마음이 드네요. 재구매는 아마 안 할 거 같아요.,5,지성;쿨톤;각질;모공
6,20221016_110224,컨실러,[NEW] 컬러그램 무결 창조 꼼실러 3종,https://www.oliveyoung.co.kr/store/goods/getGoodsDetail.do?goodsNo=A000000171877&dispCatNo=1000001000200010005&trackingCd&curation&egcode&rccode&egrankcode,컬러그램,[NEW] 컬러그램 무결 창조 꼼실러 3종,6900,6900,01 퓨어 바닐라;02 바닐라;03 샌드,"[01 퓨어바닐라]
정제수, 티타늄디옥사이드, 다이메티콘, 아이소트라이데실아이소노나노에이트, 부틸렌글라이콜, 하이드로제네이티드폴리아이소부텐, 아이소도데케인, 라우릴피이지-10트리스(트라이메틸실록시)실릴에틸다이메티콘 , 피브이피, 피이지-10다이메티콘, 아크릴레이트/폴리트라이메틸실록시메타크릴레이트코폴리머, 다이페닐실록시페닐트라이메티콘, 다이스테아다이모늄헥토라이트, 솔비탄아이소스테아레이트, 트라이메틸실록시실리케이트, 소듐클로라이드, 황색산화철, 트라이에톡시카프릴릴실레인, 페녹시에탄올, 적색산화철, 알루미늄하이드록사이드, 폴리글리세릴-6폴리하이드록시스테아레이트, 폴리글리세릴-6폴리리시놀리에이트, 피이지-10, 다이메티콘/비닐다이메티콘크로스폴리머, 향료, 흑색산화철, 에틸헥실글리세린, 폴리글리세린-6, 병풀추출물",모든피부타입/3colors,쀼퓨,2022.09.20,"가격이 저렴해서 기대안했는데
커버력이 생각보다 우수해서 놀랬습니당!!",5,복합성;쿨톤;각질;모공
7,20221016_110225,컨실러,[NEW] 컬러그램 무결 창조 꼼실러 3종,https://www.oliveyoung.co.kr/store/goods/getGoodsDetail.do?goodsNo=A000000171877&dispCatNo=1000001000200010005&trackingCd&curation&egcode&rccode&egrankcode,컬러그램,[NEW] 컬러그램 무결 창조 꼼실러 3종,6900,6900,01 퓨어 바닐라;02 바닐라;03 샌드,"[01 퓨어바닐라]
정제수, 티타늄디옥사이드, 다이메티콘, 아이소트라이데실아이소노나노에이트, 부틸렌글라이콜, 하이드로제네이티드폴리아이소부텐, 아이소도데케인, 라우릴피이지-10트리스(트라이메틸실록시)실릴에틸다이메티콘 , 피브이피, 피이지-10다이메티콘, 아크릴레이트/폴리트라이메틸실록시메타크릴레이트코폴리머, 다이페닐실록시페닐트라이메티콘, 다이스테아다이모늄헥토라이트, 솔비탄아이소스테아레이트, 트라이메틸실록시실리케이트, 소듐클로라이드, 황색산화철, 트라이에톡시카프릴릴실레인, 페녹시에탄올, 적색산화철, 알루미늄하이드록사이드, 폴리글리세릴-6폴리하이드록시스테아레이트, 폴리글리세릴-6폴리리시놀리에이트, 피이지-10, 다이메티콘/비닐다이메티콘크로스폴리머, 향료, 흑색산화철, 에틸헥실글리세린, 폴리글리세린-6, 병풀추출물",모든피부타입/3colors,74g4gdhd****,2022.09.17,피부색상이랑 잘 맞아서 좋았습니당 발림성 굿 고민하고 계시다면 구매하시길,3,지성;여름쿨톤;다크서클;블랙헤드
8,20221016_110225,컨실러,[NEW] 컬러그램 무결 창조 꼼실러 3종,https://www.oliveyoung.co.kr/store/goods/getGoodsDetail.do?goodsNo=A000000171877&dispCatNo=1000001000200010005&trackingCd&curation&egcode&rccode&egrankcode,컬러그램,[NEW] 컬러그램 무결 창조 꼼실러 3종,6900,6900,01 퓨어 바닐라;02 바닐라;03 샌드,"[01 퓨어바닐라]
정제수, 티타늄디옥사이드, 다이메티콘, 아이소트라이데실아이소노나노에이트, 부틸렌글라이콜, 하이드로제네이티드폴리아이소부텐, 아이소도데케인, 라우릴피이지-10트리스(트라이메틸실록시)실릴에틸다이메티콘 , 피브이피, 피이지-10다이메티콘, 아크릴레이트/폴리트라이메틸실록시메타크릴레이트코폴리머, 다이페닐실록시페닐트라이메티콘, 다이스테아다이모늄헥토라이트, 솔비탄아이소스테아레이트, 트라이메틸실록시실리케이트, 소듐클로라이드, 황색산화철, 트라이에톡시카프릴릴실레인, 페녹시에탄올, 적색산화철, 알루미늄하이드록사이드, 폴리글리세릴-6폴리하이드록시스테아레이트, 폴리글리세릴-6폴리리시놀리에이트, 피이지-10, 다이메티콘/비닐다이메티콘크로스폴리머, 향료, 흑색산화철, 에틸헥실글리세린, 폴리글리세린-6, 병풀추출물",모든피부타입/3colors,멍군이누나,2022.09.17,하이라이터용으로 샀는데 일단 색감이 마음에 들고 양도 딱 좋아요,5,복합성;봄웜톤;민감성;블랙헤드
9,20221016_110225,컨실러,[NEW] 컬러그램 무결 창조 꼼실러 3종,https://www.oliveyoung.co.kr/store/goods/getGoodsDetail.do?goodsNo=A000000171877&dispCatNo=1000001000200010005&trackingCd&curation&egcode&rccode&egrankcode,컬러그램,[NEW] 컬러그램 무결 창조 꼼실러 3종,6900,6900,01 퓨어 바닐라;02 바닐라;03 샌드,"[01 퓨어바닐라]
정제수, 티타늄디옥사이드, 다이메티콘, 아이소트라이데실아이소노나노에이트, 부틸렌글라이콜, 하이드로제네이티드폴리아이소부텐, 아이소도데케인, 라우릴피이지-10트리스(트라이메틸실록시)실릴에틸다이메티콘 , 피브이피, 피이지-10다이메티콘, 아크릴레이트/폴리트라이메틸실록시메타크릴레이트코폴리머, 다이페닐실록시페닐트라이메티콘, 다이스테아다이모늄헥토라이트, 솔비탄아이소스테아레이트, 트라이메틸실록시실리케이트, 소듐클로라이드, 황색산화철, 트라이에톡시카프릴릴실레인, 페녹시에탄올, 적색산화철, 알루미늄하이드록사이드, 폴리글리세릴-6폴리하이드록시스테아레이트, 폴리글리세릴-6폴리리시놀리에이트, 피이지-10, 다이메티콘/비닐다이메티콘크로스폴리머, 향료, 흑색산화철, 에틸헥실글리세린, 폴리글리세린-6, 병풀추출물",모든피부타입/3colors,정켈리,2022.09.10,기존에 페리페라 컨실러 1호 썼는데 컬러그램 2호가 페리페라 1호보다 조금 더 밝고 핑크끼 있습니다!! 쫀쫀하고 좋아요~~,5,지성;여름쿨톤;다크서클;모공
10,20221016_110227,컨실러,[NEW] 컬러그램 무결 창조 꼼실러 3종,https://www.oliveyoung.co.kr/store/goods/getGoodsDetail.do?goodsNo=A000000171877&dispCatNo=1000001000200010005&trackingCd&curation&egcode&rccode&egrankcode,컬러그램,[NEW] 컬러그램 무결 창조 꼼실러 3종,6900,6900,01 퓨어 바닐라;02 바닐라;03 샌드,"[01 퓨어바닐라]
정제수, 티타늄디옥사이드, 다이메티콘, 아이소트라이데실아이소노나노에이트, 부틸렌글라이콜, 하이드로제네이티드폴리아이소부텐, 아이소도데케인, 라우릴피이지-10트리스(트라이메틸실록시)실릴에틸다이메티콘 , 피브이피, 피이지-10다이메티콘, 아크릴레이트/폴리트라이메틸실록시메타크릴레이트코폴리머, 다이페닐실록시페닐트라이메티콘, 다이스테아다이모늄헥토라이트, 솔비탄아이소스테아레이트, 트라이메틸실록시실리케이트, 소듐클로라이드, 황색산화철, 트라이에톡시카프릴릴실레인, 페녹시에탄올, 적색산화철, 알루미늄하이드록사이드, 폴리글리세릴-6폴리하이드록시스테아레이트, 폴리글리세릴-6폴리리시놀리에이트, 피이지-10, 다이메티콘/비닐다이메티콘크로스폴리머, 향료, 흑색산화철, 에틸헥실글리세린, 폴리글리세린-6, 병풀추출물",모든피부타입/3colors,llemoni,2022.09.03,크기가 작아서 휴대성이 좋고 커버력도 나쁘지 않네요! 색상이 예뻐요,4,복합성;웜톤;모공;트러블
11,20221016_110227,컨실러,[NEW] 컬러그램 무결 창조 꼼실러 3종,https://www.oliveyoung.co.kr/store/goods/getGoodsDetail.do?goodsNo=A000000171877&dispCatNo=1000001000200010005&trackingCd&curation&egcode&rccode&egrankcode,컬러그램,[NEW] 컬러그램 무결 창조 꼼실러 3종,6900,6900,01 퓨어 바닐라;02 바닐라;03 샌드,"[01 퓨어바닐라]
정제수, 티타늄디옥사이드, 다이메티콘, 아이소트라이데실아이소노나노에이트, 부틸렌글라이콜, 하이드로제네이티드폴리아이소부텐, 아이소도데케인, 라우릴피이지-10트리스(트라이메틸실록시)실릴에틸다이메티콘 , 피브이피, 피이지-10다이메티콘, 아크릴레이트/폴리트라이메틸실록시메타크릴레이트코폴리머, 다이페닐실록시페닐트라이메티콘, 다이스테아다이모늄헥토라이트, 솔비탄아이소스테아레이트, 트라이메틸실록시실리케이트, 소듐클로라이드, 황색산화철, 트라이에톡시카프릴릴실레인, 페녹시에탄올, 적색산화철, 알루미늄하이드록사이드, 폴리글리세릴-6폴리하이드록시스테아레이트, 폴리글리세릴-6폴리리시놀리에이트, 피이지-10, 다이메티콘/비닐다이메티콘크로스폴리머, 향료, 흑색산화철, 에틸헥실글리세린, 폴리글리세린-6, 병풀추출물",모든피부타입/3colors,청포도한마리,2022.08.31,"우선 진짜 쪼그매서 너무 귀엽습니다ㅎㅎㅎ
그냥 챙겨가지고 다니기 좋은 사이즈에요! 할인할때 사니까 확실히 저렴하긴하네욤

🎈발림성
컨실러 너무 매트하거나 뜨는게 많아서 맨날 사고 후회하고 사고 후회하고 반복인데 우선 이건 첫 사용감이 만족스러웠습니당 뭔가 얇은데 잘 발려서 파데나 쿠션 없이 바로 베이스 해도 될 거 같아요

🎈컬러
저는 컬러 혹시몰라서 호수별로 다 샀는데 평소 21호인데 2호가 딱 맞는거같아요 1호는 조금 밝아서 다크 가리기로 딱입니당

🎈커버력
컨실러라서 커버력은 당연히 젛습니다ㅎㅎㅎㅎ

🎈총평가
컨실러가 필요하다면 완전 추천입니다 일단 가격도 싸고 조그맣고 커버력도 중상이에요 컨실러하면 뜨고 그랬는데 이건 별로 뜨는것도 없어서 좋아요 원래 촉촉하면 커버력이 약하고 커버력이 좋으면 매트한데 얘는 그 중간을 잘 맞춘 거 같습니다!!",5,복합성;웜톤
12,20221016_110228,컨실러,[NEW] 컬러그램 무결 창조 꼼실러 3종,https://www.oliveyoung.co.kr/store/goods/getGoodsDetail.do?goodsNo=A000000171877&dispCatNo=1000001000200010005&trackingCd&curation&egcode&rccode&egrankcode,컬러그램,[NEW] 컬러그램 무결 창조 꼼실러 3종,6900,6900,01 퓨어 바닐라;02 바닐라;03 샌드,"[01 퓨어바닐라]
정제수, 티타늄디옥사이드, 다이메티콘, 아이소트라이데실아이소노나노에이트, 부틸렌글라이콜, 하이드로제네이티드폴리아이소부텐, 아이소도데케인, 라우릴피이지-10트리스(트라이메틸실록시)실릴에틸다이메티콘 , 피브이피, 피이지-10다이메티콘, 아크릴레이트/폴리트라이메틸실록시메타크릴레이트코폴리머, 다이페닐실록시페닐트라이메티콘, 다이스테아다이모늄헥토라이트, 솔비탄아이소스테아레이트, 트라이메틸실록시실리케이트, 소듐클로라이드, 황색산화철, 트라이에톡시카프릴릴실레인, 페녹시에탄올, 적색산화철, 알루미늄하이드록사이드, 폴리글리세릴-6폴리하이드록시스테아레이트, 폴리글리세릴-6폴리리시놀리에이트, 피이지-10, 다이메티콘/비닐다이메티콘크로스폴리머, 향료, 흑색산화철, 에틸헥실글리세린, 폴리글리세린-6, 병풀추출물",모든피부타입/3colors,ledebut,2022.09.25,할인가 중 가장 저렴해 보이길래 무심코 사봤어요. 수분감 없이 매트하게 발리는 편이고 순간에 커버력은 좋지만 매트하기에 여드름 같은 부위에 표가 금방 나는 편인 거 같아요. 작아서 부담없이 휴대용으로는 좋습니다 가성비로는 괜찮지만 기대는 안 하는 걸로,2,_alchera_none_
13,20221016_110229,컨실러,[NEW] 컬러그램 무결 창조 꼼실러 3종,https://www.oliveyoung.co.kr/store/goods/getGoodsDetail.do?goodsNo=A000000171877&dispCatNo=1000001000200010005&trackingCd&curation&egcode&rccode&egrankcode,컬러그램,[NEW] 컬러그램 무결 창조 꼼실러 3종,6900,6900,01 퓨어 바닐라;02 바닐라;03 샌드,"[01 퓨어바닐라]
정제수, 티타늄디옥사이드, 다이메티콘, 아이소트라이데실아이소노나노에이트, 부틸렌글라이콜, 하이드로제네이티드폴리아이소부텐, 아이소도데케인, 라우릴피이지-10트리스(트라이메틸실록시)실릴에틸다이메티콘 , 피브이피, 피이지-10다이메티콘, 아크릴레이트/폴리트라이메틸실록시메타크릴레이트코폴리머, 다이페닐실록시페닐트라이메티콘, 다이스테아다이모늄헥토라이트, 솔비탄아이소스테아레이트, 트라이메틸실록시실리케이트, 소듐클로라이드, 황색산화철, 트라이에톡시카프릴릴실레인, 페녹시에탄올, 적색산화철, 알루미늄하이드록사이드, 폴리글리세릴-6폴리하이드록시스테아레이트, 폴리글리세릴-6폴리리시놀리에이트, 피이지-10, 다이메티콘/비닐다이메티콘크로스폴리머, 향료, 흑색산화철, 에틸헥실글리세린, 폴리글리세린-6, 병풀추출물",모든피부타입/3colors,QueenLin,2022.09.15,"타사브랜드보다 진짜 밝아요!! 여러거지 제품발색해봤는데 이렇게나 밝을수가 넘 만족!! 상아빛살짝 핑크 예쁜 컨실러색
부분 밝히기 좋운 색이에요",5,_alchera_none_
14,20221016_110230,컨실러,[NEW] 컬러그램 무결 창조 꼼실러 3종,https://www.oliveyoung.co.kr/store/goods/getGoodsDetail.do?goodsNo=A000000171877&dispCatNo=1000001000200010005&trackingCd&curation&egcode&rccode&egrankcode,컬러그램,[NEW] 컬러그램 무결 창조 꼼실러 3종,6900,6900,01 퓨어 바닐라;02 바닐라;03 샌드,"[01 퓨어바닐라]
정제수, 티타늄디옥사이드, 다이메티콘, 아이소트라이데실아이소노나노에이트, 부틸렌글라이콜, 하이드로제네이티드폴리아이소부텐, 아이소도데케인, 라우릴피이지-10트리스(트라이메틸실록시)실릴에틸다이메티콘 , 피브이피, 피이지-10다이메티콘, 아크릴레이트/폴리트라이메틸실록시메타크릴레이트코폴리머, 다이페닐실록시페닐트라이메티콘, 다이스테아다이모늄헥토라이트, 솔비탄아이소스테아레이트, 트라이메틸실록시실리케이트, 소듐클로라이드, 황색산화철, 트라이에톡시카프릴릴실레인, 페녹시에탄올, 적색산화철, 알루미늄하이드록사이드, 폴리글리세릴-6폴리하이드록시스테아레이트, 폴리글리세릴-6폴리리시놀리에이트, 피이지-10, 다이메티콘/비닐다이메티콘크로스폴리머, 향료, 흑색산화철, 에틸헥실글리세린, 폴리글리세린-6, 병풀추출물",모든피부타입/3colors,청포도한마리,2022.09.01,"3개 호수 다 사서 쓰는중인데 역시 좋습니다!!
1호는 다크용, 2호랑 3호는 잡티가리기용으로 사용중인데 엄청 얇게발려서 좋아여❤️
그리고 일단 쪼그매서 넘 귀여움",5,복합성;웜톤
15,20221016_110230,컨실러,[NEW] 컬러그램 무결 창조 꼼실러 3종,https://www.oliveyoung.co.kr/store/goods/getGoodsDetail.do?goodsNo=A000000171877&dispCatNo=1000001000200010005&trackingCd&curation&egcode&rccode&egrankcode,컬러그램,[NEW] 컬러그램 무결 창조 꼼실러 3종,6900,6900,01 퓨어 바닐라;02 바닐라;03 샌드,"[01 퓨어바닐라]
정제수, 티타늄디옥사이드, 다이메티콘, 아이소트라이데실아이소노나노에이트, 부틸렌글라이콜, 하이드로제네이티드폴리아이소부텐, 아이소도데케인, 라우릴피이지-10트리스(트라이메틸실록시)실릴에틸다이메티콘 , 피브이피, 피이지-10다이메티콘, 아크릴레이트/폴리트라이메틸실록시메타크릴레이트코폴리머, 다이페닐실록시페닐트라이메티콘, 다이스테아다이모늄헥토라이트, 솔비탄아이소스테아레이트, 트라이메틸실록시실리케이트, 소듐클로라이드, 황색산화철, 트라이에톡시카프릴릴실레인, 페녹시에탄올, 적색산화철, 알루미늄하이드록사이드, 폴리글리세릴-6폴리하이드록시스테아레이트, 폴리글리세릴-6폴리리시놀리에이트, 피이지-10, 다이메티콘/비닐다이메티콘크로스폴리머, 향료, 흑색산화철, 에틸헥실글리세린, 폴리글리세린-6, 병풀추출물",모든피부타입/3colors,미스문,2022.09.17,고정이 생각보다 빨리 되요 건조한 건 절대 아니고! 발림성도 좋은데 제가 그동안 써온 제품들과 비교했을 때 묽은 타입은 아니구요! 사이즈가 작아서 휴대성은 아주 좋아요😬 커버력도 좋고 가성비 갑이에요 진짜. 다음에 얼굴 전체 가볍게 커버해보고 싶어서 시도할 예정,4,건성;쿨톤;민감성;블랙헤드
16,20221016_110230,컨실러,[NEW] 컬러그램 무결 창조 꼼실러 3종,https://www.oliveyoung.co.kr/store/goods/getGoodsDetail.do?goodsNo=A000000171877&dispCatNo=1000001000200010005&trackingCd&curation&egcode&rccode&egrankcode,컬러그램,[NEW] 컬러그램 무결 창조 꼼실러 3종,6900,6900,01 퓨어 바닐라;02 바닐라;03 샌드,"[01 퓨어바닐라]
정제수, 티타늄디옥사이드, 다이메티콘, 아이소트라이데실아이소노나노에이트, 부틸렌글라이콜, 하이드로제네이티드폴리아이소부텐, 아이소도데케인, 라우릴피이지-10트리스(트라이메틸실록시)실릴에틸다이메티콘 , 피브이피, 피이지-10다이메티콘, 아크릴레이트/폴리트라이메틸실록시메타크릴레이트코폴리머, 다이페닐실록시페닐트라이메티콘, 다이스테아다이모늄헥토라이트, 솔비탄아이소스테아레이트, 트라이메틸실록시실리케이트, 소듐클로라이드, 황색산화철, 트라이에톡시카프릴릴실레인, 페녹시에탄올, 적색산화철, 알루미늄하이드록사이드, 폴리글리세릴-6폴리하이드록시스테아레이트, 폴리글리세릴-6폴리리시놀리에이트, 피이지-10, 다이메티콘/비닐다이메티콘크로스폴리머, 향료, 흑색산화철, 에틸헥실글리세린, 폴리글리세린-6, 병풀추출물",모든피부타입/3colors,청포도한마리,2022.08.30,"치즈필름에서 보고 샀어요ㅎㅎㅎ 마침 다크써클용으로 컨실러 필요해서 샀는데 가격대비 만족스럽습니다! 뻑뻑한 컨실러 진짜 싫어하는데 적당히 매트해서 커버력도 좋았어요
그리고 컨실러 사면 미니틴트 주는데 미니틴트도 넘 좋아욯ㅎㅎㅎ
치즈필름에 틴트도 나오길래 같이 샀는데 다 넘 만족합니당",5,복합성;웜톤
17,20221016_110231,컨실러,[NEW] 컬러그램 무결 창조 꼼실러 3종,https://www.oliveyoung.co.kr/store/goods/getGoodsDetail.do?goodsNo=A000000171877&dispCatNo=1000001000200010005&trackingCd&curation&egcode&rccode&egrankcode,컬러그램,[NEW] 컬러그램 무결 창조 꼼실러 3종,6900,6900,01 퓨어 바닐라;02 바닐라;03 샌드,"[01 퓨어바닐라]
정제수, 티타늄디옥사이드, 다이메티콘, 아이소트라이데실아이소노나노에이트, 부틸렌글라이콜, 하이드로제네이티드폴리아이소부텐, 아이소도데케인, 라우릴피이지-10트리스(트라이메틸실록시)실릴에틸다이메티콘 , 피브이피, 피이지-10다이메티콘, 아크릴레이트/폴리트라이메틸실록시메타크릴레이트코폴리머, 다이페닐실록시페닐트라이메티콘, 다이스테아다이모늄헥토라이트, 솔비탄아이소스테아레이트, 트라이메틸실록시실리케이트, 소듐클로라이드, 황색산화철, 트라이에톡시카프릴릴실레인, 페녹시에탄올, 적색산화철, 알루미늄하이드록사이드, 폴리글리세릴-6폴리하이드록시스테아레이트, 폴리글리세릴-6폴리리시놀리에이트, 피이지-10, 다이메티콘/비닐다이메티콘크로스폴리머, 향료, 흑색산화철, 에틸헥실글리세린, 폴리글리세린-6, 병풀추출물",모든피부타입/3colors,qotnwls****,2022.10.15,"하 대체 어떤 컨실러에 정착할 수 있을까요ㅠㅠㅠ 원래 컨실러는다 파우치 안에서 터져야 국룰인건가요?..벌써 몇번짼지 이정도면 모든 컨실러들이 그런건지 의문이네요 다른분들도 그런가요..ㅠ흑 이 컨실러를 구매하기된 이유는 또 컨실러가 파우치안에서 터져서 파우치 버리고 급하게 올리브영에서 세일중이고 가성비 좋은 컨실러를 찾다가 구매하게됐어요 일단 가격이 착해요 아주착해 로드샵 브랜드보다 착해 대신 착한 가격떄문인지 커버력은 안좋아요ㅠㅠㅠ 원래 컨실러 한번만 발라도 됐는데 이거는 하루에 세네번이상은 덧발라야 되네요..ㅠ.ㅠ
후..그래도 가격이 싸니까 사용합니다 그리고 또 파우치에서 터지려고 하네요.ㅠㅠㅠㅠ 컨실러 안새는 꿀팁 있나요 그래서 화장지로 돌돌 말고다니네요... 일단 커버력은 안좋아요 장점 착한가격 끝",3,_alchera_none_
18,20221016_110232,컨실러,[NEW] 컬러그램 무결 창조 꼼실러 3종,https://www.oliveyoung.co.kr/store/goods/getGoodsDetail.do?goodsNo=A000000171877&dispCatNo=1000001000200010005&trackingCd&curation&egcode&rccode&egrankcode,컬러그램,[NEW] 컬러그램 무결 창조 꼼실러 3종,6900,6900,01 퓨어 바닐라;02 바닐라;03 샌드,"[01 퓨어바닐라]
정제수, 티타늄디옥사이드, 다이메티콘, 아이소트라이데실아이소노나노에이트, 부틸렌글라이콜, 하이드로제네이티드폴리아이소부텐, 아이소도데케인, 라우릴피이지-10트리스(트라이메틸실록시)실릴에틸다이메티콘 , 피브이피, 피이지-10다이메티콘, 아크릴레이트/폴리트라이메틸실록시메타크릴레이트코폴리머, 다이페닐실록시페닐트라이메티콘, 다이스테아다이모늄헥토라이트, 솔비탄아이소스테아레이트, 트라이메틸실록시실리케이트, 소듐클로라이드, 황색산화철, 트라이에톡시카프릴릴실레인, 페녹시에탄올, 적색산화철, 알루미늄하이드록사이드, 폴리글리세릴-6폴리하이드록시스테아레이트, 폴리글리세릴-6폴리리시놀리에이트, 피이지-10, 다이메티콘/비닐다이메티콘크로스폴리머, 향료, 흑색산화철, 에틸헥실글리세린, 폴리글리세린-6, 병풀추출물",모든피부타입/3colors,zz****,2022.10.04,"발림성 엄청 가벼워요! 다크서클, 피부 잡티 커버에 완벽했어요! 사이즈도 부담 없어 휴대용 들고 다니기도 편해서 좋아요!",5,_alchera_none_
19,20221016_110232,컨실러,[NEW] 컬러그램 무결 창조 꼼실러 3종,https://www.oliveyoung.co.kr/store/goods/getGoodsDetail.do?goodsNo=A000000171877&dispCatNo=1000001000200010005&trackingCd&curation&egcode&rccode&egrankcode,컬러그램,[NEW] 컬러그램 무결 창조 꼼실러 3종,6900,6900,01 퓨어 바닐라;02 바닐라;03 샌드,"[01 퓨어바닐라]
정제수, 티타늄디옥사이드, 다이메티콘, 아이소트라이데실아이소노나노에이트, 부틸렌글라이콜, 하이드로제네이티드폴리아이소부텐, 아이소도데케인, 라우릴피이지-10트리스(트라이메틸실록시)실릴에틸다이메티콘 , 피브이피, 피이지-10다이메티콘, 아크릴레이트/폴리트라이메틸실록시메타크릴레이트코폴리머, 다이페닐실록시페닐트라이메티콘, 다이스테아다이모늄헥토라이트, 솔비탄아이소스테아레이트, 트라이메틸실록시실리케이트, 소듐클로라이드, 황색산화철, 트라이에톡시카프릴릴실레인, 페녹시에탄올, 적색산화철, 알루미늄하이드록사이드, 폴리글리세릴-6폴리하이드록시스테아레이트, 폴리글리세릴-6폴리리시놀리에이트, 피이지-10, 다이메티콘/비닐다이메티콘크로스폴리머, 향료, 흑색산화철, 에틸헥실글리세린, 폴리글리세린-6, 병풀추출물",모든피부타입/3colors,재봄,2022.10.03,그냥 무난하게 쓰기 좋은 컨실러인 것 같아요! 크기가 작아서 여행갈 때 잘 들고갈 것 같아요,4,지성;여름쿨톤;모공;민감성
20,20221016_110236,컨실러,[NEW] 컬러그램 무결 창조 꼼실러 3종,https://www.oliveyoung.co.kr/store/goods/getGoodsDetail.do?goodsNo=A000000171877&dispCatNo=1000001000200010005&trackingCd&curation&egcode&rccode&egrankcode,컬러그램,[NEW] 컬러그램 무결 창조 꼼실러 3종,6900,6900,01 퓨어 바닐라;02 바닐라;03 샌드,"[01 퓨어바닐라]
정제수, 티타늄디옥사이드, 다이메티콘, 아이소트라이데실아이소노나노에이트, 부틸렌글라이콜, 하이드로제네이티드폴리아이소부텐, 아이소도데케인, 라우릴피이지-10트리스(트라이메틸실록시)실릴에틸다이메티콘 , 피브이피, 피이지-10다이메티콘, 아크릴레이트/폴리트라이메틸실록시메타크릴레이트코폴리머, 다이페닐실록시페닐트라이메티콘, 다이스테아다이모늄헥토라이트, 솔비탄아이소스테아레이트, 트라이메틸실록시실리케이트, 소듐클로라이드, 황색산화철, 트라이에톡시카프릴릴실레인, 페녹시에탄올, 적색산화철, 알루미늄하이드록사이드, 폴리글리세릴-6폴리하이드록시스테아레이트, 폴리글리세릴-6폴리리시놀리에이트, 피이지-10, 다이메티콘/비닐다이메티콘크로스폴리머, 향료, 흑색산화철, 에틸헥실글리세린, 폴리글리세린-6, 병풀추출물",모든피부타입/3colors,cjw****,2022.09.23,"커버가 잘 된다도 생각도 안 들고 잡티가 가려진다는 생각도 전혀 없었네요ㅠㅠㅠ 다크셔클도 가려지는 것 보다 그냥 투명한 종이 한장 올린다는 느낌이라고 해야하나,,, 쟤가 생각 한 것 만큼 좋지는 않았어요 그리고 굉장히 묽은 느낌이 강했어요... 잡티 가리기 용으로는 저는 그닥 별로라고 생각이 드네요......
사실은 2주 동안 기대하고 난 후 받은 거라서 제 욕심이 너무 강한 거 일수도 있어요 저렴한 가격이 좋아서 혹시 컨실러 연습용으로 발라본다면 좋을거 같네요..,,,,
저는 여드름 자국이랑 다크셔틀을 가릴려고 산거라서 제 기대가 너무 컸던거 같기도 해요...
그리고 생각보다 묽은 느낌이 강하니까 혹시 구매 하실 분들은 구매하기 전에 참고하시고 구매해보세요!!!
컬러그램은 눈화장만 맛집이었던 걸로...",4,_alchera_none_
21,20221016_110237,컨실러,[NEW] 컬러그램 무결 창조 꼼실러 3종,https://www.oliveyoung.co.kr/store/goods/getGoodsDetail.do?goodsNo=A000000171877&dispCatNo=1000001000200010005&trackingCd&curation&egcode&rccode&egrankcode,컬러그램,[NEW] 컬러그램 무결 창조 꼼실러 3종,6900,6900,01 퓨어 바닐라;02 바닐라;03 샌드,"[01 퓨어바닐라]
정제수, 티타늄디옥사이드, 다이메티콘, 아이소트라이데실아이소노나노에이트, 부틸렌글라이콜, 하이드로제네이티드폴리아이소부텐, 아이소도데케인, 라우릴피이지-10트리스(트라이메틸실록시)실릴에틸다이메티콘 , 피브이피, 피이지-10다이메티콘, 아크릴레이트/폴리트라이메틸실록시메타크릴레이트코폴리머, 다이페닐실록시페닐트라이메티콘, 다이스테아다이모늄헥토라이트, 솔비탄아이소스테아레이트, 트라이메틸실록시실리케이트, 소듐클로라이드, 황색산화철, 트라이에톡시카프릴릴실레인, 페녹시에탄올, 적색산화철, 알루미늄하이드록사이드, 폴리글리세릴-6폴리하이드록시스테아레이트, 폴리글리세릴-6폴리리시놀리에이트, 피이지-10, 다이메티콘/비닐다이메티콘크로스폴리머, 향료, 흑색산화철, 에틸헥실글리세린, 폴리글리세린-6, 병풀추출물",모든피부타입/3colors,dawoon****,2022.09.08,"그냥 가격이 싸서 사봤는데... 나름 가격대비 만족하고있어요 컨실러를 한 번도 사용 안 해봐서 그냥 뭣두모르고 산거라,,, ㅎㅎ̌̈
피부가 까만 편이라 젤 어두운 색상했는데 잘 맞구요 ㅎㅎ̌̈ 이번에 큰 뾰루지 올라온걸 잘 못 압출해서 흉이 하나 젔는데 열심히 관리하고 조금 옅어졌지만 쿠션으로 가리기에는 좀 애매하고 해서 컨실러 써보까? 하고 구매했어요
첫 컨실러라 비교는 못하겠고 제 나름대로 발림성도 충분히 잘 발리구, 일단 지속력도 좋은것같아요 나름 6시간있었는데도  잘 가려주고 있더라구요? 그래서 나름 만족 ㅎㅎ̌̈
발릴땐 촉촉한데 서서히 뽀송하게 유지되는것 같구 암튼 발라주구 쿠션 덧발라주면 깨끗한 피부 표현 가능한것같아요 . 학생분들한테 인기많을듯해요 . 세일기간에 사서 가격도 만족, 제품도 만족합니다 🤭",5,_alchera_none_
22,20221016_110238,컨실러,[NEW] 컬러그램 무결 창조 꼼실러 3종,https://www.oliveyoung.co.kr/store/goods/getGoodsDetail.do?goodsNo=A000000171877&dispCatNo=1000001000200010005&trackingCd&curation&egcode&rccode&egrankcode,컬러그램,[NEW] 컬러그램 무결 창조 꼼실러 3종,6900,6900,01 퓨어 바닐라;02 바닐라;03 샌드,"[01 퓨어바닐라]
정제수, 티타늄디옥사이드, 다이메티콘, 아이소트라이데실아이소노나노에이트, 부틸렌글라이콜, 하이드로제네이티드폴리아이소부텐, 아이소도데케인, 라우릴피이지-10트리스(트라이메틸실록시)실릴에틸다이메티콘 , 피브이피, 피이지-10다이메티콘, 아크릴레이트/폴리트라이메틸실록시메타크릴레이트코폴리머, 다이페닐실록시페닐트라이메티콘, 다이스테아다이모늄헥토라이트, 솔비탄아이소스테아레이트, 트라이메틸실록시실리케이트, 소듐클로라이드, 황색산화철, 트라이에톡시카프릴릴실레인, 페녹시에탄올, 적색산화철, 알루미늄하이드록사이드, 폴리글리세릴-6폴리하이드록시스테아레이트, 폴리글리세릴-6폴리리시놀리에이트, 피이지-10, 다이메티콘/비닐다이메티콘크로스폴리머, 향료, 흑색산화철, 에틸헥실글리세린, 폴리글리세린-6, 병풀추출물",모든피부타입/3colors,k202205083****,2022.10.07,"좋았어요♡♡♡
유튜브에서 보고 샀는데 사실 별기데는 안했어요
그냥 싸서 함 써봤는데. 예상보다 진짜 괜찮았어요
촉촉하다는 리부도 봤는데 말데로 인거 같아요 
생각보다 촉촉하고 잘 발리는데 아무레도 마스크 안에 
쓰긴 쫌 무리라 이마만 발랐어요
근데 뭐랄까?
컨실러 라기에는 걍 커버력 쫌 좋은 파데 같은기분이
더들더라고요 저는 그래서 이제품을 컨실러가아닌 파데로 
사용. 하고 있어요
피부 쫌 건조하시면 충분할거예요",4,_alchera_none_
23,20221016_110239,컨실러,[NEW] 컬러그램 무결 창조 꼼실러 3종,https://www.oliveyoung.co.kr/store/goods/getGoodsDetail.do?goodsNo=A000000171877&dispCatNo=1000001000200010005&trackingCd&curation&egcode&rccode&egrankcode,컬러그램,[NEW] 컬러그램 무결 창조 꼼실러 3종,6900,6900,01 퓨어 바닐라;02 바닐라;03 샌드,"[01 퓨어바닐라]
정제수, 티타늄디옥사이드, 다이메티콘, 아이소트라이데실아이소노나노에이트, 부틸렌글라이콜, 하이드로제네이티드폴리아이소부텐, 아이소도데케인, 라우릴피이지-10트리스(트라이메틸실록시)실릴에틸다이메티콘 , 피브이피, 피이지-10다이메티콘, 아크릴레이트/폴리트라이메틸실록시메타크릴레이트코폴리머, 다이페닐실록시페닐트라이메티콘, 다이스테아다이모늄헥토라이트, 솔비탄아이소스테아레이트, 트라이메틸실록시실리케이트, 소듐클로라이드, 황색산화철, 트라이에톡시카프릴릴실레인, 페녹시에탄올, 적색산화철, 알루미늄하이드록사이드, 폴리글리세릴-6폴리하이드록시스테아레이트, 폴리글리세릴-6폴리리시놀리에이트, 피이지-10, 다이메티콘/비닐다이메티콘크로스폴리머, 향료, 흑색산화철, 에틸헥실글리세린, 폴리글리세린-6, 병풀추출물",모든피부타입/3colors,je****,2022.09.03,"커버는 좋구 제 피부보다 쫌 뜨지맘 맘에들어요
 지속력도 좋고  
사진에서 왼쪽이 제품이고 오른쪽은 타제품 인데 제 기준으로 커버가 잘 되는더같아요 가운데는 암것도 안한것
다크서클도 잘 가려져요",4,_alchera_none_
24,20221016_110240,컨실러,[NEW] 컬러그램 무결 창조 꼼실러 3종,https://www.oliveyoung.co.kr/store/goods/getGoodsDetail.do?goodsNo=A000000171877&dispCatNo=1000001000200010005&trackingCd&curation&egcode&rccode&egrankcode,컬러그램,[NEW] 컬러그램 무결 창조 꼼실러 3종,6900,6900,01 퓨어 바닐라;02 바닐라;03 샌드,"[01 퓨어바닐라]
정제수, 티타늄디옥사이드, 다이메티콘, 아이소트라이데실아이소노나노에이트, 부틸렌글라이콜, 하이드로제네이티드폴리아이소부텐, 아이소도데케인, 라우릴피이지-10트리스(트라이메틸실록시)실릴에틸다이메티콘 , 피브이피, 피이지-10다이메티콘, 아크릴레이트/폴리트라이메틸실록시메타크릴레이트코폴리머, 다이페닐실록시페닐트라이메티콘, 다이스테아다이모늄헥토라이트, 솔비탄아이소스테아레이트, 트라이메틸실록시실리케이트, 소듐클로라이드, 황색산화철, 트라이에톡시카프릴릴실레인, 페녹시에탄올, 적색산화철, 알루미늄하이드록사이드, 폴리글리세릴-6폴리하이드록시스테아레이트, 폴리글리세릴-6폴리리시놀리에이트, 피이지-10, 다이메티콘/비닐다이메티콘크로스폴리머, 향료, 흑색산화철, 에틸헥실글리세린, 폴리글리세린-6, 병풀추출물",모든피부타입/3colors,koya****,2022.10.04,"잘받았습니다 감사합니다 
후비가 좋아서 구매
잘쓰겠습니다",4,_alchera_none_
25,20221016_110241,컨실러,[NEW] 컬러그램 무결 창조 꼼실러 3종,https://www.oliveyoung.co.kr/store/goods/getGoodsDetail.do?goodsNo=A000000171877&dispCatNo=1000001000200010005&trackingCd&curation&egcode&rccode&egrankcode,컬러그램,[NEW] 컬러그램 무결 창조 꼼실러 3종,6900,6900,01 퓨어 바닐라;02 바닐라;03 샌드,"[01 퓨어바닐라]
정제수, 티타늄디옥사이드, 다이메티콘, 아이소트라이데실아이소노나노에이트, 부틸렌글라이콜, 하이드로제네이티드폴리아이소부텐, 아이소도데케인, 라우릴피이지-10트리스(트라이메틸실록시)실릴에틸다이메티콘 , 피브이피, 피이지-10다이메티콘, 아크릴레이트/폴리트라이메틸실록시메타크릴레이트코폴리머, 다이페닐실록시페닐트라이메티콘, 다이스테아다이모늄헥토라이트, 솔비탄아이소스테아레이트, 트라이메틸실록시실리케이트, 소듐클로라이드, 황색산화철, 트라이에톡시카프릴릴실레인, 페녹시에탄올, 적색산화철, 알루미늄하이드록사이드, 폴리글리세릴-6폴리하이드록시스테아레이트, 폴리글리세릴-6폴리리시놀리에이트, 피이지-10, 다이메티콘/비닐다이메티콘크로스폴리머, 향료, 흑색산화철, 에틸헥실글리세린, 폴리글리세린-6, 병풀추출물",모든피부타입/3colors,gmldnjs****,2022.10.03,"가격이 너무 저렴해서 사봤는데 실제로 사이즈가 엄청 작네요ㅋㅋ
근데 가격 생각하면 합리적인듯?
개인적으로 액체로 된 파데나 컨실러는 유통기한내 다 못쓰는 경우가 많아서 적은 용량으로 저렴하게 구매하는게 좋다고 생각함
제품력은 딱 컨실러 역할하는 정도? 무난하다고 느껴짐",4,_alchera_none_
26,20221016_110242,컨실러,[NEW] 컬러그램 무결 창조 꼼실러 3종,https://www.oliveyoung.co.kr/store/goods/getGoodsDetail.do?goodsNo=A000000171877&dispCatNo=1000001000200010005&trackingCd&curation&egcode&rccode&egrankcode,컬러그램,[NEW] 컬러그램 무결 창조 꼼실러 3종,6900,6900,01 퓨어 바닐라;02 바닐라;03 샌드,"[01 퓨어바닐라]
정제수, 티타늄디옥사이드, 다이메티콘, 아이소트라이데실아이소노나노에이트, 부틸렌글라이콜, 하이드로제네이티드폴리아이소부텐, 아이소도데케인, 라우릴피이지-10트리스(트라이메틸실록시)실릴에틸다이메티콘 , 피브이피, 피이지-10다이메티콘, 아크릴레이트/폴리트라이메틸실록시메타크릴레이트코폴리머, 다이페닐실록시페닐트라이메티콘, 다이스테아다이모늄헥토라이트, 솔비탄아이소스테아레이트, 트라이메틸실록시실리케이트, 소듐클로라이드, 황색산화철, 트라이에톡시카프릴릴실레인, 페녹시에탄올, 적색산화철, 알루미늄하이드록사이드, 폴리글리세릴-6폴리하이드록시스테아레이트, 폴리글리세릴-6폴리리시놀리에이트, 피이지-10, 다이메티콘/비닐다이메티콘크로스폴리머, 향료, 흑색산화철, 에틸헥실글리세린, 폴리글리세린-6, 병풀추출물",모든피부타입/3colors,예그리나,2022.09.09,"괜찮아요.
전에 타 브랜드 젤 밝은거 샀다가 너무 노래서;;
바로 버렸는데 이제품은 젤 밝은컬러가 적당히 핑크빛이라서
사용하기 좋아요 가격도 착하고 진짜 강추.",5,_alchera_none_
27,20221016_110243,컨실러,[NEW] 컬러그램 무결 창조 꼼실러 3종,https://www.oliveyoung.co.kr/store/goods/getGoodsDetail.do?goodsNo=A000000171877&dispCatNo=1000001000200010005&trackingCd&curation&egcode&rccode&egrankcode,컬러그램,[NEW] 컬러그램 무결 창조 꼼실러 3종,6900,6900,01 퓨어 바닐라;02 바닐라;03 샌드,"[01 퓨어바닐라]
정제수, 티타늄디옥사이드, 다이메티콘, 아이소트라이데실아이소노나노에이트, 부틸렌글라이콜, 하이드로제네이티드폴리아이소부텐, 아이소도데케인, 라우릴피이지-10트리스(트라이메틸실록시)실릴에틸다이메티콘 , 피브이피, 피이지-10다이메티콘, 아크릴레이트/폴리트라이메틸실록시메타크릴레이트코폴리머, 다이페닐실록시페닐트라이메티콘, 다이스테아다이모늄헥토라이트, 솔비탄아이소스테아레이트, 트라이메틸실록시실리케이트, 소듐클로라이드, 황색산화철, 트라이에톡시카프릴릴실레인, 페녹시에탄올, 적색산화철, 알루미늄하이드록사이드, 폴리글리세릴-6폴리하이드록시스테아레이트, 폴리글리세릴-6폴리리시놀리에이트, 피이지-10, 다이메티콘/비닐다이메티콘크로스폴리머, 향료, 흑색산화철, 에틸헥실글리세린, 폴리글리세린-6, 병풀추출물",모든피부타입/3colors,aryun****,2022.09.08,"저렴하고 색상도 맘에들어요!
커버렫도 좋아보여용. ~ㅇㅇ",5,_alchera_none_
28,20221016_110244,컨실러,[NEW] 컬러그램 무결 창조 꼼실러 3종,https://www.oliveyoung.co.kr/store/goods/getGoodsDetail.do?goodsNo=A000000171877&dispCatNo=1000001000200010005&trackingCd&curation&egcode&rccode&egrankcode,컬러그램,[NEW] 컬러그램 무결 창조 꼼실러 3종,6900,6900,01 퓨어 바닐라;02 바닐라;03 샌드,"[01 퓨어바닐라]
정제수, 티타늄디옥사이드, 다이메티콘, 아이소트라이데실아이소노나노에이트, 부틸렌글라이콜, 하이드로제네이티드폴리아이소부텐, 아이소도데케인, 라우릴피이지-10트리스(트라이메틸실록시)실릴에틸다이메티콘 , 피브이피, 피이지-10다이메티콘, 아크릴레이트/폴리트라이메틸실록시메타크릴레이트코폴리머, 다이페닐실록시페닐트라이메티콘, 다이스테아다이모늄헥토라이트, 솔비탄아이소스테아레이트, 트라이메틸실록시실리케이트, 소듐클로라이드, 황색산화철, 트라이에톡시카프릴릴실레인, 페녹시에탄올, 적색산화철, 알루미늄하이드록사이드, 폴리글리세릴-6폴리하이드록시스테아레이트, 폴리글리세릴-6폴리리시놀리에이트, 피이지-10, 다이메티콘/비닐다이메티콘크로스폴리머, 향료, 흑색산화철, 에틸헥실글리세린, 폴리글리세린-6, 병풀추출물",모든피부타입/3colors,minn****,2022.09.02,쪼끄만게 실력이좋네요 색도 잘맞고 잘 발리는데 지속력도 좋은거같아요 마음에듭니당 잘쓸게요!,5,_alchera_none_
29,20221016_110246,컨실러,[NEW] 컬러그램 무결 창조 꼼실러 3종,https://www.oliveyoung.co.kr/store/goods/getGoodsDetail.do?goodsNo=A000000171877&dispCatNo=1000001000200010005&trackingCd&curation&egcode&rccode&egrankcode,컬러그램,[NEW] 컬러그램 무결 창조 꼼실러 3종,6900,6900,01 퓨어 바닐라;02 바닐라;03 샌드,"[01 퓨어바닐라]
정제수, 티타늄디옥사이드, 다이메티콘, 아이소트라이데실아이소노나노에이트, 부틸렌글라이콜, 하이드로제네이티드폴리아이소부텐, 아이소도데케인, 라우릴피이지-10트리스(트라이메틸실록시)실릴에틸다이메티콘 , 피브이피, 피이지-10다이메티콘, 아크릴레이트/폴리트라이메틸실록시메타크릴레이트코폴리머, 다이페닐실록시페닐트라이메티콘, 다이스테아다이모늄헥토라이트, 솔비탄아이소스테아레이트, 트라이메틸실록시실리케이트, 소듐클로라이드, 황색산화철, 트라이에톡시카프릴릴실레인, 페녹시에탄올, 적색산화철, 알루미늄하이드록사이드, 폴리글리세릴-6폴리하이드록시스테아레이트, 폴리글리세릴-6폴리리시놀리에이트, 피이지-10, 다이메티콘/비닐다이메티콘크로스폴리머, 향료, 흑색산화철, 에틸헥실글리세린, 폴리글리세린-6, 병풀추출물",모든피부타입/3colors,dike****,2022.09.02,마스크에 묻어나지도 않고 수분감도 괜찮고 답답함도 없어요,5,_alchera_none_
30,20221016_110248,컨실러,[NEW] 컬러그램 무결 창조 꼼실러 3종,https://www.oliveyoung.co.kr/store/goods/getGoodsDetail.do?goodsNo=A000000171877&dispCatNo=1000001000200010005&trackingCd&curation&egcode&rccode&egrankcode,컬러그램,[NEW] 컬러그램 무결 창조 꼼실러 3종,6900,6900,01 퓨어 바닐라;02 바닐라;03 샌드,"[01 퓨어바닐라]
정제수, 티타늄디옥사이드, 다이메티콘, 아이소트라이데실아이소노나노에이트, 부틸렌글라이콜, 하이드로제네이티드폴리아이소부텐, 아이소도데케인, 라우릴피이지-10트리스(트라이메틸실록시)실릴에틸다이메티콘 , 피브이피, 피이지-10다이메티콘, 아크릴레이트/폴리트라이메틸실록시메타크릴레이트코폴리머, 다이페닐실록시페닐트라이메티콘, 다이스테아다이모늄헥토라이트, 솔비탄아이소스테아레이트, 트라이메틸실록시실리케이트, 소듐클로라이드, 황색산화철, 트라이에톡시카프릴릴실레인, 페녹시에탄올, 적색산화철, 알루미늄하이드록사이드, 폴리글리세릴-6폴리하이드록시스테아레이트, 폴리글리세릴-6폴리리시놀리에이트, 피이지-10, 다이메티콘/비닐다이메티콘크로스폴리머, 향료, 흑색산화철, 에틸헥실글리세린, 폴리글리세린-6, 병풀추출물",모든피부타입/3colors,alice****,2022.08.27,상당이 꾸덕해 여드름 잔흔을 가릴수있을까해서 샀는데 아직은 잘 모르겠어요ㅠㅠㅠㅠ,4,복합성;웜톤;각질;모공
31,20221016_110249,컨실러,[NEW] 컬러그램 무결 창조 꼼실러 3종,https://www.oliveyoung.co.kr/store/goods/getGoodsDetail.do?goodsNo=A000000171877&dispCatNo=1000001000200010005&trackingCd&curation&egcode&rccode&egrankcode,컬러그램,[NEW] 컬러그램 무결 창조 꼼실러 3종,6900,6900,01 퓨어 바닐라;02 바닐라;03 샌드,"[01 퓨어바닐라]
정제수, 티타늄디옥사이드, 다이메티콘, 아이소트라이데실아이소노나노에이트, 부틸렌글라이콜, 하이드로제네이티드폴리아이소부텐, 아이소도데케인, 라우릴피이지-10트리스(트라이메틸실록시)실릴에틸다이메티콘 , 피브이피, 피이지-10다이메티콘, 아크릴레이트/폴리트라이메틸실록시메타크릴레이트코폴리머, 다이페닐실록시페닐트라이메티콘, 다이스테아다이모늄헥토라이트, 솔비탄아이소스테아레이트, 트라이메틸실록시실리케이트, 소듐클로라이드, 황색산화철, 트라이에톡시카프릴릴실레인, 페녹시에탄올, 적색산화철, 알루미늄하이드록사이드, 폴리글리세릴-6폴리하이드록시스테아레이트, 폴리글리세릴-6폴리리시놀리에이트, 피이지-10, 다이메티콘/비닐다이메티콘크로스폴리머, 향료, 흑색산화철, 에틸헥실글리세린, 폴리글리세린-6, 병풀추출물",모든피부타입/3colors,061112mi****,2022.08.24,"작아서 휴대용하기 편리해여
생각보다 커버력이 좋아서 만족합니덩
귀여운건 덤♡",5,_alchera_none_
32,20221016_110250,컨실러,[NEW] 컬러그램 무결 창조 꼼실러 3종,https://www.oliveyoung.co.kr/store/goods/getGoodsDetail.do?goodsNo=A000000171877&dispCatNo=1000001000200010005&trackingCd&curation&egcode&rccode&egrankcode,컬러그램,[NEW] 컬러그램 무결 창조 꼼실러 3종,6900,6900,01 퓨어 바닐라;02 바닐라;03 샌드,"[01 퓨어바닐라]
정제수, 티타늄디옥사이드, 다이메티콘, 아이소트라이데실아이소노나노에이트, 부틸렌글라이콜, 하이드로제네이티드폴리아이소부텐, 아이소도데케인, 라우릴피이지-10트리스(트라이메틸실록시)실릴에틸다이메티콘 , 피브이피, 피이지-10다이메티콘, 아크릴레이트/폴리트라이메틸실록시메타크릴레이트코폴리머, 다이페닐실록시페닐트라이메티콘, 다이스테아다이모늄헥토라이트, 솔비탄아이소스테아레이트, 트라이메틸실록시실리케이트, 소듐클로라이드, 황색산화철, 트라이에톡시카프릴릴실레인, 페녹시에탄올, 적색산화철, 알루미늄하이드록사이드, 폴리글리세릴-6폴리하이드록시스테아레이트, 폴리글리세릴-6폴리리시놀리에이트, 피이지-10, 다이메티콘/비닐다이메티콘크로스폴리머, 향료, 흑색산화철, 에틸헥실글리세린, 폴리글리세린-6, 병풀추출물",모든피부타입/3colors,choi042****,2022.10.09,조금 매트한 편 이에요 그리고 같은 색상 다른 제품 보다 조금 밝은편입니다,5,_alchera_none_
33,20221016_110251,컨실러,[NEW] 컬러그램 무결 창조 꼼실러 3종,https://www.oliveyoung.co.kr/store/goods/getGoodsDetail.do?goodsNo=A000000171877&dispCatNo=1000001000200010005&trackingCd&curation&egcode&rccode&egrankcode,컬러그램,[NEW] 컬러그램 무결 창조 꼼실러 3종,6900,6900,01 퓨어 바닐라;02 바닐라;03 샌드,"[01 퓨어바닐라]
정제수, 티타늄디옥사이드, 다이메티콘, 아이소트라이데실아이소노나노에이트, 부틸렌글라이콜, 하이드로제네이티드폴리아이소부텐, 아이소도데케인, 라우릴피이지-10트리스(트라이메틸실록시)실릴에틸다이메티콘 , 피브이피, 피이지-10다이메티콘, 아크릴레이트/폴리트라이메틸실록시메타크릴레이트코폴리머, 다이페닐실록시페닐트라이메티콘, 다이스테아다이모늄헥토라이트, 솔비탄아이소스테아레이트, 트라이메틸실록시실리케이트, 소듐클로라이드, 황색산화철, 트라이에톡시카프릴릴실레인, 페녹시에탄올, 적색산화철, 알루미늄하이드록사이드, 폴리글리세릴-6폴리하이드록시스테아레이트, 폴리글리세릴-6폴리리시놀리에이트, 피이지-10, 다이메티콘/비닐다이메티콘크로스폴리머, 향료, 흑색산화철, 에틸헥실글리세린, 폴리글리세린-6, 병풀추출물",모든피부타입/3colors,shinhw****,2022.09.28,"아직 사용 전이고 색이 어떤지는 모르겠지만, 할인한 가격 생각해도 용량은 너무 작네요~!! 다음에는 구매 안 할 듯합니다.",4,_alchera_none_
34,20221016_110252,컨실러,[NEW] 컬러그램 무결 창조 꼼실러 3종,https://www.oliveyoung.co.kr/store/goods/getGoodsDetail.do?goodsNo=A000000171877&dispCatNo=1000001000200010005&trackingCd&curation&egcode&rccode&egrankcode,컬러그램,[NEW] 컬러그램 무결 창조 꼼실러 3종,6900,6900,01 퓨어 바닐라;02 바닐라;03 샌드,"[01 퓨어바닐라]
정제수, 티타늄디옥사이드, 다이메티콘, 아이소트라이데실아이소노나노에이트, 부틸렌글라이콜, 하이드로제네이티드폴리아이소부텐, 아이소도데케인, 라우릴피이지-10트리스(트라이메틸실록시)실릴에틸다이메티콘 , 피브이피, 피이지-10다이메티콘, 아크릴레이트/폴리트라이메틸실록시메타크릴레이트코폴리머, 다이페닐실록시페닐트라이메티콘, 다이스테아다이모늄헥토라이트, 솔비탄아이소스테아레이트, 트라이메틸실록시실리케이트, 소듐클로라이드, 황색산화철, 트라이에톡시카프릴릴실레인, 페녹시에탄올, 적색산화철, 알루미늄하이드록사이드, 폴리글리세릴-6폴리하이드록시스테아레이트, 폴리글리세릴-6폴리리시놀리에이트, 피이지-10, 다이메티콘/비닐다이메티콘크로스폴리머, 향료, 흑색산화철, 에틸헥실글리세린, 폴리글리세린-6, 병풀추출물",모든피부타입/3colors,songcook****,2022.09.15,조금 매트하길래 지속력도 엄청 좋을줄 알았는데 지속력이 좋지는 않아요 근데 지속력 좋지 않다고 마냥 나쁜건 아닌게 무너질때 엄청 예쁘게 무너져서 내 피부처럼 무너져요 그리고 다른 컨실러들에 비해 엄청엄청 자연스러웠어요!그래서 하이라이터 겸용으로도 많이 쓴거 같아요😊쥬아요👍,4,_alchera_none_
35,20221016_110253,컨실러,[NEW] 컬러그램 무결 창조 꼼실러 3종,https://www.oliveyoung.co.kr/store/goods/getGoodsDetail.do?goodsNo=A000000171877&dispCatNo=1000001000200010005&trackingCd&curation&egcode&rccode&egrankcode,컬러그램,[NEW] 컬러그램 무결 창조 꼼실러 3종,6900,6900,01 퓨어 바닐라;02 바닐라;03 샌드,"[01 퓨어바닐라]
정제수, 티타늄디옥사이드, 다이메티콘, 아이소트라이데실아이소노나노에이트, 부틸렌글라이콜, 하이드로제네이티드폴리아이소부텐, 아이소도데케인, 라우릴피이지-10트리스(트라이메틸실록시)실릴에틸다이메티콘 , 피브이피, 피이지-10다이메티콘, 아크릴레이트/폴리트라이메틸실록시메타크릴레이트코폴리머, 다이페닐실록시페닐트라이메티콘, 다이스테아다이모늄헥토라이트, 솔비탄아이소스테아레이트, 트라이메틸실록시실리케이트, 소듐클로라이드, 황색산화철, 트라이에톡시카프릴릴실레인, 페녹시에탄올, 적색산화철, 알루미늄하이드록사이드, 폴리글리세릴-6폴리하이드록시스테아레이트, 폴리글리세릴-6폴리리시놀리에이트, 피이지-10, 다이메티콘/비닐다이메티콘크로스폴리머, 향료, 흑색산화철, 에틸헥실글리세린, 폴리글리세린-6, 병풀추출물",모든피부타입/3colors,zzi****,2022.09.12,발림성이  좀매트하게 되서 잘가려시는 편이에요크기도작아서 가지고다니기 좋아요  맘에듭니다,5,_alchera_none_
36,20221016_110255,컨실러,[NEW] 컬러그램 무결 창조 꼼실러 3종,https://www.oliveyoung.co.kr/store/goods/getGoodsDetail.do?goodsNo=A000000171877&dispCatNo=1000001000200010005&trackingCd&curation&egcode&rccode&egrankcode,컬러그램,[NEW] 컬러그램 무결 창조 꼼실러 3종,6900,6900,01 퓨어 바닐라;02 바닐라;03 샌드,"[01 퓨어바닐라]
정제수, 티타늄디옥사이드, 다이메티콘, 아이소트라이데실아이소노나노에이트, 부틸렌글라이콜, 하이드로제네이티드폴리아이소부텐, 아이소도데케인, 라우릴피이지-10트리스(트라이메틸실록시)실릴에틸다이메티콘 , 피브이피, 피이지-10다이메티콘, 아크릴레이트/폴리트라이메틸실록시메타크릴레이트코폴리머, 다이페닐실록시페닐트라이메티콘, 다이스테아다이모늄헥토라이트, 솔비탄아이소스테아레이트, 트라이메틸실록시실리케이트, 소듐클로라이드, 황색산화철, 트라이에톡시카프릴릴실레인, 페녹시에탄올, 적색산화철, 알루미늄하이드록사이드, 폴리글리세릴-6폴리하이드록시스테아레이트, 폴리글리세릴-6폴리리시놀리에이트, 피이지-10, 다이메티콘/비닐다이메티콘크로스폴리머, 향료, 흑색산화철, 에틸헥실글리세린, 폴리글리세린-6, 병풀추출물",모든피부타입/3colors,킴와사비,2022.09.05,"밝은 톤에 크림제형 하이라이터 찾는데..
요즘 넘 안팔아서 그나마
클리오꺼 1.5호 컨실러 썻는데
이거 아주 제 맘에 쏙드는 컬러네오
타크 서클 하이라이터용으로 딱입니다
국굿!!!!
크림제형으로 만들어주세요옹오ㅗ옹",5,_alchera_none_
37,20221016_110256,컨실러,[NEW] 컬러그램 무결 창조 꼼실러 3종,https://www.oliveyoung.co.kr/store/goods/getGoodsDetail.do?goodsNo=A000000171877&dispCatNo=1000001000200010005&trackingCd&curation&egcode&rccode&egrankcode,컬러그램,[NEW] 컬러그램 무결 창조 꼼실러 3종,6900,6900,01 퓨어 바닐라;02 바닐라;03 샌드,"[01 퓨어바닐라]
정제수, 티타늄디옥사이드, 다이메티콘, 아이소트라이데실아이소노나노에이트, 부틸렌글라이콜, 하이드로제네이티드폴리아이소부텐, 아이소도데케인, 라우릴피이지-10트리스(트라이메틸실록시)실릴에틸다이메티콘 , 피브이피, 피이지-10다이메티콘, 아크릴레이트/폴리트라이메틸실록시메타크릴레이트코폴리머, 다이페닐실록시페닐트라이메티콘, 다이스테아다이모늄헥토라이트, 솔비탄아이소스테아레이트, 트라이메틸실록시실리케이트, 소듐클로라이드, 황색산화철, 트라이에톡시카프릴릴실레인, 페녹시에탄올, 적색산화철, 알루미늄하이드록사이드, 폴리글리세릴-6폴리하이드록시스테아레이트, 폴리글리세릴-6폴리리시놀리에이트, 피이지-10, 다이메티콘/비닐다이메티콘크로스폴리머, 향료, 흑색산화철, 에틸헥실글리세린, 폴리글리세린-6, 병풀추출물",모든피부타입/3colors,blue1****,2022.08.31,아직 써보진 않았어요 오늘 제품 받았고 포장지 열어보니 컨실러가 아기자기한 것 같아요 들고 다니면서 수정하기 훨씬 편할 것 같습니다 증정품 보내주신 틴트도 잘 쓰겠습니다,5,_alchera_none_
38,20221016_110257,컨실러,[NEW] 컬러그램 무결 창조 꼼실러 3종,https://www.oliveyoung.co.kr/store/goods/getGoodsDetail.do?goodsNo=A000000171877&dispCatNo=1000001000200010005&trackingCd&curation&egcode&rccode&egrankcode,컬러그램,[NEW] 컬러그램 무결 창조 꼼실러 3종,6900,6900,01 퓨어 바닐라;02 바닐라;03 샌드,"[01 퓨어바닐라]
정제수, 티타늄디옥사이드, 다이메티콘, 아이소트라이데실아이소노나노에이트, 부틸렌글라이콜, 하이드로제네이티드폴리아이소부텐, 아이소도데케인, 라우릴피이지-10트리스(트라이메틸실록시)실릴에틸다이메티콘 , 피브이피, 피이지-10다이메티콘, 아크릴레이트/폴리트라이메틸실록시메타크릴레이트코폴리머, 다이페닐실록시페닐트라이메티콘, 다이스테아다이모늄헥토라이트, 솔비탄아이소스테아레이트, 트라이메틸실록시실리케이트, 소듐클로라이드, 황색산화철, 트라이에톡시카프릴릴실레인, 페녹시에탄올, 적색산화철, 알루미늄하이드록사이드, 폴리글리세릴-6폴리하이드록시스테아레이트, 폴리글리세릴-6폴리리시놀리에이트, 피이지-10, 다이메티콘/비닐다이메티콘크로스폴리머, 향료, 흑색산화철, 에틸헥실글리세린, 폴리글리세린-6, 병풀추출물",모든피부타입/3colors,쫍쩝박샤,2022.08.29,틴트 구매하면서 저렴해서 같이 사봤는데 이게 진짜 물건이네요! 뭔가 꾸덕해서 두꺼우려나 싶었는데 그렇지 않고 잘 밀착되고 다크닝 없어서 최고였어요!! 진짜 웬만한 컨실러보다 훨씬 만족도 높았어요!!!,5,_alchera_none_
39,20221016_110258,컨실러,[NEW] 컬러그램 무결 창조 꼼실러 3종,https://www.oliveyoung.co.kr/store/goods/getGoodsDetail.do?goodsNo=A000000171877&dispCatNo=1000001000200010005&trackingCd&curation&egcode&rccode&egrankcode,컬러그램,[NEW] 컬러그램 무결 창조 꼼실러 3종,6900,6900,01 퓨어 바닐라;02 바닐라;03 샌드,"[01 퓨어바닐라]
정제수, 티타늄디옥사이드, 다이메티콘, 아이소트라이데실아이소노나노에이트, 부틸렌글라이콜, 하이드로제네이티드폴리아이소부텐, 아이소도데케인, 라우릴피이지-10트리스(트라이메틸실록시)실릴에틸다이메티콘 , 피브이피, 피이지-10다이메티콘, 아크릴레이트/폴리트라이메틸실록시메타크릴레이트코폴리머, 다이페닐실록시페닐트라이메티콘, 다이스테아다이모늄헥토라이트, 솔비탄아이소스테아레이트, 트라이메틸실록시실리케이트, 소듐클로라이드, 황색산화철, 트라이에톡시카프릴릴실레인, 페녹시에탄올, 적색산화철, 알루미늄하이드록사이드, 폴리글리세릴-6폴리하이드록시스테아레이트, 폴리글리세릴-6폴리리시놀리에이트, 피이지-10, 다이메티콘/비닐다이메티콘크로스폴리머, 향료, 흑색산화철, 에틸헥실글리세린, 폴리글리세린-6, 병풀추출물",모든피부타입/3colors,gytnc****,2022.09.29,이거 가격보고 그냥싸서 하나샀는데 확실히 발라보니까 너무 좋네요 와 사길 잘한것 같아요,5,_alchera_none_
40,20221016_110301,컨실러,[NEW] 컬러그램 무결 창조 꼼실러 3종,https://www.oliveyoung.co.kr/store/goods/getGoodsDetail.do?goodsNo=A000000171877&dispCatNo=1000001000200010005&trackingCd&curation&egcode&rccode&egrankcode,컬러그램,[NEW] 컬러그램 무결 창조 꼼실러 3종,6900,6900,01 퓨어 바닐라;02 바닐라;03 샌드,"[01 퓨어바닐라]
정제수, 티타늄디옥사이드, 다이메티콘, 아이소트라이데실아이소노나노에이트, 부틸렌글라이콜, 하이드로제네이티드폴리아이소부텐, 아이소도데케인, 라우릴피이지-10트리스(트라이메틸실록시)실릴에틸다이메티콘 , 피브이피, 피이지-10다이메티콘, 아크릴레이트/폴리트라이메틸실록시메타크릴레이트코폴리머, 다이페닐실록시페닐트라이메티콘, 다이스테아다이모늄헥토라이트, 솔비탄아이소스테아레이트, 트라이메틸실록시실리케이트, 소듐클로라이드, 황색산화철, 트라이에톡시카프릴릴실레인, 페녹시에탄올, 적색산화철, 알루미늄하이드록사이드, 폴리글리세릴-6폴리하이드록시스테아레이트, 폴리글리세릴-6폴리리시놀리에이트, 피이지-10, 다이메티콘/비닐다이메티콘크로스폴리머, 향료, 흑색산화철, 에틸헥실글리세린, 폴리글리세린-6, 병풀추출물",모든피부타입/3colors,mi****,2022.09.24,바르자마자 조은거같길래 써보랴고요 눈밑에환해지라고..ㅠ,5,_alchera_none_
41,20221016_110302,컨실러,[NEW] 컬러그램 무결 창조 꼼실러 3종,https://www.oliveyoung.co.kr/store/goods/getGoodsDetail.do?goodsNo=A000000171877&dispCatNo=1000001000200010005&trackingCd&curation&egcode&rccode&egrankcode,컬러그램,[NEW] 컬러그램 무결 창조 꼼실러 3종,6900,6900,01 퓨어 바닐라;02 바닐라;03 샌드,"[01 퓨어바닐라]
정제수, 티타늄디옥사이드, 다이메티콘, 아이소트라이데실아이소노나노에이트, 부틸렌글라이콜, 하이드로제네이티드폴리아이소부텐, 아이소도데케인, 라우릴피이지-10트리스(트라이메틸실록시)실릴에틸다이메티콘 , 피브이피, 피이지-10다이메티콘, 아크릴레이트/폴리트라이메틸실록시메타크릴레이트코폴리머, 다이페닐실록시페닐트라이메티콘, 다이스테아다이모늄헥토라이트, 솔비탄아이소스테아레이트, 트라이메틸실록시실리케이트, 소듐클로라이드, 황색산화철, 트라이에톡시카프릴릴실레인, 페녹시에탄올, 적색산화철, 알루미늄하이드록사이드, 폴리글리세릴-6폴리하이드록시스테아레이트, 폴리글리세릴-6폴리리시놀리에이트, 피이지-10, 다이메티콘/비닐다이메티콘크로스폴리머, 향료, 흑색산화철, 에틸헥실글리세린, 폴리글리세린-6, 병풀추출물",모든피부타입/3colors,나느기요밍,2022.09.11,애교살에 할려고 젤 밝은걸로 삿어요 촉촉헌 편이에욤 되게 밝아요 아무튼 조아요 애교살용으로 살라고 싼규 삿는데 계속 이거 살려구용ㅎㅎ,5,_alchera_none_
42,20221016_110303,컨실러,[NEW] 컬러그램 무결 창조 꼼실러 3종,https://www.oliveyoung.co.kr/store/goods/getGoodsDetail.do?goodsNo=A000000171877&dispCatNo=1000001000200010005&trackingCd&curation&egcode&rccode&egrankcode,컬러그램,[NEW] 컬러그램 무결 창조 꼼실러 3종,6900,6900,01 퓨어 바닐라;02 바닐라;03 샌드,"[01 퓨어바닐라]
정제수, 티타늄디옥사이드, 다이메티콘, 아이소트라이데실아이소노나노에이트, 부틸렌글라이콜, 하이드로제네이티드폴리아이소부텐, 아이소도데케인, 라우릴피이지-10트리스(트라이메틸실록시)실릴에틸다이메티콘 , 피브이피, 피이지-10다이메티콘, 아크릴레이트/폴리트라이메틸실록시메타크릴레이트코폴리머, 다이페닐실록시페닐트라이메티콘, 다이스테아다이모늄헥토라이트, 솔비탄아이소스테아레이트, 트라이메틸실록시실리케이트, 소듐클로라이드, 황색산화철, 트라이에톡시카프릴릴실레인, 페녹시에탄올, 적색산화철, 알루미늄하이드록사이드, 폴리글리세릴-6폴리하이드록시스테아레이트, 폴리글리세릴-6폴리리시놀리에이트, 피이지-10, 다이메티콘/비닐다이메티콘크로스폴리머, 향료, 흑색산화철, 에틸헥실글리세린, 폴리글리세린-6, 병풀추출물",모든피부타입/3colors,삐,2022.09.07,"기존에 사용하던 컨실러와 다르게 꾸덕한 느낌이 들어보여서 구매했습니다. 작아서 너무 귀엽고 휴대용으로도 좋아요~~
커버력이 막 뛰어난건 아니지만 그냥...무난하네요",4,_alchera_none_
43,20221016_110304,컨실러,[NEW] 컬러그램 무결 창조 꼼실러 3종,https://www.oliveyoung.co.kr/store/goods/getGoodsDetail.do?goodsNo=A000000171877&dispCatNo=1000001000200010005&trackingCd&curation&egcode&rccode&egrankcode,컬러그램,[NEW] 컬러그램 무결 창조 꼼실러 3종,6900,6900,01 퓨어 바닐라;02 바닐라;03 샌드,"[01 퓨어바닐라]
정제수, 티타늄디옥사이드, 다이메티콘, 아이소트라이데실아이소노나노에이트, 부틸렌글라이콜, 하이드로제네이티드폴리아이소부텐, 아이소도데케인, 라우릴피이지-10트리스(트라이메틸실록시)실릴에틸다이메티콘 , 피브이피, 피이지-10다이메티콘, 아크릴레이트/폴리트라이메틸실록시메타크릴레이트코폴리머, 다이페닐실록시페닐트라이메티콘, 다이스테아다이모늄헥토라이트, 솔비탄아이소스테아레이트, 트라이메틸실록시실리케이트, 소듐클로라이드, 황색산화철, 트라이에톡시카프릴릴실레인, 페녹시에탄올, 적색산화철, 알루미늄하이드록사이드, 폴리글리세릴-6폴리하이드록시스테아레이트, 폴리글리세릴-6폴리리시놀리에이트, 피이지-10, 다이메티콘/비닐다이메티콘크로스폴리머, 향료, 흑색산화철, 에틸헥실글리세린, 폴리글리세린-6, 병풀추출물",모든피부타입/3colors,ejees****,2022.09.02,잡티 잘 가려지거 저렴한 가격에 구매한거 같아용 추천 드려요,5,_alchera_none_
44,20221016_110305,컨실러,[NEW] 컬러그램 무결 창조 꼼실러 3종,https://www.oliveyoung.co.kr/store/goods/getGoodsDetail.do?goodsNo=A000000171877&dispCatNo=1000001000200010005&trackingCd&curation&egcode&rccode&egrankcode,컬러그램,[NEW] 컬러그램 무결 창조 꼼실러 3종,6900,6900,01 퓨어 바닐라;02 바닐라;03 샌드,"[01 퓨어바닐라]
정제수, 티타늄디옥사이드, 다이메티콘, 아이소트라이데실아이소노나노에이트, 부틸렌글라이콜, 하이드로제네이티드폴리아이소부텐, 아이소도데케인, 라우릴피이지-10트리스(트라이메틸실록시)실릴에틸다이메티콘 , 피브이피, 피이지-10다이메티콘, 아크릴레이트/폴리트라이메틸실록시메타크릴레이트코폴리머, 다이페닐실록시페닐트라이메티콘, 다이스테아다이모늄헥토라이트, 솔비탄아이소스테아레이트, 트라이메틸실록시실리케이트, 소듐클로라이드, 황색산화철, 트라이에톡시카프릴릴실레인, 페녹시에탄올, 적색산화철, 알루미늄하이드록사이드, 폴리글리세릴-6폴리하이드록시스테아레이트, 폴리글리세릴-6폴리리시놀리에이트, 피이지-10, 다이메티콘/비닐다이메티콘크로스폴리머, 향료, 흑색산화철, 에틸헥실글리세린, 폴리글리세린-6, 병풀추출물",모든피부타입/3colors,kmj99****,2022.09.11,"큰 컨실러는 필요없는데 마침 작은게 있길래 사봤어요
가격도 착한데 커버력도 좋네요",5,_alchera_none_
45,20221016_110307,컨실러,[NEW] 컬러그램 무결 창조 꼼실러 3종,https://www.oliveyoung.co.kr/store/goods/getGoodsDetail.do?goodsNo=A000000171877&dispCatNo=1000001000200010005&trackingCd&curation&egcode&rccode&egrankcode,컬러그램,[NEW] 컬러그램 무결 창조 꼼실러 3종,6900,6900,01 퓨어 바닐라;02 바닐라;03 샌드,"[01 퓨어바닐라]
정제수, 티타늄디옥사이드, 다이메티콘, 아이소트라이데실아이소노나노에이트, 부틸렌글라이콜, 하이드로제네이티드폴리아이소부텐, 아이소도데케인, 라우릴피이지-10트리스(트라이메틸실록시)실릴에틸다이메티콘 , 피브이피, 피이지-10다이메티콘, 아크릴레이트/폴리트라이메틸실록시메타크릴레이트코폴리머, 다이페닐실록시페닐트라이메티콘, 다이스테아다이모늄헥토라이트, 솔비탄아이소스테아레이트, 트라이메틸실록시실리케이트, 소듐클로라이드, 황색산화철, 트라이에톡시카프릴릴실레인, 페녹시에탄올, 적색산화철, 알루미늄하이드록사이드, 폴리글리세릴-6폴리하이드록시스테아레이트, 폴리글리세릴-6폴리리시놀리에이트, 피이지-10, 다이메티콘/비닐다이메티콘크로스폴리머, 향료, 흑색산화철, 에틸헥실글리세린, 폴리글리세린-6, 병풀추출물",모든피부타입/3colors,wkdtndms****,2022.09.09,싼만큼 별루 … 다크서클 커버하려고 구입했는데 너무 허옇게 뜨기만 뜨고 커버력도 별로 없는거같어요 비추입니다,1,_alchera_none_
