,timestamp,category,productName,urlProduct,brand,productName.1,price1,price2,Color,ingredients,skinType,username,datePublished,reviewText,score,reviewerSkinType
0,20221016_110434,하이라이터,[NEW] 페리페라 맑게 물든 글로리 하이라이터 (팬브러쉬증정),https://www.oliveyoung.co.kr/store/goods/getGoodsDetail.do?goodsNo=A000000167232&dispCatNo=1000001000200010008&trackingCd&curation&egcode&rccode&egrankcode,페리페라,[NEW] 페리페라 맑게 물든 글로리 하이라이터 (팬브러쉬증정),14000,11200,01 데이글로리;02 나이트글로리,"001
합성플루오르플로고파이트, 에이치디아이/트라이메틸올헥실락톤크로스폴리머, 티타늄디옥사이드, 마이카, 페닐트라이메티콘, 실리카, 적색산화철, 글리세린, 마그네슘알루미늄실리케이트, 1,2-헥산다이올, 카프릴릴글라이콜, 글리세릴카프릴레이트, 에틸헥실글리세린, 틴옥사이드, 정제수, 토코페롤",모든피부타입,꼬냥희,2022.09.23,"브러쉬 증정에 세일까지해서 고민 없이 두가지 색상 다 샀어요 ㅎㅎㅎ
원래 하이라이터를 좋아하고, 많긴도 한데,,,
그래도 신상 나오면 또 사고 있더라고요 ㅋㅋㅋ
페리페라에 하이라이터는 쉐딩라인이랑 같은 모양으로 3분할 되어있는 제품도 사용 해봤었는데요,,,
솔직히 말하자면,, 그 제품이 더 좋아요 ㅋㅋㅋ
이 제품은 뭐랄까,, 조금 애매한? 느낌이 있어요,,,
일단 입자가 얇고 작아보이는데, 막상 얼굴에 올려보면,, 음? 스러움?
뭐 피부타입에 따라 좀 다르게 발릴 수도 있는데,,,
저는 매트하고 보송하게 피부메이크업을 하는 편이라 그런지,,,
좀 텁텁해 보이는 느낌이 있어요. 심한건 아니고...
번쩍번쩍 느낌도 아니고,, 촤르르한 느낌도 아닌 애매한,,,
근데 또 중간중간 조금 큰 펄떙이가 있어요,,,
그게 텁텁해 보이는 가운데 몇개씩 자리잡고 있어서 이질감도 좀 느껴지고요,,,
그치만!!! 색상이 잘 빠졌어요 ㅋㅋㅋ 허허,,,
1호는 웜톤위주지만 쿨톤도 무난히 소화할 수 있는 하이라이터고,,
2호는 쿨톤위주지만 웜톤도 핑크빔 원하면 쓸 수 있는 하이라이터입니다.",4,복합성;웜톤;각질;다크서클
1,20221016_110434,하이라이터,[NEW] 페리페라 맑게 물든 글로리 하이라이터 (팬브러쉬증정),https://www.oliveyoung.co.kr/store/goods/getGoodsDetail.do?goodsNo=A000000167232&dispCatNo=1000001000200010008&trackingCd&curation&egcode&rccode&egrankcode,페리페라,[NEW] 페리페라 맑게 물든 글로리 하이라이터 (팬브러쉬증정),14000,11200,01 데이글로리;02 나이트글로리,"001
합성플루오르플로고파이트, 에이치디아이/트라이메틸올헥실락톤크로스폴리머, 티타늄디옥사이드, 마이카, 페닐트라이메티콘, 실리카, 적색산화철, 글리세린, 마그네슘알루미늄실리케이트, 1,2-헥산다이올, 카프릴릴글라이콜, 글리세릴카프릴레이트, 에틸헥실글리세린, 틴옥사이드, 정제수, 토코페롤",모든피부타입,꼬냥희,2022.09.23,"브러쉬 증정에 세일까지해서 고민 없이 두가지 색상 다 샀어요 ㅎㅎㅎ
원래 하이라이터를 좋아하고, 많기도 한데,,,
그래도 신상 나오면 또 사고 있더라고요 ㅋㅋㅋ
페리페라에 하이라이터는 쉐딩라인이랑 같은 모양으로 3분할 되어있는 제품도 사용 해봤었는데요,,,
솔직히 말하자면... 그 제품이 더 좋아요 ㅋㅋㅋ
이 제품은 뭐랄까,, 조금 애매한? 느낌이 있어요,,,
일단 입자가 얇고 작아보이는데, 막상 얼굴에 올려보면... 음? 스러움?
뭐 피부타입에 따라 좀 다르게 발릴 수도 있는데,,,
저는 매트하고 보송하게 피부메이크업을 하는 편이라 그런지,,,
좀 텁텁해 보이는 느낌이 있어요. 심한건 아니고...
번쩍번쩍 느낌도 아니고 촤르르한 느낌도 아닌 애매한,,
근데 또 중간중간 조금 큰 펄떙이가 있어요..
그게 텁텁해 보이는 가운데 몇개씩 자리잡고 있어서 이질감도 좀 느껴지고요,,,
그치만!! 색상이 잘빠졌어요 ㅋㅋㅋ 허허,,,
1호는 웜톤위주지만 쿨톤도 무난히 소화할 수 있는 하이라이터고,
2호는 쿨톤위주지만 웜톤도 핑크빔 원하면 쓸 수 있는 하이라이터입니다.",4,복합성;웜톤;각질;다크서클
2,20221016_110434,하이라이터,[NEW] 페리페라 맑게 물든 글로리 하이라이터 (팬브러쉬증정),https://www.oliveyoung.co.kr/store/goods/getGoodsDetail.do?goodsNo=A000000167232&dispCatNo=1000001000200010008&trackingCd&curation&egcode&rccode&egrankcode,페리페라,[NEW] 페리페라 맑게 물든 글로리 하이라이터 (팬브러쉬증정),14000,11200,01 데이글로리;02 나이트글로리,"001
합성플루오르플로고파이트, 에이치디아이/트라이메틸올헥실락톤크로스폴리머, 티타늄디옥사이드, 마이카, 페닐트라이메티콘, 실리카, 적색산화철, 글리세린, 마그네슘알루미늄실리케이트, 1,2-헥산다이올, 카프릴릴글라이콜, 글리세릴카프릴레이트, 에틸헥실글리세린, 틴옥사이드, 정제수, 토코페롤",모든피부타입,박수,2022.08.29,"컬러가 딱 봐도 쿨톤에 빼박인 하이라이터가 맞져 ㅋ
1호와 같이 구매했는데 비교해보면 딱 봐도 쿨톤!
화이트와 라벤더 컬러가 섞인 핑꾸 하이라이터 같죠?!
펄 입자가 아주 아주 작아서 바세린광같은 효과를 주더라구요 
전 이 2호가 1호와는 달리 컬러가 드러나 보이기때문에 여기저기 다방면으로 활용하기 보다는 딱 포인트 주기에 좋은 그런곳! 눈 앞머리, 애교살, 눈 덩이 중앙, 볼 중앙 정도에만 포인트를 줍니다~ *^^*
너무 많은곳에 사용 해봤더니 사이버로봇이 되더라구요 ㅡㅡ; 😑 
얇은 애교 브러쉬에 미스트를 살짝 뿌려 이 하이라이터를 묻혀 애교살에 얹으면 캬~~~ 진짜 도화살 메이크업 딱 👍 👍 
가루날림이 조금 있으니 적은 양으로 아주 충분합니다
조금씩 조금씩 레이어링 해줘가며 발색을 시켜주시길 권합니다~~~",5,건성;쿨톤;민감성;트러블
3,20221016_110434,하이라이터,[NEW] 페리페라 맑게 물든 글로리 하이라이터 (팬브러쉬증정),https://www.oliveyoung.co.kr/store/goods/getGoodsDetail.do?goodsNo=A000000167232&dispCatNo=1000001000200010008&trackingCd&curation&egcode&rccode&egrankcode,페리페라,[NEW] 페리페라 맑게 물든 글로리 하이라이터 (팬브러쉬증정),14000,11200,01 데이글로리;02 나이트글로리,"001
합성플루오르플로고파이트, 에이치디아이/트라이메틸올헥실락톤크로스폴리머, 티타늄디옥사이드, 마이카, 페닐트라이메티콘, 실리카, 적색산화철, 글리세린, 마그네슘알루미늄실리케이트, 1,2-헥산다이올, 카프릴릴글라이콜, 글리세릴카프릴레이트, 에틸헥실글리세린, 틴옥사이드, 정제수, 토코페롤",모든피부타입,박수,2022.08.29,"1, 2호 모두 구매했는데 브러쉬까지 주니 엄청 좋아 좋아요 ㅋ
확실히 1호는 데일리 하이라이터 *^^* 예용 ❤️ 
ㅋ 눈, 코, 입, 광대 라인, 아! 애교살에 또 눈 앞머리 =3
헉 헉 이거 하나가 열 일 하는군요!!! 👏👏👏
골드 베이지 컬러라 그런지 데일리로 👍
골드끼가 많지 않고, 펄도 굵지 않은 쉬머한 입자가 아~주 작은게 딱 좋아서 또 한번 👍👍
같이 온 브러쉬를 사용해도 좋고, 같고 있는 얇은 애교살용 브러쉬도 있으면 아주 다방면으로 활용하기 좋겠어요
아! 브러쉬나 손가락에 잘 묻어 발색이 아주 잘 되는 편이니 소량으로 조금씩 발라줘가며 레이어링이나 블렌딩을 해주길 권장 드리겠습니당~
너무 많이 한꺼번에 많은 양을 바르면 사이버틱 해지니까 ㅋ 진짜 조금씩 조금씩 ~!!!
모공 요철 또한 더 부각되어 보일수 있다능 ㅋ",5,건성;쿨톤;민감성;트러블
4,20221016_110434,하이라이터,[NEW] 페리페라 맑게 물든 글로리 하이라이터 (팬브러쉬증정),https://www.oliveyoung.co.kr/store/goods/getGoodsDetail.do?goodsNo=A000000167232&dispCatNo=1000001000200010008&trackingCd&curation&egcode&rccode&egrankcode,페리페라,[NEW] 페리페라 맑게 물든 글로리 하이라이터 (팬브러쉬증정),14000,11200,01 데이글로리;02 나이트글로리,"001
합성플루오르플로고파이트, 에이치디아이/트라이메틸올헥실락톤크로스폴리머, 티타늄디옥사이드, 마이카, 페닐트라이메티콘, 실리카, 적색산화철, 글리세린, 마그네슘알루미늄실리케이트, 1,2-헥산다이올, 카프릴릴글라이콜, 글리세릴카프릴레이트, 에틸헥실글리세린, 틴옥사이드, 정제수, 토코페롤",모든피부타입,싹이난감자,2022.08.16,"그냥 정말 대체적으로 무난한 초보자용 하이라이터입니다.. 확실히 펄이 들어가고 제형을 타는 제품들은 높은 기술력이 필요한 것 같아요. 분명 팬으로 봤을 때는 반짝거리는데 발라보면 좋게 말하면 은은하고 그닥 빛나지 않는 느낌이에요. 뭐 그렇다고 촉촉하게 밀착이 되는 것도 아니고 금방 날아가요. 팬 브러쉬 증정해준다고 해서 구매한 건데 괜히 리뷰가 별로 없는게 아닌 것 같네요. 차라리 하이라이터 용으로 유명한 쉬머한 섀도우 같은 걸 바르는게 더 나아요. 뭐라 더 이상 쓸 말도 없을 정도.. 그리고 마스크 때문인지는 몰라도 베이스 위에서 약간 지저분하게 뭉치는 것 같기도 하고요. 여러 모로 아쉽기는 한데 그 만큼 저렴하니까요. 그래도 저한테는 요즘 같이 더운 날에 맞는 무드도, 제형도 아닌 것 같은 애매한 제품이었습니다.",3,건성;웜톤;각질;모공
5,20221016_110435,하이라이터,[NEW] 페리페라 맑게 물든 글로리 하이라이터 (팬브러쉬증정),https://www.oliveyoung.co.kr/store/goods/getGoodsDetail.do?goodsNo=A000000167232&dispCatNo=1000001000200010008&trackingCd&curation&egcode&rccode&egrankcode,페리페라,[NEW] 페리페라 맑게 물든 글로리 하이라이터 (팬브러쉬증정),14000,11200,01 데이글로리;02 나이트글로리,"001
합성플루오르플로고파이트, 에이치디아이/트라이메틸올헥실락톤크로스폴리머, 티타늄디옥사이드, 마이카, 페닐트라이메티콘, 실리카, 적색산화철, 글리세린, 마그네슘알루미늄실리케이트, 1,2-헥산다이올, 카프릴릴글라이콜, 글리세릴카프릴레이트, 에틸헥실글리세린, 틴옥사이드, 정제수, 토코페롤",모든피부타입,23가을겨울딥,2022.06.29,"👉23호 가을딥~겨울딥 걸친 피부톤
👉주로 웜톤 메이크업을 함

👉평소 하이라이터는 빼먹지 않고 꼭! 해서 항상 힛팬을 보는 사람입니다ㅎㅎㅎ
이 제품을 사기 직전까지는 에스X아의 글로우포에버라는 섀도우를 하이라이터로 사용하고 있었어요~
그런데 그 제품을 이제 보내줄 때가 되어서 새로운 하이라이터를 찾다가 ❤️페리페라 맑게 물든 글로리 하이라이터 01호 데이글로리❤️를 선택했습니다!

👉제품의 크기가 크지 않아서 파우치에 넣고 휴대용으로 가지고 다니기에도 좋아요!
👉발색력도 좋고 가루날림도 없어서 피부 메이크업 후 베이스가 긁힐까봐 걱정하지 않아도 됩니다!
👉자연스러운 진주펄 느낌이라 코끝에 톡톡 올렸을 때 정말 예뻐요!

👉저렴한 가격에 브러쉬까지 얻고 싶은 분들이라면 구매 추천합니다!",5,트러블성;겨울쿨톤;민감성;블랙헤드
6,20221016_110435,하이라이터,[NEW] 페리페라 맑게 물든 글로리 하이라이터 (팬브러쉬증정),https://www.oliveyoung.co.kr/store/goods/getGoodsDetail.do?goodsNo=A000000167232&dispCatNo=1000001000200010008&trackingCd&curation&egcode&rccode&egrankcode,페리페라,[NEW] 페리페라 맑게 물든 글로리 하이라이터 (팬브러쉬증정),14000,11200,01 데이글로리;02 나이트글로리,"001
합성플루오르플로고파이트, 에이치디아이/트라이메틸올헥실락톤크로스폴리머, 티타늄디옥사이드, 마이카, 페닐트라이메티콘, 실리카, 적색산화철, 글리세린, 마그네슘알루미늄실리케이트, 1,2-헥산다이올, 카프릴릴글라이콜, 글리세릴카프릴레이트, 에틸헥실글리세린, 틴옥사이드, 정제수, 토코페롤",모든피부타입,울라불라불루짱,2022.06.12,"유튜브 보고 구매햇습니다 팬브러쉬가 함께 동봉되어잇어서 구매햇어요! 브러쉬가 꽤나 괜찮다고 해서요ㅎㅎ가격도 세일하고 잇어서 저렴햇어요 역시 페리페라ㅋㅋ
근데 케이스에 좀 금이 몇개 가잇네요ㅠ

매장에서 테스트해보는데 갑자기 안에 내용물이 떨어졋어요🥲내구성은 좀 약한느낌ㅠ그리고 되게 말랑말랑 부드러운 제형이엿어요 가지고잇는 하이라이터보다 부드러운 느낌!
발색도 잘되고 색상은 약간 골드느낌의 하이라이터라 웜톤분들께 추천합니다 
펄은 약간 톡톡튀는 느낌보다는 무난 적당한 펄 느낌이에요
그래서 광택도 무난하고 펄입자도 중간에서 작은 편 이엿습니다 
블러셔 생략하고 하이라이터만 사용해도 좋을 것 같아요!👍🏻

그리고 이런 하이러이터 브러쉬 가지고 싶엇는데 딱 좋네요ㅎㅎ이런 브러쉬는 첨이라 사용이 아직 어색하지만 브러쉬 자체의 내구성은 괜찮은 것 같아용",4,건성;봄웜톤;민감성;홍조
7,20221016_110435,하이라이터,[NEW] 페리페라 맑게 물든 글로리 하이라이터 (팬브러쉬증정),https://www.oliveyoung.co.kr/store/goods/getGoodsDetail.do?goodsNo=A000000167232&dispCatNo=1000001000200010008&trackingCd&curation&egcode&rccode&egrankcode,페리페라,[NEW] 페리페라 맑게 물든 글로리 하이라이터 (팬브러쉬증정),14000,11200,01 데이글로리;02 나이트글로리,"001
합성플루오르플로고파이트, 에이치디아이/트라이메틸올헥실락톤크로스폴리머, 티타늄디옥사이드, 마이카, 페닐트라이메티콘, 실리카, 적색산화철, 글리세린, 마그네슘알루미늄실리케이트, 1,2-헥산다이올, 카프릴릴글라이콜, 글리세릴카프릴레이트, 에틸헥실글리세린, 틴옥사이드, 정제수, 토코페롤",모든피부타입,집사꿈나무,2022.08.21,"믿고 쓰는 패리페라에서 하이라이터가 새로 나왔다길래 구매해봤는데 여윽시! 색조맛집 명성에 걸맞은 아이입니다
저는 2호 나이트글로리 구매했구요 
잔잔하면서도 영롱한 핑크빔이 아주 맘에듭니다
그리고 같이 딸려오는 브러시가 미쳤어요!!!!
여러개 사서 블러셔도 하고 파우더도하고 다 쓰고 싶을만큼
ㅠㅠ브러시 따로 출시해줬으면 좋겠어요...
저는 봄웜라와 여쿨라 사이 그 어디쯤있는 인간인데요
2호 색상 동동뜨지않고 맑고 예쁘게 잘 맞았습니다
피부처님은 건성에 가까운 수부지인데 밀착력도 괜찮았고
지속력은 보통인 것 같아요 저는 수정화장을 잘 안하는 편이지만 이건 너무 예뻐서 가지고 다니면서 바르려구요
페리페라 하이라이터 잘 만들어놓고 왜 홍보안해여
제발 사세요 브러쉬도 주는데!!! 왜안사?",5,복합성;웜톤;민감성;잡티
8,20221016_110435,하이라이터,[NEW] 페리페라 맑게 물든 글로리 하이라이터 (팬브러쉬증정),https://www.oliveyoung.co.kr/store/goods/getGoodsDetail.do?goodsNo=A000000167232&dispCatNo=1000001000200010008&trackingCd&curation&egcode&rccode&egrankcode,페리페라,[NEW] 페리페라 맑게 물든 글로리 하이라이터 (팬브러쉬증정),14000,11200,01 데이글로리;02 나이트글로리,"001
합성플루오르플로고파이트, 에이치디아이/트라이메틸올헥실락톤크로스폴리머, 티타늄디옥사이드, 마이카, 페닐트라이메티콘, 실리카, 적색산화철, 글리세린, 마그네슘알루미늄실리케이트, 1,2-헥산다이올, 카프릴릴글라이콜, 글리세릴카프릴레이트, 에틸헥실글리세린, 틴옥사이드, 정제수, 토코페롤",모든피부타입,싹이난감자,2022.07.12,"그냥 정말 대체적으로 무난한 초보자용 하이라이터입니다.. 확실히 펄이 들어가고 제형을 타는 제품들은 높은 기술력이 필요한 것 같아요. 분명 팬으로 봤을 때는 반짝거리는데 발라보면 좋게 말하면 은은하고 그닥 빛나지 않는 느낌이에요. 뭐 그렇다고 촉촉하게 밀착이 되는 것도 아니고 금방 날아가요. 팬 브러쉬 증정해준다고 해서 구매한 건데 괜히 리뷰가 별로 없는게 아닌 것 같네요. 차라리 하이라이터 용으로 유명한 쉬머한 섀도우 같은 걸 바르는게 더 나아요. 뭐라 더 이상 쓸 말도 없을 정도.. 그리고 마스크 때문인지는 몰라도 베이스 위에서 약간 지저분하게 뭉치는 것 같기도 하고요. 여러 모로 아쉽기는 한데 그 만큼 저렴하니까요. 그래도 저한테는 요즘 같이 더운 날에 맞는 무드도, 제형도 아닌 것 같은 애매한 제품이었습니다.",4,건성;웜톤;각질;모공
9,20221016_110436,하이라이터,[NEW] 페리페라 맑게 물든 글로리 하이라이터 (팬브러쉬증정),https://www.oliveyoung.co.kr/store/goods/getGoodsDetail.do?goodsNo=A000000167232&dispCatNo=1000001000200010008&trackingCd&curation&egcode&rccode&egrankcode,페리페라,[NEW] 페리페라 맑게 물든 글로리 하이라이터 (팬브러쉬증정),14000,11200,01 데이글로리;02 나이트글로리,"001
합성플루오르플로고파이트, 에이치디아이/트라이메틸올헥실락톤크로스폴리머, 티타늄디옥사이드, 마이카, 페닐트라이메티콘, 실리카, 적색산화철, 글리세린, 마그네슘알루미늄실리케이트, 1,2-헥산다이올, 카프릴릴글라이콜, 글리세릴카프릴레이트, 에틸헥실글리세린, 틴옥사이드, 정제수, 토코페롤",모든피부타입,쓰리빈맘,2022.09.27,예뻐요! 생각보다 티가 많이 나는것 같지만 잘 발라주면 적당히 예뻐용,4,복합성;겨울쿨톤;주름
10,20221016_110439,하이라이터,[NEW] 페리페라 맑게 물든 글로리 하이라이터 (팬브러쉬증정),https://www.oliveyoung.co.kr/store/goods/getGoodsDetail.do?goodsNo=A000000167232&dispCatNo=1000001000200010008&trackingCd&curation&egcode&rccode&egrankcode,페리페라,[NEW] 페리페라 맑게 물든 글로리 하이라이터 (팬브러쉬증정),14000,11200,01 데이글로리;02 나이트글로리,"001
합성플루오르플로고파이트, 에이치디아이/트라이메틸올헥실락톤크로스폴리머, 티타늄디옥사이드, 마이카, 페닐트라이메티콘, 실리카, 적색산화철, 글리세린, 마그네슘알루미늄실리케이트, 1,2-헥산다이올, 카프릴릴글라이콜, 글리세릴카프릴레이트, 에틸헥실글리세린, 틴옥사이드, 정제수, 토코페롤",모든피부타입,신주영,2022.06.21,"우선 저는 이 제품을 계속 구매할까 말까 고민하다 세일할 때 기다렸다 구매해봤어요🙂😁
근데 우선 색감이 너무 분위기 있으면서 무겁진 않고 적당히 생기도 있어서 너무 예쁘구요💖❤ 은은한데 답답하진 않을 정도로 적당히 발색되어서 양 조절하는데에도 어려움이 없더라구요😉👍별 다른 도구 없이도 고르게 잘 발색되고 컨트롤 하는게 힘들지 않아서 초보자 분들도 어렵지 않게 예쁘게 잘 사용하실 수 있을 것 같습니다😃😃딱히 크게 톤을 타진 않는 컬러군이라 나머지 색조 메이크업 톤만 잘 조합해서 맞춰주신다면 조화롭게 잘 쓸 수 있을 듯합니다🙂😼❤이 브랜드 상품들의 가격대가 별로 부담스럽지는 않은 가격인데 왠만하면 가격 대비 퀄리티가 꽤 괜찮아서 항상 애용하고 있어요💙💚대체적으로 진하지 않은 데일리 메이크업에 찰떡같이 어울리는 컬러들이라 항상 예쁘게 쓰고 있습니당🤩",5,민감성;가을웜톤;각질;민감성
11,20221016_110440,하이라이터,[NEW] 페리페라 맑게 물든 글로리 하이라이터 (팬브러쉬증정),https://www.oliveyoung.co.kr/store/goods/getGoodsDetail.do?goodsNo=A000000167232&dispCatNo=1000001000200010008&trackingCd&curation&egcode&rccode&egrankcode,페리페라,[NEW] 페리페라 맑게 물든 글로리 하이라이터 (팬브러쉬증정),14000,11200,01 데이글로리;02 나이트글로리,"001
합성플루오르플로고파이트, 에이치디아이/트라이메틸올헥실락톤크로스폴리머, 티타늄디옥사이드, 마이카, 페닐트라이메티콘, 실리카, 적색산화철, 글리세린, 마그네슘알루미늄실리케이트, 1,2-헥산다이올, 카프릴릴글라이콜, 글리세릴카프릴레이트, 에틸헥실글리세린, 틴옥사이드, 정제수, 토코페롤",모든피부타입,밍도뿌,2022.09.14,"하이라이터 사고싶어서 이것저것 비교하다가 이게 브러쉬까지 함께 주길래 한 번 구매해봤어요. 아무래도 페리페라 제품을 어렸을 때부터 많이 써봐서 이 브랜드꺼는 믿고 사는 느낌이 있었던 것 같아요. 하이라이터 자체를 정말 오랜만에 구매해보는 것이기도 하며, 퍼스널컬러에 따라 다른가 했는 데 그건 또 아닌 것 같아요. 이건 개인적인 의견이니 참고만 해주세요. 이마랑 콧등에 발랐는 데 챠르르 하고 빛나는 게 보여요. 저는 수분 부족 지성이며 볼이나 턱 부분이 조금 건조한데 그런 곳에 잘못 바르면 조금은 건조해보이는 것 같았어요. 그리고 펄감이 조금 강해서 조금씩만 발라야 할 것 같아요 ㅜㅜ 일단은 조금 더 써보고 펄감이 좀 강하다라는 생각이 들면 페리페라 다른 하이라이터로 구매해보려고요! 페리페라에 예쁜게 굉장히 많더라고요 ㅎㅎ",4,_alchera_none_
12,20221016_110440,하이라이터,[NEW] 페리페라 맑게 물든 글로리 하이라이터 (팬브러쉬증정),https://www.oliveyoung.co.kr/store/goods/getGoodsDetail.do?goodsNo=A000000167232&dispCatNo=1000001000200010008&trackingCd&curation&egcode&rccode&egrankcode,페리페라,[NEW] 페리페라 맑게 물든 글로리 하이라이터 (팬브러쉬증정),14000,11200,01 데이글로리;02 나이트글로리,"001
합성플루오르플로고파이트, 에이치디아이/트라이메틸올헥실락톤크로스폴리머, 티타늄디옥사이드, 마이카, 페닐트라이메티콘, 실리카, 적색산화철, 글리세린, 마그네슘알루미늄실리케이트, 1,2-헥산다이올, 카프릴릴글라이콜, 글리세릴카프릴레이트, 에틸헥실글리세린, 틴옥사이드, 정제수, 토코페롤",모든피부타입,thswlt****,2022.08.31,제가 한 분 깨트려서 좀 아쉽긴한데 그래도 전체적으로 발림성도 좋고 만족해용!!,5,지성;가을웜톤;모공;블랙헤드
13,20221016_110440,하이라이터,[NEW] 페리페라 맑게 물든 글로리 하이라이터 (팬브러쉬증정),https://www.oliveyoung.co.kr/store/goods/getGoodsDetail.do?goodsNo=A000000167232&dispCatNo=1000001000200010008&trackingCd&curation&egcode&rccode&egrankcode,페리페라,[NEW] 페리페라 맑게 물든 글로리 하이라이터 (팬브러쉬증정),14000,11200,01 데이글로리;02 나이트글로리,"001
합성플루오르플로고파이트, 에이치디아이/트라이메틸올헥실락톤크로스폴리머, 티타늄디옥사이드, 마이카, 페닐트라이메티콘, 실리카, 적색산화철, 글리세린, 마그네슘알루미늄실리케이트, 1,2-헥산다이올, 카프릴릴글라이콜, 글리세릴카프릴레이트, 에틸헥실글리세린, 틴옥사이드, 정제수, 토코페롤",모든피부타입,김단오,2022.08.30,자연스럽고 색도 이쁘고 그립감이 너무 조아요..브러시도 다게 이쁘고 조아요,5,민감성;가을웜톤;블랙헤드
14,20221016_110440,하이라이터,[NEW] 페리페라 맑게 물든 글로리 하이라이터 (팬브러쉬증정),https://www.oliveyoung.co.kr/store/goods/getGoodsDetail.do?goodsNo=A000000167232&dispCatNo=1000001000200010008&trackingCd&curation&egcode&rccode&egrankcode,페리페라,[NEW] 페리페라 맑게 물든 글로리 하이라이터 (팬브러쉬증정),14000,11200,01 데이글로리;02 나이트글로리,"001
합성플루오르플로고파이트, 에이치디아이/트라이메틸올헥실락톤크로스폴리머, 티타늄디옥사이드, 마이카, 페닐트라이메티콘, 실리카, 적색산화철, 글리세린, 마그네슘알루미늄실리케이트, 1,2-헥산다이올, 카프릴릴글라이콜, 글리세릴카프릴레이트, 에틸헥실글리세린, 틴옥사이드, 정제수, 토코페롤",모든피부타입,dlsdud****,2022.08.25,요거 요물입니다 .. 이정도 펄감에 이정도 날림이면 저는 만족이여,5,지성;쿨톤;모공;미백
15,20221016_110442,하이라이터,[NEW] 페리페라 맑게 물든 글로리 하이라이터 (팬브러쉬증정),https://www.oliveyoung.co.kr/store/goods/getGoodsDetail.do?goodsNo=A000000167232&dispCatNo=1000001000200010008&trackingCd&curation&egcode&rccode&egrankcode,페리페라,[NEW] 페리페라 맑게 물든 글로리 하이라이터 (팬브러쉬증정),14000,11200,01 데이글로리;02 나이트글로리,"001
합성플루오르플로고파이트, 에이치디아이/트라이메틸올헥실락톤크로스폴리머, 티타늄디옥사이드, 마이카, 페닐트라이메티콘, 실리카, 적색산화철, 글리세린, 마그네슘알루미늄실리케이트, 1,2-헥산다이올, 카프릴릴글라이콜, 글리세릴카프릴레이트, 에틸헥실글리세린, 틴옥사이드, 정제수, 토코페롤",모든피부타입,BIIN,2022.09.08,진짜 저렴한 가격에 퀄리티 대박이고ㅠ 근데 은은한 펄이 아니라 블링블링 느낌이라 조금 아쉬워요..! 사진보고 은은할줄 알았는데 ㅎㅎ 그래도 넘 예뻐요!!,5,_alchera_none_
16,20221016_110443,하이라이터,[NEW] 페리페라 맑게 물든 글로리 하이라이터 (팬브러쉬증정),https://www.oliveyoung.co.kr/store/goods/getGoodsDetail.do?goodsNo=A000000167232&dispCatNo=1000001000200010008&trackingCd&curation&egcode&rccode&egrankcode,페리페라,[NEW] 페리페라 맑게 물든 글로리 하이라이터 (팬브러쉬증정),14000,11200,01 데이글로리;02 나이트글로리,"001
합성플루오르플로고파이트, 에이치디아이/트라이메틸올헥실락톤크로스폴리머, 티타늄디옥사이드, 마이카, 페닐트라이메티콘, 실리카, 적색산화철, 글리세린, 마그네슘알루미늄실리케이트, 1,2-헥산다이올, 카프릴릴글라이콜, 글리세릴카프릴레이트, 에틸헥실글리세린, 틴옥사이드, 정제수, 토코페롤",모든피부타입,gold****,2022.10.13,"쿨톤에 연하게 발려서 좋다해서 구매해봤어요
펄감 연하고 자연스러운 제품을 찾고 있었어요.

펄이 강하면 너무 도드라지고 나 화장했다! 하는 느낌이 강해서 별로 좋아하지않는데
메이크업 후 건강한느낌으로 볼, 눈썹위, 턱끝, 코끝에 살짝 해주면 너무 좋아요.
펄이 너무 강하고 쎄면 조금만 발라도 빡 올라와서 조절하기 어려운데
덧대서 발라도 적당하게 올라와서 너무 좋아요.
근데 같이 온 붓이 작아서 그런가 좀 더 크고 부채꼴 모양으로 펼쳐져서 생긴? 그런 붓이 더 편하고 잘 발릴거같아요.

여름엔 수정을 자주하니까 잘 못쓰지만 겨울에 쓰면 너무 좋을거같아요.

펄입자가 작고 차르르해서 자연스러운게 장점이네요.

생각보다 패키지가 작아서 ?? 했어요
아트바이로뎅꺼 썼었는데 그것보단 좀 더 단단해서? 잘 안부서지길 바래야죠.",5,_alchera_none_
17,20221016_110444,하이라이터,[NEW] 페리페라 맑게 물든 글로리 하이라이터 (팬브러쉬증정),https://www.oliveyoung.co.kr/store/goods/getGoodsDetail.do?goodsNo=A000000167232&dispCatNo=1000001000200010008&trackingCd&curation&egcode&rccode&egrankcode,페리페라,[NEW] 페리페라 맑게 물든 글로리 하이라이터 (팬브러쉬증정),14000,11200,01 데이글로리;02 나이트글로리,"001
합성플루오르플로고파이트, 에이치디아이/트라이메틸올헥실락톤크로스폴리머, 티타늄디옥사이드, 마이카, 페닐트라이메티콘, 실리카, 적색산화철, 글리세린, 마그네슘알루미늄실리케이트, 1,2-헥산다이올, 카프릴릴글라이콜, 글리세릴카프릴레이트, 에틸헥실글리세린, 틴옥사이드, 정제수, 토코페롤",모든피부타입,hih****,2022.08.17,"페리페라는 틴트가 가장 유명한 회사지만 블러셔와 쉐딩, 쉐도우 등 여러 색조 메이크업 또한 다양하게 만들고 있습니다.
그 중에서도 '맑게 물든' 시리즈 중에서 하이라이터로 나온 이 제품이 너무 좋았어요.
데일리하게 활용가능한 샴페인 살구 베이지 계열의 하이라이터로 데이글로리와 밤~새벽녘 잔잔하게 빛나는 오로라 같은 핑크 크림골드 계열의 하이라이터 나이트 글로리 두좋류가 있더라구요.
데이글로리는 웜톤 추천이고 나이트 글로리는 쿨톤 추천이랍니다.
요즘 핑크 하이라이터에 꽃혀 웜톤이지만 톤을 무시하고 저는 쿨톤인 나이트 글로리로 선택했답니다.
글리터 자체의 입자가 크지 않고 쉬머해서 부담스럽지 않고 은은해요.
손으로 발색해도 뭉침이 없어서 눈두덩이는 물론, 콧등이나 눈썹뼈 이마와 같은 부위에 자연스러운 볼륨감을 넣어주기에도 좋아요!!",3,_alchera_none_
18,20221016_110445,하이라이터,[NEW] 페리페라 맑게 물든 글로리 하이라이터 (팬브러쉬증정),https://www.oliveyoung.co.kr/store/goods/getGoodsDetail.do?goodsNo=A000000167232&dispCatNo=1000001000200010008&trackingCd&curation&egcode&rccode&egrankcode,페리페라,[NEW] 페리페라 맑게 물든 글로리 하이라이터 (팬브러쉬증정),14000,11200,01 데이글로리;02 나이트글로리,"001
합성플루오르플로고파이트, 에이치디아이/트라이메틸올헥실락톤크로스폴리머, 티타늄디옥사이드, 마이카, 페닐트라이메티콘, 실리카, 적색산화철, 글리세린, 마그네슘알루미늄실리케이트, 1,2-헥산다이올, 카프릴릴글라이콜, 글리세릴카프릴레이트, 에틸헥실글리세린, 틴옥사이드, 정제수, 토코페롤",모든피부타입,dbfl****,2022.08.28,"쓰던 하이라이터를 잃어버려서 새로 사야지 하고 있었는데 마침 아주 예쁘고 발색도 곱고, 게다가 브러시까지 준다고 해서 얼른 구입해봤어요.
저는 01번 데이글로리 제품으로 샀는데 제 피부톤은 어두운 웜톤이구요. 제 웜톤 피부에 아주 예쁘게 발색이 되는 것 같아요.
부자연스럽게 눈에 띄는 것도 아니고 발색이 약한 것도 아니고 정말 예쁘게 빤짝빤짝해요. 자연스럽게 빛난다는 느낌? 피부에 예쁘게 발리니까 요즘은 하이라이터 할 때가 제일 재미있어요. 브러시로 바를 때도 있는데 손가락으로 바르기도 하고요. 펄이 심한 것도 아니고 자연스러우니까 하이라이터 처음 써보시는 분들이 구입하기에도 아주 좋은 것 같아요. 그냥 매일 쓰기에 부담스럽지도 않고요. 앞으로도 계속 잘 쓸 예정이고요, 아주 예쁜 제품입니다~!",5,_alchera_none_
19,20221016_110446,하이라이터,[NEW] 페리페라 맑게 물든 글로리 하이라이터 (팬브러쉬증정),https://www.oliveyoung.co.kr/store/goods/getGoodsDetail.do?goodsNo=A000000167232&dispCatNo=1000001000200010008&trackingCd&curation&egcode&rccode&egrankcode,페리페라,[NEW] 페리페라 맑게 물든 글로리 하이라이터 (팬브러쉬증정),14000,11200,01 데이글로리;02 나이트글로리,"001
합성플루오르플로고파이트, 에이치디아이/트라이메틸올헥실락톤크로스폴리머, 티타늄디옥사이드, 마이카, 페닐트라이메티콘, 실리카, 적색산화철, 글리세린, 마그네슘알루미늄실리케이트, 1,2-헥산다이올, 카프릴릴글라이콜, 글리세릴카프릴레이트, 에틸헥실글리세린, 틴옥사이드, 정제수, 토코페롤",모든피부타입,ody****,2022.06.08,기대를 별로 안 했었는데 펜브러쉬가 동봉되어있어서 좋았어요. 색감은 페이지에 있는 사진 상 좀 어두워 보여서 걱정했는데 발색 자체는 제가 원했던대로 베이지 베이스에 밝은 펄이어서 좋았습니다. 원래는 섀도우 팔레트 내에 동봉되어 있던 하이라이터를 사용했는데 이제 이걸로 할 거 같아요. 팔 사진은 펜브러쉬 위쪽 부분으로 선을 긋고 옆으로 펴발라봤는데 가루날림이 아예 없진 않습니다. 바로 문지르면 펄이 좀 번지는 경향이 있어서 여느 하이라이터가 그렇듯이 마스크를 쓰면 지워질 거 같습니다. 그래도 어느정도 시간이 지나면 고정되는 거 같아요. 펄입자가 적당하고 은은하게 올라오는 발색이 자연스러워서 손이 자주 갈 거 같네요. 특히 하이라이터 초보에게 좋은 거 같아요. 이정도면 가격대비 좋은 하이라이터라 생각됩니다. 앞으로 잘 쓰겠습니다.,5,_alchera_none_
20,20221016_110449,하이라이터,[NEW] 페리페라 맑게 물든 글로리 하이라이터 (팬브러쉬증정),https://www.oliveyoung.co.kr/store/goods/getGoodsDetail.do?goodsNo=A000000167232&dispCatNo=1000001000200010008&trackingCd&curation&egcode&rccode&egrankcode,페리페라,[NEW] 페리페라 맑게 물든 글로리 하이라이터 (팬브러쉬증정),14000,11200,01 데이글로리;02 나이트글로리,"001
합성플루오르플로고파이트, 에이치디아이/트라이메틸올헥실락톤크로스폴리머, 티타늄디옥사이드, 마이카, 페닐트라이메티콘, 실리카, 적색산화철, 글리세린, 마그네슘알루미늄실리케이트, 1,2-헥산다이올, 카프릴릴글라이콜, 글리세릴카프릴레이트, 에틸헥실글리세린, 틴옥사이드, 정제수, 토코페롤",모든피부타입,유니맘,2022.10.12,잘받았습니다 잘쓰겠습니다 감사합니다 고맙습니다 감사해요,5,_alchera_none_
21,20221016_110451,하이라이터,[NEW] 페리페라 맑게 물든 글로리 하이라이터 (팬브러쉬증정),https://www.oliveyoung.co.kr/store/goods/getGoodsDetail.do?goodsNo=A000000167232&dispCatNo=1000001000200010008&trackingCd&curation&egcode&rccode&egrankcode,페리페라,[NEW] 페리페라 맑게 물든 글로리 하이라이터 (팬브러쉬증정),14000,11200,01 데이글로리;02 나이트글로리,"001
합성플루오르플로고파이트, 에이치디아이/트라이메틸올헥실락톤크로스폴리머, 티타늄디옥사이드, 마이카, 페닐트라이메티콘, 실리카, 적색산화철, 글리세린, 마그네슘알루미늄실리케이트, 1,2-헥산다이올, 카프릴릴글라이콜, 글리세릴카프릴레이트, 에틸헥실글리세린, 틴옥사이드, 정제수, 토코페롤",모든피부타입,hjaj****,2022.10.05,"한번 삿나요?! 두번사세요 진짜 자연스러워요 
광도 너무 이쁘게 잘 돌고 그래도 티안나거나 입자가 
굵을거라 생각 햇는데 너무 좋았어요 따봉 합니다",5,_alchera_none_
22,20221016_110452,하이라이터,[NEW] 페리페라 맑게 물든 글로리 하이라이터 (팬브러쉬증정),https://www.oliveyoung.co.kr/store/goods/getGoodsDetail.do?goodsNo=A000000167232&dispCatNo=1000001000200010008&trackingCd&curation&egcode&rccode&egrankcode,페리페라,[NEW] 페리페라 맑게 물든 글로리 하이라이터 (팬브러쉬증정),14000,11200,01 데이글로리;02 나이트글로리,"001
합성플루오르플로고파이트, 에이치디아이/트라이메틸올헥실락톤크로스폴리머, 티타늄디옥사이드, 마이카, 페닐트라이메티콘, 실리카, 적색산화철, 글리세린, 마그네슘알루미늄실리케이트, 1,2-헥산다이올, 카프릴릴글라이콜, 글리세릴카프릴레이트, 에틸헥실글리세린, 틴옥사이드, 정제수, 토코페롤",모든피부타입,haeun99****,2022.09.21,아주 예뻐용~~ 펄이 아주그냥 좌르르 예쁩니다 브러쉬도 아주 맘에 드네용!!,5,_alchera_none_
23,20221016_110453,하이라이터,[NEW] 페리페라 맑게 물든 글로리 하이라이터 (팬브러쉬증정),https://www.oliveyoung.co.kr/store/goods/getGoodsDetail.do?goodsNo=A000000167232&dispCatNo=1000001000200010008&trackingCd&curation&egcode&rccode&egrankcode,페리페라,[NEW] 페리페라 맑게 물든 글로리 하이라이터 (팬브러쉬증정),14000,11200,01 데이글로리;02 나이트글로리,"001
합성플루오르플로고파이트, 에이치디아이/트라이메틸올헥실락톤크로스폴리머, 티타늄디옥사이드, 마이카, 페닐트라이메티콘, 실리카, 적색산화철, 글리세린, 마그네슘알루미늄실리케이트, 1,2-헥산다이올, 카프릴릴글라이콜, 글리세릴카프릴레이트, 에틸헥실글리세린, 틴옥사이드, 정제수, 토코페롤",모든피부타입,ksylc****,2022.07.25,"하이라이터.. 저에겐 ㄹㅇ 애증템인데 그동안 맞는 색을 제대로 찾아 쓰지 않아서 써도 안맞는 느낌이고 어울리지 않아서 쓸때마다 한숨나왔던 템.. 한번 사면 양도 많은데 색이 안맞아서 못쓰고 주변에 주거나 버렸던... 그런데 어떤 유튜버 메이크업 영상에서 보고 은은하게 이쁘길래 속는셈치고 다시 한번 도전해봄 그런데 진짜 발색 부담스럽지않게 은은하고 너무 이뻐서 이걸로 정착해버림,,, 콧대에 얹어도 부담스럽지 않고 특히!! 베이스가 까지지 않게 올라감 브러쉬 같이 줄 때 샀는데 브러쉬에 살짝 묻혀서 얹으면 자연스럽게 발색 되면서 하이라이터 특유의 이상한 광택감도 나지 않음 그리고 블러셔 해주고 나서 광대 쪽에 은은하게 올려주면 광택나는 피부처럼 연출 가능함 너무너무 조음 딱 이쁘고 부담스럽지 않음 완전 추천!",5,_alchera_none_
24,20221016_110453,하이라이터,[NEW] 페리페라 맑게 물든 글로리 하이라이터 (팬브러쉬증정),https://www.oliveyoung.co.kr/store/goods/getGoodsDetail.do?goodsNo=A000000167232&dispCatNo=1000001000200010008&trackingCd&curation&egcode&rccode&egrankcode,페리페라,[NEW] 페리페라 맑게 물든 글로리 하이라이터 (팬브러쉬증정),14000,11200,01 데이글로리;02 나이트글로리,"001
합성플루오르플로고파이트, 에이치디아이/트라이메틸올헥실락톤크로스폴리머, 티타늄디옥사이드, 마이카, 페닐트라이메티콘, 실리카, 적색산화철, 글리세린, 마그네슘알루미늄실리케이트, 1,2-헥산다이올, 카프릴릴글라이콜, 글리세릴카프릴레이트, 에틸헥실글리세린, 틴옥사이드, 정제수, 토코페롤",모든피부타입,skdltnal****,2022.09.05,브러쉬랑 같이 주니깐 양 조절도 편하구 펄이 작아서 그런지 이뻐요ㅜㅜ 가격도 착하니 담에 또 사러 오겠습니당 💜,5,건성;봄웜톤;모공;피지과다
25,20221016_110453,하이라이터,[NEW] 페리페라 맑게 물든 글로리 하이라이터 (팬브러쉬증정),https://www.oliveyoung.co.kr/store/goods/getGoodsDetail.do?goodsNo=A000000167232&dispCatNo=1000001000200010008&trackingCd&curation&egcode&rccode&egrankcode,페리페라,[NEW] 페리페라 맑게 물든 글로리 하이라이터 (팬브러쉬증정),14000,11200,01 데이글로리;02 나이트글로리,"001
합성플루오르플로고파이트, 에이치디아이/트라이메틸올헥실락톤크로스폴리머, 티타늄디옥사이드, 마이카, 페닐트라이메티콘, 실리카, 적색산화철, 글리세린, 마그네슘알루미늄실리케이트, 1,2-헥산다이올, 카프릴릴글라이콜, 글리세릴카프릴레이트, 에틸헥실글리세린, 틴옥사이드, 정제수, 토코페롤",모든피부타입,먕먕이,2022.08.18,이제품은좋습니다잘사용하겠습니다재구매의사있을수도,5,민감성;여름쿨톤;각질;모공
26,20221016_110454,하이라이터,[NEW] 페리페라 맑게 물든 글로리 하이라이터 (팬브러쉬증정),https://www.oliveyoung.co.kr/store/goods/getGoodsDetail.do?goodsNo=A000000167232&dispCatNo=1000001000200010008&trackingCd&curation&egcode&rccode&egrankcode,페리페라,[NEW] 페리페라 맑게 물든 글로리 하이라이터 (팬브러쉬증정),14000,11200,01 데이글로리;02 나이트글로리,"001
합성플루오르플로고파이트, 에이치디아이/트라이메틸올헥실락톤크로스폴리머, 티타늄디옥사이드, 마이카, 페닐트라이메티콘, 실리카, 적색산화철, 글리세린, 마그네슘알루미늄실리케이트, 1,2-헥산다이올, 카프릴릴글라이콜, 글리세릴카프릴레이트, 에틸헥실글리세린, 틴옥사이드, 정제수, 토코페롤",모든피부타입,lcytdj****,2022.07.14,"일단 펄감 정말 강해요 브러쉬로 하이라이터 첨 써봐서 그론디 코에할 때 좀 뭉치는 느낌이 들더라구요 아주 살짝 했는덷ㅎ ,, 그것만빼면 하이라이터 넘 예뻐요 웜톤 계열이라돈데 쿨톤 유튜버분이 이게더 잘 사용하는 중이라하셔서 저도 넘 핑크 톤은 부담이라 이걸로 구매했는데 웜톶 쿨톤 딱히 상관 럾는듯해요 다만 발색만 ㅠㅠ 아님 제가 잘 못 하는걸수도있지만 광대쪽 할 때도 살짝 ..? 뭉치는 느낌 들었어요 조금만 딱해서 끝에 힘 빼서 하면 광은 진짜 예쁨 뜩히 입술 위에 할때 진짜 예뻐요 인정 ,, 남들은 모르겠지만 나만 아는 살짝 바뀐 그런 느낌 있자나요 ㅋㅌㅋㅋㅋ 입술 위에 하면 진짜 존예에요 전 입술 밑에도 살짝 하는데 특유의 그 빤짝림 때문에 너무 과하지도않고 진짜ㅠㅠㅠ 개 예뻐요 한번쯤 사기 좋은 ? 브러쉬도 있고 가격도 안 부담스러움",5,_alchera_none_
27,20221016_110456,하이라이터,[NEW] 페리페라 맑게 물든 글로리 하이라이터 (팬브러쉬증정),https://www.oliveyoung.co.kr/store/goods/getGoodsDetail.do?goodsNo=A000000167232&dispCatNo=1000001000200010008&trackingCd&curation&egcode&rccode&egrankcode,페리페라,[NEW] 페리페라 맑게 물든 글로리 하이라이터 (팬브러쉬증정),14000,11200,01 데이글로리;02 나이트글로리,"001
합성플루오르플로고파이트, 에이치디아이/트라이메틸올헥실락톤크로스폴리머, 티타늄디옥사이드, 마이카, 페닐트라이메티콘, 실리카, 적색산화철, 글리세린, 마그네슘알루미늄실리케이트, 1,2-헥산다이올, 카프릴릴글라이콜, 글리세릴카프릴레이트, 에틸헥실글리세린, 틴옥사이드, 정제수, 토코페롤",모든피부타입,a0****,2022.06.26,"출시 된지 얼마 안돼서 자세한 후기 없이 일단 브러쉬 기획 세트인게 맘에 들어서 구매해봤는데 제 취향은 아니에요ㅜ 
윤광같이 촤르르한 광이나는 하이라이터, 정말 자연스럽게 광택만 있는 하이라이터를 좋아하는데 이 제품은 촤르르 베이스에 튀는 펄, 꽤 사이즈가 큰 펄이 콕콕있어요 그래서 모공 요철 많은 제 피부에선 펄 섀도우 날려서 얼굴에 얹어진 것 처럼 보였습니다. 
시간 지난 후 촤르르 베이스는 사라져서 광택없이 펄땡이만 남아있으니 더더욱 얼굴에 그냥 빤짝이 묻은 애가 됐습니다.. 애교살에 쓰는 것도 나쁘진 않은데 좀 텁텁해보이고 지저분해보여요. 하이라이터랑 브러쉬 조합은 좋아요! 페리페라 브러쉬 잘만드는 것 같아요 쉐딩 브러쉬도 좋았었어요.
정말 자연스러운 하이라이터 찾으시는 분들께는 비추입니다...",3,_alchera_none_
28,20221016_110457,하이라이터,[NEW] 페리페라 맑게 물든 글로리 하이라이터 (팬브러쉬증정),https://www.oliveyoung.co.kr/store/goods/getGoodsDetail.do?goodsNo=A000000167232&dispCatNo=1000001000200010008&trackingCd&curation&egcode&rccode&egrankcode,페리페라,[NEW] 페리페라 맑게 물든 글로리 하이라이터 (팬브러쉬증정),14000,11200,01 데이글로리;02 나이트글로리,"001
합성플루오르플로고파이트, 에이치디아이/트라이메틸올헥실락톤크로스폴리머, 티타늄디옥사이드, 마이카, 페닐트라이메티콘, 실리카, 적색산화철, 글리세린, 마그네슘알루미늄실리케이트, 1,2-헥산다이올, 카프릴릴글라이콜, 글리세릴카프릴레이트, 에틸헥실글리세린, 틴옥사이드, 정제수, 토코페롤",모든피부타입,jimin****,2022.10.15,하이라이터 처음 써봤는데 그냥저냥 무난한것같아요... 색은 이쁨니당,4,_alchera_none_
29,20221016_110458,하이라이터,[NEW] 페리페라 맑게 물든 글로리 하이라이터 (팬브러쉬증정),https://www.oliveyoung.co.kr/store/goods/getGoodsDetail.do?goodsNo=A000000167232&dispCatNo=1000001000200010008&trackingCd&curation&egcode&rccode&egrankcode,페리페라,[NEW] 페리페라 맑게 물든 글로리 하이라이터 (팬브러쉬증정),14000,11200,01 데이글로리;02 나이트글로리,"001
합성플루오르플로고파이트, 에이치디아이/트라이메틸올헥실락톤크로스폴리머, 티타늄디옥사이드, 마이카, 페닐트라이메티콘, 실리카, 적색산화철, 글리세린, 마그네슘알루미늄실리케이트, 1,2-헥산다이올, 카프릴릴글라이콜, 글리세릴카프릴레이트, 에틸헥실글리세린, 틴옥사이드, 정제수, 토코페롤",모든피부타입,jol****,2022.10.10,가루날림도 많이없고 펄감도 좋고 브러쉬도 주면서 가격도 착해서 좋습니다,5,_alchera_none_
30,20221016_110501,하이라이터,[NEW] 페리페라 맑게 물든 글로리 하이라이터 (팬브러쉬증정),https://www.oliveyoung.co.kr/store/goods/getGoodsDetail.do?goodsNo=A000000167232&dispCatNo=1000001000200010008&trackingCd&curation&egcode&rccode&egrankcode,페리페라,[NEW] 페리페라 맑게 물든 글로리 하이라이터 (팬브러쉬증정),14000,11200,01 데이글로리;02 나이트글로리,"001
합성플루오르플로고파이트, 에이치디아이/트라이메틸올헥실락톤크로스폴리머, 티타늄디옥사이드, 마이카, 페닐트라이메티콘, 실리카, 적색산화철, 글리세린, 마그네슘알루미늄실리케이트, 1,2-헥산다이올, 카프릴릴글라이콜, 글리세릴카프릴레이트, 에틸헥실글리세린, 틴옥사이드, 정제수, 토코페롤",모든피부타입,kimhy****,2022.09.07,이 가격에 브러쉬까지.. 말해뭐해 페리페라 사랑합니당 가격대만큼 하는 것 같습니다! 저는 대만족이예요 가격보다 그 이상을 원한다면 비싼걸 구매하시구 페리페라 좋아하는 분들이나 로드샵 애용하시는 분들 학생분들은 너무 좋을 것 같아요! 하이라이트용으로도 사용가능하고 섀도우로 애굣살에도 발라도 예쁜 것 같아요!,5,_alchera_none_
31,20221016_110502,하이라이터,[NEW] 페리페라 맑게 물든 글로리 하이라이터 (팬브러쉬증정),https://www.oliveyoung.co.kr/store/goods/getGoodsDetail.do?goodsNo=A000000167232&dispCatNo=1000001000200010008&trackingCd&curation&egcode&rccode&egrankcode,페리페라,[NEW] 페리페라 맑게 물든 글로리 하이라이터 (팬브러쉬증정),14000,11200,01 데이글로리;02 나이트글로리,"001
합성플루오르플로고파이트, 에이치디아이/트라이메틸올헥실락톤크로스폴리머, 티타늄디옥사이드, 마이카, 페닐트라이메티콘, 실리카, 적색산화철, 글리세린, 마그네슘알루미늄실리케이트, 1,2-헥산다이올, 카프릴릴글라이콜, 글리세릴카프릴레이트, 에틸헥실글리세린, 틴옥사이드, 정제수, 토코페롤",모든피부타입,aagi****,2022.08.31,"색이랑 발리는 표현이 너무 예뻐요
약간 가루날림이 있는데 이건 감수해야할거같아여
같이 온 브러쉬 맘에 드네요",5,_alchera_none_
32,20221016_110503,하이라이터,[NEW] 페리페라 맑게 물든 글로리 하이라이터 (팬브러쉬증정),https://www.oliveyoung.co.kr/store/goods/getGoodsDetail.do?goodsNo=A000000167232&dispCatNo=1000001000200010008&trackingCd&curation&egcode&rccode&egrankcode,페리페라,[NEW] 페리페라 맑게 물든 글로리 하이라이터 (팬브러쉬증정),14000,11200,01 데이글로리;02 나이트글로리,"001
합성플루오르플로고파이트, 에이치디아이/트라이메틸올헥실락톤크로스폴리머, 티타늄디옥사이드, 마이카, 페닐트라이메티콘, 실리카, 적색산화철, 글리세린, 마그네슘알루미늄실리케이트, 1,2-헥산다이올, 카프릴릴글라이콜, 글리세릴카프릴레이트, 에틸헥실글리세린, 틴옥사이드, 정제수, 토코페롤",모든피부타입,kunye****,2022.08.30,색감 완전 존예로워요 웜톤 찰떡입니다. 브러쉬도 같이 와서 좋습니다,5,_alchera_none_
33,20221016_110504,하이라이터,[NEW] 페리페라 맑게 물든 글로리 하이라이터 (팬브러쉬증정),https://www.oliveyoung.co.kr/store/goods/getGoodsDetail.do?goodsNo=A000000167232&dispCatNo=1000001000200010008&trackingCd&curation&egcode&rccode&egrankcode,페리페라,[NEW] 페리페라 맑게 물든 글로리 하이라이터 (팬브러쉬증정),14000,11200,01 데이글로리;02 나이트글로리,"001
합성플루오르플로고파이트, 에이치디아이/트라이메틸올헥실락톤크로스폴리머, 티타늄디옥사이드, 마이카, 페닐트라이메티콘, 실리카, 적색산화철, 글리세린, 마그네슘알루미늄실리케이트, 1,2-헥산다이올, 카프릴릴글라이콜, 글리세릴카프릴레이트, 에틸헥실글리세린, 틴옥사이드, 정제수, 토코페롤",모든피부타입,jooa****,2022.08.14,처음 받았을때 윗부분이 깨진 것처럼 왔어요 떨어진적 한번도 없었는데 파우치에 넣고 다녔다가 빼니까 산산조각이 났어요,1,_alchera_none_
34,20221016_110506,하이라이터,[NEW] 페리페라 맑게 물든 글로리 하이라이터 (팬브러쉬증정),https://www.oliveyoung.co.kr/store/goods/getGoodsDetail.do?goodsNo=A000000167232&dispCatNo=1000001000200010008&trackingCd&curation&egcode&rccode&egrankcode,페리페라,[NEW] 페리페라 맑게 물든 글로리 하이라이터 (팬브러쉬증정),14000,11200,01 데이글로리;02 나이트글로리,"001
합성플루오르플로고파이트, 에이치디아이/트라이메틸올헥실락톤크로스폴리머, 티타늄디옥사이드, 마이카, 페닐트라이메티콘, 실리카, 적색산화철, 글리세린, 마그네슘알루미늄실리케이트, 1,2-헥산다이올, 카프릴릴글라이콜, 글리세릴카프릴레이트, 에틸헥실글리세린, 틴옥사이드, 정제수, 토코페롤",모든피부타입,라스탸킴,2022.06.29,핑크톤의 하이라이터를 찾던 중 신제품이기도 하고 신뢰의 브랜드라서 구매하게 되었습니다 원래 갖고 있는 하이라이터 브러쉬가 작고 땅땅한 편인데 이 제품이랑은 안 맞는 것 같았어요 왜냐하면 제형이 습식인듯 퍼석퍼석하거든요 펄 입자도 커서 브러쉬로 한 번 쓸면 가루날림이 심해요 그래서 한 번씩 찍어내듯이 사용해야 하더라고요 보통 가루날림 심한 제품은 얼굴에 올릴 때는 가루가 안 날리는 경우도 있는데 이건 계속 날리는 타입인 것 같아요 지속력은 시간 좀 지나고 땀이 많이 나면 파데랑 같이 무너지는 정도고요 아무래도 펄 입자가 크다보니까 펄감이 많이 두드러져서 은은한 광택보다는 하이라이터한 티가 많이 나는 느낌이예요 연한 화장에는 잘 안어울릴 것 같아요 기획으로 온 브러쉬는 아직 사용 전인데 피카*에 이런 모양 브러쉬가 있었던 것 같은데 기획 브러쉬 치곤 희귀템인 것 같아서 좋았어요,4,_alchera_none_
35,20221016_110507,하이라이터,[NEW] 페리페라 맑게 물든 글로리 하이라이터 (팬브러쉬증정),https://www.oliveyoung.co.kr/store/goods/getGoodsDetail.do?goodsNo=A000000167232&dispCatNo=1000001000200010008&trackingCd&curation&egcode&rccode&egrankcode,페리페라,[NEW] 페리페라 맑게 물든 글로리 하이라이터 (팬브러쉬증정),14000,11200,01 데이글로리;02 나이트글로리,"001
합성플루오르플로고파이트, 에이치디아이/트라이메틸올헥실락톤크로스폴리머, 티타늄디옥사이드, 마이카, 페닐트라이메티콘, 실리카, 적색산화철, 글리세린, 마그네슘알루미늄실리케이트, 1,2-헥산다이올, 카프릴릴글라이콜, 글리세릴카프릴레이트, 에틸헥실글리세린, 틴옥사이드, 정제수, 토코페롤",모든피부타입,닉네임을설정해쥬,2022.06.20,하이라이터는 호불호가 많이 갈리는 제품군 중 하나라고 생각해요 어떤 분들은 필수로 여기는 반면 어떤 분들은 부담스러워하시면서 사용을 기피하기도 하는데요 이 제품 정도의 펄감ㅇㅣ면 호불호 없이 자연스럽게 사용할 수 있을 것 같아요 하이라이터가 필요했는데 제품 자체들이 다 비싸고 할인도 잘 안 하는 브랜드들이 많이 사기가 꺼려졌었어요 부담스러워하시는 분들처럼 내 피부에서도 이질적일 수 있는데 비싸게 주고 덥썩 사기가 망설여졌죠 하지만 믿고 쓰는가성비 브랜드 페리페라에서 적당한 가격에 할인까지 해주니까 써보기 딱 좋ㅇㅡㄴ 기회인 것 같아요 핑크빛 펄감이 돋보이는 2호로 선택했는데 손등 테스트 시에 자연스럽게 ㅊㅏ르르 빛나더라고요 이 제품 지금 기획세트 행사 중이라 하이라이터에 쓰기 좋은 브러쉬까지!,5,_alchera_none_
36,20221016_110508,하이라이터,[NEW] 페리페라 맑게 물든 글로리 하이라이터 (팬브러쉬증정),https://www.oliveyoung.co.kr/store/goods/getGoodsDetail.do?goodsNo=A000000167232&dispCatNo=1000001000200010008&trackingCd&curation&egcode&rccode&egrankcode,페리페라,[NEW] 페리페라 맑게 물든 글로리 하이라이터 (팬브러쉬증정),14000,11200,01 데이글로리;02 나이트글로리,"001
합성플루오르플로고파이트, 에이치디아이/트라이메틸올헥실락톤크로스폴리머, 티타늄디옥사이드, 마이카, 페닐트라이메티콘, 실리카, 적색산화철, 글리세린, 마그네슘알루미늄실리케이트, 1,2-헥산다이올, 카프릴릴글라이콜, 글리세릴카프릴레이트, 에틸헥실글리세린, 틴옥사이드, 정제수, 토코페롤",모든피부타입,eunju****,2022.10.02,"콧대나 볼, 눈 앞머리에 바르면 셀카찍을 때 하이라이터 돼서 인생짤 건지기 쉽상 ~ 너무 좋당",5,_alchera_none_
37,20221016_110509,하이라이터,[NEW] 페리페라 맑게 물든 글로리 하이라이터 (팬브러쉬증정),https://www.oliveyoung.co.kr/store/goods/getGoodsDetail.do?goodsNo=A000000167232&dispCatNo=1000001000200010008&trackingCd&curation&egcode&rccode&egrankcode,페리페라,[NEW] 페리페라 맑게 물든 글로리 하이라이터 (팬브러쉬증정),14000,11200,01 데이글로리;02 나이트글로리,"001
합성플루오르플로고파이트, 에이치디아이/트라이메틸올헥실락톤크로스폴리머, 티타늄디옥사이드, 마이카, 페닐트라이메티콘, 실리카, 적색산화철, 글리세린, 마그네슘알루미늄실리케이트, 1,2-헥산다이올, 카프릴릴글라이콜, 글리세릴카프릴레이트, 에틸헥실글리세린, 틴옥사이드, 정제수, 토코페롤",모든피부타입,cut****,2022.10.01,"은은한 칼라와 발림성, 아주 예쁘고 만족합니다. 재구매할겁니다",5,_alchera_none_
38,20221016_110510,하이라이터,[NEW] 페리페라 맑게 물든 글로리 하이라이터 (팬브러쉬증정),https://www.oliveyoung.co.kr/store/goods/getGoodsDetail.do?goodsNo=A000000167232&dispCatNo=1000001000200010008&trackingCd&curation&egcode&rccode&egrankcode,페리페라,[NEW] 페리페라 맑게 물든 글로리 하이라이터 (팬브러쉬증정),14000,11200,01 데이글로리;02 나이트글로리,"001
합성플루오르플로고파이트, 에이치디아이/트라이메틸올헥실락톤크로스폴리머, 티타늄디옥사이드, 마이카, 페닐트라이메티콘, 실리카, 적색산화철, 글리세린, 마그네슘알루미늄실리케이트, 1,2-헥산다이올, 카프릴릴글라이콜, 글리세릴카프릴레이트, 에틸헥실글리세린, 틴옥사이드, 정제수, 토코페롤",모든피부타입,mirli****,2022.09.28,"딸이  쓴다고 해서 샀는데
화사하니 예쁘네요
지속력도좋고
다음에또 구매하고싶어요",5,_alchera_none_
39,20221016_110511,하이라이터,[NEW] 페리페라 맑게 물든 글로리 하이라이터 (팬브러쉬증정),https://www.oliveyoung.co.kr/store/goods/getGoodsDetail.do?goodsNo=A000000167232&dispCatNo=1000001000200010008&trackingCd&curation&egcode&rccode&egrankcode,페리페라,[NEW] 페리페라 맑게 물든 글로리 하이라이터 (팬브러쉬증정),14000,11200,01 데이글로리;02 나이트글로리,"001
합성플루오르플로고파이트, 에이치디아이/트라이메틸올헥실락톤크로스폴리머, 티타늄디옥사이드, 마이카, 페닐트라이메티콘, 실리카, 적색산화철, 글리세린, 마그네슘알루미늄실리케이트, 1,2-헥산다이올, 카프릴릴글라이콜, 글리세릴카프릴레이트, 에틸헥실글리세린, 틴옥사이드, 정제수, 토코페롤",모든피부타입,lims****,2022.09.19,"색도 예쁘고 펄 감도 마음에 들어요.
근데 가루가 너무 고아서(?) 너무 작고 좁좁하고 얇아서 쉽게 깨져요ㅠ",4,_alchera_none_
40,20221016_110515,하이라이터,[NEW] 페리페라 맑게 물든 글로리 하이라이터 (팬브러쉬증정),https://www.oliveyoung.co.kr/store/goods/getGoodsDetail.do?goodsNo=A000000167232&dispCatNo=1000001000200010008&trackingCd&curation&egcode&rccode&egrankcode,페리페라,[NEW] 페리페라 맑게 물든 글로리 하이라이터 (팬브러쉬증정),14000,11200,01 데이글로리;02 나이트글로리,"001
합성플루오르플로고파이트, 에이치디아이/트라이메틸올헥실락톤크로스폴리머, 티타늄디옥사이드, 마이카, 페닐트라이메티콘, 실리카, 적색산화철, 글리세린, 마그네슘알루미늄실리케이트, 1,2-헥산다이올, 카프릴릴글라이콜, 글리세릴카프릴레이트, 에틸헥실글리세린, 틴옥사이드, 정제수, 토코페롤",모든피부타입,ss082****,2022.09.18,핑크빔 뿜뿜 너무 이뻐요 핑크빛 도는 매이크업 할 때 잘쓰고 있습니다,5,_alchera_none_
41,20221016_110516,하이라이터,[NEW] 페리페라 맑게 물든 글로리 하이라이터 (팬브러쉬증정),https://www.oliveyoung.co.kr/store/goods/getGoodsDetail.do?goodsNo=A000000167232&dispCatNo=1000001000200010008&trackingCd&curation&egcode&rccode&egrankcode,페리페라,[NEW] 페리페라 맑게 물든 글로리 하이라이터 (팬브러쉬증정),14000,11200,01 데이글로리;02 나이트글로리,"001
합성플루오르플로고파이트, 에이치디아이/트라이메틸올헥실락톤크로스폴리머, 티타늄디옥사이드, 마이카, 페닐트라이메티콘, 실리카, 적색산화철, 글리세린, 마그네슘알루미늄실리케이트, 1,2-헥산다이올, 카프릴릴글라이콜, 글리세릴카프릴레이트, 에틸헥실글리세린, 틴옥사이드, 정제수, 토코페롤",모든피부타입,syroh****,2022.09.07,최고!!!! 너무 반짝거리면 고급스러움이 날아간다고 생각하는데 얘는 그렇지 않아서 좋았어요,5,_alchera_none_
42,20221016_110517,하이라이터,[NEW] 페리페라 맑게 물든 글로리 하이라이터 (팬브러쉬증정),https://www.oliveyoung.co.kr/store/goods/getGoodsDetail.do?goodsNo=A000000167232&dispCatNo=1000001000200010008&trackingCd&curation&egcode&rccode&egrankcode,페리페라,[NEW] 페리페라 맑게 물든 글로리 하이라이터 (팬브러쉬증정),14000,11200,01 데이글로리;02 나이트글로리,"001
합성플루오르플로고파이트, 에이치디아이/트라이메틸올헥실락톤크로스폴리머, 티타늄디옥사이드, 마이카, 페닐트라이메티콘, 실리카, 적색산화철, 글리세린, 마그네슘알루미늄실리케이트, 1,2-헥산다이올, 카프릴릴글라이콜, 글리세릴카프릴레이트, 에틸헥실글리세린, 틴옥사이드, 정제수, 토코페롤",모든피부타입,cat****,2022.08.10,브러쉬 증정에 덮개까지 있어서 위생적이에요! 완전 반짝반짝 거려요 ㅎㅎ,5,_alchera_none_
43,20221016_110517,하이라이터,[NEW] 페리페라 맑게 물든 글로리 하이라이터 (팬브러쉬증정),https://www.oliveyoung.co.kr/store/goods/getGoodsDetail.do?goodsNo=A000000167232&dispCatNo=1000001000200010008&trackingCd&curation&egcode&rccode&egrankcode,페리페라,[NEW] 페리페라 맑게 물든 글로리 하이라이터 (팬브러쉬증정),14000,11200,01 데이글로리;02 나이트글로리,"001
합성플루오르플로고파이트, 에이치디아이/트라이메틸올헥실락톤크로스폴리머, 티타늄디옥사이드, 마이카, 페닐트라이메티콘, 실리카, 적색산화철, 글리세린, 마그네슘알루미늄실리케이트, 1,2-헥산다이올, 카프릴릴글라이콜, 글리세릴카프릴레이트, 에틸헥실글리세린, 틴옥사이드, 정제수, 토코페롤",모든피부타입,올영짱팬,2022.07.21,기대만큼은 아니지만 무난하게 사용하기 좋아요.  솔직히 제품보다 브러쉬가 더 마음에 들어요,4,복합성;웜톤;민감성;탄력
44,20221016_110518,하이라이터,[NEW] 페리페라 맑게 물든 글로리 하이라이터 (팬브러쉬증정),https://www.oliveyoung.co.kr/store/goods/getGoodsDetail.do?goodsNo=A000000167232&dispCatNo=1000001000200010008&trackingCd&curation&egcode&rccode&egrankcode,페리페라,[NEW] 페리페라 맑게 물든 글로리 하이라이터 (팬브러쉬증정),14000,11200,01 데이글로리;02 나이트글로리,"001
합성플루오르플로고파이트, 에이치디아이/트라이메틸올헥실락톤크로스폴리머, 티타늄디옥사이드, 마이카, 페닐트라이메티콘, 실리카, 적색산화철, 글리세린, 마그네슘알루미늄실리케이트, 1,2-헥산다이올, 카프릴릴글라이콜, 글리세릴카프릴레이트, 에틸헥실글리세린, 틴옥사이드, 정제수, 토코페롤",모든피부타입,정콩지,2022.07.02,핑크 빔 나는 하이라이터에요. 콧대 세워주거나 광 강조해주기 좋아요. 쿨 계열 분들 쓰세용,5,_alchera_none_
45,20221016_110519,하이라이터,[NEW] 페리페라 맑게 물든 글로리 하이라이터 (팬브러쉬증정),https://www.oliveyoung.co.kr/store/goods/getGoodsDetail.do?goodsNo=A000000167232&dispCatNo=1000001000200010008&trackingCd&curation&egcode&rccode&egrankcode,페리페라,[NEW] 페리페라 맑게 물든 글로리 하이라이터 (팬브러쉬증정),14000,11200,01 데이글로리;02 나이트글로리,"001
합성플루오르플로고파이트, 에이치디아이/트라이메틸올헥실락톤크로스폴리머, 티타늄디옥사이드, 마이카, 페닐트라이메티콘, 실리카, 적색산화철, 글리세린, 마그네슘알루미늄실리케이트, 1,2-헥산다이올, 카프릴릴글라이콜, 글리세릴카프릴레이트, 에틸헥실글리세린, 틴옥사이드, 정제수, 토코페롤",모든피부타입,jbw0****,2022.06.09,오늘 가서 사보고 바로 발라봤는데 너무 만족해요ㅜㅜ 저번부터 하이라이터를 사야지 사야지 하고 어떤 거 살지 항상 고민만 하다가 못 샀었는데 이번에 매장가서 발색해보고 바로 사야겠다 생각했던 제품이에요!! 펄이 뙇뙇있는 그런 느낌이 아니라 촤라락~ 펼쳐지는 그런 느낌?? 입자가 너무 고와서 광대같은 곳에 발랐을때 은은한 광이 나면서 너무 예쁘게 발색이 잘 되더라구요!! 무엇보다 같이 받은 브러시가 너무 맘에 들어요!! 이 제춤 맞춤형으로 나와서 그런지 착착 감기는 그런 느낌이에요! 너무 과하지 않고 자연스러운 광이 돌게 해줘서 굉장히 만족스러워용ㅎㅎㅎ,5,_alchera_none_
46,20221016_110520,하이라이터,[NEW] 페리페라 맑게 물든 글로리 하이라이터 (팬브러쉬증정),https://www.oliveyoung.co.kr/store/goods/getGoodsDetail.do?goodsNo=A000000167232&dispCatNo=1000001000200010008&trackingCd&curation&egcode&rccode&egrankcode,페리페라,[NEW] 페리페라 맑게 물든 글로리 하이라이터 (팬브러쉬증정),14000,11200,01 데이글로리;02 나이트글로리,"001
합성플루오르플로고파이트, 에이치디아이/트라이메틸올헥실락톤크로스폴리머, 티타늄디옥사이드, 마이카, 페닐트라이메티콘, 실리카, 적색산화철, 글리세린, 마그네슘알루미늄실리케이트, 1,2-헥산다이올, 카프릴릴글라이콜, 글리세릴카프릴레이트, 에틸헥실글리세린, 틴옥사이드, 정제수, 토코페롤",모든피부타입,k202208095****,2022.09.12,하이라이터 처음 구매하는거라 신중하게 선택했는데 진짜 레전드선택이었던거같아요 진짜좋음 !!,5,_alchera_none_
47,20221016_110521,하이라이터,[NEW] 페리페라 맑게 물든 글로리 하이라이터 (팬브러쉬증정),https://www.oliveyoung.co.kr/store/goods/getGoodsDetail.do?goodsNo=A000000167232&dispCatNo=1000001000200010008&trackingCd&curation&egcode&rccode&egrankcode,페리페라,[NEW] 페리페라 맑게 물든 글로리 하이라이터 (팬브러쉬증정),14000,11200,01 데이글로리;02 나이트글로리,"001
합성플루오르플로고파이트, 에이치디아이/트라이메틸올헥실락톤크로스폴리머, 티타늄디옥사이드, 마이카, 페닐트라이메티콘, 실리카, 적색산화철, 글리세린, 마그네슘알루미늄실리케이트, 1,2-헥산다이올, 카프릴릴글라이콜, 글리세릴카프릴레이트, 에틸헥실글리세린, 틴옥사이드, 정제수, 토코페롤",모든피부타입,조지,2022.09.08,"페리페라는 색조 참 잘 만드는것 같아요
색조계열은 페리페라 아묻따",5,_alchera_none_
48,20221016_110523,하이라이터,[NEW] 페리페라 맑게 물든 글로리 하이라이터 (팬브러쉬증정),https://www.oliveyoung.co.kr/store/goods/getGoodsDetail.do?goodsNo=A000000167232&dispCatNo=1000001000200010008&trackingCd&curation&egcode&rccode&egrankcode,페리페라,[NEW] 페리페라 맑게 물든 글로리 하이라이터 (팬브러쉬증정),14000,11200,01 데이글로리;02 나이트글로리,"001
합성플루오르플로고파이트, 에이치디아이/트라이메틸올헥실락톤크로스폴리머, 티타늄디옥사이드, 마이카, 페닐트라이메티콘, 실리카, 적색산화철, 글리세린, 마그네슘알루미늄실리케이트, 1,2-헥산다이올, 카프릴릴글라이콜, 글리세릴카프릴레이트, 에틸헥실글리세린, 틴옥사이드, 정제수, 토코페롤",모든피부타입,rlatha****,2022.09.08,하이라이터 처음 구매해서 써봤는데 괜찮은거 같아요 세일할때 다들 구매하게요,5,_alchera_none_
49,20221016_110524,하이라이터,[NEW] 페리페라 맑게 물든 글로리 하이라이터 (팬브러쉬증정),https://www.oliveyoung.co.kr/store/goods/getGoodsDetail.do?goodsNo=A000000167232&dispCatNo=1000001000200010008&trackingCd&curation&egcode&rccode&egrankcode,페리페라,[NEW] 페리페라 맑게 물든 글로리 하이라이터 (팬브러쉬증정),14000,11200,01 데이글로리;02 나이트글로리,"001
합성플루오르플로고파이트, 에이치디아이/트라이메틸올헥실락톤크로스폴리머, 티타늄디옥사이드, 마이카, 페닐트라이메티콘, 실리카, 적색산화철, 글리세린, 마그네슘알루미늄실리케이트, 1,2-헥산다이올, 카프릴릴글라이콜, 글리세릴카프릴레이트, 에틸헥실글리세린, 틴옥사이드, 정제수, 토코페롤",모든피부타입,rkdus****,2022.09.01,그냥저냥 처음 접해보는 저에게는 괜찮았어요! 입문자분들 !!! 추천,5,_alchera_none_
50,20221016_110527,하이라이터,[NEW] 페리페라 맑게 물든 글로리 하이라이터 (팬브러쉬증정),https://www.oliveyoung.co.kr/store/goods/getGoodsDetail.do?goodsNo=A000000167232&dispCatNo=1000001000200010008&trackingCd&curation&egcode&rccode&egrankcode,페리페라,[NEW] 페리페라 맑게 물든 글로리 하이라이터 (팬브러쉬증정),14000,11200,01 데이글로리;02 나이트글로리,"001
합성플루오르플로고파이트, 에이치디아이/트라이메틸올헥실락톤크로스폴리머, 티타늄디옥사이드, 마이카, 페닐트라이메티콘, 실리카, 적색산화철, 글리세린, 마그네슘알루미늄실리케이트, 1,2-헥산다이올, 카프릴릴글라이콜, 글리세릴카프릴레이트, 에틸헥실글리세린, 틴옥사이드, 정제수, 토코페롤",모든피부타입,쫍쩝박샤,2022.08.31,컬러도 예쁘고ㅠ 브러쉬도 좋은데 깨짐이 약간 있어요ㅠㅠ 아쉬워요,3,_alchera_none_
51,20221016_110528,하이라이터,[NEW] 페리페라 맑게 물든 글로리 하이라이터 (팬브러쉬증정),https://www.oliveyoung.co.kr/store/goods/getGoodsDetail.do?goodsNo=A000000167232&dispCatNo=1000001000200010008&trackingCd&curation&egcode&rccode&egrankcode,페리페라,[NEW] 페리페라 맑게 물든 글로리 하이라이터 (팬브러쉬증정),14000,11200,01 데이글로리;02 나이트글로리,"001
합성플루오르플로고파이트, 에이치디아이/트라이메틸올헥실락톤크로스폴리머, 티타늄디옥사이드, 마이카, 페닐트라이메티콘, 실리카, 적색산화철, 글리세린, 마그네슘알루미늄실리케이트, 1,2-헥산다이올, 카프릴릴글라이콜, 글리세릴카프릴레이트, 에틸헥실글리세린, 틴옥사이드, 정제수, 토코페롤",모든피부타입,jiin****,2022.08.28,"딸아이가 좋아하는 제품이예요^^
딸기 우유처럼 상큼한 색이예요~~",5,_alchera_none_
52,20221016_110529,하이라이터,[NEW] 페리페라 맑게 물든 글로리 하이라이터 (팬브러쉬증정),https://www.oliveyoung.co.kr/store/goods/getGoodsDetail.do?goodsNo=A000000167232&dispCatNo=1000001000200010008&trackingCd&curation&egcode&rccode&egrankcode,페리페라,[NEW] 페리페라 맑게 물든 글로리 하이라이터 (팬브러쉬증정),14000,11200,01 데이글로리;02 나이트글로리,"001
합성플루오르플로고파이트, 에이치디아이/트라이메틸올헥실락톤크로스폴리머, 티타늄디옥사이드, 마이카, 페닐트라이메티콘, 실리카, 적색산화철, 글리세린, 마그네슘알루미늄실리케이트, 1,2-헥산다이올, 카프릴릴글라이콜, 글리세릴카프릴레이트, 에틸헥실글리세린, 틴옥사이드, 정제수, 토코페롤",모든피부타입,임채린,2022.06.13,광택도 자연스럽고 펄감도 적당하고 가루날림도 생각보다 없는 편이에요!,4,_alchera_none_
53,20221016_110530,하이라이터,[NEW] 페리페라 맑게 물든 글로리 하이라이터 (팬브러쉬증정),https://www.oliveyoung.co.kr/store/goods/getGoodsDetail.do?goodsNo=A000000167232&dispCatNo=1000001000200010008&trackingCd&curation&egcode&rccode&egrankcode,페리페라,[NEW] 페리페라 맑게 물든 글로리 하이라이터 (팬브러쉬증정),14000,11200,01 데이글로리;02 나이트글로리,"001
합성플루오르플로고파이트, 에이치디아이/트라이메틸올헥실락톤크로스폴리머, 티타늄디옥사이드, 마이카, 페닐트라이메티콘, 실리카, 적색산화철, 글리세린, 마그네슘알루미늄실리케이트, 1,2-헥산다이올, 카프릴릴글라이콜, 글리세릴카프릴레이트, 에틸헥실글리세린, 틴옥사이드, 정제수, 토코페롤",모든피부타입,hsh****,2022.08.11,ㅠㅠ색 너무이뻐요 눈에바를땐 단독보다는 베이스로핑크나보라깔고 요거바르면 진짜젤이쁨ㅜ,5,_alchera_none_
54,20221016_110532,하이라이터,[NEW] 페리페라 맑게 물든 글로리 하이라이터 (팬브러쉬증정),https://www.oliveyoung.co.kr/store/goods/getGoodsDetail.do?goodsNo=A000000167232&dispCatNo=1000001000200010008&trackingCd&curation&egcode&rccode&egrankcode,페리페라,[NEW] 페리페라 맑게 물든 글로리 하이라이터 (팬브러쉬증정),14000,11200,01 데이글로리;02 나이트글로리,"001
합성플루오르플로고파이트, 에이치디아이/트라이메틸올헥실락톤크로스폴리머, 티타늄디옥사이드, 마이카, 페닐트라이메티콘, 실리카, 적색산화철, 글리세린, 마그네슘알루미늄실리케이트, 1,2-헥산다이올, 카프릴릴글라이콜, 글리세릴카프릴레이트, 에틸헥실글리세린, 틴옥사이드, 정제수, 토코페롤",모든피부타입,yoshi****,2022.08.02,코 쉐이딩 후에 코끝과 콧대에 발라 주고 있어요! 은은하게 펄이 올라가서 자연스럽게 하이라이팅을 할 수 있어서 좋네요,5,_alchera_none_
55,20221016_110533,하이라이터,[NEW] 페리페라 맑게 물든 글로리 하이라이터 (팬브러쉬증정),https://www.oliveyoung.co.kr/store/goods/getGoodsDetail.do?goodsNo=A000000167232&dispCatNo=1000001000200010008&trackingCd&curation&egcode&rccode&egrankcode,페리페라,[NEW] 페리페라 맑게 물든 글로리 하이라이터 (팬브러쉬증정),14000,11200,01 데이글로리;02 나이트글로리,"001
합성플루오르플로고파이트, 에이치디아이/트라이메틸올헥실락톤크로스폴리머, 티타늄디옥사이드, 마이카, 페닐트라이메티콘, 실리카, 적색산화철, 글리세린, 마그네슘알루미늄실리케이트, 1,2-헥산다이올, 카프릴릴글라이콜, 글리세릴카프릴레이트, 에틸헥실글리세린, 틴옥사이드, 정제수, 토코페롤",모든피부타입,colla7****,2022.07.28,하이라이터 처음 써보는데 브러쉬도 있고 광택도 자연스러워서 좋아요,5,_alchera_none_
56,20221016_110534,하이라이터,[NEW] 페리페라 맑게 물든 글로리 하이라이터 (팬브러쉬증정),https://www.oliveyoung.co.kr/store/goods/getGoodsDetail.do?goodsNo=A000000167232&dispCatNo=1000001000200010008&trackingCd&curation&egcode&rccode&egrankcode,페리페라,[NEW] 페리페라 맑게 물든 글로리 하이라이터 (팬브러쉬증정),14000,11200,01 데이글로리;02 나이트글로리,"001
합성플루오르플로고파이트, 에이치디아이/트라이메틸올헥실락톤크로스폴리머, 티타늄디옥사이드, 마이카, 페닐트라이메티콘, 실리카, 적색산화철, 글리세린, 마그네슘알루미늄실리케이트, 1,2-헥산다이올, 카프릴릴글라이콜, 글리세릴카프릴레이트, 에틸헥실글리세린, 틴옥사이드, 정제수, 토코페롤",모든피부타입,sunkj****,2022.07.23,같이 딸려온 팬브러쉬로 콧대랑 광대에 살짝 발라주면 섀딩만 한것보다 훨씬훨씬 얼굴이 입체적으로 보여요,5,_alchera_none_
57,20221016_110535,하이라이터,[NEW] 페리페라 맑게 물든 글로리 하이라이터 (팬브러쉬증정),https://www.oliveyoung.co.kr/store/goods/getGoodsDetail.do?goodsNo=A000000167232&dispCatNo=1000001000200010008&trackingCd&curation&egcode&rccode&egrankcode,페리페라,[NEW] 페리페라 맑게 물든 글로리 하이라이터 (팬브러쉬증정),14000,11200,01 데이글로리;02 나이트글로리,"001
합성플루오르플로고파이트, 에이치디아이/트라이메틸올헥실락톤크로스폴리머, 티타늄디옥사이드, 마이카, 페닐트라이메티콘, 실리카, 적색산화철, 글리세린, 마그네슘알루미늄실리케이트, 1,2-헥산다이올, 카프릴릴글라이콜, 글리세릴카프릴레이트, 에틸헥실글리세린, 틴옥사이드, 정제수, 토코페롤",모든피부타입,jjjow****,2022.07.03,은은한 펄감으로 콧대 세우는 용도로 쓰고있어요 항상 매트한 화장만 했었는데 사용해보니까 확실히 다르네요.. 날림은 좀 있는 편인데 자연스러운 자잘한 펄감 찾고있었던거라 만족해요,5,_alchera_none_
58,20221016_110536,하이라이터,[NEW] 페리페라 맑게 물든 글로리 하이라이터 (팬브러쉬증정),https://www.oliveyoung.co.kr/store/goods/getGoodsDetail.do?goodsNo=A000000167232&dispCatNo=1000001000200010008&trackingCd&curation&egcode&rccode&egrankcode,페리페라,[NEW] 페리페라 맑게 물든 글로리 하이라이터 (팬브러쉬증정),14000,11200,01 데이글로리;02 나이트글로리,"001
합성플루오르플로고파이트, 에이치디아이/트라이메틸올헥실락톤크로스폴리머, 티타늄디옥사이드, 마이카, 페닐트라이메티콘, 실리카, 적색산화철, 글리세린, 마그네슘알루미늄실리케이트, 1,2-헥산다이올, 카프릴릴글라이콜, 글리세릴카프릴레이트, 에틸헥실글리세린, 틴옥사이드, 정제수, 토코페롤",모든피부타입,jw****,2022.07.16,은은한 발색원하시면 한번만 해주시고 여러번 덧바르면 또렷한 발색 얻으실수있어요 색 예빠요,5,_alchera_none_
