,timestamp,category,productName,urlProduct,brand,productName.1,price1,price2,Color,ingredients,skinType,username,datePublished,reviewText,score,reviewerSkinType
0,20221015_095756,아이라이너,[NEW] 토니모리 애교빔 드로잉펜슬 3종,https://www.oliveyoung.co.kr/store/goods/getGoodsDetail.do?goodsNo=A000000171019&dispCatNo=1000001000200070002&trackingCd&curation&egcode&rccode&egrankcode,토니모리,[NEW] 토니모리 애교빔 드로잉펜슬 3종,9000,9000,01 컨실베이지 (온);02 쉬머골드 (온);03 매트브라운(온),"사이클로펜타실록세인, 티타늄디옥사이드 (CI 77891), 합성왁스, 트라이메틸실록시실리케이트, 마이카 (CI 77019), 황색산화철 (CI 77492), 세레신, 아이소도데케인, 합성비즈왁스, 적색산화철 (CI 77491), 폴리아이소부텐, 스테아릭애씨드, 폴리하이드록시스테아릭애씨드, 흑색산화철 (CI 77499), 다이메티콘, 레시틴, 에틸헥실팔미테이트, 아이소스테아릭애씨드, 아이소프로필미리스테이트, 글리세릴카프릴레이트, 카프릴릴글라이콜, 폴리글리세릴-3폴리리시놀리에이트",모든 피부 타입,즥직,2022.10.11,"한줄평을 하자면 오버립라이너는 이제 고민 없이 토니모리 애교펜슬 구입할 것 같아요 

저는 립메이크업을 할 때에는 가로로 길이를 확장되게 보이는 메이크업을 선호하는 편입니다. 세로 볼륨과 길이감에 비해 가로가 상대적으로 짧아 평소에 연한 색감의 아이브로우, 섀도우, 내 피부톤과 비슷한 누드톤의 베이스립, 등등 안 사용해본 제품이 없었어요. 아무리 피부톤과 입술색의 중간색의 립제품을 찾아 사용해도 부자연스러움은 어쩔 수 없었죠 두께씨 짤 아시나요 과하게 그리면 딱 그렇게 보여요..

그런데 이 라이너는 처음 립라인을 딸 때 어 생각보다 어두운데? 싶지만 라인 딴 후 베이스립을 바르고 손가락으로 톡톡 블랜딩해주면 너무 자연스럽게 제 입술 라인이 확장됩니다 색상 진짜 잘 뽑았어요 그리고 원래 제품명처럼 애굣살 음영에도 찰떡으로 어울립니다 탁하지 않은 그림자처럼 그려져요 블랜딩도 부드럽게 잘 되어서 건성피부도 주름끼임 없이 사용할 수 있습니다 

첨부한 사진은 라이너로 라인 따고, 베이스립 생략하고 누드톤 립글로즈만 살짝 발라준 상태입니다",5,복합성;가을웜톤;각질;다크서클
1,20221015_095756,아이라이너,[NEW] 토니모리 애교빔 드로잉펜슬 3종,https://www.oliveyoung.co.kr/store/goods/getGoodsDetail.do?goodsNo=A000000171019&dispCatNo=1000001000200070002&trackingCd&curation&egcode&rccode&egrankcode,토니모리,[NEW] 토니모리 애교빔 드로잉펜슬 3종,9000,9000,01 컨실베이지 (온);02 쉬머골드 (온);03 매트브라운(온),"사이클로펜타실록세인, 티타늄디옥사이드 (CI 77891), 합성왁스, 트라이메틸실록시실리케이트, 마이카 (CI 77019), 황색산화철 (CI 77492), 세레신, 아이소도데케인, 합성비즈왁스, 적색산화철 (CI 77491), 폴리아이소부텐, 스테아릭애씨드, 폴리하이드록시스테아릭애씨드, 흑색산화철 (CI 77499), 다이메티콘, 레시틴, 에틸헥실팔미테이트, 아이소스테아릭애씨드, 아이소프로필미리스테이트, 글리세릴카프릴레이트, 카프릴릴글라이콜, 폴리글리세릴-3폴리리시놀리에이트",모든 피부 타입,뚜까뿡빵,2022.10.10,"🌰오버립 추천템🌰

🌰원래는 애교살 제품으로 나왔지만 오버립을 연출할때 좋다고 해서 구매했습니다!

🌰여러번 발색 할 수록 진해지고 픽싱되고 나면 문질러도 번짐이 없어서 그만큼 지속력이 좋습니다. 보통 애교살 라이너는 픽싱력이 없어서 지속력이 아쉬운데 이 제품은 칙싱이 잘 돼서 입술에 사용했을 때도 지속력이 좋았습니다. 

🌰개인적으로 입술용으로 조금더 진한 색의 제품이 출시 되었으면 좋겠습니다.",4,민감성;봄웜톤;모공;민감성
2,20221015_095757,아이라이너,[NEW] 토니모리 애교빔 드로잉펜슬 3종,https://www.oliveyoung.co.kr/store/goods/getGoodsDetail.do?goodsNo=A000000171019&dispCatNo=1000001000200070002&trackingCd&curation&egcode&rccode&egrankcode,토니모리,[NEW] 토니모리 애교빔 드로잉펜슬 3종,9000,9000,01 컨실베이지 (온);02 쉬머골드 (온);03 매트브라운(온),"사이클로펜타실록세인, 티타늄디옥사이드 (CI 77891), 합성왁스, 트라이메틸실록시실리케이트, 마이카 (CI 77019), 황색산화철 (CI 77492), 세레신, 아이소도데케인, 합성비즈왁스, 적색산화철 (CI 77491), 폴리아이소부텐, 스테아릭애씨드, 폴리하이드록시스테아릭애씨드, 흑색산화철 (CI 77499), 다이메티콘, 레시틴, 에틸헥실팔미테이트, 아이소스테아릭애씨드, 아이소프로필미리스테이트, 글리세릴카프릴레이트, 카프릴릴글라이콜, 폴리글리세릴-3폴리리시놀리에이트",모든 피부 타입,skyfall,2022.10.11,유투버 추천 템으로 구입해봄 애교살 정착템이 되길 바랍니다,4,지성;웜톤
3,20221015_095757,아이라이너,[NEW] 토니모리 애교빔 드로잉펜슬 3종,https://www.oliveyoung.co.kr/store/goods/getGoodsDetail.do?goodsNo=A000000171019&dispCatNo=1000001000200070002&trackingCd&curation&egcode&rccode&egrankcode,토니모리,[NEW] 토니모리 애교빔 드로잉펜슬 3종,9000,9000,01 컨실베이지 (온);02 쉬머골드 (온);03 매트브라운(온),"사이클로펜타실록세인, 티타늄디옥사이드 (CI 77891), 합성왁스, 트라이메틸실록시실리케이트, 마이카 (CI 77019), 황색산화철 (CI 77492), 세레신, 아이소도데케인, 합성비즈왁스, 적색산화철 (CI 77491), 폴리아이소부텐, 스테아릭애씨드, 폴리하이드록시스테아릭애씨드, 흑색산화철 (CI 77499), 다이메티콘, 레시틴, 에틸헥실팔미테이트, 아이소스테아릭애씨드, 아이소프로필미리스테이트, 글리세릴카프릴레이트, 카프릴릴글라이콜, 폴리글리세릴-3폴리리시놀리에이트",모든 피부 타입,skyfall,2022.10.11,유튜버 추천템으로 구입해봄 애교살 정착템이 되길 바랍니다,4,지성;웜톤
4,20221015_095757,아이라이너,[NEW] 토니모리 애교빔 드로잉펜슬 3종,https://www.oliveyoung.co.kr/store/goods/getGoodsDetail.do?goodsNo=A000000171019&dispCatNo=1000001000200070002&trackingCd&curation&egcode&rccode&egrankcode,토니모리,[NEW] 토니모리 애교빔 드로잉펜슬 3종,9000,9000,01 컨실베이지 (온);02 쉬머골드 (온);03 매트브라운(온),"사이클로펜타실록세인, 티타늄디옥사이드 (CI 77891), 합성왁스, 트라이메틸실록시실리케이트, 마이카 (CI 77019), 황색산화철 (CI 77492), 세레신, 아이소도데케인, 합성비즈왁스, 적색산화철 (CI 77491), 폴리아이소부텐, 스테아릭애씨드, 폴리하이드록시스테아릭애씨드, 흑색산화철 (CI 77499), 다이메티콘, 레시틴, 에틸헥실팔미테이트, 아이소스테아릭애씨드, 아이소프로필미리스테이트, 글리세릴카프릴레이트, 카프릴릴글라이콜, 폴리글리세릴-3폴리리시놀리에이트",모든 피부 타입,Sjkidjsjjdkxk,2022.09.23,피부에 잘 밀착이 되는것은 같은데 빨리 번지는것 같아 지속력은 약해요,4,복합성;쿨톤;민감성;트러블
5,20221015_095757,아이라이너,[NEW] 토니모리 애교빔 드로잉펜슬 3종,https://www.oliveyoung.co.kr/store/goods/getGoodsDetail.do?goodsNo=A000000171019&dispCatNo=1000001000200070002&trackingCd&curation&egcode&rccode&egrankcode,토니모리,[NEW] 토니모리 애교빔 드로잉펜슬 3종,9000,9000,01 컨실베이지 (온);02 쉬머골드 (온);03 매트브라운(온),"사이클로펜타실록세인, 티타늄디옥사이드 (CI 77891), 합성왁스, 트라이메틸실록시실리케이트, 마이카 (CI 77019), 황색산화철 (CI 77492), 세레신, 아이소도데케인, 합성비즈왁스, 적색산화철 (CI 77491), 폴리아이소부텐, 스테아릭애씨드, 폴리하이드록시스테아릭애씨드, 흑색산화철 (CI 77499), 다이메티콘, 레시틴, 에틸헥실팔미테이트, 아이소스테아릭애씨드, 아이소프로필미리스테이트, 글리세릴카프릴레이트, 카프릴릴글라이콜, 폴리글리세릴-3폴리리시놀리에이트",모든 피부 타입,Sjkidjsjjdkxk,2022.09.23,애교살 음영을 넣을려고 구매해보았는제 색상이 조금 음영을 넣기에는 진해요,4,복합성;쿨톤;민감성;트러블
6,20221015_095757,아이라이너,[NEW] 토니모리 애교빔 드로잉펜슬 3종,https://www.oliveyoung.co.kr/store/goods/getGoodsDetail.do?goodsNo=A000000171019&dispCatNo=1000001000200070002&trackingCd&curation&egcode&rccode&egrankcode,토니모리,[NEW] 토니모리 애교빔 드로잉펜슬 3종,9000,9000,01 컨실베이지 (온);02 쉬머골드 (온);03 매트브라운(온),"사이클로펜타실록세인, 티타늄디옥사이드 (CI 77891), 합성왁스, 트라이메틸실록시실리케이트, 마이카 (CI 77019), 황색산화철 (CI 77492), 세레신, 아이소도데케인, 합성비즈왁스, 적색산화철 (CI 77491), 폴리아이소부텐, 스테아릭애씨드, 폴리하이드록시스테아릭애씨드, 흑색산화철 (CI 77499), 다이메티콘, 레시틴, 에틸헥실팔미테이트, 아이소스테아릭애씨드, 아이소프로필미리스테이트, 글리세릴카프릴레이트, 카프릴릴글라이콜, 폴리글리세릴-3폴리리시놀리에이트",모든 피부 타입,프꾸력상승하자,2022.08.25,1번이랑 2번 하나씩 주문했아욯ㅎㅎ 애교라이너 필수인데 잘쓰게습미덩,4,복합성;쿨톤;블랙헤드
7,20221015_095757,아이라이너,[NEW] 토니모리 애교빔 드로잉펜슬 3종,https://www.oliveyoung.co.kr/store/goods/getGoodsDetail.do?goodsNo=A000000171019&dispCatNo=1000001000200070002&trackingCd&curation&egcode&rccode&egrankcode,토니모리,[NEW] 토니모리 애교빔 드로잉펜슬 3종,9000,9000,01 컨실베이지 (온);02 쉬머골드 (온);03 매트브라운(온),"사이클로펜타실록세인, 티타늄디옥사이드 (CI 77891), 합성왁스, 트라이메틸실록시실리케이트, 마이카 (CI 77019), 황색산화철 (CI 77492), 세레신, 아이소도데케인, 합성비즈왁스, 적색산화철 (CI 77491), 폴리아이소부텐, 스테아릭애씨드, 폴리하이드록시스테아릭애씨드, 흑색산화철 (CI 77499), 다이메티콘, 레시틴, 에틸헥실팔미테이트, 아이소스테아릭애씨드, 아이소프로필미리스테이트, 글리세릴카프릴레이트, 카프릴릴글라이콜, 폴리글리세릴-3폴리리시놀리에이트",모든 피부 타입,프꾸력상승하자,2022.08.25,배송비 채유려규 두개 쥬문핶습니당 ㅎㅎ 일단 써보구 다시 리뷰쓸게욥,4,복합성;쿨톤;블랙헤드
8,20221015_095757,아이라이너,[NEW] 토니모리 애교빔 드로잉펜슬 3종,https://www.oliveyoung.co.kr/store/goods/getGoodsDetail.do?goodsNo=A000000171019&dispCatNo=1000001000200070002&trackingCd&curation&egcode&rccode&egrankcode,토니모리,[NEW] 토니모리 애교빔 드로잉펜슬 3종,9000,9000,01 컨실베이지 (온);02 쉬머골드 (온);03 매트브라운(온),"사이클로펜타실록세인, 티타늄디옥사이드 (CI 77891), 합성왁스, 트라이메틸실록시실리케이트, 마이카 (CI 77019), 황색산화철 (CI 77492), 세레신, 아이소도데케인, 합성비즈왁스, 적색산화철 (CI 77491), 폴리아이소부텐, 스테아릭애씨드, 폴리하이드록시스테아릭애씨드, 흑색산화철 (CI 77499), 다이메티콘, 레시틴, 에틸헥실팔미테이트, 아이소스테아릭애씨드, 아이소프로필미리스테이트, 글리세릴카프릴레이트, 카프릴릴글라이콜, 폴리글리세릴-3폴리리시놀리에이트",모든 피부 타입,5165sun,2022.10.13,"조금 실망스러운 .. 부러져서 왔어요 ㅠㅡㅠ 그리고 제가 잘 못 쓰는 걸지도 모르지만,, 살짝 진한 편이라서 밝은 피부이신 분들은 애교살 딱 그림자 지는 부분에만 살살~ 그려야될거같아여..! 그리구 컨실러 컬러? 도 같이 샀는데 음 .. 이건 살짝 뭉치듯 발릴 수도 있어서 뭔가 편하게 메이크업할 수 있는 제품은 아닌 것 같아서 아쉬워요 ㅠㅠㅠ 다른 제품들 중에서도 눈 밑에 그리는 건 뭉치는 거 많아서 어쩔 수는 없디만 ,, 지속력은 그래도 꽤 긴 편인거 같아요..!",3,복합성;여름쿨톤;다크서클;모공
9,20221015_095758,아이라이너,[NEW] 토니모리 애교빔 드로잉펜슬 3종,https://www.oliveyoung.co.kr/store/goods/getGoodsDetail.do?goodsNo=A000000171019&dispCatNo=1000001000200070002&trackingCd&curation&egcode&rccode&egrankcode,토니모리,[NEW] 토니모리 애교빔 드로잉펜슬 3종,9000,9000,01 컨실베이지 (온);02 쉬머골드 (온);03 매트브라운(온),"사이클로펜타실록세인, 티타늄디옥사이드 (CI 77891), 합성왁스, 트라이메틸실록시실리케이트, 마이카 (CI 77019), 황색산화철 (CI 77492), 세레신, 아이소도데케인, 합성비즈왁스, 적색산화철 (CI 77491), 폴리아이소부텐, 스테아릭애씨드, 폴리하이드록시스테아릭애씨드, 흑색산화철 (CI 77499), 다이메티콘, 레시틴, 에틸헥실팔미테이트, 아이소스테아릭애씨드, 아이소프로필미리스테이트, 글리세릴카프릴레이트, 카프릴릴글라이콜, 폴리글리세릴-3폴리리시놀리에이트",모든 피부 타입,립유,2022.08.19,요즘 유행하길래 구매해봤는데 꽤 괜찮아요 눈 밑을 밝혀주기 좋은 색감이에요,5,여름쿨톤
10,20221015_095800,아이라이너,[NEW] 토니모리 애교빔 드로잉펜슬 3종,https://www.oliveyoung.co.kr/store/goods/getGoodsDetail.do?goodsNo=A000000171019&dispCatNo=1000001000200070002&trackingCd&curation&egcode&rccode&egrankcode,토니모리,[NEW] 토니모리 애교빔 드로잉펜슬 3종,9000,9000,01 컨실베이지 (온);02 쉬머골드 (온);03 매트브라운(온),"사이클로펜타실록세인, 티타늄디옥사이드 (CI 77891), 합성왁스, 트라이메틸실록시실리케이트, 마이카 (CI 77019), 황색산화철 (CI 77492), 세레신, 아이소도데케인, 합성비즈왁스, 적색산화철 (CI 77491), 폴리아이소부텐, 스테아릭애씨드, 폴리하이드록시스테아릭애씨드, 흑색산화철 (CI 77499), 다이메티콘, 레시틴, 에틸헥실팔미테이트, 아이소스테아릭애씨드, 아이소프로필미리스테이트, 글리세릴카프릴레이트, 카프릴릴글라이콜, 폴리글리세릴-3폴리리시놀리에이트",모든 피부 타입,립유,2022.08.19,정말 알차게 사용할 수 있어요 쉐딩으로도 그리고 그림자용으로도 좋아요,5,여름쿨톤
11,20221015_095801,아이라이너,[NEW] 토니모리 애교빔 드로잉펜슬 3종,https://www.oliveyoung.co.kr/store/goods/getGoodsDetail.do?goodsNo=A000000171019&dispCatNo=1000001000200070002&trackingCd&curation&egcode&rccode&egrankcode,토니모리,[NEW] 토니모리 애교빔 드로잉펜슬 3종,9000,9000,01 컨실베이지 (온);02 쉬머골드 (온);03 매트브라운(온),"사이클로펜타실록세인, 티타늄디옥사이드 (CI 77891), 합성왁스, 트라이메틸실록시실리케이트, 마이카 (CI 77019), 황색산화철 (CI 77492), 세레신, 아이소도데케인, 합성비즈왁스, 적색산화철 (CI 77491), 폴리아이소부텐, 스테아릭애씨드, 폴리하이드록시스테아릭애씨드, 흑색산화철 (CI 77499), 다이메티콘, 레시틴, 에틸헥실팔미테이트, 아이소스테아릭애씨드, 아이소프로필미리스테이트, 글리세릴카프릴레이트, 카프릴릴글라이콜, 폴리글리세릴-3폴리리시놀리에이트",모든 피부 타입,jej****,2022.10.06,생각보다 질감이 뻑뻑해요. 부드럽게 발리는 편은 아니라 저같은 초보자는 그리기 좀 어려울 것 같아요. 대신 그만큼 지속력은 강하겠죠?? 조금씩 바르면 나름 자연스러운 색상이에요.,4,_alchera_none_
12,20221015_095802,아이라이너,[NEW] 토니모리 애교빔 드로잉펜슬 3종,https://www.oliveyoung.co.kr/store/goods/getGoodsDetail.do?goodsNo=A000000171019&dispCatNo=1000001000200070002&trackingCd&curation&egcode&rccode&egrankcode,토니모리,[NEW] 토니모리 애교빔 드로잉펜슬 3종,9000,9000,01 컨실베이지 (온);02 쉬머골드 (온);03 매트브라운(온),"사이클로펜타실록세인, 티타늄디옥사이드 (CI 77891), 합성왁스, 트라이메틸실록시실리케이트, 마이카 (CI 77019), 황색산화철 (CI 77492), 세레신, 아이소도데케인, 합성비즈왁스, 적색산화철 (CI 77491), 폴리아이소부텐, 스테아릭애씨드, 폴리하이드록시스테아릭애씨드, 흑색산화철 (CI 77499), 다이메티콘, 레시틴, 에틸헥실팔미테이트, 아이소스테아릭애씨드, 아이소프로필미리스테이트, 글리세릴카프릴레이트, 카프릴릴글라이콜, 폴리글리세릴-3폴리리시놀리에이트",모든 피부 타입,kimd****,2022.09.12,"이거 진짜 물건임... 하회탈이 될 정도로 활짝 웃어재껴도 애굣살 하나 안 생기길래 맨날 어두운 섀도우로 그리고 다니다 이 난리 떠는 것도 빡쵸서 구매해 본 제품인데 진짜 개좋음 일단 지속력이 레존드임... 오전에 바르고 나가면 집 들어왓을 때 다른 화장은 다 무너지고 지워지고 난리도 아닌데 얘만 멀쩡함 참고로 나는 눈 화장이 툭하면 지워지는 태초부터 글러먹은 상태의 소유자임 ㅜㅜ 
안 지워지는 것도 개꿀인데 색도 자연스럽고 좋음 섀도우로 발랏을 땐 걍... 피곤해서 다크서클 생긴 사람 이상도 이하도 아니욧는데 진짜! 애굣살 ㅋ 처럼 그려져서 넘 쭈음 단점은 나처럼 무식하게 힘을 줘서 슥슥 그으면 뭉칠 수 잇다는 점 ^^... 피부에 너무 밀착이 잘 돼서 잘못 그렷을 때 수정하기가 조금 어렵다는 점... 그치만 그 정도는 단점으로 치부되지 않을 정도로 제품이 좋음 강추 강추 단종 안 되게 도와주세혀",5,_alchera_none_
13,20221015_095803,아이라이너,[NEW] 토니모리 애교빔 드로잉펜슬 3종,https://www.oliveyoung.co.kr/store/goods/getGoodsDetail.do?goodsNo=A000000171019&dispCatNo=1000001000200070002&trackingCd&curation&egcode&rccode&egrankcode,토니모리,[NEW] 토니모리 애교빔 드로잉펜슬 3종,9000,9000,01 컨실베이지 (온);02 쉬머골드 (온);03 매트브라운(온),"사이클로펜타실록세인, 티타늄디옥사이드 (CI 77891), 합성왁스, 트라이메틸실록시실리케이트, 마이카 (CI 77019), 황색산화철 (CI 77492), 세레신, 아이소도데케인, 합성비즈왁스, 적색산화철 (CI 77491), 폴리아이소부텐, 스테아릭애씨드, 폴리하이드록시스테아릭애씨드, 흑색산화철 (CI 77499), 다이메티콘, 레시틴, 에틸헥실팔미테이트, 아이소스테아릭애씨드, 아이소프로필미리스테이트, 글리세릴카프릴레이트, 카프릴릴글라이콜, 폴리글리세릴-3폴리리시놀리에이트",모든 피부 타입,heejin****,2022.09.09,음..눈밑에 쓰려고 샀는데 색상이 너무 밝고 블렌딩이 잘 안되는 느낌이라 부자연스러워서 어떻게 써야될지 모르겠네요. 점이나 잡티 가리는 컨실러로 쓰긴 좋아요,5,_alchera_none_
14,20221015_095805,아이라이너,[NEW] 토니모리 애교빔 드로잉펜슬 3종,https://www.oliveyoung.co.kr/store/goods/getGoodsDetail.do?goodsNo=A000000171019&dispCatNo=1000001000200070002&trackingCd&curation&egcode&rccode&egrankcode,토니모리,[NEW] 토니모리 애교빔 드로잉펜슬 3종,9000,9000,01 컨실베이지 (온);02 쉬머골드 (온);03 매트브라운(온),"사이클로펜타실록세인, 티타늄디옥사이드 (CI 77891), 합성왁스, 트라이메틸실록시실리케이트, 마이카 (CI 77019), 황색산화철 (CI 77492), 세레신, 아이소도데케인, 합성비즈왁스, 적색산화철 (CI 77491), 폴리아이소부텐, 스테아릭애씨드, 폴리하이드록시스테아릭애씨드, 흑색산화철 (CI 77499), 다이메티콘, 레시틴, 에틸헥실팔미테이트, 아이소스테아릭애씨드, 아이소프로필미리스테이트, 글리세릴카프릴레이트, 카프릴릴글라이콜, 폴리글리세릴-3폴리리시놀리에이트",모든 피부 타입,chm****,2022.10.09,"진한듯 진하지않아 정말 애굣살 그림자용으로 완벽해용
색상 맘에 듭니다",5,_alchera_none_
15,20221015_095806,아이라이너,[NEW] 토니모리 애교빔 드로잉펜슬 3종,https://www.oliveyoung.co.kr/store/goods/getGoodsDetail.do?goodsNo=A000000171019&dispCatNo=1000001000200070002&trackingCd&curation&egcode&rccode&egrankcode,토니모리,[NEW] 토니모리 애교빔 드로잉펜슬 3종,9000,9000,01 컨실베이지 (온);02 쉬머골드 (온);03 매트브라운(온),"사이클로펜타실록세인, 티타늄디옥사이드 (CI 77891), 합성왁스, 트라이메틸실록시실리케이트, 마이카 (CI 77019), 황색산화철 (CI 77492), 세레신, 아이소도데케인, 합성비즈왁스, 적색산화철 (CI 77491), 폴리아이소부텐, 스테아릭애씨드, 폴리하이드록시스테아릭애씨드, 흑색산화철 (CI 77499), 다이메티콘, 레시틴, 에틸헥실팔미테이트, 아이소스테아릭애씨드, 아이소프로필미리스테이트, 글리세릴카프릴레이트, 카프릴릴글라이콜, 폴리글리세릴-3폴리리시놀리에이트",모든 피부 타입,bass****,2022.09.25,애교살 라인을 그려주는데 피부색에 겉돌지 않게 잘 표현이 되고 그리기도 편해서 정말 마음에 듭니다..,5,_alchera_none_
16,20221015_095807,아이라이너,[NEW] 토니모리 애교빔 드로잉펜슬 3종,https://www.oliveyoung.co.kr/store/goods/getGoodsDetail.do?goodsNo=A000000171019&dispCatNo=1000001000200070002&trackingCd&curation&egcode&rccode&egrankcode,토니모리,[NEW] 토니모리 애교빔 드로잉펜슬 3종,9000,9000,01 컨실베이지 (온);02 쉬머골드 (온);03 매트브라운(온),"사이클로펜타실록세인, 티타늄디옥사이드 (CI 77891), 합성왁스, 트라이메틸실록시실리케이트, 마이카 (CI 77019), 황색산화철 (CI 77492), 세레신, 아이소도데케인, 합성비즈왁스, 적색산화철 (CI 77491), 폴리아이소부텐, 스테아릭애씨드, 폴리하이드록시스테아릭애씨드, 흑색산화철 (CI 77499), 다이메티콘, 레시틴, 에틸헥실팔미테이트, 아이소스테아릭애씨드, 아이소프로필미리스테이트, 글리세릴카프릴레이트, 카프릴릴글라이콜, 폴리글리세릴-3폴리리시놀리에이트",모든 피부 타입,heejin****,2022.09.09,색상이 자연스러워서 애교살 그림자랑 삼각존 음영에 쓰기 좋아요.,5,_alchera_none_
17,20221015_095808,아이라이너,[NEW] 토니모리 애교빔 드로잉펜슬 3종,https://www.oliveyoung.co.kr/store/goods/getGoodsDetail.do?goodsNo=A000000171019&dispCatNo=1000001000200070002&trackingCd&curation&egcode&rccode&egrankcode,토니모리,[NEW] 토니모리 애교빔 드로잉펜슬 3종,9000,9000,01 컨실베이지 (온);02 쉬머골드 (온);03 매트브라운(온),"사이클로펜타실록세인, 티타늄디옥사이드 (CI 77891), 합성왁스, 트라이메틸실록시실리케이트, 마이카 (CI 77019), 황색산화철 (CI 77492), 세레신, 아이소도데케인, 합성비즈왁스, 적색산화철 (CI 77491), 폴리아이소부텐, 스테아릭애씨드, 폴리하이드록시스테아릭애씨드, 흑색산화철 (CI 77499), 다이메티콘, 레시틴, 에틸헥실팔미테이트, 아이소스테아릭애씨드, 아이소프로필미리스테이트, 글리세릴카프릴레이트, 카프릴릴글라이콜, 폴리글리세릴-3폴리리시놀리에이트",모든 피부 타입,ruc****,2022.09.04,"입술 라인 그리기 좋다고해서 구매했어요~
음영들어간것처럼되서 만족해요~
입술은 원래 두꺼운 편이라 확장보단 라인을 그리고 싶었던거라 만족합니다~",4,_alchera_none_
18,20221015_095809,아이라이너,[NEW] 토니모리 애교빔 드로잉펜슬 3종,https://www.oliveyoung.co.kr/store/goods/getGoodsDetail.do?goodsNo=A000000171019&dispCatNo=1000001000200070002&trackingCd&curation&egcode&rccode&egrankcode,토니모리,[NEW] 토니모리 애교빔 드로잉펜슬 3종,9000,9000,01 컨실베이지 (온);02 쉬머골드 (온);03 매트브라운(온),"사이클로펜타실록세인, 티타늄디옥사이드 (CI 77891), 합성왁스, 트라이메틸실록시실리케이트, 마이카 (CI 77019), 황색산화철 (CI 77492), 세레신, 아이소도데케인, 합성비즈왁스, 적색산화철 (CI 77491), 폴리아이소부텐, 스테아릭애씨드, 폴리하이드록시스테아릭애씨드, 흑색산화철 (CI 77499), 다이메티콘, 레시틴, 에틸헥실팔미테이트, 아이소스테아릭애씨드, 아이소프로필미리스테이트, 글리세릴카프릴레이트, 카프릴릴글라이콜, 폴리글리세릴-3폴리리시놀리에이트",모든 피부 타입,dnfl****,2022.10.03,"생각보다 지속력도 좋고 괜찮았어요!!!
다쓰면 재구매의사 있어요",5,_alchera_none_
19,20221015_095810,아이라이너,[NEW] 토니모리 애교빔 드로잉펜슬 3종,https://www.oliveyoung.co.kr/store/goods/getGoodsDetail.do?goodsNo=A000000171019&dispCatNo=1000001000200070002&trackingCd&curation&egcode&rccode&egrankcode,토니모리,[NEW] 토니모리 애교빔 드로잉펜슬 3종,9000,9000,01 컨실베이지 (온);02 쉬머골드 (온);03 매트브라운(온),"사이클로펜타실록세인, 티타늄디옥사이드 (CI 77891), 합성왁스, 트라이메틸실록시실리케이트, 마이카 (CI 77019), 황색산화철 (CI 77492), 세레신, 아이소도데케인, 합성비즈왁스, 적색산화철 (CI 77491), 폴리아이소부텐, 스테아릭애씨드, 폴리하이드록시스테아릭애씨드, 흑색산화철 (CI 77499), 다이메티콘, 레시틴, 에틸헥실팔미테이트, 아이소스테아릭애씨드, 아이소프로필미리스테이트, 글리세릴카프릴레이트, 카프릴릴글라이콜, 폴리글리세릴-3폴리리시놀리에이트",모든 피부 타입,dor****,2022.09.30,애교살에 발라도 좋지만 입술 구곽따기에도 아주 좋습니다 지속력도 좋고 발림성도 좋고 그림자같은 컬러도 맘에 들어요,5,_alchera_none_
20,20221015_095814,아이라이너,[NEW] 토니모리 애교빔 드로잉펜슬 3종,https://www.oliveyoung.co.kr/store/goods/getGoodsDetail.do?goodsNo=A000000171019&dispCatNo=1000001000200070002&trackingCd&curation&egcode&rccode&egrankcode,토니모리,[NEW] 토니모리 애교빔 드로잉펜슬 3종,9000,9000,01 컨실베이지 (온);02 쉬머골드 (온);03 매트브라운(온),"사이클로펜타실록세인, 티타늄디옥사이드 (CI 77891), 합성왁스, 트라이메틸실록시실리케이트, 마이카 (CI 77019), 황색산화철 (CI 77492), 세레신, 아이소도데케인, 합성비즈왁스, 적색산화철 (CI 77491), 폴리아이소부텐, 스테아릭애씨드, 폴리하이드록시스테아릭애씨드, 흑색산화철 (CI 77499), 다이메티콘, 레시틴, 에틸헥실팔미테이트, 아이소스테아릭애씨드, 아이소프로필미리스테이트, 글리세릴카프릴레이트, 카프릴릴글라이콜, 폴리글리세릴-3폴리리시놀리에이트",모든 피부 타입,bass****,2022.09.25,눈 앞머리쪽에서 중간부분까지 애교살을 그리는데 펜슬의 두께가 얇아 그리기가 정말 편합니다..,5,_alchera_none_
21,20221015_095815,아이라이너,[NEW] 토니모리 애교빔 드로잉펜슬 3종,https://www.oliveyoung.co.kr/store/goods/getGoodsDetail.do?goodsNo=A000000171019&dispCatNo=1000001000200070002&trackingCd&curation&egcode&rccode&egrankcode,토니모리,[NEW] 토니모리 애교빔 드로잉펜슬 3종,9000,9000,01 컨실베이지 (온);02 쉬머골드 (온);03 매트브라운(온),"사이클로펜타실록세인, 티타늄디옥사이드 (CI 77891), 합성왁스, 트라이메틸실록시실리케이트, 마이카 (CI 77019), 황색산화철 (CI 77492), 세레신, 아이소도데케인, 합성비즈왁스, 적색산화철 (CI 77491), 폴리아이소부텐, 스테아릭애씨드, 폴리하이드록시스테아릭애씨드, 흑색산화철 (CI 77499), 다이메티콘, 레시틴, 에틸헥실팔미테이트, 아이소스테아릭애씨드, 아이소프로필미리스테이트, 글리세릴카프릴레이트, 카프릴릴글라이콜, 폴리글리세릴-3폴리리시놀리에이트",모든 피부 타입,bass****,2022.09.25,애교살 펄을 표현하는데 펜슬의 두께가 얇고 펄도 뚜렷하게 표현이 되어 마음에 듭니다..,5,_alchera_none_
22,20221015_095816,아이라이너,[NEW] 토니모리 애교빔 드로잉펜슬 3종,https://www.oliveyoung.co.kr/store/goods/getGoodsDetail.do?goodsNo=A000000171019&dispCatNo=1000001000200070002&trackingCd&curation&egcode&rccode&egrankcode,토니모리,[NEW] 토니모리 애교빔 드로잉펜슬 3종,9000,9000,01 컨실베이지 (온);02 쉬머골드 (온);03 매트브라운(온),"사이클로펜타실록세인, 티타늄디옥사이드 (CI 77891), 합성왁스, 트라이메틸실록시실리케이트, 마이카 (CI 77019), 황색산화철 (CI 77492), 세레신, 아이소도데케인, 합성비즈왁스, 적색산화철 (CI 77491), 폴리아이소부텐, 스테아릭애씨드, 폴리하이드록시스테아릭애씨드, 흑색산화철 (CI 77499), 다이메티콘, 레시틴, 에틸헥실팔미테이트, 아이소스테아릭애씨드, 아이소프로필미리스테이트, 글리세릴카프릴레이트, 카프릴릴글라이콜, 폴리글리세릴-3폴리리시놀리에이트",모든 피부 타입,빵말랭이,2022.09.22,눈가에 부드럽게 잘 발리고 색깔도 딱 적당하게 밝혀줘서 맘에 들어용,5,_alchera_none_
23,20221015_095817,아이라이너,[NEW] 토니모리 애교빔 드로잉펜슬 3종,https://www.oliveyoung.co.kr/store/goods/getGoodsDetail.do?goodsNo=A000000171019&dispCatNo=1000001000200070002&trackingCd&curation&egcode&rccode&egrankcode,토니모리,[NEW] 토니모리 애교빔 드로잉펜슬 3종,9000,9000,01 컨실베이지 (온);02 쉬머골드 (온);03 매트브라운(온),"사이클로펜타실록세인, 티타늄디옥사이드 (CI 77891), 합성왁스, 트라이메틸실록시실리케이트, 마이카 (CI 77019), 황색산화철 (CI 77492), 세레신, 아이소도데케인, 합성비즈왁스, 적색산화철 (CI 77491), 폴리아이소부텐, 스테아릭애씨드, 폴리하이드록시스테아릭애씨드, 흑색산화철 (CI 77499), 다이메티콘, 레시틴, 에틸헥실팔미테이트, 아이소스테아릭애씨드, 아이소프로필미리스테이트, 글리세릴카프릴레이트, 카프릴릴글라이콜, 폴리글리세릴-3폴리리시놀리에이트",모든 피부 타입,ghf****,2022.09.13,"음 쿨톤한텐 뭔가 되게 이살햐요ㅠ
색상이..붉은끼인지 이걸로 어떻게 애굣살 음영을 그리라는건지 싶어요 유튜브로 볼땐 예뻣는데 저는 안쓸거같아요ㅠ 아쉬워요",3,_alchera_none_
24,20221015_095818,아이라이너,[NEW] 토니모리 애교빔 드로잉펜슬 3종,https://www.oliveyoung.co.kr/store/goods/getGoodsDetail.do?goodsNo=A000000171019&dispCatNo=1000001000200070002&trackingCd&curation&egcode&rccode&egrankcode,토니모리,[NEW] 토니모리 애교빔 드로잉펜슬 3종,9000,9000,01 컨실베이지 (온);02 쉬머골드 (온);03 매트브라운(온),"사이클로펜타실록세인, 티타늄디옥사이드 (CI 77891), 합성왁스, 트라이메틸실록시실리케이트, 마이카 (CI 77019), 황색산화철 (CI 77492), 세레신, 아이소도데케인, 합성비즈왁스, 적색산화철 (CI 77491), 폴리아이소부텐, 스테아릭애씨드, 폴리하이드록시스테아릭애씨드, 흑색산화철 (CI 77499), 다이메티콘, 레시틴, 에틸헥실팔미테이트, 아이소스테아릭애씨드, 아이소프로필미리스테이트, 글리세릴카프릴레이트, 카프릴릴글라이콜, 폴리글리세릴-3폴리리시놀리에이트",모든 피부 타입,wlgu****,2022.09.07,애굣살 만드는데 수월하고 요즘 데일리로 사용하고 있어용ㅎㅎ,5,_alchera_none_
25,20221015_095819,아이라이너,[NEW] 토니모리 애교빔 드로잉펜슬 3종,https://www.oliveyoung.co.kr/store/goods/getGoodsDetail.do?goodsNo=A000000171019&dispCatNo=1000001000200070002&trackingCd&curation&egcode&rccode&egrankcode,토니모리,[NEW] 토니모리 애교빔 드로잉펜슬 3종,9000,9000,01 컨실베이지 (온);02 쉬머골드 (온);03 매트브라운(온),"사이클로펜타실록세인, 티타늄디옥사이드 (CI 77891), 합성왁스, 트라이메틸실록시실리케이트, 마이카 (CI 77019), 황색산화철 (CI 77492), 세레신, 아이소도데케인, 합성비즈왁스, 적색산화철 (CI 77491), 폴리아이소부텐, 스테아릭애씨드, 폴리하이드록시스테아릭애씨드, 흑색산화철 (CI 77499), 다이메티콘, 레시틴, 에틸헥실팔미테이트, 아이소스테아릭애씨드, 아이소프로필미리스테이트, 글리세릴카프릴레이트, 카프릴릴글라이콜, 폴리글리세릴-3폴리리시놀리에이트",모든 피부 타입,ghf****,2022.09.13,"무난무난 ㄱㅊ아요 근데 이것만 찍하면 이상해서
브러수ㅏ로 또 해줘야댜요",4,_alchera_none_
26,20221015_095820,아이라이너,[NEW] 토니모리 애교빔 드로잉펜슬 3종,https://www.oliveyoung.co.kr/store/goods/getGoodsDetail.do?goodsNo=A000000171019&dispCatNo=1000001000200070002&trackingCd&curation&egcode&rccode&egrankcode,토니모리,[NEW] 토니모리 애교빔 드로잉펜슬 3종,9000,9000,01 컨실베이지 (온);02 쉬머골드 (온);03 매트브라운(온),"사이클로펜타실록세인, 티타늄디옥사이드 (CI 77891), 합성왁스, 트라이메틸실록시실리케이트, 마이카 (CI 77019), 황색산화철 (CI 77492), 세레신, 아이소도데케인, 합성비즈왁스, 적색산화철 (CI 77491), 폴리아이소부텐, 스테아릭애씨드, 폴리하이드록시스테아릭애씨드, 흑색산화철 (CI 77499), 다이메티콘, 레시틴, 에틸헥실팔미테이트, 아이소스테아릭애씨드, 아이소프로필미리스테이트, 글리세릴카프릴레이트, 카프릴릴글라이콜, 폴리글리세릴-3폴리리시놀리에이트",모든 피부 타입,wlgu****,2022.09.07,사용감이 편하고 뭉치는 것도 없어서 좋아용ㅎㅎㅎ 색감도 이뿌네용,5,_alchera_none_
27,20221015_095821,아이라이너,[NEW] 토니모리 애교빔 드로잉펜슬 3종,https://www.oliveyoung.co.kr/store/goods/getGoodsDetail.do?goodsNo=A000000171019&dispCatNo=1000001000200070002&trackingCd&curation&egcode&rccode&egrankcode,토니모리,[NEW] 토니모리 애교빔 드로잉펜슬 3종,9000,9000,01 컨실베이지 (온);02 쉬머골드 (온);03 매트브라운(온),"사이클로펜타실록세인, 티타늄디옥사이드 (CI 77891), 합성왁스, 트라이메틸실록시실리케이트, 마이카 (CI 77019), 황색산화철 (CI 77492), 세레신, 아이소도데케인, 합성비즈왁스, 적색산화철 (CI 77491), 폴리아이소부텐, 스테아릭애씨드, 폴리하이드록시스테아릭애씨드, 흑색산화철 (CI 77499), 다이메티콘, 레시틴, 에틸헥실팔미테이트, 아이소스테아릭애씨드, 아이소프로필미리스테이트, 글리세릴카프릴레이트, 카프릴릴글라이콜, 폴리글리세릴-3폴리리시놀리에이트",모든 피부 타입,3868g****,2022.09.07,삼각존에 바르기 좋아요 부담스럽지 않게 자연스럽게 발려요,5,_alchera_none_
28,20221015_095823,아이라이너,[NEW] 토니모리 애교빔 드로잉펜슬 3종,https://www.oliveyoung.co.kr/store/goods/getGoodsDetail.do?goodsNo=A000000171019&dispCatNo=1000001000200070002&trackingCd&curation&egcode&rccode&egrankcode,토니모리,[NEW] 토니모리 애교빔 드로잉펜슬 3종,9000,9000,01 컨실베이지 (온);02 쉬머골드 (온);03 매트브라운(온),"사이클로펜타실록세인, 티타늄디옥사이드 (CI 77891), 합성왁스, 트라이메틸실록시실리케이트, 마이카 (CI 77019), 황색산화철 (CI 77492), 세레신, 아이소도데케인, 합성비즈왁스, 적색산화철 (CI 77491), 폴리아이소부텐, 스테아릭애씨드, 폴리하이드록시스테아릭애씨드, 흑색산화철 (CI 77499), 다이메티콘, 레시틴, 에틸헥실팔미테이트, 아이소스테아릭애씨드, 아이소프로필미리스테이트, 글리세릴카프릴레이트, 카프릴릴글라이콜, 폴리글리세릴-3폴리리시놀리에이트",모든 피부 타입,3868g****,2022.09.07,부담스럽지 않게 포인트 줄 수 있어요 바르기 편해요 티는 많이 안나요,5,_alchera_none_
29,20221015_095824,아이라이너,[NEW] 토니모리 애교빔 드로잉펜슬 3종,https://www.oliveyoung.co.kr/store/goods/getGoodsDetail.do?goodsNo=A000000171019&dispCatNo=1000001000200070002&trackingCd&curation&egcode&rccode&egrankcode,토니모리,[NEW] 토니모리 애교빔 드로잉펜슬 3종,9000,9000,01 컨실베이지 (온);02 쉬머골드 (온);03 매트브라운(온),"사이클로펜타실록세인, 티타늄디옥사이드 (CI 77891), 합성왁스, 트라이메틸실록시실리케이트, 마이카 (CI 77019), 황색산화철 (CI 77492), 세레신, 아이소도데케인, 합성비즈왁스, 적색산화철 (CI 77491), 폴리아이소부텐, 스테아릭애씨드, 폴리하이드록시스테아릭애씨드, 흑색산화철 (CI 77499), 다이메티콘, 레시틴, 에틸헥실팔미테이트, 아이소스테아릭애씨드, 아이소프로필미리스테이트, 글리세릴카프릴레이트, 카프릴릴글라이콜, 폴리글리세릴-3폴리리시놀리에이트",모든 피부 타입,3868g****,2022.09.07,바르기 편해서 좋아요 바르고 약간 두드려주면 자연스러워요,5,_alchera_none_
30,20221015_095827,아이라이너,[NEW] 토니모리 애교빔 드로잉펜슬 3종,https://www.oliveyoung.co.kr/store/goods/getGoodsDetail.do?goodsNo=A000000171019&dispCatNo=1000001000200070002&trackingCd&curation&egcode&rccode&egrankcode,토니모리,[NEW] 토니모리 애교빔 드로잉펜슬 3종,9000,9000,01 컨실베이지 (온);02 쉬머골드 (온);03 매트브라운(온),"사이클로펜타실록세인, 티타늄디옥사이드 (CI 77891), 합성왁스, 트라이메틸실록시실리케이트, 마이카 (CI 77019), 황색산화철 (CI 77492), 세레신, 아이소도데케인, 합성비즈왁스, 적색산화철 (CI 77491), 폴리아이소부텐, 스테아릭애씨드, 폴리하이드록시스테아릭애씨드, 흑색산화철 (CI 77499), 다이메티콘, 레시틴, 에틸헥실팔미테이트, 아이소스테아릭애씨드, 아이소프로필미리스테이트, 글리세릴카프릴레이트, 카프릴릴글라이콜, 폴리글리세릴-3폴리리시놀리에이트",모든 피부 타입,dnfl****,2022.09.02,부드럽게 잘 써져요!!! 생각보다 지속력도 좋은거같아요,5,_alchera_none_
31,20221015_095828,아이라이너,[NEW] 토니모리 애교빔 드로잉펜슬 3종,https://www.oliveyoung.co.kr/store/goods/getGoodsDetail.do?goodsNo=A000000171019&dispCatNo=1000001000200070002&trackingCd&curation&egcode&rccode&egrankcode,토니모리,[NEW] 토니모리 애교빔 드로잉펜슬 3종,9000,9000,01 컨실베이지 (온);02 쉬머골드 (온);03 매트브라운(온),"사이클로펜타실록세인, 티타늄디옥사이드 (CI 77891), 합성왁스, 트라이메틸실록시실리케이트, 마이카 (CI 77019), 황색산화철 (CI 77492), 세레신, 아이소도데케인, 합성비즈왁스, 적색산화철 (CI 77491), 폴리아이소부텐, 스테아릭애씨드, 폴리하이드록시스테아릭애씨드, 흑색산화철 (CI 77499), 다이메티콘, 레시틴, 에틸헥실팔미테이트, 아이소스테아릭애씨드, 아이소프로필미리스테이트, 글리세릴카프릴레이트, 카프릴릴글라이콜, 폴리글리세릴-3폴리리시놀리에이트",모든 피부 타입,sinja****,2022.08.26,신상품이라서호기심에샀는데펄이이쁘네요사길잘했어용,5,_alchera_none_
