,timestamp,category,productName,urlProduct,brand,productName.1,price1,price2,Color,ingredients,skinType,username,datePublished,reviewText,score,reviewerSkinType
0,20221015_074914,마스카라,[NEW] 클리오 킬래쉬 속눈썹 영양제,https://www.oliveyoung.co.kr/store/goods/getGoodsDetail.do?goodsNo=A000000162519&dispCatNo=1000001000200070001&trackingCd&curation&egcode&rccode&egrankcode,클리오,[NEW] 클리오 킬래쉬 속눈썹 영양제,18000,18000,,"정제수, 펜틸렌글라이콜, 부틸렌글라이콜, 병풀추출물, 쇠비름추출물, 약모밀추출물, 검정콩추출물, 맥주효모추출물, 붉은토끼풀추출물, 녹두추출물, 쌀겨오일, 1,2-헥산다이올, 하이드록시에틸셀룰로오스, 판테놀, 소듐카보머, 프로판다이올, 다이포타슘글리시리제이트, 하이드록시프로필트라이모늄하이알루로네이트, 에틸헥실글리세린, 다이소듐이디티에이, 다이소듐포스페이트, 폴리솔베이트60, 소듐포스페이트, 바이오틴, 글리세린, 토코페롤, 글라이코프로테인, 올리고펩타이드-2, 소듐벤조에이트, 포타슘솔베이트",모든피부타입,saeglopur,2022.03.31,"ෆ 구매 이유 ෆ ✔️
사용하고 있던 속눈썹 영양제가 다 써가서
새로 사야겠다 싶었는데 올리브영에서
클리오 속눈썹 영양제가 신상으로 올라온 걸 보고,
장바구니에 넣어두었다가 저번주 주말에 주문했어요! :)
신상이다보니 리뷰가 많지 않았지만,
클리오니까 좋겠지 싶어서 믿고 구매했어요. ฅ՞•ﻌ•՞ฅ
속눈썹 영양제는 자주 바르다보니 생각보다 금방 사용하더라구요.
그래서 한 번에 여러 개 사야지 싶어서 3개나 구매했어요!
쟁여두기ㅡ𖤐

ෆ 바르는 팁 ෆ ✔️
솔이 정교해요. 솔의 끝 쪽 동그란 부분으로는
콕콕 찍어주면서 속눈썹 모근 가까이에 꼼꼼히 발라주고,
다 발라준 뒤에 마무리 단계에서 솔의 곡선부분으로는
속눈썹 컬 올려주듯 빗어주면서 바르고 있어요!

ෆ 사용감 ෆ ✔️
속눈썹 영양제는 속눈썹 길이 연장의 효과도 중요하지만
눈 시림이나 따가움이 없는 게 제일 중요하다고 생각하는데,
일단 눈 시림, 따가움이 없었어요!
그래서 사용하기에 불편함이 없어서 좋았고❤️
속눈썹 영양제는 자주 발라주는 게 좋다고 해서
하루 1번 이상은 꼭 꼭 챙겨 발라주려고 하고 있어요 :)
그리고 하얗게 뭉치는 거 없고, 고르게 잘 발려요〰️

ෆ 재구매&추천 의향 ෆ ✔️
재구매, 추천 의향 모두 있어요!
클리오 속눈썹 영양제는 가격, 사용감, 효과 등
여러가지 면에서 만족스럽고 괜찮은 제품이었습니다🤍",5,지성;겨울쿨톤;미백;잡티
1,20221015_074914,마스카라,[NEW] 클리오 킬래쉬 속눈썹 영양제,https://www.oliveyoung.co.kr/store/goods/getGoodsDetail.do?goodsNo=A000000162519&dispCatNo=1000001000200070001&trackingCd&curation&egcode&rccode&egrankcode,클리오,[NEW] 클리오 킬래쉬 속눈썹 영양제,18000,18000,,"정제수, 펜틸렌글라이콜, 부틸렌글라이콜, 병풀추출물, 쇠비름추출물, 약모밀추출물, 검정콩추출물, 맥주효모추출물, 붉은토끼풀추출물, 녹두추출물, 쌀겨오일, 1,2-헥산다이올, 하이드록시에틸셀룰로오스, 판테놀, 소듐카보머, 프로판다이올, 다이포타슘글리시리제이트, 하이드록시프로필트라이모늄하이알루로네이트, 에틸헥실글리세린, 다이소듐이디티에이, 다이소듐포스페이트, 폴리솔베이트60, 소듐포스페이트, 바이오틴, 글리세린, 토코페롤, 글라이코프로테인, 올리고펩타이드-2, 소듐벤조에이트, 포타슘솔베이트",모든피부타입,유바니,2022.03.13,"속눈썹이 짧아서 항상 속눈썹 연장하는사람으로써 클리오에서 
새로운 영양제가 나왓다길래 바로 구매했어용👀

제 속눈썹은 진짜 짧고 얇아서 마스카라를 아무리 열심히해도 
안예쁜 그런 속눈썹이에요ㅠ 그래서 항상 연장을 하고 다니는데 연장을 자주하니 속눈썹이 많이 빠지고 더 얇아져서 평소에 영양제에 관심이 많고 사용해주고 있어요.

평소에 쓰는 제품은 ㅋㅅ미 제품이고 이제품도 만족하면서 사용중인데 새로운제품도 사용해보고 싶어서 클리오로 구매했고 더 사용해봐야 알겠지만 지금은 아주 만족 중이에요.

일단 속눈썹 영양제중에 제일 이쁘게 생겼어요ㅋㅋ
마스카라처럼 생겻는데 디자인이 깔끔하고 예뻐요.
양은 ㅋㅅㅁ 제품보다 3.5g 정도 많아서 더 오래 사용할수있을거 같아요!

영양제 팁은 앞부분은 동그란 솜방망이에 그뒤엔 스크류브러쉬처럼 생겼어요. 솜방망이 부분으로는 뿌리쪽이나 언더 속눈썹에 바르기 좋았고 스크류 브러쉬는 전체적으로 발라주기 좋았어요. 제가 연장중인데도 브러쉬에 걸리지 않고 잘발렸어요! 이부분 정말 만족했어요.

속눈썹영양제는 효과도 중요하지만 눈시림이 없는지 성분은 괜찮은지가 제일 중요하다고 생각하는데 이제품은 눈시림도 전혀 없었고 저자극인증도 받고 성분도 괜찮아서 더 마음에 들었어요.

앞으로 꼼꼼히 자주 발라서 속눈썹이 더 튼튼해졌으면 좋겠어요ㅠ 눈시림없고 세일하면 가격도 저렴하고 용량도 넉넉해서 
추천해요! 맘에 든 제품이라 하나 더 구매해서 동생도 주려고요‼️ 그때 오래 사용하고 후기 또 남겨볼께요 감사합니당👍🏻

사진순서 
영양제디자인-영양제 팁 모양-원래속눈썹
-연장한 속눈썹-영양제",5,복합성;가을웜톤;모공;민감성
2,20221015_074914,마스카라,[NEW] 클리오 킬래쉬 속눈썹 영양제,https://www.oliveyoung.co.kr/store/goods/getGoodsDetail.do?goodsNo=A000000162519&dispCatNo=1000001000200070001&trackingCd&curation&egcode&rccode&egrankcode,클리오,[NEW] 클리오 킬래쉬 속눈썹 영양제,18000,18000,,"정제수, 펜틸렌글라이콜, 부틸렌글라이콜, 병풀추출물, 쇠비름추출물, 약모밀추출물, 검정콩추출물, 맥주효모추출물, 붉은토끼풀추출물, 녹두추출물, 쌀겨오일, 1,2-헥산다이올, 하이드록시에틸셀룰로오스, 판테놀, 소듐카보머, 프로판다이올, 다이포타슘글리시리제이트, 하이드록시프로필트라이모늄하이알루로네이트, 에틸헥실글리세린, 다이소듐이디티에이, 다이소듐포스페이트, 폴리솔베이트60, 소듐포스페이트, 바이오틴, 글리세린, 토코페롤, 글라이코프로테인, 올리고펩타이드-2, 소듐벤조에이트, 포타슘솔베이트",모든피부타입,화장품분석녀,2022.04.01,"속눈썹에센스 수백여종을 수십년째 쓰고있는사람입니다

속눈썹에센스 헤어라인  구렛나루 겉눈썹에도 바르세요ㅡ효과있으니 잔머리나고 겉눈썹도 납니다 
모두같은성분이기  때문입니다ㅡ꿀팁

결론ㅡ가벼운에센스 제형으로 봉에자극없고 
또마스카라 자극없고
묵직한제형이 아니라서  적당히 량조절 하셔야합니다
또바르고 잠시 부채질해주세요ㅡㅡ팁
바로눈욺직이면 제형이 에센스같은타입이라 번질수있어요
눈밑눈썹에도 발르세요
눈시림없음
추천합니다ㅡ효과있음
사실 성분이  충분히 눈썹에 효과있을성분입니다

충고ㅡ속눈썹영양제는 하루 수시로 3번이상 두세겹바르고 빨리쓰고 버리세오ㅡ
오래두고 바르면 변질되서 눈썹빠지는경우를 알았어요ㅡ당장버렸지요
클리오 효과있습니다
속눈썹 영양제 저가로 좋은성분들도 많은데
가격대가 조금아쉽습니다

담은 웨이크메이크사서 성분도 제형도 비교해서올리께요
어떤게 다른지 성분이 어떤게 더좋은지
지금품절이라 입고되면 바로 후기 갑니다",4,복합성;웜톤;각질;모공
3,20221015_074914,마스카라,[NEW] 클리오 킬래쉬 속눈썹 영양제,https://www.oliveyoung.co.kr/store/goods/getGoodsDetail.do?goodsNo=A000000162519&dispCatNo=1000001000200070001&trackingCd&curation&egcode&rccode&egrankcode,클리오,[NEW] 클리오 킬래쉬 속눈썹 영양제,18000,18000,,"정제수, 펜틸렌글라이콜, 부틸렌글라이콜, 병풀추출물, 쇠비름추출물, 약모밀추출물, 검정콩추출물, 맥주효모추출물, 붉은토끼풀추출물, 녹두추출물, 쌀겨오일, 1,2-헥산다이올, 하이드록시에틸셀룰로오스, 판테놀, 소듐카보머, 프로판다이올, 다이포타슘글리시리제이트, 하이드록시프로필트라이모늄하이알루로네이트, 에틸헥실글리세린, 다이소듐이디티에이, 다이소듐포스페이트, 폴리솔베이트60, 소듐포스페이트, 바이오틴, 글리세린, 토코페롤, 글라이코프로테인, 올리고펩타이드-2, 소듐벤조에이트, 포타슘솔베이트",모든피부타입,행복한올리브영입니다,2022.04.21,"🖤속눈썹펌 하는 사람에게 꼭 추천드리고 싶은 제품🤍
일단 깔끔한 디자인에 합리적인 가격에서 만족❕
샵에서는 삼만원 받았어요ㅡㅡ 호갱 당한곤강,, ㅠ

비싼 돈주고 펌하는데 탱글탱글한 유지력도 중요하자나요 ?̊̈! 항상 샵원장님께서도 속눈썹 영양제로 케어하는게 
중요하다고 말씀하셔서 이번에는 클리오 제품으로 구매했어요! (워터리 세럼 베이스로 속눈썹 펌과 연장 시술 후에도 사용이 가능합니다)

일단 전에 샵에서 쓰던 타제품 같은 경우는
눈시림이 있었고 브러쉬 ? 메니큐어 ? 같은 제형이라 
사용할 때도 불편했는데

클리오 제품은 속눈썹 모양에 맞게 마스카라 브러쉬라서
데일리로 사용하기 쉽고 좋았어요 !̤̮ !̤̫ 모근과 언더 속눈썹 사이사이 촙촘하게 케어할 수 있고  자극도 적어서 눈시림도 없었어요 !̤̮ !̤̫",5,건성;웜톤;트러블;홍조
4,20221015_074914,마스카라,[NEW] 클리오 킬래쉬 속눈썹 영양제,https://www.oliveyoung.co.kr/store/goods/getGoodsDetail.do?goodsNo=A000000162519&dispCatNo=1000001000200070001&trackingCd&curation&egcode&rccode&egrankcode,클리오,[NEW] 클리오 킬래쉬 속눈썹 영양제,18000,18000,,"정제수, 펜틸렌글라이콜, 부틸렌글라이콜, 병풀추출물, 쇠비름추출물, 약모밀추출물, 검정콩추출물, 맥주효모추출물, 붉은토끼풀추출물, 녹두추출물, 쌀겨오일, 1,2-헥산다이올, 하이드록시에틸셀룰로오스, 판테놀, 소듐카보머, 프로판다이올, 다이포타슘글리시리제이트, 하이드록시프로필트라이모늄하이알루로네이트, 에틸헥실글리세린, 다이소듐이디티에이, 다이소듐포스페이트, 폴리솔베이트60, 소듐포스페이트, 바이오틴, 글리세린, 토코페롤, 글라이코프로테인, 올리고펩타이드-2, 소듐벤조에이트, 포타슘솔베이트",모든피부타입,드류루친스키,2022.04.01,"쓰던 속눈썹영양제를 거의 다써서 새로나온 클리오 제품을 사봤어요! 상품평이 많지 않아 조금 걱정했지만 ㅎㅎㅎ 배송오고나서 바로 발라봤는데 사용감이 괜찮아서 좋았어요. 
9g 용량이면 적은것도 많은것도 아니어서 꽤 쓸 것 같은 양이에요.  매일 자기 전 성심성의껏(?) 발라주는데 이것도 발라보니 뭉침없고 눈이 아프지도 않았어요. 
영양을 집중 공급한다는 말에 바로 구매한건데 바르고나니까 정말 속눈썹에 힘이 생기는 것 같았어요. 무겁지 않은 사용감이 제일 마음에 들었고 성분도 나쁘지 않은 것 같아서 안심하고 쓸 수 있을 것 같아요. 
클리오브랜드 좋아하시는 분들은 믿고 구매하셔도 좋을 것 같아요!! 
전 속눈썹 영양제 두군데꺼 써보고 진짜 효과 많이 봤는데 ㅎㅎㅎ 이것도 그럴 것 같아서 한번써봤지만 엄청 기대돼요 ㅎㅎ
향도 상쾌한 향이구 암튼 맘에 들어용 ㅎㅎ",5,복합성;쿨톤;잡티;탄력
5,20221015_074914,마스카라,[NEW] 클리오 킬래쉬 속눈썹 영양제,https://www.oliveyoung.co.kr/store/goods/getGoodsDetail.do?goodsNo=A000000162519&dispCatNo=1000001000200070001&trackingCd&curation&egcode&rccode&egrankcode,클리오,[NEW] 클리오 킬래쉬 속눈썹 영양제,18000,18000,,"정제수, 펜틸렌글라이콜, 부틸렌글라이콜, 병풀추출물, 쇠비름추출물, 약모밀추출물, 검정콩추출물, 맥주효모추출물, 붉은토끼풀추출물, 녹두추출물, 쌀겨오일, 1,2-헥산다이올, 하이드록시에틸셀룰로오스, 판테놀, 소듐카보머, 프로판다이올, 다이포타슘글리시리제이트, 하이드록시프로필트라이모늄하이알루로네이트, 에틸헥실글리세린, 다이소듐이디티에이, 다이소듐포스페이트, 폴리솔베이트60, 소듐포스페이트, 바이오틴, 글리세린, 토코페롤, 글라이코프로테인, 올리고펩타이드-2, 소듐벤조에이트, 포타슘솔베이트",모든피부타입,광쁨,2022.03.28,"속눈썹 영양제는 속눈썹 펌을 하신 분들이 많이 사용하시더라구요. 저는 펌은 안했지만 뷰러를 할 때 속눈썹이 빠져가지고 도움이 될까 싶어 속눈썹 영양제를 구매했어요.
클리오 마스카라를 만족하며 쓰고 있기도 하고 좋을 거 같아서 클리오 제품으로 골랐고, 아주 잘 고른 거 같아요!
혹시나 눈 시림이 있을까봐 걱정했는데, 제가 걱정하던 눈 시림은 전혀 없어요!!! 진짜 그냥 물 묻힌 느낌처럼 아무 느낌도 없고 순한 거 같아요.
동그란 부분으로 잘 안 발려지는 부분이랑 속눈썹 모근 부분에 발라주는데 아주 마음에 듭니다 ṑṑṑ
아직 속눈썹 영양제를 몇 번 써보진 못해서 효과는 잘 모르겠어요…ㅠㅠㅜ 근데 뷰러 할 때 덜 빠지는 거 같긴 해요! 뭔가 속눈썹이 튼튼해지고 길어진 거 같은 느낌도 있어요. 꾸준히 오래 써보고 효과 좋으면 재구매하려구요.",5,건성;각질;트러블
6,20221015_074915,마스카라,[NEW] 클리오 킬래쉬 속눈썹 영양제,https://www.oliveyoung.co.kr/store/goods/getGoodsDetail.do?goodsNo=A000000162519&dispCatNo=1000001000200070001&trackingCd&curation&egcode&rccode&egrankcode,클리오,[NEW] 클리오 킬래쉬 속눈썹 영양제,18000,18000,,"정제수, 펜틸렌글라이콜, 부틸렌글라이콜, 병풀추출물, 쇠비름추출물, 약모밀추출물, 검정콩추출물, 맥주효모추출물, 붉은토끼풀추출물, 녹두추출물, 쌀겨오일, 1,2-헥산다이올, 하이드록시에틸셀룰로오스, 판테놀, 소듐카보머, 프로판다이올, 다이포타슘글리시리제이트, 하이드록시프로필트라이모늄하이알루로네이트, 에틸헥실글리세린, 다이소듐이디티에이, 다이소듐포스페이트, 폴리솔베이트60, 소듐포스페이트, 바이오틴, 글리세린, 토코페롤, 글라이코프로테인, 올리고펩타이드-2, 소듐벤조에이트, 포타슘솔베이트",모든피부타입,TMI,2022.03.21,"우와 속눈썹 영양제라니
클리오에 색조 제품 뿐만 아니라
속눈썹전용 영양제 도 있더라구요
요즘 열심히 눈화장도 하고
마스카라도 하는데
생각해보면 속눈썹한테
조금 미안하더라규요,,,
속눈썹을 너무 혹사시키고
관리를 살면서 한번도 안해준것 같아서
약간의 속죄하는 마음을 가지고
클리오 속눈썹 영양제를 써봤습니다!
사실 처음에 꺼냈을땐 좀 신기했어요
약간 투명 마스카라같은 느낌이라고 말해야할까요?
근데 막상 발라주니
투명으로 뭍혀있는 영양제가
끈적이지도 않고
얇게 속눈썹 한올한올을 덮어주는 느낌이였어요
그래서인지 찐들하지 않고 보송해서
전혀 불편한 느낌은 없었고
용기를 들어보면 엄청 가벼워서
액이 들어있는건가? 싶었는데
막상 잘 비벼 보니까 양도 괜찮게 많아서
매일밤 자기전에 오래쓸수있을것 같아요",5,복합성;쿨톤;각질;모공
7,20221015_074915,마스카라,[NEW] 클리오 킬래쉬 속눈썹 영양제,https://www.oliveyoung.co.kr/store/goods/getGoodsDetail.do?goodsNo=A000000162519&dispCatNo=1000001000200070001&trackingCd&curation&egcode&rccode&egrankcode,클리오,[NEW] 클리오 킬래쉬 속눈썹 영양제,18000,18000,,"정제수, 펜틸렌글라이콜, 부틸렌글라이콜, 병풀추출물, 쇠비름추출물, 약모밀추출물, 검정콩추출물, 맥주효모추출물, 붉은토끼풀추출물, 녹두추출물, 쌀겨오일, 1,2-헥산다이올, 하이드록시에틸셀룰로오스, 판테놀, 소듐카보머, 프로판다이올, 다이포타슘글리시리제이트, 하이드록시프로필트라이모늄하이알루로네이트, 에틸헥실글리세린, 다이소듐이디티에이, 다이소듐포스페이트, 폴리솔베이트60, 소듐포스페이트, 바이오틴, 글리세린, 토코페롤, 글라이코프로테인, 올리고펩타이드-2, 소듐벤조에이트, 포타슘솔베이트",모든피부타입,에이미짱,2022.03.18,"솔 끝에 동그란 공처럼 생긴 속눈썹 영양제가 좋아서 ㅋㅅㄴㄹ 쭉 쓰다가
애정하는 클리오에서 속눈썹 영양제 나왔길래 바로 샀어요!!
아직 며칠 안 써봐서 길어졌다 말하긴 애매하지만
눈시림 없는건 확실합니다!
저한텐 ㅋㅅㄴㄹ랑 비슷한 느낌이에요 🥰🥰",5,복합성;웜톤;모공;미백
8,20221015_074916,마스카라,[NEW] 클리오 킬래쉬 속눈썹 영양제,https://www.oliveyoung.co.kr/store/goods/getGoodsDetail.do?goodsNo=A000000162519&dispCatNo=1000001000200070001&trackingCd&curation&egcode&rccode&egrankcode,클리오,[NEW] 클리오 킬래쉬 속눈썹 영양제,18000,18000,,"정제수, 펜틸렌글라이콜, 부틸렌글라이콜, 병풀추출물, 쇠비름추출물, 약모밀추출물, 검정콩추출물, 맥주효모추출물, 붉은토끼풀추출물, 녹두추출물, 쌀겨오일, 1,2-헥산다이올, 하이드록시에틸셀룰로오스, 판테놀, 소듐카보머, 프로판다이올, 다이포타슘글리시리제이트, 하이드록시프로필트라이모늄하이알루로네이트, 에틸헥실글리세린, 다이소듐이디티에이, 다이소듐포스페이트, 폴리솔베이트60, 소듐포스페이트, 바이오틴, 글리세린, 토코페롤, 글라이코프로테인, 올리고펩타이드-2, 소듐벤조에이트, 포타슘솔베이트",모든피부타입,Jeanie,2022.09.02,눈시림도 없고 줗아요! 속눈썹이 좀 탄탄하고 두꺼워진것 같아요! 길이는 사실 잘 모르겠어요. 아래 속눈썹이 더 효과가 있었습니다만 이런거는 원래 케바케라.. 눈시림은 진짜 없어요! 눈썹이나 헤어라인에는 도움이 안됩니다! 자기 전에 바르면 단점이 일어나면 먼지가 많이 붙어서 좀 불편하지만 제 기준에는 그래도 효과가 있어서 벌써 2통째 입니다!,5,_alchera_none_
9,20221015_074917,마스카라,[NEW] 클리오 킬래쉬 속눈썹 영양제,https://www.oliveyoung.co.kr/store/goods/getGoodsDetail.do?goodsNo=A000000162519&dispCatNo=1000001000200070001&trackingCd&curation&egcode&rccode&egrankcode,클리오,[NEW] 클리오 킬래쉬 속눈썹 영양제,18000,18000,,"정제수, 펜틸렌글라이콜, 부틸렌글라이콜, 병풀추출물, 쇠비름추출물, 약모밀추출물, 검정콩추출물, 맥주효모추출물, 붉은토끼풀추출물, 녹두추출물, 쌀겨오일, 1,2-헥산다이올, 하이드록시에틸셀룰로오스, 판테놀, 소듐카보머, 프로판다이올, 다이포타슘글리시리제이트, 하이드록시프로필트라이모늄하이알루로네이트, 에틸헥실글리세린, 다이소듐이디티에이, 다이소듐포스페이트, 폴리솔베이트60, 소듐포스페이트, 바이오틴, 글리세린, 토코페롤, 글라이코프로테인, 올리고펩타이드-2, 소듐벤조에이트, 포타슘솔베이트",모든피부타입,dewfal****,2022.10.09,"타사 제품 쓰다가 이번엔 바꿔봤어요.
비슷하긴 하지만 조금 더 잘 발리는 듯 하고
눈썹이 풍성해지는 것 같아요
한 통 다 써 보고 재구매할까 합니다",5,_alchera_none_
10,20221015_074919,마스카라,[NEW] 클리오 킬래쉬 속눈썹 영양제,https://www.oliveyoung.co.kr/store/goods/getGoodsDetail.do?goodsNo=A000000162519&dispCatNo=1000001000200070001&trackingCd&curation&egcode&rccode&egrankcode,클리오,[NEW] 클리오 킬래쉬 속눈썹 영양제,18000,18000,,"정제수, 펜틸렌글라이콜, 부틸렌글라이콜, 병풀추출물, 쇠비름추출물, 약모밀추출물, 검정콩추출물, 맥주효모추출물, 붉은토끼풀추출물, 녹두추출물, 쌀겨오일, 1,2-헥산다이올, 하이드록시에틸셀룰로오스, 판테놀, 소듐카보머, 프로판다이올, 다이포타슘글리시리제이트, 하이드록시프로필트라이모늄하이알루로네이트, 에틸헥실글리세린, 다이소듐이디티에이, 다이소듐포스페이트, 폴리솔베이트60, 소듐포스페이트, 바이오틴, 글리세린, 토코페롤, 글라이코프로테인, 올리고펩타이드-2, 소듐벤조에이트, 포타슘솔베이트",모든피부타입,keroro,2022.06.20,"제품 좋아요. 바르게 편하고요. 
눈시림같은 거 없고 속눈썹이 좀 풍성해지는 느낌이네요^^",5,건성;웜톤;모공;잡티
11,20221015_074920,마스카라,[NEW] 클리오 킬래쉬 속눈썹 영양제,https://www.oliveyoung.co.kr/store/goods/getGoodsDetail.do?goodsNo=A000000162519&dispCatNo=1000001000200070001&trackingCd&curation&egcode&rccode&egrankcode,클리오,[NEW] 클리오 킬래쉬 속눈썹 영양제,18000,18000,,"정제수, 펜틸렌글라이콜, 부틸렌글라이콜, 병풀추출물, 쇠비름추출물, 약모밀추출물, 검정콩추출물, 맥주효모추출물, 붉은토끼풀추출물, 녹두추출물, 쌀겨오일, 1,2-헥산다이올, 하이드록시에틸셀룰로오스, 판테놀, 소듐카보머, 프로판다이올, 다이포타슘글리시리제이트, 하이드록시프로필트라이모늄하이알루로네이트, 에틸헥실글리세린, 다이소듐이디티에이, 다이소듐포스페이트, 폴리솔베이트60, 소듐포스페이트, 바이오틴, 글리세린, 토코페롤, 글라이코프로테인, 올리고펩타이드-2, 소듐벤조에이트, 포타슘솔베이트",모든피부타입,Youjin89,2022.04.20,음... 크게 효과가 있는지 모르겠어요 바르다 깜빡하고 안 바르고 해서 그런지도... 그냥저냥 해요,3,지성;쿨톤;모공;민감성
12,20221015_074921,마스카라,[NEW] 클리오 킬래쉬 속눈썹 영양제,https://www.oliveyoung.co.kr/store/goods/getGoodsDetail.do?goodsNo=A000000162519&dispCatNo=1000001000200070001&trackingCd&curation&egcode&rccode&egrankcode,클리오,[NEW] 클리오 킬래쉬 속눈썹 영양제,18000,18000,,"정제수, 펜틸렌글라이콜, 부틸렌글라이콜, 병풀추출물, 쇠비름추출물, 약모밀추출물, 검정콩추출물, 맥주효모추출물, 붉은토끼풀추출물, 녹두추출물, 쌀겨오일, 1,2-헥산다이올, 하이드록시에틸셀룰로오스, 판테놀, 소듐카보머, 프로판다이올, 다이포타슘글리시리제이트, 하이드록시프로필트라이모늄하이알루로네이트, 에틸헥실글리세린, 다이소듐이디티에이, 다이소듐포스페이트, 폴리솔베이트60, 소듐포스페이트, 바이오틴, 글리세린, 토코페롤, 글라이코프로테인, 올리고펩타이드-2, 소듐벤조에이트, 포타슘솔베이트",모든피부타입,kynn****,2022.08.26,언더래쉬는 살짝 길어진 것 같아요! 위에는 속눈썹펌을 했어서 그런지 길어지진 않네요!,5,_alchera_none_
13,20221015_074922,마스카라,[NEW] 클리오 킬래쉬 속눈썹 영양제,https://www.oliveyoung.co.kr/store/goods/getGoodsDetail.do?goodsNo=A000000162519&dispCatNo=1000001000200070001&trackingCd&curation&egcode&rccode&egrankcode,클리오,[NEW] 클리오 킬래쉬 속눈썹 영양제,18000,18000,,"정제수, 펜틸렌글라이콜, 부틸렌글라이콜, 병풀추출물, 쇠비름추출물, 약모밀추출물, 검정콩추출물, 맥주효모추출물, 붉은토끼풀추출물, 녹두추출물, 쌀겨오일, 1,2-헥산다이올, 하이드록시에틸셀룰로오스, 판테놀, 소듐카보머, 프로판다이올, 다이포타슘글리시리제이트, 하이드록시프로필트라이모늄하이알루로네이트, 에틸헥실글리세린, 다이소듐이디티에이, 다이소듐포스페이트, 폴리솔베이트60, 소듐포스페이트, 바이오틴, 글리세린, 토코페롤, 글라이코프로테인, 올리고펩타이드-2, 소듐벤조에이트, 포타슘솔베이트",모든피부타입,shj****,2022.08.02,속눈썹에 펌을 했는데 끈적임도 많이 없고 눈이 편안하고 잘 사용하고 있습니다~,5,_alchera_none_
14,20221015_074923,마스카라,[NEW] 클리오 킬래쉬 속눈썹 영양제,https://www.oliveyoung.co.kr/store/goods/getGoodsDetail.do?goodsNo=A000000162519&dispCatNo=1000001000200070001&trackingCd&curation&egcode&rccode&egrankcode,클리오,[NEW] 클리오 킬래쉬 속눈썹 영양제,18000,18000,,"정제수, 펜틸렌글라이콜, 부틸렌글라이콜, 병풀추출물, 쇠비름추출물, 약모밀추출물, 검정콩추출물, 맥주효모추출물, 붉은토끼풀추출물, 녹두추출물, 쌀겨오일, 1,2-헥산다이올, 하이드록시에틸셀룰로오스, 판테놀, 소듐카보머, 프로판다이올, 다이포타슘글리시리제이트, 하이드록시프로필트라이모늄하이알루로네이트, 에틸헥실글리세린, 다이소듐이디티에이, 다이소듐포스페이트, 폴리솔베이트60, 소듐포스페이트, 바이오틴, 글리세린, 토코페롤, 글라이코프로테인, 올리고펩타이드-2, 소듐벤조에이트, 포타슘솔베이트",모든피부타입,secre****,2022.07.26,사용감 괜찮아요 효과 있었으면 좋겠어요!  아직은 잘 모르겠어요,5,_alchera_none_
15,20221015_074924,마스카라,[NEW] 클리오 킬래쉬 속눈썹 영양제,https://www.oliveyoung.co.kr/store/goods/getGoodsDetail.do?goodsNo=A000000162519&dispCatNo=1000001000200070001&trackingCd&curation&egcode&rccode&egrankcode,클리오,[NEW] 클리오 킬래쉬 속눈썹 영양제,18000,18000,,"정제수, 펜틸렌글라이콜, 부틸렌글라이콜, 병풀추출물, 쇠비름추출물, 약모밀추출물, 검정콩추출물, 맥주효모추출물, 붉은토끼풀추출물, 녹두추출물, 쌀겨오일, 1,2-헥산다이올, 하이드록시에틸셀룰로오스, 판테놀, 소듐카보머, 프로판다이올, 다이포타슘글리시리제이트, 하이드록시프로필트라이모늄하이알루로네이트, 에틸헥실글리세린, 다이소듐이디티에이, 다이소듐포스페이트, 폴리솔베이트60, 소듐포스페이트, 바이오틴, 글리세린, 토코페롤, 글라이코프로테인, 올리고펩타이드-2, 소듐벤조에이트, 포타슘솔베이트",모든피부타입,hong1756****,2022.07.17,"요즘 속눈썹에 힘이 없어서 영양제 한 번 사봤습니다
눈시림없고 좋은듯합니다",5,_alchera_none_
16,20221015_074925,마스카라,[NEW] 클리오 킬래쉬 속눈썹 영양제,https://www.oliveyoung.co.kr/store/goods/getGoodsDetail.do?goodsNo=A000000162519&dispCatNo=1000001000200070001&trackingCd&curation&egcode&rccode&egrankcode,클리오,[NEW] 클리오 킬래쉬 속눈썹 영양제,18000,18000,,"정제수, 펜틸렌글라이콜, 부틸렌글라이콜, 병풀추출물, 쇠비름추출물, 약모밀추출물, 검정콩추출물, 맥주효모추출물, 붉은토끼풀추출물, 녹두추출물, 쌀겨오일, 1,2-헥산다이올, 하이드록시에틸셀룰로오스, 판테놀, 소듐카보머, 프로판다이올, 다이포타슘글리시리제이트, 하이드록시프로필트라이모늄하이알루로네이트, 에틸헥실글리세린, 다이소듐이디티에이, 다이소듐포스페이트, 폴리솔베이트60, 소듐포스페이트, 바이오틴, 글리세린, 토코페롤, 글라이코프로테인, 올리고펩타이드-2, 소듐벤조에이트, 포타슘솔베이트",모든피부타입,uijk71****,2022.06.12,속눈썹펌 하고서 속눈썹이 많이 얇아져서 사용해봤눈데 기분 탓이 아니라 매우 풍성해진게 눈에 보여요! 눈시림 전혀 없습니다!,5,_alchera_none_
17,20221015_074927,마스카라,[NEW] 클리오 킬래쉬 속눈썹 영양제,https://www.oliveyoung.co.kr/store/goods/getGoodsDetail.do?goodsNo=A000000162519&dispCatNo=1000001000200070001&trackingCd&curation&egcode&rccode&egrankcode,클리오,[NEW] 클리오 킬래쉬 속눈썹 영양제,18000,18000,,"정제수, 펜틸렌글라이콜, 부틸렌글라이콜, 병풀추출물, 쇠비름추출물, 약모밀추출물, 검정콩추출물, 맥주효모추출물, 붉은토끼풀추출물, 녹두추출물, 쌀겨오일, 1,2-헥산다이올, 하이드록시에틸셀룰로오스, 판테놀, 소듐카보머, 프로판다이올, 다이포타슘글리시리제이트, 하이드록시프로필트라이모늄하이알루로네이트, 에틸헥실글리세린, 다이소듐이디티에이, 다이소듐포스페이트, 폴리솔베이트60, 소듐포스페이트, 바이오틴, 글리세린, 토코페롤, 글라이코프로테인, 올리고펩타이드-2, 소듐벤조에이트, 포타슘솔베이트",모든피부타입,dlehrud****,2022.07.05,눈시림이 없어서 만족해요!! 발림성도 괜찮구 일단 더 써봐야 할 것 같아용,5,_alchera_none_
18,20221015_074928,마스카라,[NEW] 클리오 킬래쉬 속눈썹 영양제,https://www.oliveyoung.co.kr/store/goods/getGoodsDetail.do?goodsNo=A000000162519&dispCatNo=1000001000200070001&trackingCd&curation&egcode&rccode&egrankcode,클리오,[NEW] 클리오 킬래쉬 속눈썹 영양제,18000,18000,,"정제수, 펜틸렌글라이콜, 부틸렌글라이콜, 병풀추출물, 쇠비름추출물, 약모밀추출물, 검정콩추출물, 맥주효모추출물, 붉은토끼풀추출물, 녹두추출물, 쌀겨오일, 1,2-헥산다이올, 하이드록시에틸셀룰로오스, 판테놀, 소듐카보머, 프로판다이올, 다이포타슘글리시리제이트, 하이드록시프로필트라이모늄하이알루로네이트, 에틸헥실글리세린, 다이소듐이디티에이, 다이소듐포스페이트, 폴리솔베이트60, 소듐포스페이트, 바이오틴, 글리세린, 토코페롤, 글라이코프로테인, 올리고펩타이드-2, 소듐벤조에이트, 포타슘솔베이트",모든피부타입,kynn****,2022.05.24,매일 발라주고 있습니다. 눈에 들어가면 좀 시렵긴 한데 그럭저럭 괜찮아요,4,_alchera_none_
19,20221015_074929,마스카라,[NEW] 클리오 킬래쉬 속눈썹 영양제,https://www.oliveyoung.co.kr/store/goods/getGoodsDetail.do?goodsNo=A000000162519&dispCatNo=1000001000200070001&trackingCd&curation&egcode&rccode&egrankcode,클리오,[NEW] 클리오 킬래쉬 속눈썹 영양제,18000,18000,,"정제수, 펜틸렌글라이콜, 부틸렌글라이콜, 병풀추출물, 쇠비름추출물, 약모밀추출물, 검정콩추출물, 맥주효모추출물, 붉은토끼풀추출물, 녹두추출물, 쌀겨오일, 1,2-헥산다이올, 하이드록시에틸셀룰로오스, 판테놀, 소듐카보머, 프로판다이올, 다이포타슘글리시리제이트, 하이드록시프로필트라이모늄하이알루로네이트, 에틸헥실글리세린, 다이소듐이디티에이, 다이소듐포스페이트, 폴리솔베이트60, 소듐포스페이트, 바이오틴, 글리세린, 토코페롤, 글라이코프로테인, 올리고펩타이드-2, 소듐벤조에이트, 포타슘솔베이트",모든피부타입,minjing****,2022.05.20,금방 말라서 좋고 발림성도 뭉침없이 좋은데 효과는 아직 잘 모르겠어요,3,_alchera_none_
20,20221015_074933,마스카라,[NEW] 클리오 킬래쉬 속눈썹 영양제,https://www.oliveyoung.co.kr/store/goods/getGoodsDetail.do?goodsNo=A000000162519&dispCatNo=1000001000200070001&trackingCd&curation&egcode&rccode&egrankcode,클리오,[NEW] 클리오 킬래쉬 속눈썹 영양제,18000,18000,,"정제수, 펜틸렌글라이콜, 부틸렌글라이콜, 병풀추출물, 쇠비름추출물, 약모밀추출물, 검정콩추출물, 맥주효모추출물, 붉은토끼풀추출물, 녹두추출물, 쌀겨오일, 1,2-헥산다이올, 하이드록시에틸셀룰로오스, 판테놀, 소듐카보머, 프로판다이올, 다이포타슘글리시리제이트, 하이드록시프로필트라이모늄하이알루로네이트, 에틸헥실글리세린, 다이소듐이디티에이, 다이소듐포스페이트, 폴리솔베이트60, 소듐포스페이트, 바이오틴, 글리세린, 토코페롤, 글라이코프로테인, 올리고펩타이드-2, 소듐벤조에이트, 포타슘솔베이트",모든피부타입,gom****,2022.03.23,처음 사본 속눈썹 영양제였는데 아직까지는 좋은지 모르겠어요... 꾸준히 써봐야 알 것 같아요. 그래도 눈시림이나 이런걸 걱정했었는데 그런건 없었습니다.,3,_alchera_none_
21,20221015_074934,마스카라,[NEW] 클리오 킬래쉬 속눈썹 영양제,https://www.oliveyoung.co.kr/store/goods/getGoodsDetail.do?goodsNo=A000000162519&dispCatNo=1000001000200070001&trackingCd&curation&egcode&rccode&egrankcode,클리오,[NEW] 클리오 킬래쉬 속눈썹 영양제,18000,18000,,"정제수, 펜틸렌글라이콜, 부틸렌글라이콜, 병풀추출물, 쇠비름추출물, 약모밀추출물, 검정콩추출물, 맥주효모추출물, 붉은토끼풀추출물, 녹두추출물, 쌀겨오일, 1,2-헥산다이올, 하이드록시에틸셀룰로오스, 판테놀, 소듐카보머, 프로판다이올, 다이포타슘글리시리제이트, 하이드록시프로필트라이모늄하이알루로네이트, 에틸헥실글리세린, 다이소듐이디티에이, 다이소듐포스페이트, 폴리솔베이트60, 소듐포스페이트, 바이오틴, 글리세린, 토코페롤, 글라이코프로테인, 올리고펩타이드-2, 소듐벤조에이트, 포타슘솔베이트",모든피부타입,qwer1316****,2022.03.30,"기대감을 가지고 구매했어요.클리오잖앙.에뛰
사용하디가 갈아탔어요",5,_alchera_none_
