,timestamp,category,productName,urlProduct,brand,productName.1,price1,price2,Color,ingredients,skinType,username,datePublished,reviewText,score,reviewerSkinType
0,20221016_015639,프라이버/베이스,[NEW]루나 베이스 레이어링 포뮬라 3종 (+와인칠링백증정),https://www.oliveyoung.co.kr/store/goods/getGoodsDetail.do?goodsNo=A000000169727&dispCatNo=1000001000200010003&trackingCd&curation&egcode&rccode&egrankcode,루나,[NEW]루나 베이스 레이어링 포뮬라 3종 (+와인칠링백증정),24000,19200,벨벳 레이어(모공);피치 레이어(톤업);피팅 레이어(수분),"-벨벳 레이어 : 정제수,다이메티콘,다이메티콘크로스폴리머,사이클로펜타실록세인,나일론-12,아이소도데케인,사이클로헥사실록세인,글리세린,실리카,다이메티콘/비닐다이메티콘크로스폴리머,피이지-10다이메티콘,피이지-9폴리다이메틸실록시에틸다이메티콘,소듐클로라이드,에틸헥산다이올,글리세릴카프릴레이트,다이소듐이디티에이,아이소세테스-10
-피치 레이어 : 정제수,C12-15알킬벤조에이트,에칠헥실살리실레이트,호모살레이트,메칠렌비스-벤조트리아졸릴테트라메칠부틸페놀,폴리실리콘-15,티타늄디옥사이드,글리세린,나이아신아마이드,비스-에칠헥실옥시페놀메톡시페닐트리아진,폴리솔베이트60,폴리솔베이트80,디에칠아미노하이드록시벤조일헥실벤조에이트,솔비탄세스퀴올리에이트,피이지-100스테아레이트,글리세릴스테아레이트,세테아릴알코올,다이프로필렌글라이콜,데실글루코사이드,하이드록시아세토페논,소듐아크릴레이트/소듐아크릴로일다이메틸타우레이트코폴리머,아이소헥사데칸,폴리아크릴레이트크로스폴리머-6,카프릴릴글라이콜,트라이에톡시카프릴릴실레인,알루미나,아데노신,적색산화철,프로필렌글라이콜,솔비탄올리에이트,잔탄검,다이소듐이디티에이,t-부틸알코올,다이포타슘글리시리제이트
-피팅 레이어 : 정제수,메틸프로판다이올,아이소프로필미리스테이트,프로판다이올,소듐폴리아크릴로일다이메틸타우레이트,다이프로필렌글라이콜,하이드로제네이티드폴리데센,하이드록시아세토페논,아크릴레이트/C10-30알킬아크릴레이트크로스폴리머,카프릴릴글라이콜,트로메타민,트라이데세스-10,1,2-헥산다이올,다이소듐이디티에이,하이알루로닉애씨드,인도멀구슬나무잎추출물,인도멀구슬나무꽃추출물,부틸렌글라이콜,아이비고드열매추출물,에틸헥실글리세린,가지열매추출물,감나무잎추출물,다이포타슘글리시리제이트,알로에베라꽃추출물,포도추출물,녹차추출물,커피콩추출물,호장근뿌리추출물,잇꽃꽃추출물,밤껍질추출물,초피나무열매추출물,홀리바질잎추출물,울금뿌리추출물,참산호말추출물,비치스트로베리추출물,얼룩파인애플추출물,비타민나무열매추출물",모든 피부용,히드돈이,2022.08.13,"외관은 펌핑해서 쓰는 용기가 아니고, 튜브타입이에요. 약간 물감느낌!
크림처럼 형태가 잡혀있는, 꾸덕하고 단단한 느낌의 제형일 거라고 생각했는데, 짜서 보니 생각보다 조금 더 묽은 제형이었어요. (사진 참고!)
제형이 묽다보니 발림성도 기초제품처럼 부드럽고 넓게 바르기 좋더라고요!
색상은 연분홍빛이고, 톤업기능은 심하지 않게 살짝 있습니다.
살짝 톤업되고 자외선차단기능도 있어서, 톤업 선크림 대체로 써도 될 것 같아요.

장점🌹
- 발림성이 좋습니다.
- 연분홍빛 색상. 톤업이 심하지 않고 은은하게 밝혀줍니다.
- 바르고 난 후 피부표현이 살짝 광이 돌게 표현돼요.
- 베이스치고 자외선차단지수도 탄탄합니다!
- 성분도 제가 수부지이지만, 근본은 지성이다보니 모공막힘이나 여드름유발 성분은 피하는 편인데요, 성분어플로 검색해보니 지성,건성,민감성 피부에 좋지 않은 성분은 포함되어 있지 않네요! 그래서 더욱 좋았습니다.☺️
- 위의 내용대로, 저에겐 트러블이 나지 않았어요!👍
- 저는 주로 쿠션과 같이 사용 중인데요, 이 베이스와 사용 중인 쿠션의 궁합도 꽤 좋았습니다!


단점🥀
- 저는 수부지다보니, 유분기가 좀 느껴졌어요.
- 한 번에 ..의외로 많은 양을 사용하게 되더라고요..ㅎㅎ

꽤 만족하고 사용 중이라 단점이 별로 없네요🥺
날이 더 선선해지면 잘 사용하지 않을까 싶어요!
그리고 사진보시면 (제 기준) 피부톤을 정말 은은하게 밝혀줘요.

마지막 사진은 루나베이스 + 쿠션 + 파우더 후,
(8월..)밖에서 5시간 정도(94마스크 한 번도 벗지 않음)외출 후 피부상태예요.
이상하게 뜨거나 뭉치게 만들지 않고, 깨끗하게 지워져버리는(?) 무너짐이네용!",5,복합성;봄웜톤;각질;다크서클
1,20221016_015639,프라이버/베이스,[NEW]루나 베이스 레이어링 포뮬라 3종 (+와인칠링백증정),https://www.oliveyoung.co.kr/store/goods/getGoodsDetail.do?goodsNo=A000000169727&dispCatNo=1000001000200010003&trackingCd&curation&egcode&rccode&egrankcode,루나,[NEW]루나 베이스 레이어링 포뮬라 3종 (+와인칠링백증정),24000,19200,벨벳 레이어(모공);피치 레이어(톤업);피팅 레이어(수분),"-벨벳 레이어 : 정제수,다이메티콘,다이메티콘크로스폴리머,사이클로펜타실록세인,나일론-12,아이소도데케인,사이클로헥사실록세인,글리세린,실리카,다이메티콘/비닐다이메티콘크로스폴리머,피이지-10다이메티콘,피이지-9폴리다이메틸실록시에틸다이메티콘,소듐클로라이드,에틸헥산다이올,글리세릴카프릴레이트,다이소듐이디티에이,아이소세테스-10
-피치 레이어 : 정제수,C12-15알킬벤조에이트,에칠헥실살리실레이트,호모살레이트,메칠렌비스-벤조트리아졸릴테트라메칠부틸페놀,폴리실리콘-15,티타늄디옥사이드,글리세린,나이아신아마이드,비스-에칠헥실옥시페놀메톡시페닐트리아진,폴리솔베이트60,폴리솔베이트80,디에칠아미노하이드록시벤조일헥실벤조에이트,솔비탄세스퀴올리에이트,피이지-100스테아레이트,글리세릴스테아레이트,세테아릴알코올,다이프로필렌글라이콜,데실글루코사이드,하이드록시아세토페논,소듐아크릴레이트/소듐아크릴로일다이메틸타우레이트코폴리머,아이소헥사데칸,폴리아크릴레이트크로스폴리머-6,카프릴릴글라이콜,트라이에톡시카프릴릴실레인,알루미나,아데노신,적색산화철,프로필렌글라이콜,솔비탄올리에이트,잔탄검,다이소듐이디티에이,t-부틸알코올,다이포타슘글리시리제이트
-피팅 레이어 : 정제수,메틸프로판다이올,아이소프로필미리스테이트,프로판다이올,소듐폴리아크릴로일다이메틸타우레이트,다이프로필렌글라이콜,하이드로제네이티드폴리데센,하이드록시아세토페논,아크릴레이트/C10-30알킬아크릴레이트크로스폴리머,카프릴릴글라이콜,트로메타민,트라이데세스-10,1,2-헥산다이올,다이소듐이디티에이,하이알루로닉애씨드,인도멀구슬나무잎추출물,인도멀구슬나무꽃추출물,부틸렌글라이콜,아이비고드열매추출물,에틸헥실글리세린,가지열매추출물,감나무잎추출물,다이포타슘글리시리제이트,알로에베라꽃추출물,포도추출물,녹차추출물,커피콩추출물,호장근뿌리추출물,잇꽃꽃추출물,밤껍질추출물,초피나무열매추출물,홀리바질잎추출물,울금뿌리추출물,참산호말추출물,비치스트로베리추출물,얼룩파인애플추출물,비타민나무열매추출물",모든 피부용,Applepie,2022.08.07,"루나 제품은 파우더를 사용 중인데 너무 맘에 들어 작년부터 꾸준히 재구매 중이에요.  그냥 파우더 라기엔 피부가 

화사해보여서  최애 파우더 중에 하나입니당ㅎㅎ 그래서 요 제품도 좀 그렇지 않을까 하는 느낌? 무작정 하얘지는 표현이 아닌 내 피부에 맞으면서 좀 화사한 느낌을 개인적으로 좋아해서 파우더는 많이 추천드리고 싶어요!

요 피치베이스도 하얗게 그냥 떠보이는 그런 느낌이아닌 자연스런 톤업제품입니다.

요 제품은 체험단 신청으로 받게 되었고 체험단 신청은 처음이라 좀 떨렸어요ㅎㅎ3가지 종류가 있고 제가 사용한 제품은 피치베이스입니다..

우선 겉모습는 케이스가 은색으로 예쁘구요. 제형은 아주 약간묽은 느낌.  요 피치 컬러를 얼굴 전체에 베이스로 바르고 쿠션을 바릅니다. 저는 좀 악건성이라 약간 매트하게 느껴졌어요. 요새 피부상태가 좀 안좋아서ㅠ 울긋불긋 뒤집어지고 건조해서 기초를 촉촉하게 해서 사용 중이에요. 건성이 아니실분들에게는 좋을 것 같아요. 

요 제품은 메이크업 전 베이스, 프라이머 개념으로 바르는거긴하나 피부가 넘나 좋으심분들은 선크림처럼 하나만 발라도 될 것 같아요. 대신 그럼 양을 좀 많이 바르셔야 하구요.

여름에 사용하기 좋을 것 같은 보송한 마무리감으로 중성에서 지성피부에게 추천 드리고 싶어요.",4,민감성;쿨톤;각질;미백
2,20221016_015639,프라이버/베이스,[NEW]루나 베이스 레이어링 포뮬라 3종 (+와인칠링백증정),https://www.oliveyoung.co.kr/store/goods/getGoodsDetail.do?goodsNo=A000000169727&dispCatNo=1000001000200010003&trackingCd&curation&egcode&rccode&egrankcode,루나,[NEW]루나 베이스 레이어링 포뮬라 3종 (+와인칠링백증정),24000,19200,벨벳 레이어(모공);피치 레이어(톤업);피팅 레이어(수분),"-벨벳 레이어 : 정제수,다이메티콘,다이메티콘크로스폴리머,사이클로펜타실록세인,나일론-12,아이소도데케인,사이클로헥사실록세인,글리세린,실리카,다이메티콘/비닐다이메티콘크로스폴리머,피이지-10다이메티콘,피이지-9폴리다이메틸실록시에틸다이메티콘,소듐클로라이드,에틸헥산다이올,글리세릴카프릴레이트,다이소듐이디티에이,아이소세테스-10
-피치 레이어 : 정제수,C12-15알킬벤조에이트,에칠헥실살리실레이트,호모살레이트,메칠렌비스-벤조트리아졸릴테트라메칠부틸페놀,폴리실리콘-15,티타늄디옥사이드,글리세린,나이아신아마이드,비스-에칠헥실옥시페놀메톡시페닐트리아진,폴리솔베이트60,폴리솔베이트80,디에칠아미노하이드록시벤조일헥실벤조에이트,솔비탄세스퀴올리에이트,피이지-100스테아레이트,글리세릴스테아레이트,세테아릴알코올,다이프로필렌글라이콜,데실글루코사이드,하이드록시아세토페논,소듐아크릴레이트/소듐아크릴로일다이메틸타우레이트코폴리머,아이소헥사데칸,폴리아크릴레이트크로스폴리머-6,카프릴릴글라이콜,트라이에톡시카프릴릴실레인,알루미나,아데노신,적색산화철,프로필렌글라이콜,솔비탄올리에이트,잔탄검,다이소듐이디티에이,t-부틸알코올,다이포타슘글리시리제이트
-피팅 레이어 : 정제수,메틸프로판다이올,아이소프로필미리스테이트,프로판다이올,소듐폴리아크릴로일다이메틸타우레이트,다이프로필렌글라이콜,하이드로제네이티드폴리데센,하이드록시아세토페논,아크릴레이트/C10-30알킬아크릴레이트크로스폴리머,카프릴릴글라이콜,트로메타민,트라이데세스-10,1,2-헥산다이올,다이소듐이디티에이,하이알루로닉애씨드,인도멀구슬나무잎추출물,인도멀구슬나무꽃추출물,부틸렌글라이콜,아이비고드열매추출물,에틸헥실글리세린,가지열매추출물,감나무잎추출물,다이포타슘글리시리제이트,알로에베라꽃추출물,포도추출물,녹차추출물,커피콩추출물,호장근뿌리추출물,잇꽃꽃추출물,밤껍질추출물,초피나무열매추출물,홀리바질잎추출물,울금뿌리추출물,참산호말추출물,비치스트로베리추출물,얼룩파인애플추출물,비타민나무열매추출물",모든 피부용,bibim,2022.08.07,"수부지이고 22호 쿨톤이에요

루나에서 베이스 나온다 할 때 엄청 기대했었는데 드디어 써보네요!
저는 3가지중 피치레이어를 사용해보았어요╰(*´︶`*)╯♡

🍑색상&톤업
보시는바와같이 분홍빛을 띄고 있으며 얼굴에 도포시 굉장한 톤업효과가 있는 것 처럼 느껴지는데
순간만 그렇고, 하얗게 뜬 색상은 자연스럽게 녹아 스며듭니다
제가 느끼기에 톤업이 크게 되는 느낌은 없었어요
다만 색상이 흰끼 머금은 분홍빛이라 바르면 즉각적으로 그래보이기는 합니다

🍑텍스쳐
굉장히 묽은 텍스쳐이고 점도는 상중하중 하 정도이고 주륵 흘러내립니다.
수분크림과 선크림이 섞인 기분? 
촉촉하고 크리미한 느낌이에요.

🍑발림성
부드럽게 펴 발리며 빠르게 문질러서 바르고 톡톡 두드려서 발랐는데 피부에 탁 붙습니다
수분감과 유분감이 동시에 느껴지며 바르면 은은한 광이 납니다. 그리고 굉장히 가벼워서 피부에 무겁게 얹은느낌은 전혀 안나요

선차단 기능이 있어서 선크림없이 바로 베이스 해도 되어서 정말 간편해요!

그런데 너무 짜는대로 주왑 나와서 내용물 나오는 구멍이 조금 더 작았으면 좋았겠다 하는 생각이 듭니다☺️",5,복합성;겨울쿨톤;각질;모공
3,20221016_015639,프라이버/베이스,[NEW]루나 베이스 레이어링 포뮬라 3종 (+와인칠링백증정),https://www.oliveyoung.co.kr/store/goods/getGoodsDetail.do?goodsNo=A000000169727&dispCatNo=1000001000200010003&trackingCd&curation&egcode&rccode&egrankcode,루나,[NEW]루나 베이스 레이어링 포뮬라 3종 (+와인칠링백증정),24000,19200,벨벳 레이어(모공);피치 레이어(톤업);피팅 레이어(수분),"-벨벳 레이어 : 정제수,다이메티콘,다이메티콘크로스폴리머,사이클로펜타실록세인,나일론-12,아이소도데케인,사이클로헥사실록세인,글리세린,실리카,다이메티콘/비닐다이메티콘크로스폴리머,피이지-10다이메티콘,피이지-9폴리다이메틸실록시에틸다이메티콘,소듐클로라이드,에틸헥산다이올,글리세릴카프릴레이트,다이소듐이디티에이,아이소세테스-10
-피치 레이어 : 정제수,C12-15알킬벤조에이트,에칠헥실살리실레이트,호모살레이트,메칠렌비스-벤조트리아졸릴테트라메칠부틸페놀,폴리실리콘-15,티타늄디옥사이드,글리세린,나이아신아마이드,비스-에칠헥실옥시페놀메톡시페닐트리아진,폴리솔베이트60,폴리솔베이트80,디에칠아미노하이드록시벤조일헥실벤조에이트,솔비탄세스퀴올리에이트,피이지-100스테아레이트,글리세릴스테아레이트,세테아릴알코올,다이프로필렌글라이콜,데실글루코사이드,하이드록시아세토페논,소듐아크릴레이트/소듐아크릴로일다이메틸타우레이트코폴리머,아이소헥사데칸,폴리아크릴레이트크로스폴리머-6,카프릴릴글라이콜,트라이에톡시카프릴릴실레인,알루미나,아데노신,적색산화철,프로필렌글라이콜,솔비탄올리에이트,잔탄검,다이소듐이디티에이,t-부틸알코올,다이포타슘글리시리제이트
-피팅 레이어 : 정제수,메틸프로판다이올,아이소프로필미리스테이트,프로판다이올,소듐폴리아크릴로일다이메틸타우레이트,다이프로필렌글라이콜,하이드로제네이티드폴리데센,하이드록시아세토페논,아크릴레이트/C10-30알킬아크릴레이트크로스폴리머,카프릴릴글라이콜,트로메타민,트라이데세스-10,1,2-헥산다이올,다이소듐이디티에이,하이알루로닉애씨드,인도멀구슬나무잎추출물,인도멀구슬나무꽃추출물,부틸렌글라이콜,아이비고드열매추출물,에틸헥실글리세린,가지열매추출물,감나무잎추출물,다이포타슘글리시리제이트,알로에베라꽃추출물,포도추출물,녹차추출물,커피콩추출물,호장근뿌리추출물,잇꽃꽃추출물,밤껍질추출물,초피나무열매추출물,홀리바질잎추출물,울금뿌리추출물,참산호말추출물,비치스트로베리추출물,얼룩파인애플추출물,비타민나무열매추출물",모든 피부용,광기,2022.09.06,"💙직접 사용해 보고 작성하는 찐 후기💦

 💦총평 - 그냥저냥 보통입니다... 😅
기초로 바르는 수분젤, 수분크림과 그다지 차이점이 없어요~

💦질감과 색 - 푸른끼 약간 섞인 흰색으로 짜지지만 펴바를 땐 완전히 투명한 색이에요~ 질감은 젤, 수분크림이라고 보시면 돼요.

💦지속력 - 너무 별로. 차라리 수분크림이나 수분젤이 수분 코팅 지속력이 더 센.... 펴바른 직후에만 수분 코팅이 돼서 남고 흡수가 정말 금방 돼서 그냥 건조한 맨피부만 남아요😅😅

💦끈적임 - 처음 펴바를 때만 끈적임이 기초 화장품인 수분젤과 유사하게 남아요. 그러나 금방 완전히 흡수되어서 끈적임은 대부분 사라져요!

💦보습감, 보습력 - 그냥 느껴지지 않는다고 보시면 됩니다😅 완전히 흡수되면 바르기 전 맨피부와 다를 게 없어요😅

💦비추템!

그냥 평소 기초로 사용하시는 수분크림, 수분젤을 파운데이션과 혼합해 펴바르시는 게 차라리 보습감도, 수분 코팅감도, 수분 광도 전부 훨씬 낫습니다.

그리고 루나가 애경 제품인 줄 알았으면 안 샀을 거예요.

그리고 또 하나 치명적인 점은... 겉박스(단상자)에 미개봉 씰 하나 붙여져 있지 않고, 돌려서 여는 타입의 뚜껑이 너무 쉽게 열리는데 같은 형태의 다른 화장품들은 여기에 미개봉 씰이 붙여져 있는데 여기에도 없어서 많이 찝찝하네요

💦제 리뷰가 도움이 되셨다면 도움 꾹! 부탁드려요",3,복합성;쿨톤;각질;다크서클
4,20221016_015639,프라이버/베이스,[NEW]루나 베이스 레이어링 포뮬라 3종 (+와인칠링백증정),https://www.oliveyoung.co.kr/store/goods/getGoodsDetail.do?goodsNo=A000000169727&dispCatNo=1000001000200010003&trackingCd&curation&egcode&rccode&egrankcode,루나,[NEW]루나 베이스 레이어링 포뮬라 3종 (+와인칠링백증정),24000,19200,벨벳 레이어(모공);피치 레이어(톤업);피팅 레이어(수분),"-벨벳 레이어 : 정제수,다이메티콘,다이메티콘크로스폴리머,사이클로펜타실록세인,나일론-12,아이소도데케인,사이클로헥사실록세인,글리세린,실리카,다이메티콘/비닐다이메티콘크로스폴리머,피이지-10다이메티콘,피이지-9폴리다이메틸실록시에틸다이메티콘,소듐클로라이드,에틸헥산다이올,글리세릴카프릴레이트,다이소듐이디티에이,아이소세테스-10
-피치 레이어 : 정제수,C12-15알킬벤조에이트,에칠헥실살리실레이트,호모살레이트,메칠렌비스-벤조트리아졸릴테트라메칠부틸페놀,폴리실리콘-15,티타늄디옥사이드,글리세린,나이아신아마이드,비스-에칠헥실옥시페놀메톡시페닐트리아진,폴리솔베이트60,폴리솔베이트80,디에칠아미노하이드록시벤조일헥실벤조에이트,솔비탄세스퀴올리에이트,피이지-100스테아레이트,글리세릴스테아레이트,세테아릴알코올,다이프로필렌글라이콜,데실글루코사이드,하이드록시아세토페논,소듐아크릴레이트/소듐아크릴로일다이메틸타우레이트코폴리머,아이소헥사데칸,폴리아크릴레이트크로스폴리머-6,카프릴릴글라이콜,트라이에톡시카프릴릴실레인,알루미나,아데노신,적색산화철,프로필렌글라이콜,솔비탄올리에이트,잔탄검,다이소듐이디티에이,t-부틸알코올,다이포타슘글리시리제이트
-피팅 레이어 : 정제수,메틸프로판다이올,아이소프로필미리스테이트,프로판다이올,소듐폴리아크릴로일다이메틸타우레이트,다이프로필렌글라이콜,하이드로제네이티드폴리데센,하이드록시아세토페논,아크릴레이트/C10-30알킬아크릴레이트크로스폴리머,카프릴릴글라이콜,트로메타민,트라이데세스-10,1,2-헥산다이올,다이소듐이디티에이,하이알루로닉애씨드,인도멀구슬나무잎추출물,인도멀구슬나무꽃추출물,부틸렌글라이콜,아이비고드열매추출물,에틸헥실글리세린,가지열매추출물,감나무잎추출물,다이포타슘글리시리제이트,알로에베라꽃추출물,포도추출물,녹차추출물,커피콩추출물,호장근뿌리추출물,잇꽃꽃추출물,밤껍질추출물,초피나무열매추출물,홀리바질잎추출물,울금뿌리추출물,참산호말추출물,비치스트로베리추출물,얼룩파인애플추출물,비타민나무열매추출물",모든 피부용,소비요정s,2022.08.02,"루나 라는 브랜드는 알고있었지만
요즘 워낙 많은 브랜드들이 판을치고있잖아요..
그리고 저같은 경우 팔랑귀?ㅋ 이기도 하고
공구나 좋다는 제품보면 일단 사고 싶어서 써보고싶어서 티끌모아태산소비를 하거든요?
이것저것 오만거 떼만거 다 사보고 써보면서
이제서야 정착템들이 몇개씩 겨우 생겼는데
자꾸 이렇게 신상품들 나오면 미칠것같아여

여튼 그래서 지금도 쿠션전 사용중인 베이스 톤업기능있는 썬크림을 몇개씩이나 갖구 있는데 
요 제품이 궁금해서 신청해서 써봤습니다
일단 저는 뭐를 써도 피부에트러블이 없는 타고난 피부이기도 한데 건성이라 광광 한 기초와 제품들 좋아해여 매트나 세미매트보단 촉촉 광광을 좋아하고
요즘은 마스크나 여름이라 픽서를 쓰긴하지만ㅜ
이 제품 너모 맘에들어요 원래 쓰고 있는제품에서 이걸로 갈아탈려구요 소량으로듀 전체 톤업 가능하고
약간의 번들? 거림 있긴한데 지나치지않고 촉촉 광나는것 같아여",5,건성;쿨톤;모공;미백
5,20221016_015639,프라이버/베이스,[NEW]루나 베이스 레이어링 포뮬라 3종 (+와인칠링백증정),https://www.oliveyoung.co.kr/store/goods/getGoodsDetail.do?goodsNo=A000000169727&dispCatNo=1000001000200010003&trackingCd&curation&egcode&rccode&egrankcode,루나,[NEW]루나 베이스 레이어링 포뮬라 3종 (+와인칠링백증정),24000,19200,벨벳 레이어(모공);피치 레이어(톤업);피팅 레이어(수분),"-벨벳 레이어 : 정제수,다이메티콘,다이메티콘크로스폴리머,사이클로펜타실록세인,나일론-12,아이소도데케인,사이클로헥사실록세인,글리세린,실리카,다이메티콘/비닐다이메티콘크로스폴리머,피이지-10다이메티콘,피이지-9폴리다이메틸실록시에틸다이메티콘,소듐클로라이드,에틸헥산다이올,글리세릴카프릴레이트,다이소듐이디티에이,아이소세테스-10
-피치 레이어 : 정제수,C12-15알킬벤조에이트,에칠헥실살리실레이트,호모살레이트,메칠렌비스-벤조트리아졸릴테트라메칠부틸페놀,폴리실리콘-15,티타늄디옥사이드,글리세린,나이아신아마이드,비스-에칠헥실옥시페놀메톡시페닐트리아진,폴리솔베이트60,폴리솔베이트80,디에칠아미노하이드록시벤조일헥실벤조에이트,솔비탄세스퀴올리에이트,피이지-100스테아레이트,글리세릴스테아레이트,세테아릴알코올,다이프로필렌글라이콜,데실글루코사이드,하이드록시아세토페논,소듐아크릴레이트/소듐아크릴로일다이메틸타우레이트코폴리머,아이소헥사데칸,폴리아크릴레이트크로스폴리머-6,카프릴릴글라이콜,트라이에톡시카프릴릴실레인,알루미나,아데노신,적색산화철,프로필렌글라이콜,솔비탄올리에이트,잔탄검,다이소듐이디티에이,t-부틸알코올,다이포타슘글리시리제이트
-피팅 레이어 : 정제수,메틸프로판다이올,아이소프로필미리스테이트,프로판다이올,소듐폴리아크릴로일다이메틸타우레이트,다이프로필렌글라이콜,하이드로제네이티드폴리데센,하이드록시아세토페논,아크릴레이트/C10-30알킬아크릴레이트크로스폴리머,카프릴릴글라이콜,트로메타민,트라이데세스-10,1,2-헥산다이올,다이소듐이디티에이,하이알루로닉애씨드,인도멀구슬나무잎추출물,인도멀구슬나무꽃추출물,부틸렌글라이콜,아이비고드열매추출물,에틸헥실글리세린,가지열매추출물,감나무잎추출물,다이포타슘글리시리제이트,알로에베라꽃추출물,포도추출물,녹차추출물,커피콩추출물,호장근뿌리추출물,잇꽃꽃추출물,밤껍질추출물,초피나무열매추출물,홀리바질잎추출물,울금뿌리추출물,참산호말추출물,비치스트로베리추출물,얼룩파인애플추출물,비타민나무열매추출물",모든 피부용,Re,2022.07.31,루나 베이스제품을 잘 사용하고 있어서 신제품들을 둘러다가 마침 자외선 차단기능이 있는 톤업제품이 새로 나왔길래 체험단 신청을 해봤어요. 먼저 제품 외관은 처음에 얼핏봤을 때 알루미늄 튜브인가 싶었는데 실제로 보니까 일반적인 튜브형태이고 주둥이가 너무 좁지않은 타입의 토출구를 가지고 있어요. 제형은 톤업이라고 해서 무기자차같이 좀 드라이한 느낌으로 발릴까 싶었는데 오히려 묽은 편이에요. 잘 펴발라지긴하지만 톤업 제품 특유의 고르게 쫙 발리기보단 약간 뭉치듯이 발리기도 해서 적은양으로 넓게 넓게 발라주고 덧바르고 싶은 부위에만 다시 레이어를 얹어주는 게 더 좋을 것 같아요. 묽게 발리지만 다 자르고 나면 마르지 않고 오히려 약간 유분감이 느껴져서 색감 표현은 좀 다르지만 에스쁘아의 워터 스플래쉬 선크림과 유사한 부분이 있다고 느꼈고 향은 선크림이나 톤업제품에서 흔히 나는 향으로 들어가는 성분에서 나는 향인 것 같아요. 요즘같은 굉장히 덥고 습한 계절에는 유분감이 베이스를 무너뜨리기 쉬워서 좀 추워지면 잘 사용할 것 같아요. 평소 유분이 항상 부족하고 광나는 느낌의 마무리감을 선호한다면 잘맞을 것 같아요.,4,복합성;쿨톤;모공;민감성
6,20221016_015640,프라이버/베이스,[NEW]루나 베이스 레이어링 포뮬라 3종 (+와인칠링백증정),https://www.oliveyoung.co.kr/store/goods/getGoodsDetail.do?goodsNo=A000000169727&dispCatNo=1000001000200010003&trackingCd&curation&egcode&rccode&egrankcode,루나,[NEW]루나 베이스 레이어링 포뮬라 3종 (+와인칠링백증정),24000,19200,벨벳 레이어(모공);피치 레이어(톤업);피팅 레이어(수분),"-벨벳 레이어 : 정제수,다이메티콘,다이메티콘크로스폴리머,사이클로펜타실록세인,나일론-12,아이소도데케인,사이클로헥사실록세인,글리세린,실리카,다이메티콘/비닐다이메티콘크로스폴리머,피이지-10다이메티콘,피이지-9폴리다이메틸실록시에틸다이메티콘,소듐클로라이드,에틸헥산다이올,글리세릴카프릴레이트,다이소듐이디티에이,아이소세테스-10
-피치 레이어 : 정제수,C12-15알킬벤조에이트,에칠헥실살리실레이트,호모살레이트,메칠렌비스-벤조트리아졸릴테트라메칠부틸페놀,폴리실리콘-15,티타늄디옥사이드,글리세린,나이아신아마이드,비스-에칠헥실옥시페놀메톡시페닐트리아진,폴리솔베이트60,폴리솔베이트80,디에칠아미노하이드록시벤조일헥실벤조에이트,솔비탄세스퀴올리에이트,피이지-100스테아레이트,글리세릴스테아레이트,세테아릴알코올,다이프로필렌글라이콜,데실글루코사이드,하이드록시아세토페논,소듐아크릴레이트/소듐아크릴로일다이메틸타우레이트코폴리머,아이소헥사데칸,폴리아크릴레이트크로스폴리머-6,카프릴릴글라이콜,트라이에톡시카프릴릴실레인,알루미나,아데노신,적색산화철,프로필렌글라이콜,솔비탄올리에이트,잔탄검,다이소듐이디티에이,t-부틸알코올,다이포타슘글리시리제이트
-피팅 레이어 : 정제수,메틸프로판다이올,아이소프로필미리스테이트,프로판다이올,소듐폴리아크릴로일다이메틸타우레이트,다이프로필렌글라이콜,하이드로제네이티드폴리데센,하이드록시아세토페논,아크릴레이트/C10-30알킬아크릴레이트크로스폴리머,카프릴릴글라이콜,트로메타민,트라이데세스-10,1,2-헥산다이올,다이소듐이디티에이,하이알루로닉애씨드,인도멀구슬나무잎추출물,인도멀구슬나무꽃추출물,부틸렌글라이콜,아이비고드열매추출물,에틸헥실글리세린,가지열매추출물,감나무잎추출물,다이포타슘글리시리제이트,알로에베라꽃추출물,포도추출물,녹차추출물,커피콩추출물,호장근뿌리추출물,잇꽃꽃추출물,밤껍질추출물,초피나무열매추출물,홀리바질잎추출물,울금뿌리추출물,참산호말추출물,비치스트로베리추출물,얼룩파인애플추출물,비타민나무열매추출물",모든 피부용,뺘뺘뺘뺘,2022.08.14,"올영 체험단 후기입니다.
체험단 기간 꽉 채우고 후기 써요!
쿨톤이고 19-21호 사이 밝은 피부인데 평소에 이런 톤베이스, 컬러 베이스 제품은 블루 컬러를 좋아해서 블루 컬러를 쭉 싸오고 있었어요.
최근에 사용했던 제품은 지방시 프리즘 프라이머(단종ㅠㅠ) 메포 프라이머 두가지이고 둘 다 이름만 프라이머고 베이스인 제품입니다.
항상 블루컬러 베이스만 사용했어서 (홍조가 있음에도 불구하고) 핑크나 피치 베이스를 사용해서 화사한 메이크업을 하고 싶은 욕구가 있었는데 마침 체험단으로 사용해 볼 수 있게 되어서 너무 좋았어요.

샤넬 복숭아 메이크업 베이스 같은 사용감입니다.
약간 오일리하면서 가볍고 물처럼 주르륵 흐르는 제형이고요.
샤넬보다는 살짝 더 묵직해요.
베이스를 레이어링한다는 컨셉이 메포랑 비슷한 것 같은데 가벼운 편이라 진짜 레이어링하기 괜찮을 듯 해요.
썬크림 꼼꼼히 발라주는 편이지만 그래도 자외선 차단 지수가 들어가 있어서 좋고요.
화사하게 톤업되면서 톤보정도 같이 돼서 만족스럽습니당.
저는 잡티가 많이 없는 편이라 이거 하나만으로 베이스 메이크업 끝내기에도 좋았습니다.
잘 쓰고 있어요;)",5,복합성;쿨톤;각질;모공
7,20221016_015640,프라이버/베이스,[NEW]루나 베이스 레이어링 포뮬라 3종 (+와인칠링백증정),https://www.oliveyoung.co.kr/store/goods/getGoodsDetail.do?goodsNo=A000000169727&dispCatNo=1000001000200010003&trackingCd&curation&egcode&rccode&egrankcode,루나,[NEW]루나 베이스 레이어링 포뮬라 3종 (+와인칠링백증정),24000,19200,벨벳 레이어(모공);피치 레이어(톤업);피팅 레이어(수분),"-벨벳 레이어 : 정제수,다이메티콘,다이메티콘크로스폴리머,사이클로펜타실록세인,나일론-12,아이소도데케인,사이클로헥사실록세인,글리세린,실리카,다이메티콘/비닐다이메티콘크로스폴리머,피이지-10다이메티콘,피이지-9폴리다이메틸실록시에틸다이메티콘,소듐클로라이드,에틸헥산다이올,글리세릴카프릴레이트,다이소듐이디티에이,아이소세테스-10
-피치 레이어 : 정제수,C12-15알킬벤조에이트,에칠헥실살리실레이트,호모살레이트,메칠렌비스-벤조트리아졸릴테트라메칠부틸페놀,폴리실리콘-15,티타늄디옥사이드,글리세린,나이아신아마이드,비스-에칠헥실옥시페놀메톡시페닐트리아진,폴리솔베이트60,폴리솔베이트80,디에칠아미노하이드록시벤조일헥실벤조에이트,솔비탄세스퀴올리에이트,피이지-100스테아레이트,글리세릴스테아레이트,세테아릴알코올,다이프로필렌글라이콜,데실글루코사이드,하이드록시아세토페논,소듐아크릴레이트/소듐아크릴로일다이메틸타우레이트코폴리머,아이소헥사데칸,폴리아크릴레이트크로스폴리머-6,카프릴릴글라이콜,트라이에톡시카프릴릴실레인,알루미나,아데노신,적색산화철,프로필렌글라이콜,솔비탄올리에이트,잔탄검,다이소듐이디티에이,t-부틸알코올,다이포타슘글리시리제이트
-피팅 레이어 : 정제수,메틸프로판다이올,아이소프로필미리스테이트,프로판다이올,소듐폴리아크릴로일다이메틸타우레이트,다이프로필렌글라이콜,하이드로제네이티드폴리데센,하이드록시아세토페논,아크릴레이트/C10-30알킬아크릴레이트크로스폴리머,카프릴릴글라이콜,트로메타민,트라이데세스-10,1,2-헥산다이올,다이소듐이디티에이,하이알루로닉애씨드,인도멀구슬나무잎추출물,인도멀구슬나무꽃추출물,부틸렌글라이콜,아이비고드열매추출물,에틸헥실글리세린,가지열매추출물,감나무잎추출물,다이포타슘글리시리제이트,알로에베라꽃추출물,포도추출물,녹차추출물,커피콩추출물,호장근뿌리추출물,잇꽃꽃추출물,밤껍질추출물,초피나무열매추출물,홀리바질잎추출물,울금뿌리추출물,참산호말추출물,비치스트로베리추출물,얼룩파인애플추출물,비타민나무열매추출물",모든 피부용,올영메이트9개월차,2022.08.01,"(첫 사용 후기! 펼치기 누르고 밑에 보시면 2주 이상 다양한 방법으로 사용해본 후기가 있습니다! 꼭 봐주세요!)
올영체험단으로 사용해보고 남기는 솔직 리뷰입니다!
저는 평소에 메이크업 베이스는 잘 사용하지 않고 ㅂ네피트의 프라이머를 자주 사용하는 편이에요!
피부 타입은 수부지이고 자주 사용하는 파운데이션은 에스쁘아 비벨벳, 투쿨 픽싱쿠셩입니다!
음 평소에 메이크업 베이스를 잘 사용하지 않는 편이라 다른 제품과의 비교는 어렵지만 요 제품 단독으로 놓고 봐도 자주 손이 갈 것 같지는 않아요 ㅠㅠ!
일단 박스포장이 되어있긴 하지만 제품에 미개봉씰이 없다는 것부터 아쉬웠습니다! 새 제품인지 구분할 방법도 없었구요
컬러는 연한 핑크색이었는데 톤업 제품인 만큼 피부톤이 확 밝아지긴 하더라고요 근데 자외선 차단 기능이 들어가서 그런지 톤업 선크림과 크게 다른 점을... 못 느꼈습니다...!!
사용감을 정리하자면... 톤업 효과가 확실한 톤업 선크림 느낌?
그리고 수부지라지만 지성은 지성이라 그런지 약간 기름진 느낌도 들었어요 피부 깨끗하고 맑으신 분들이 톤업 크림 용도로 사용하기에는 좋아보이지만 그렇지 않은 저에겐... 아쉬웠습니다!! ㅠㅠ

++) 2주 이상 다양한 방법로, 다양한 상황에서 사용해봤습니다!
결론적으로 말하자면 파데프리로 요즘 제일 잘 쓰는 제품입니다! 처음 사용해볼 땐 손으로 펴바르느라 밀착력도 좀 떨어지는 것 같고 두껍게 발리는 것 같고 여러모로 아쉬웠는데요 이 제품 절대 손으로 막 바르지 마시구요 퍼프로 꼭 바르세요! 제발요!!
저는 올리브영에서 판매하는 필리밀리의 젤리킹 스펀지로 발랐는데 원래 젤리킹 스펀지가 물에 적셔서 사용하는 제품이잖아요, 근데 저는 젤리킹 스펀지가 제 피부에는 잘 안 맞는 건지 손이 잘 가지 않았는데 루나 제품이랑 사용하니까 아주 그냥 찰떡궁합입니다! 
밀착력은 물론이구요 얇게 톤업 시켜주는 느낌이라 너무너무 좋더라고요... 여전히 마스크 시국이기에 파운데이션을 매일 바르는 게 조금 부담스러운데 이 제품은 썬지수도 아주 높은 편이라 선크림도 안 바르고 그냥 스킨케어 하고 바로 바르면 되는데다가 톤업 효과도 아주 확실해서 파데프리용으로는 정말 최고입니다. 
조금 촉촉한 편이라 번들거리는 느낌으로 마무리되기도 하는데요 그럴 때는 아무것도 안 묻어있는 에어퍼프(저는 에스ㅃㅇ의 비글로우 퍼프 사용합니다!)로 한번 두드려주면 밀착력도 더 높아지고 번들거리는 것도 잡아줘요 이거 구매하시는 분들 제에발 이렇게 꼭 사용해주세요 ㅠㅠ!!
루나 베이스+필리밀리 젤리킹 스펀지+에어퍼프 파데프리 최강조합입니다 요즘 저는 매일 이렇게 써요!",5,복합성;겨울쿨톤;모공;블랙헤드
8,20221016_015640,프라이버/베이스,[NEW]루나 베이스 레이어링 포뮬라 3종 (+와인칠링백증정),https://www.oliveyoung.co.kr/store/goods/getGoodsDetail.do?goodsNo=A000000169727&dispCatNo=1000001000200010003&trackingCd&curation&egcode&rccode&egrankcode,루나,[NEW]루나 베이스 레이어링 포뮬라 3종 (+와인칠링백증정),24000,19200,벨벳 레이어(모공);피치 레이어(톤업);피팅 레이어(수분),"-벨벳 레이어 : 정제수,다이메티콘,다이메티콘크로스폴리머,사이클로펜타실록세인,나일론-12,아이소도데케인,사이클로헥사실록세인,글리세린,실리카,다이메티콘/비닐다이메티콘크로스폴리머,피이지-10다이메티콘,피이지-9폴리다이메틸실록시에틸다이메티콘,소듐클로라이드,에틸헥산다이올,글리세릴카프릴레이트,다이소듐이디티에이,아이소세테스-10
-피치 레이어 : 정제수,C12-15알킬벤조에이트,에칠헥실살리실레이트,호모살레이트,메칠렌비스-벤조트리아졸릴테트라메칠부틸페놀,폴리실리콘-15,티타늄디옥사이드,글리세린,나이아신아마이드,비스-에칠헥실옥시페놀메톡시페닐트리아진,폴리솔베이트60,폴리솔베이트80,디에칠아미노하이드록시벤조일헥실벤조에이트,솔비탄세스퀴올리에이트,피이지-100스테아레이트,글리세릴스테아레이트,세테아릴알코올,다이프로필렌글라이콜,데실글루코사이드,하이드록시아세토페논,소듐아크릴레이트/소듐아크릴로일다이메틸타우레이트코폴리머,아이소헥사데칸,폴리아크릴레이트크로스폴리머-6,카프릴릴글라이콜,트라이에톡시카프릴릴실레인,알루미나,아데노신,적색산화철,프로필렌글라이콜,솔비탄올리에이트,잔탄검,다이소듐이디티에이,t-부틸알코올,다이포타슘글리시리제이트
-피팅 레이어 : 정제수,메틸프로판다이올,아이소프로필미리스테이트,프로판다이올,소듐폴리아크릴로일다이메틸타우레이트,다이프로필렌글라이콜,하이드로제네이티드폴리데센,하이드록시아세토페논,아크릴레이트/C10-30알킬아크릴레이트크로스폴리머,카프릴릴글라이콜,트로메타민,트라이데세스-10,1,2-헥산다이올,다이소듐이디티에이,하이알루로닉애씨드,인도멀구슬나무잎추출물,인도멀구슬나무꽃추출물,부틸렌글라이콜,아이비고드열매추출물,에틸헥실글리세린,가지열매추출물,감나무잎추출물,다이포타슘글리시리제이트,알로에베라꽃추출물,포도추출물,녹차추출물,커피콩추출물,호장근뿌리추출물,잇꽃꽃추출물,밤껍질추출물,초피나무열매추출물,홀리바질잎추출물,울금뿌리추출물,참산호말추출물,비치스트로베리추출물,얼룩파인애플추출물,비타민나무열매추출물",모든 피부용,올영에돈다털림,2022.08.14,"요즘 파운데이션이나 쿠션을 사용 안 하고 이 제품같은 톤업 베이스 하나만 사용하고 컨실러 소량 이용해서 베이스 메이크업을 끝내는 편인데 루나에서 새로운 피치색상 베이스가 나왔길래 궁금해서 체험단 신청 해봤어용 😆

일단 이런 톤업 베이스는 유분감이 있느냐 매트하게 마무리 되느냐 이렇게 두 종류로 나뉘는데 루나 제품은 유분감이 있는 제품이더라구요~ 지성보다는 건성, 여름보다는 겨울에 사용하는게 더 좋을 것 같은 제품으로 느껴졌어요~ 저는 지성에 가까운 피부여서 한여름에 사용하기에는 살짝 부담스럽게 느껴지는 제품이라 겨울철에 더 잘 사용할 것 같네요 🥺

톤업기능은 생각보다 강하지는 않았어요~ 처음 펴발랐을때는 확 올라가기는 하는데 시간이 지나면 자연스럽게 피부에 동화되어있네용~ 제가 너무 강한걸 사용해서 기준이 높은 것 같긴한데 유분감 있는 제품 중에 톤업이 엄청 확 되는건 못보긴 한 것 같네용. 그래도 자외선 차단 지수도 있어서 파데프리 메이크업하기에는 딱 인 것 같아서 파데프리 메이크업 베이스로 추천드립니다 🙂👍",5,복합성;웜톤;민감성;트러블
9,20221016_015640,프라이버/베이스,[NEW]루나 베이스 레이어링 포뮬라 3종 (+와인칠링백증정),https://www.oliveyoung.co.kr/store/goods/getGoodsDetail.do?goodsNo=A000000169727&dispCatNo=1000001000200010003&trackingCd&curation&egcode&rccode&egrankcode,루나,[NEW]루나 베이스 레이어링 포뮬라 3종 (+와인칠링백증정),24000,19200,벨벳 레이어(모공);피치 레이어(톤업);피팅 레이어(수분),"-벨벳 레이어 : 정제수,다이메티콘,다이메티콘크로스폴리머,사이클로펜타실록세인,나일론-12,아이소도데케인,사이클로헥사실록세인,글리세린,실리카,다이메티콘/비닐다이메티콘크로스폴리머,피이지-10다이메티콘,피이지-9폴리다이메틸실록시에틸다이메티콘,소듐클로라이드,에틸헥산다이올,글리세릴카프릴레이트,다이소듐이디티에이,아이소세테스-10
-피치 레이어 : 정제수,C12-15알킬벤조에이트,에칠헥실살리실레이트,호모살레이트,메칠렌비스-벤조트리아졸릴테트라메칠부틸페놀,폴리실리콘-15,티타늄디옥사이드,글리세린,나이아신아마이드,비스-에칠헥실옥시페놀메톡시페닐트리아진,폴리솔베이트60,폴리솔베이트80,디에칠아미노하이드록시벤조일헥실벤조에이트,솔비탄세스퀴올리에이트,피이지-100스테아레이트,글리세릴스테아레이트,세테아릴알코올,다이프로필렌글라이콜,데실글루코사이드,하이드록시아세토페논,소듐아크릴레이트/소듐아크릴로일다이메틸타우레이트코폴리머,아이소헥사데칸,폴리아크릴레이트크로스폴리머-6,카프릴릴글라이콜,트라이에톡시카프릴릴실레인,알루미나,아데노신,적색산화철,프로필렌글라이콜,솔비탄올리에이트,잔탄검,다이소듐이디티에이,t-부틸알코올,다이포타슘글리시리제이트
-피팅 레이어 : 정제수,메틸프로판다이올,아이소프로필미리스테이트,프로판다이올,소듐폴리아크릴로일다이메틸타우레이트,다이프로필렌글라이콜,하이드로제네이티드폴리데센,하이드록시아세토페논,아크릴레이트/C10-30알킬아크릴레이트크로스폴리머,카프릴릴글라이콜,트로메타민,트라이데세스-10,1,2-헥산다이올,다이소듐이디티에이,하이알루로닉애씨드,인도멀구슬나무잎추출물,인도멀구슬나무꽃추출물,부틸렌글라이콜,아이비고드열매추출물,에틸헥실글리세린,가지열매추출물,감나무잎추출물,다이포타슘글리시리제이트,알로에베라꽃추출물,포도추출물,녹차추출물,커피콩추출물,호장근뿌리추출물,잇꽃꽃추출물,밤껍질추출물,초피나무열매추출물,홀리바질잎추출물,울금뿌리추출물,참산호말추출물,비치스트로베리추출물,얼룩파인애플추출물,비타민나무열매추출물",모든 피부용,아나모라,2022.08.01,"배송이 늦게와서 아쉬웠습니다
피치보단 다른걸 써보고 싶었는데 써보니 피치 강추
메이크업 베이스를 하나 구매하고 싶었던 찰나
루나 베이스를 올영 체험단에 당첨되어 너무 좋았습니다
제가 요즘 루나 쿠션 쓰는데 아주 만족 하면서 쓰고있습니다
루나가 돌려서 나오는 파운데이션 홈쇼핑으로 구매했을 때가 엊그제 같은데 엄청 질 좋은 화장품 브랜드가 되어 가고 있는걸 보면 소비자 입장으로써도 뿌듯하고 기쁩니다
우선 손등에 발라 보았습니다
향은 그냥 그런데..
얼굴에 발르니 너무 좋네요 모공커버도 어느정도 되고 매트해서 조금 놀랐습니다
결도 좋아지는것 같고 이쁘게 화사하게 커버 베이스 되어 너무 좋습니다
아쉬운점은 향이요..은은하게 좋은향도 첨가 되었으면 더 좋을것 같습니다
제가 원하던 베이스에요 너무 좋습니다 추천합니당",5,지성;웜톤;각질;모공
10,20221016_015642,프라이버/베이스,[NEW]루나 베이스 레이어링 포뮬라 3종 (+와인칠링백증정),https://www.oliveyoung.co.kr/store/goods/getGoodsDetail.do?goodsNo=A000000169727&dispCatNo=1000001000200010003&trackingCd&curation&egcode&rccode&egrankcode,루나,[NEW]루나 베이스 레이어링 포뮬라 3종 (+와인칠링백증정),24000,19200,벨벳 레이어(모공);피치 레이어(톤업);피팅 레이어(수분),"-벨벳 레이어 : 정제수,다이메티콘,다이메티콘크로스폴리머,사이클로펜타실록세인,나일론-12,아이소도데케인,사이클로헥사실록세인,글리세린,실리카,다이메티콘/비닐다이메티콘크로스폴리머,피이지-10다이메티콘,피이지-9폴리다이메틸실록시에틸다이메티콘,소듐클로라이드,에틸헥산다이올,글리세릴카프릴레이트,다이소듐이디티에이,아이소세테스-10
-피치 레이어 : 정제수,C12-15알킬벤조에이트,에칠헥실살리실레이트,호모살레이트,메칠렌비스-벤조트리아졸릴테트라메칠부틸페놀,폴리실리콘-15,티타늄디옥사이드,글리세린,나이아신아마이드,비스-에칠헥실옥시페놀메톡시페닐트리아진,폴리솔베이트60,폴리솔베이트80,디에칠아미노하이드록시벤조일헥실벤조에이트,솔비탄세스퀴올리에이트,피이지-100스테아레이트,글리세릴스테아레이트,세테아릴알코올,다이프로필렌글라이콜,데실글루코사이드,하이드록시아세토페논,소듐아크릴레이트/소듐아크릴로일다이메틸타우레이트코폴리머,아이소헥사데칸,폴리아크릴레이트크로스폴리머-6,카프릴릴글라이콜,트라이에톡시카프릴릴실레인,알루미나,아데노신,적색산화철,프로필렌글라이콜,솔비탄올리에이트,잔탄검,다이소듐이디티에이,t-부틸알코올,다이포타슘글리시리제이트
-피팅 레이어 : 정제수,메틸프로판다이올,아이소프로필미리스테이트,프로판다이올,소듐폴리아크릴로일다이메틸타우레이트,다이프로필렌글라이콜,하이드로제네이티드폴리데센,하이드록시아세토페논,아크릴레이트/C10-30알킬아크릴레이트크로스폴리머,카프릴릴글라이콜,트로메타민,트라이데세스-10,1,2-헥산다이올,다이소듐이디티에이,하이알루로닉애씨드,인도멀구슬나무잎추출물,인도멀구슬나무꽃추출물,부틸렌글라이콜,아이비고드열매추출물,에틸헥실글리세린,가지열매추출물,감나무잎추출물,다이포타슘글리시리제이트,알로에베라꽃추출물,포도추출물,녹차추출물,커피콩추출물,호장근뿌리추출물,잇꽃꽃추출물,밤껍질추출물,초피나무열매추출물,홀리바질잎추출물,울금뿌리추출물,참산호말추출물,비치스트로베리추출물,얼룩파인애플추출물,비타민나무열매추출물",모든 피부용,YoungLifee,2022.08.08,"여름에 선크림이랑 쿠션까지 바르면 피부도 무겁고 잘 무너져서 종종 톤업크림만 바르고 다니는데 루나에서 새로 나왔다고 하길래 궁금해서 올영 체험단 신청했어요

굉장히 묽어서 손으로 쓱쓱 바르기 좋아요. 전 라로슈포제, AHC, 페리페라 전부 다 분홍색 크림의 톤업용으로 써봤어요. 루나도 핑크빛의 묽은 크림이에요. 향도 크게 거슬리지않고 목까지 자연스럽게 톤업되어서 좋았어요. 

제형 가벼움
루나> AHC >라로슈포제 >>> 페리페라(제일 뻑뻑쓰)

톤업정도
페리페라,라로슈포제>AHC>루나

다만 눈썹그릴때 유분기가 많이 돌아서 섀도우로 그리면 발색이 잘안되고, 하드 브로우제품으로 그리자니 뭉쳐서 아쉬웠어요. 파우더처리를 해도 이미 끈끈하게 올라가있어서 담부터는 브러쉬로 눈썹주변만 발라주거나 피해서 바를려구요",4,민감성;웜톤;모공;민감성
11,20221016_015642,프라이버/베이스,[NEW]루나 베이스 레이어링 포뮬라 3종 (+와인칠링백증정),https://www.oliveyoung.co.kr/store/goods/getGoodsDetail.do?goodsNo=A000000169727&dispCatNo=1000001000200010003&trackingCd&curation&egcode&rccode&egrankcode,루나,[NEW]루나 베이스 레이어링 포뮬라 3종 (+와인칠링백증정),24000,19200,벨벳 레이어(모공);피치 레이어(톤업);피팅 레이어(수분),"-벨벳 레이어 : 정제수,다이메티콘,다이메티콘크로스폴리머,사이클로펜타실록세인,나일론-12,아이소도데케인,사이클로헥사실록세인,글리세린,실리카,다이메티콘/비닐다이메티콘크로스폴리머,피이지-10다이메티콘,피이지-9폴리다이메틸실록시에틸다이메티콘,소듐클로라이드,에틸헥산다이올,글리세릴카프릴레이트,다이소듐이디티에이,아이소세테스-10
-피치 레이어 : 정제수,C12-15알킬벤조에이트,에칠헥실살리실레이트,호모살레이트,메칠렌비스-벤조트리아졸릴테트라메칠부틸페놀,폴리실리콘-15,티타늄디옥사이드,글리세린,나이아신아마이드,비스-에칠헥실옥시페놀메톡시페닐트리아진,폴리솔베이트60,폴리솔베이트80,디에칠아미노하이드록시벤조일헥실벤조에이트,솔비탄세스퀴올리에이트,피이지-100스테아레이트,글리세릴스테아레이트,세테아릴알코올,다이프로필렌글라이콜,데실글루코사이드,하이드록시아세토페논,소듐아크릴레이트/소듐아크릴로일다이메틸타우레이트코폴리머,아이소헥사데칸,폴리아크릴레이트크로스폴리머-6,카프릴릴글라이콜,트라이에톡시카프릴릴실레인,알루미나,아데노신,적색산화철,프로필렌글라이콜,솔비탄올리에이트,잔탄검,다이소듐이디티에이,t-부틸알코올,다이포타슘글리시리제이트
-피팅 레이어 : 정제수,메틸프로판다이올,아이소프로필미리스테이트,프로판다이올,소듐폴리아크릴로일다이메틸타우레이트,다이프로필렌글라이콜,하이드로제네이티드폴리데센,하이드록시아세토페논,아크릴레이트/C10-30알킬아크릴레이트크로스폴리머,카프릴릴글라이콜,트로메타민,트라이데세스-10,1,2-헥산다이올,다이소듐이디티에이,하이알루로닉애씨드,인도멀구슬나무잎추출물,인도멀구슬나무꽃추출물,부틸렌글라이콜,아이비고드열매추출물,에틸헥실글리세린,가지열매추출물,감나무잎추출물,다이포타슘글리시리제이트,알로에베라꽃추출물,포도추출물,녹차추출물,커피콩추출물,호장근뿌리추출물,잇꽃꽃추출물,밤껍질추출물,초피나무열매추출물,홀리바질잎추출물,울금뿌리추출물,참산호말추출물,비치스트로베리추출물,얼룩파인애플추출물,비타민나무열매추출물",모든 피부용,Remy,2022.08.07,"일단 요 아이는 올영 체험단을 통해 만나게 된 아이예요. 루나는 처음 접하게 된, 잘 몰랐던 아이템인데 요새 각종 뷰티 아이템이 넘쳐 나기도 하니까요. 일단 배송이 너무 늦어진 부분이 일단 스타트부터 아쉬웠구요. 

향
아무래도 호불호가 가장 극명하게 갈리는 부분이죠. 향 부분에 있어선 개인적으로 아쉬운 부분이 분명 존재하는.

발림
정말 가벼운 거 같긴 해요. 피치톤업으로 보정되는 부분도 있구요. 피부톤이 정말 밝아지더라구요. 모공 커버도 아주 만족할 정도는 아니지만 어느 정도는 되는 거  같고, 매트해서 이 점은 개인적으로 만족스러웠는. 한 듯 안 한 듯 가볍게 톤업 아이템으로 추천합니다.",4,건성;웜톤;모공;미백
12,20221016_015642,프라이버/베이스,[NEW]루나 베이스 레이어링 포뮬라 3종 (+와인칠링백증정),https://www.oliveyoung.co.kr/store/goods/getGoodsDetail.do?goodsNo=A000000169727&dispCatNo=1000001000200010003&trackingCd&curation&egcode&rccode&egrankcode,루나,[NEW]루나 베이스 레이어링 포뮬라 3종 (+와인칠링백증정),24000,19200,벨벳 레이어(모공);피치 레이어(톤업);피팅 레이어(수분),"-벨벳 레이어 : 정제수,다이메티콘,다이메티콘크로스폴리머,사이클로펜타실록세인,나일론-12,아이소도데케인,사이클로헥사실록세인,글리세린,실리카,다이메티콘/비닐다이메티콘크로스폴리머,피이지-10다이메티콘,피이지-9폴리다이메틸실록시에틸다이메티콘,소듐클로라이드,에틸헥산다이올,글리세릴카프릴레이트,다이소듐이디티에이,아이소세테스-10
-피치 레이어 : 정제수,C12-15알킬벤조에이트,에칠헥실살리실레이트,호모살레이트,메칠렌비스-벤조트리아졸릴테트라메칠부틸페놀,폴리실리콘-15,티타늄디옥사이드,글리세린,나이아신아마이드,비스-에칠헥실옥시페놀메톡시페닐트리아진,폴리솔베이트60,폴리솔베이트80,디에칠아미노하이드록시벤조일헥실벤조에이트,솔비탄세스퀴올리에이트,피이지-100스테아레이트,글리세릴스테아레이트,세테아릴알코올,다이프로필렌글라이콜,데실글루코사이드,하이드록시아세토페논,소듐아크릴레이트/소듐아크릴로일다이메틸타우레이트코폴리머,아이소헥사데칸,폴리아크릴레이트크로스폴리머-6,카프릴릴글라이콜,트라이에톡시카프릴릴실레인,알루미나,아데노신,적색산화철,프로필렌글라이콜,솔비탄올리에이트,잔탄검,다이소듐이디티에이,t-부틸알코올,다이포타슘글리시리제이트
-피팅 레이어 : 정제수,메틸프로판다이올,아이소프로필미리스테이트,프로판다이올,소듐폴리아크릴로일다이메틸타우레이트,다이프로필렌글라이콜,하이드로제네이티드폴리데센,하이드록시아세토페논,아크릴레이트/C10-30알킬아크릴레이트크로스폴리머,카프릴릴글라이콜,트로메타민,트라이데세스-10,1,2-헥산다이올,다이소듐이디티에이,하이알루로닉애씨드,인도멀구슬나무잎추출물,인도멀구슬나무꽃추출물,부틸렌글라이콜,아이비고드열매추출물,에틸헥실글리세린,가지열매추출물,감나무잎추출물,다이포타슘글리시리제이트,알로에베라꽃추출물,포도추출물,녹차추출물,커피콩추출물,호장근뿌리추출물,잇꽃꽃추출물,밤껍질추출물,초피나무열매추출물,홀리바질잎추출물,울금뿌리추출물,참산호말추출물,비치스트로베리추출물,얼룩파인애플추출물,비타민나무열매추출물",모든 피부용,wonniee,2022.08.04,"루나 컨실러를 엄청 잘 사용하고 있어서 기대하고 올영체험단으로 신청하게 된 제품이에요!!

우선 컬러랑 선이 합쳐진 베이스라서 사용하기 엄청 편했어요 칙칙한 피부톤을 잘 잡아주고 톤업도 자연스러워서 이뻐요! 

다만 아쉬운 점은.. 마무리감이 끈적하다는 점으로 파우더처리를 해야하고 지속력 측면에서 약간 유분이 올라와서 피부의 번들거림이 있어요 ㅠㅠ",4,트러블성;봄웜톤;트러블;홍조
13,20221016_015643,프라이버/베이스,[NEW]루나 베이스 레이어링 포뮬라 3종 (+와인칠링백증정),https://www.oliveyoung.co.kr/store/goods/getGoodsDetail.do?goodsNo=A000000169727&dispCatNo=1000001000200010003&trackingCd&curation&egcode&rccode&egrankcode,루나,[NEW]루나 베이스 레이어링 포뮬라 3종 (+와인칠링백증정),24000,19200,벨벳 레이어(모공);피치 레이어(톤업);피팅 레이어(수분),"-벨벳 레이어 : 정제수,다이메티콘,다이메티콘크로스폴리머,사이클로펜타실록세인,나일론-12,아이소도데케인,사이클로헥사실록세인,글리세린,실리카,다이메티콘/비닐다이메티콘크로스폴리머,피이지-10다이메티콘,피이지-9폴리다이메틸실록시에틸다이메티콘,소듐클로라이드,에틸헥산다이올,글리세릴카프릴레이트,다이소듐이디티에이,아이소세테스-10
-피치 레이어 : 정제수,C12-15알킬벤조에이트,에칠헥실살리실레이트,호모살레이트,메칠렌비스-벤조트리아졸릴테트라메칠부틸페놀,폴리실리콘-15,티타늄디옥사이드,글리세린,나이아신아마이드,비스-에칠헥실옥시페놀메톡시페닐트리아진,폴리솔베이트60,폴리솔베이트80,디에칠아미노하이드록시벤조일헥실벤조에이트,솔비탄세스퀴올리에이트,피이지-100스테아레이트,글리세릴스테아레이트,세테아릴알코올,다이프로필렌글라이콜,데실글루코사이드,하이드록시아세토페논,소듐아크릴레이트/소듐아크릴로일다이메틸타우레이트코폴리머,아이소헥사데칸,폴리아크릴레이트크로스폴리머-6,카프릴릴글라이콜,트라이에톡시카프릴릴실레인,알루미나,아데노신,적색산화철,프로필렌글라이콜,솔비탄올리에이트,잔탄검,다이소듐이디티에이,t-부틸알코올,다이포타슘글리시리제이트
-피팅 레이어 : 정제수,메틸프로판다이올,아이소프로필미리스테이트,프로판다이올,소듐폴리아크릴로일다이메틸타우레이트,다이프로필렌글라이콜,하이드로제네이티드폴리데센,하이드록시아세토페논,아크릴레이트/C10-30알킬아크릴레이트크로스폴리머,카프릴릴글라이콜,트로메타민,트라이데세스-10,1,2-헥산다이올,다이소듐이디티에이,하이알루로닉애씨드,인도멀구슬나무잎추출물,인도멀구슬나무꽃추출물,부틸렌글라이콜,아이비고드열매추출물,에틸헥실글리세린,가지열매추출물,감나무잎추출물,다이포타슘글리시리제이트,알로에베라꽃추출물,포도추출물,녹차추출물,커피콩추출물,호장근뿌리추출물,잇꽃꽃추출물,밤껍질추출물,초피나무열매추출물,홀리바질잎추출물,울금뿌리추출물,참산호말추출물,비치스트로베리추출물,얼룩파인애플추출물,비타민나무열매추출물",모든 피부용,grape,2022.08.14,"톤업이 되는 제품을 찾고 있었는데 마침 올영체험단에 올라와있어서 바로 신청했어요.

피치레이어제품으로 받았고 용량은 40ml에요.
바르는 즉시 피치 톤업으로 화사한 베이스 피부표현을 할 수 있는 제품이에요. 자외선 차단 기능도 있고 SPF50+ PA++++라서 선크림 사용없이 가볍게 마무리 할 수 있어요.

톤업이 부담스럽지 않을 정도로 되어서 베이스로 사용하기에도 굉장히 좋은 것 같고 선크림 바르듯이 사용하려면 많이씩 발라야할 것 같기는해요.

톤업 크림 제품들을 너무 꾸덕하거나 끼임같은게 있는 경우가 있는데 이 제품은 너무 묽지도 않으면서 너무 꾸덕하지도 않은 딱 적당한 제형이라서 사용하기에 더 좋다고 생각이 들었던 것 같아요.

피부가 복합성인데 건성인분들이 사용하기에는 조금 매트할 수 있다고 생각이 들었어요.",4,복합성;여름쿨톤;다크서클;모공
14,20221016_015643,프라이버/베이스,[NEW]루나 베이스 레이어링 포뮬라 3종 (+와인칠링백증정),https://www.oliveyoung.co.kr/store/goods/getGoodsDetail.do?goodsNo=A000000169727&dispCatNo=1000001000200010003&trackingCd&curation&egcode&rccode&egrankcode,루나,[NEW]루나 베이스 레이어링 포뮬라 3종 (+와인칠링백증정),24000,19200,벨벳 레이어(모공);피치 레이어(톤업);피팅 레이어(수분),"-벨벳 레이어 : 정제수,다이메티콘,다이메티콘크로스폴리머,사이클로펜타실록세인,나일론-12,아이소도데케인,사이클로헥사실록세인,글리세린,실리카,다이메티콘/비닐다이메티콘크로스폴리머,피이지-10다이메티콘,피이지-9폴리다이메틸실록시에틸다이메티콘,소듐클로라이드,에틸헥산다이올,글리세릴카프릴레이트,다이소듐이디티에이,아이소세테스-10
-피치 레이어 : 정제수,C12-15알킬벤조에이트,에칠헥실살리실레이트,호모살레이트,메칠렌비스-벤조트리아졸릴테트라메칠부틸페놀,폴리실리콘-15,티타늄디옥사이드,글리세린,나이아신아마이드,비스-에칠헥실옥시페놀메톡시페닐트리아진,폴리솔베이트60,폴리솔베이트80,디에칠아미노하이드록시벤조일헥실벤조에이트,솔비탄세스퀴올리에이트,피이지-100스테아레이트,글리세릴스테아레이트,세테아릴알코올,다이프로필렌글라이콜,데실글루코사이드,하이드록시아세토페논,소듐아크릴레이트/소듐아크릴로일다이메틸타우레이트코폴리머,아이소헥사데칸,폴리아크릴레이트크로스폴리머-6,카프릴릴글라이콜,트라이에톡시카프릴릴실레인,알루미나,아데노신,적색산화철,프로필렌글라이콜,솔비탄올리에이트,잔탄검,다이소듐이디티에이,t-부틸알코올,다이포타슘글리시리제이트
-피팅 레이어 : 정제수,메틸프로판다이올,아이소프로필미리스테이트,프로판다이올,소듐폴리아크릴로일다이메틸타우레이트,다이프로필렌글라이콜,하이드로제네이티드폴리데센,하이드록시아세토페논,아크릴레이트/C10-30알킬아크릴레이트크로스폴리머,카프릴릴글라이콜,트로메타민,트라이데세스-10,1,2-헥산다이올,다이소듐이디티에이,하이알루로닉애씨드,인도멀구슬나무잎추출물,인도멀구슬나무꽃추출물,부틸렌글라이콜,아이비고드열매추출물,에틸헥실글리세린,가지열매추출물,감나무잎추출물,다이포타슘글리시리제이트,알로에베라꽃추출물,포도추출물,녹차추출물,커피콩추출물,호장근뿌리추출물,잇꽃꽃추출물,밤껍질추출물,초피나무열매추출물,홀리바질잎추출물,울금뿌리추출물,참산호말추출물,비치스트로베리추출물,얼룩파인애플추출물,비타민나무열매추출물",모든 피부용,김콩쥬,2022.08.13,"요새 이런 메이크업 베이스가 많이 출시되는데 루나에서도 조용히 출시가 되었더라구요! 궁금해서 올영체험단으로 신청하게 되었습니다! 제가 받은 색상은 피치레이어예요💝

안 그래도 더운 여름철에 마스크도 써서 더 덥고 더욱 습하게 느껴지는데 루나 메이크업 베이스를 사용하면 평소보다 메이크업 지속력을 오래 유지할 수 있을 것 같아요! 제가 받은 피치 레이어는 톤 보정을 해주는 베이스인데 일반 메이크업 베이스처럼 뻑뻑하게 발리지 않고 얇게 밀착되는 제형에다 클린 포뮬라로 만들어진 제품이라 피부가 답답하지 않고 편안했어요! 자외선 차단 지수도 높아서 선크림 대용으로 사용해 주어도 좋을 것 같습니다 :)
피치 빛이 돌아 꼭 얼굴 전체가 아니더라도 다크서클, 입 주변 등 색소침착된 부위에 발라주면 톤보정이 되어서 좋아요
톤업 기능이 있기 때문에 요새 유행하는 파데프리 메이크업으로도 제격일 것 같아요~",5,복합성;봄웜톤;각질;블랙헤드
15,20221016_015643,프라이버/베이스,[NEW]루나 베이스 레이어링 포뮬라 3종 (+와인칠링백증정),https://www.oliveyoung.co.kr/store/goods/getGoodsDetail.do?goodsNo=A000000169727&dispCatNo=1000001000200010003&trackingCd&curation&egcode&rccode&egrankcode,루나,[NEW]루나 베이스 레이어링 포뮬라 3종 (+와인칠링백증정),24000,19200,벨벳 레이어(모공);피치 레이어(톤업);피팅 레이어(수분),"-벨벳 레이어 : 정제수,다이메티콘,다이메티콘크로스폴리머,사이클로펜타실록세인,나일론-12,아이소도데케인,사이클로헥사실록세인,글리세린,실리카,다이메티콘/비닐다이메티콘크로스폴리머,피이지-10다이메티콘,피이지-9폴리다이메틸실록시에틸다이메티콘,소듐클로라이드,에틸헥산다이올,글리세릴카프릴레이트,다이소듐이디티에이,아이소세테스-10
-피치 레이어 : 정제수,C12-15알킬벤조에이트,에칠헥실살리실레이트,호모살레이트,메칠렌비스-벤조트리아졸릴테트라메칠부틸페놀,폴리실리콘-15,티타늄디옥사이드,글리세린,나이아신아마이드,비스-에칠헥실옥시페놀메톡시페닐트리아진,폴리솔베이트60,폴리솔베이트80,디에칠아미노하이드록시벤조일헥실벤조에이트,솔비탄세스퀴올리에이트,피이지-100스테아레이트,글리세릴스테아레이트,세테아릴알코올,다이프로필렌글라이콜,데실글루코사이드,하이드록시아세토페논,소듐아크릴레이트/소듐아크릴로일다이메틸타우레이트코폴리머,아이소헥사데칸,폴리아크릴레이트크로스폴리머-6,카프릴릴글라이콜,트라이에톡시카프릴릴실레인,알루미나,아데노신,적색산화철,프로필렌글라이콜,솔비탄올리에이트,잔탄검,다이소듐이디티에이,t-부틸알코올,다이포타슘글리시리제이트
-피팅 레이어 : 정제수,메틸프로판다이올,아이소프로필미리스테이트,프로판다이올,소듐폴리아크릴로일다이메틸타우레이트,다이프로필렌글라이콜,하이드로제네이티드폴리데센,하이드록시아세토페논,아크릴레이트/C10-30알킬아크릴레이트크로스폴리머,카프릴릴글라이콜,트로메타민,트라이데세스-10,1,2-헥산다이올,다이소듐이디티에이,하이알루로닉애씨드,인도멀구슬나무잎추출물,인도멀구슬나무꽃추출물,부틸렌글라이콜,아이비고드열매추출물,에틸헥실글리세린,가지열매추출물,감나무잎추출물,다이포타슘글리시리제이트,알로에베라꽃추출물,포도추출물,녹차추출물,커피콩추출물,호장근뿌리추출물,잇꽃꽃추출물,밤껍질추출물,초피나무열매추출물,홀리바질잎추출물,울금뿌리추출물,참산호말추출물,비치스트로베리추출물,얼룩파인애플추출물,비타민나무열매추출물",모든 피부용,낑깡이,2022.08.01,"생각보다 나쁘지 않았던 제품인거 같아요! 베이스 바르면 잘 뜨는 피부라서 기대 안하고 썼는데 파데랑 조합도 나쁘지 않았어요!
지금 쓰고 있는 파운데이션이 노란기가 많이 돌아서 적당히 피치나 핑크 계열로 톤을 잡아줄 베이스가 필요했는데.. 아무래도 베이스가 잘 뜨는 피부타입이다보니까 쉽게 이것저것 사서 써보지 못하겠더라고요. 때마침 올영체험단에 루나 베이스 피치포뮬라가 있길래 신청해서 써봣습니다!
일단 최대한 얇게 발라 준 다음에 한 번 더 퍼프로 두드려 주었구요. 밀착력도 나쁘진 않았어요! 얇게 쓰면 부담없이 쓸 수 있는 텍스쳐였습니다!
파운데이션이랑 섞어서도 써봤는데, 저는 따로 쓰는 게 더 좋은거 같아요! 따로 바르고 신경써서 한 번 더 두드려주고 다음 단계 쌓아주면 덜 무너지고 피부표현도 예뻤어요",5,복합성;봄웜톤;모공;민감성
16,20221016_015643,프라이버/베이스,[NEW]루나 베이스 레이어링 포뮬라 3종 (+와인칠링백증정),https://www.oliveyoung.co.kr/store/goods/getGoodsDetail.do?goodsNo=A000000169727&dispCatNo=1000001000200010003&trackingCd&curation&egcode&rccode&egrankcode,루나,[NEW]루나 베이스 레이어링 포뮬라 3종 (+와인칠링백증정),24000,19200,벨벳 레이어(모공);피치 레이어(톤업);피팅 레이어(수분),"-벨벳 레이어 : 정제수,다이메티콘,다이메티콘크로스폴리머,사이클로펜타실록세인,나일론-12,아이소도데케인,사이클로헥사실록세인,글리세린,실리카,다이메티콘/비닐다이메티콘크로스폴리머,피이지-10다이메티콘,피이지-9폴리다이메틸실록시에틸다이메티콘,소듐클로라이드,에틸헥산다이올,글리세릴카프릴레이트,다이소듐이디티에이,아이소세테스-10
-피치 레이어 : 정제수,C12-15알킬벤조에이트,에칠헥실살리실레이트,호모살레이트,메칠렌비스-벤조트리아졸릴테트라메칠부틸페놀,폴리실리콘-15,티타늄디옥사이드,글리세린,나이아신아마이드,비스-에칠헥실옥시페놀메톡시페닐트리아진,폴리솔베이트60,폴리솔베이트80,디에칠아미노하이드록시벤조일헥실벤조에이트,솔비탄세스퀴올리에이트,피이지-100스테아레이트,글리세릴스테아레이트,세테아릴알코올,다이프로필렌글라이콜,데실글루코사이드,하이드록시아세토페논,소듐아크릴레이트/소듐아크릴로일다이메틸타우레이트코폴리머,아이소헥사데칸,폴리아크릴레이트크로스폴리머-6,카프릴릴글라이콜,트라이에톡시카프릴릴실레인,알루미나,아데노신,적색산화철,프로필렌글라이콜,솔비탄올리에이트,잔탄검,다이소듐이디티에이,t-부틸알코올,다이포타슘글리시리제이트
-피팅 레이어 : 정제수,메틸프로판다이올,아이소프로필미리스테이트,프로판다이올,소듐폴리아크릴로일다이메틸타우레이트,다이프로필렌글라이콜,하이드로제네이티드폴리데센,하이드록시아세토페논,아크릴레이트/C10-30알킬아크릴레이트크로스폴리머,카프릴릴글라이콜,트로메타민,트라이데세스-10,1,2-헥산다이올,다이소듐이디티에이,하이알루로닉애씨드,인도멀구슬나무잎추출물,인도멀구슬나무꽃추출물,부틸렌글라이콜,아이비고드열매추출물,에틸헥실글리세린,가지열매추출물,감나무잎추출물,다이포타슘글리시리제이트,알로에베라꽃추출물,포도추출물,녹차추출물,커피콩추출물,호장근뿌리추출물,잇꽃꽃추출물,밤껍질추출물,초피나무열매추출물,홀리바질잎추출물,울금뿌리추출물,참산호말추출물,비치스트로베리추출물,얼룩파인애플추출물,비타민나무열매추출물",모든 피부용,꼼짝마움직이면서쏜다,2022.08.01,"저눈 악건성에 홍조가 있어서 베이스를 정말 신경을 많이 쓰는 편이에요ㅠㅜ 눈에는 프라이머 꼭 바르고 메이크업 베이스도 촉촉한 걸로 항상 발라주고 메이크업을 하는데 마침 베이스도 떨어졌겠다 루나 브랜드로 신청을 했습니다! 일단 케이스가 핸드크림 같기도 하고 물감 같기도 하고 ,, 디자인이 되게 심플하니 마음에 듭니다,,히히 피치 레이어는 3종 중에 유일하게 자외선 차단 기능까지! 탑재가 된 라인입니당! 피부 컨디션이 안좋아서 메이크업을 해도 칙칙할 것 같다 하는 날에 사용하면 완전 최적이에요! 보통 톤업 베이스라 생각하면 벨벳이나 마무리감이 보송보송한 제품들이 많은데 이건 생각보다 촉촉해서 건성분들도 충분히 사용하실 수 있습니당! 잠깐 생얼로 나갈 때 톤업크림처럼 사용해도 나쁘진 않을 거 같아요 ㅎㅎ",5,건성;봄웜톤;민감성;아토피
17,20221016_015643,프라이버/베이스,[NEW]루나 베이스 레이어링 포뮬라 3종 (+와인칠링백증정),https://www.oliveyoung.co.kr/store/goods/getGoodsDetail.do?goodsNo=A000000169727&dispCatNo=1000001000200010003&trackingCd&curation&egcode&rccode&egrankcode,루나,[NEW]루나 베이스 레이어링 포뮬라 3종 (+와인칠링백증정),24000,19200,벨벳 레이어(모공);피치 레이어(톤업);피팅 레이어(수분),"-벨벳 레이어 : 정제수,다이메티콘,다이메티콘크로스폴리머,사이클로펜타실록세인,나일론-12,아이소도데케인,사이클로헥사실록세인,글리세린,실리카,다이메티콘/비닐다이메티콘크로스폴리머,피이지-10다이메티콘,피이지-9폴리다이메틸실록시에틸다이메티콘,소듐클로라이드,에틸헥산다이올,글리세릴카프릴레이트,다이소듐이디티에이,아이소세테스-10
-피치 레이어 : 정제수,C12-15알킬벤조에이트,에칠헥실살리실레이트,호모살레이트,메칠렌비스-벤조트리아졸릴테트라메칠부틸페놀,폴리실리콘-15,티타늄디옥사이드,글리세린,나이아신아마이드,비스-에칠헥실옥시페놀메톡시페닐트리아진,폴리솔베이트60,폴리솔베이트80,디에칠아미노하이드록시벤조일헥실벤조에이트,솔비탄세스퀴올리에이트,피이지-100스테아레이트,글리세릴스테아레이트,세테아릴알코올,다이프로필렌글라이콜,데실글루코사이드,하이드록시아세토페논,소듐아크릴레이트/소듐아크릴로일다이메틸타우레이트코폴리머,아이소헥사데칸,폴리아크릴레이트크로스폴리머-6,카프릴릴글라이콜,트라이에톡시카프릴릴실레인,알루미나,아데노신,적색산화철,프로필렌글라이콜,솔비탄올리에이트,잔탄검,다이소듐이디티에이,t-부틸알코올,다이포타슘글리시리제이트
-피팅 레이어 : 정제수,메틸프로판다이올,아이소프로필미리스테이트,프로판다이올,소듐폴리아크릴로일다이메틸타우레이트,다이프로필렌글라이콜,하이드로제네이티드폴리데센,하이드록시아세토페논,아크릴레이트/C10-30알킬아크릴레이트크로스폴리머,카프릴릴글라이콜,트로메타민,트라이데세스-10,1,2-헥산다이올,다이소듐이디티에이,하이알루로닉애씨드,인도멀구슬나무잎추출물,인도멀구슬나무꽃추출물,부틸렌글라이콜,아이비고드열매추출물,에틸헥실글리세린,가지열매추출물,감나무잎추출물,다이포타슘글리시리제이트,알로에베라꽃추출물,포도추출물,녹차추출물,커피콩추출물,호장근뿌리추출물,잇꽃꽃추출물,밤껍질추출물,초피나무열매추출물,홀리바질잎추출물,울금뿌리추출물,참산호말추출물,비치스트로베리추출물,얼룩파인애플추출물,비타민나무열매추출물",모든 피부용,달빛,2022.07.31,"큰 기대 안했는데 생각보다 괜찮았어요

화장하기 귀찮을 때 메이크업 베이스만 바르거나 톤업 크림만 바르곤 하는데

톤업 기능에 충실해서 낯빛이 환한 느낌은 있더라구요!

어쩔 수 없이 건조함은 약간 느껴졌지만 그래도 전 화장하기 전에 바르기에는 괜찮았어요

다른 것도 사용해보고 싶네용!",4,복합성;웜톤;모공;미백
