,timestamp,category,productName,urlProduct,brand,productName.1,price1,price2,Color,ingredients,skinType,username,datePublished,reviewText,score,reviewerSkinType
0,20221016_025232,프라이버/베이스,[NEW] 베네피트 더 포어페셔널 라이트 프라이머 미니,https://www.oliveyoung.co.kr/store/goods/getGoodsDetail.do?goodsNo=A000000161476&dispCatNo=1000001000200010003&trackingCd&curation&egcode&rccode&egrankcode,베네피트,[NEW] 베네피트 더 포어페셔널 라이트 프라이머 미니,20000,17000,,"정제수,글리세린,실리카,소듐아크릴레이트크로스폴리머-2,부틸렌글라이콜,피피지-24-글리세레스-24,페녹시에탄올,피이지-60하이드로제네이티드캐스터오일,세틸알코올,토코페릴아세테이트,에틸헥실글리세린,잔탄검,적색산화철,토코페롤",모든 피부타입,rimyo,2022.10.14,"처음에 오리지널인줄 알고 샀습니다 그런데 아니더라고요? 그래도 그냥 써보자 싶어 기다렸어요 ㅎㅎ
 
이 제품은 처음 써보는데 제형은 딱딱한 기름 덩어리 딱 그 느낌인데  오리지널은 살색 이건 불투명한 색인데 무색입니다 

발림은 비슷한 것 같아요 부드럽게 쫙~ 잘 펴발라져요 

양이 작아서 진짜 샘플 같이 보이긴 하는데 기존에 양이 많아서 저는 거의 기간 내에 사용을 못햇습니다 그래서 저는 오히려 이 제품이 나은 것 같아요 ㅎ

그런데 제품을 사용하고 화장 지속력 이런건 잘 모르겠어요 ㅎㅎ 모공커버가 조금 되는 것 같기도 하고.. 특별히 프라이머의 장점을 잘 모르겠어오

오리지널은 면세에서 사서 자주 사용했습니다 확실히 화장이 오래 유지되고 오늘 화장 잘먹었네? 뭔가 다른데? 그런 얘기도 종종 들었습니다 ㅋ 근데 게을러서 잘 사용을 안하게 되더라고요 결국 유통기한이 지나서 버리고 면세에서 세트 3통 사면 지인들 주고 뭐 그랬던 것 같아요 ㅎㅎ 

다음에는 오리지널 작은 사이즈 써볼까 싶네요!",3,지성;웜톤;모공;미백
1,20221016_025233,프라이버/베이스,[NEW] 베네피트 더 포어페셔널 라이트 프라이머 미니,https://www.oliveyoung.co.kr/store/goods/getGoodsDetail.do?goodsNo=A000000161476&dispCatNo=1000001000200010003&trackingCd&curation&egcode&rccode&egrankcode,베네피트,[NEW] 베네피트 더 포어페셔널 라이트 프라이머 미니,20000,17000,,"정제수,글리세린,실리카,소듐아크릴레이트크로스폴리머-2,부틸렌글라이콜,피피지-24-글리세레스-24,페녹시에탄올,피이지-60하이드로제네이티드캐스터오일,세틸알코올,토코페릴아세테이트,에틸헥실글리세린,잔탄검,적색산화철,토코페롤",모든 피부타입,두중그니,2022.04.18,"-간단평-
진짜 쓰고 안쓰고 차이 확실합니다. 오리지널이 너무 꾸덕하거나 밀리시는 분들 이걸로 쓰세요. 추천!


<후기 시작>

지인분이 좋다고 추천해서 쓰는데 정말 만족스러워요.

장점부터 말씀드리면
모공 프라이머의 기능을 정말 충실히 합니다.
제가 코쪽 모공 부자라 잘끼는 피데 바르면
부각이 정말 심해요...아무리 스킨케어 잘해도 
모공끼임이 정말 심한데 얘 쓰니까 해결됐어요!!
모공 매꿔주는 효과 정말 좋아요:)

발림성은 일반 프라이머처럼 실키하게 발리는디 베네피트 오리지널 프라이머보다 더 가볍게 발립니다. 밀림도 전혀 없었어요.

메이크업 지속력도 확실히 올려줘서 좋았습니다.
코는 마스크에 덮히는 부분이라 더 잘 무너지는데
얘 쓰는 날은 확실히 덜 무너졌어요.

요즘처럼 날 더워지는 시기에 프라이머는 필수인데
좀 비싸더라도 얘 추천드려요. 돈값합니다. 엄청 심각한 왕모공은 오리지널 쓰세여! 얘는 적당한 모공들 매꿔주는 용입니다.


단점은...
난 분명 돈주고 샀는데 샘플 받은 느낌이에요.
그래서 약간 기분이 상하는 점...^^
근데 프라이머 정말 쥐똥만큼씩 쓰니까
용량 작아도 오래 쓰는 것 같아요!
근데 진짜 비싼 거 말고는 단점 옶음!

사이즈 비교하시라고 옆에 다른 제품 '샘플'이랑 비교샷 넣었어요. 심지어 ㅇㅅㅌㄹ 샘플이 용량도 더 많아요 하하;;",5,복합성;웜톤;모공;잡티
2,20221016_025233,프라이버/베이스,[NEW] 베네피트 더 포어페셔널 라이트 프라이머 미니,https://www.oliveyoung.co.kr/store/goods/getGoodsDetail.do?goodsNo=A000000161476&dispCatNo=1000001000200010003&trackingCd&curation&egcode&rccode&egrankcode,베네피트,[NEW] 베네피트 더 포어페셔널 라이트 프라이머 미니,20000,17000,,"정제수,글리세린,실리카,소듐아크릴레이트크로스폴리머-2,부틸렌글라이콜,피피지-24-글리세레스-24,페녹시에탄올,피이지-60하이드로제네이티드캐스터오일,세틸알코올,토코페릴아세테이트,에틸헥실글리세린,잔탄검,적색산화철,토코페롤",모든 피부타입,채송송,2022.02.23,"여태껏 베네피트 포어페셔널 모든라인을
써보면서 캐릭터에 의미가 있는지 몰랐어요ㅋ
유툽 파우더룸? 담당자들 출연 영상보면서
소름돋았네요ㅎ 예를들어 기존 오리지널 제품인가 거기는 해녀복을 입고있으니 촉촉하고
바다에서도 방수가 되는 그런 느낌을 내포하고 있고
지금 나온 최신상 라이트버젼은 하늘을
나는 여자분 복장처럼 가볍고 편하게 바르고
쓸 수 있다는거래요ㅋ 진짜 신기하죠?
저만 몰랐던거 아니죠? 그런 스토리를
듣고나니까 신기하고 어떤용도로 써야되는지
감이 확 오더라구요ㅋ 여러분들도 한번
다시 살펴보세요ㅎ 그럼 용도에 맞게 그때그때
기분에따라 아주 잘 사용하실 수 있을거에요
이 아이는 진짜 모공프라이머지만 굉장히
라이트한 발림성이라서 부담없이 손이 많이 가요ㅋ
얇게 밀착시켜주면 정말 가벼워서 발랐나?
싶을 정도지만 자연스럽게 모공커버를 해주네요
완벽하게 가리긴 힘들지만 코시국이니까,
라이트하게 바르는게 더 좋아요",5,복합성;웜톤;모공;잡티
3,20221016_025234,프라이버/베이스,[NEW] 베네피트 더 포어페셔널 라이트 프라이머 미니,https://www.oliveyoung.co.kr/store/goods/getGoodsDetail.do?goodsNo=A000000161476&dispCatNo=1000001000200010003&trackingCd&curation&egcode&rccode&egrankcode,베네피트,[NEW] 베네피트 더 포어페셔널 라이트 프라이머 미니,20000,17000,,"정제수,글리세린,실리카,소듐아크릴레이트크로스폴리머-2,부틸렌글라이콜,피피지-24-글리세레스-24,페녹시에탄올,피이지-60하이드로제네이티드캐스터오일,세틸알코올,토코페릴아세테이트,에틸헥실글리세린,잔탄검,적색산화철,토코페롤",모든 피부타입,건성대왕흰듀,2022.09.21,"# 베네피트 더 포어페셔널 라이트 프라이머 _ 미니

🔎건성/민감성 , 봄 웜 라이트톤의 솔직 후기

✔️ 구매계기
: 프라이머를 사용하고 싶어서 구매하게 되었어요!
제가 지금 사용하고 있는 쿠션이 클리오의 킬커버 진정 쿠션인데, 이 쿠션이 정말 톤업쿠션같은 느낌이라 정말 마음에 들지만 모공커버가 아주 안되기 때문에… 모공커버를 위해서 구매해보았습니다.

✔️ 발림성
: 발림성 굳이요! 진짜 좋고 모공커버도 잘됩니다.
여윽시 베네피트..
걍 믿고 삽니다

✔️ 크기가 너무작아.
: 이게 뭔가요
미니인거 알고사긴했지만
진짜작아도 너무 작다 ㅠㅠ
돈내고 뭔가 사은품을 산 기분?
그정도로 개작음..

🌟 총평
역시 유명한 이유가 다 있어요,,

🙆‍♀ 재구매 의사
: ⭕️

긴 리뷰 읽어주셔서 감사합니다!
도움이 되셨다면 도움이 돼요👍를 눌러주세용!
-주관적인 생각을 담은 리뷰입니다-
#베네피트프라이머",5,건성;봄웜톤;다크서클;모공
4,20221016_025234,프라이버/베이스,[NEW] 베네피트 더 포어페셔널 라이트 프라이머 미니,https://www.oliveyoung.co.kr/store/goods/getGoodsDetail.do?goodsNo=A000000161476&dispCatNo=1000001000200010003&trackingCd&curation&egcode&rccode&egrankcode,베네피트,[NEW] 베네피트 더 포어페셔널 라이트 프라이머 미니,20000,17000,,"정제수,글리세린,실리카,소듐아크릴레이트크로스폴리머-2,부틸렌글라이콜,피피지-24-글리세레스-24,페녹시에탄올,피이지-60하이드로제네이티드캐스터오일,세틸알코올,토코페릴아세테이트,에틸헥실글리세린,잔탄검,적색산화철,토코페롤",모든 피부타입,브라이트,2022.01.21,"모공이 이전보다 눈에 띄어서 계속 스트레스 였는데 종라도 모공 커버에 도움이되지 않을까하여 베네피트 프라이머 제품을 구입해보게 되었습니다. 
원래 워낙 유명하던 원조 제품은 알고 있었는데 이번에 파란색 케이스의 신제품이 출시 되었더라구요!
라이트 프라이머리 기존 제형 보다 약간은 가볍게 발리는 느낌?! 인지 전 제품 사용 기억이 가물가물해서 정확히는 모르겠고요, 우선은 미니 사이즈가 박스에서 본품을 꺼내면 샘플 같아보이긴 하네요.
프라이머 자체를 소량만 덜어서 사용하기 때문에 많이 아니 금방 사용할 것 같진 않고요. 아직은 모공이 잘 가려지는건지가확실히.모르겠지만 메이크업 전에 꾸준히 사용해보고 좀 더 지켜보겠습다! 감사합니다. 모공이 걱정이신 분들은 올리브영 할인 행사 기간에 구입해서 사용해보세요.
잘 구입한 것 같습니다.",4,건성;웜톤;미백;잡티
5,20221016_025234,프라이버/베이스,[NEW] 베네피트 더 포어페셔널 라이트 프라이머 미니,https://www.oliveyoung.co.kr/store/goods/getGoodsDetail.do?goodsNo=A000000161476&dispCatNo=1000001000200010003&trackingCd&curation&egcode&rccode&egrankcode,베네피트,[NEW] 베네피트 더 포어페셔널 라이트 프라이머 미니,20000,17000,,"정제수,글리세린,실리카,소듐아크릴레이트크로스폴리머-2,부틸렌글라이콜,피피지-24-글리세레스-24,페녹시에탄올,피이지-60하이드로제네이티드캐스터오일,세틸알코올,토코페릴아세테이트,에틸헥실글리세린,잔탄검,적색산화철,토코페롤",모든 피부타입,쿼카민,2022.01.21,"🙆🏻‍♀️ 볼 홍조/가을웜톤/건성피부

베네피트 모공프라이머 너무 유명하죠~~ 
20대까지는 모공가리는거 없이 (사실 모공 가릴게 없던 피부 ㅠㅠ)  피부화장을 했는데 

마스크를 많이 써서인지 관리를 소홀히 했던 탓인지 
나이가 들어서인지 ㅠㅠㅠㅠ 화장 후 시간 지나면 코주변
으로 모공들이 보이더라구요
얼마나 지저분해보이는지 파데끼고,,,, 
그러는 와중에 새롭게 건성용 모공프라이머가 출시되고
처음 구매하는 프라이머라 우선 작은사이즈로 구매했어용 

사용감은 생각보다 되직(?)하지 않고 촉촉하고 
아주 콩알만큼 소량 바르고 화장하고 퇴근하고 보니 
끼임은 전혀없어서 '아~이래서 모공프라이머라는걸 사용하는구나~~' 싶었어요 ㅎㅎ 

하지만 크기가 너무 너무 작아요 ㅠㅠ 샘플온줄알았어요",4,건성;가을웜톤;각질;민감성
6,20221016_025235,프라이버/베이스,[NEW] 베네피트 더 포어페셔널 라이트 프라이머 미니,https://www.oliveyoung.co.kr/store/goods/getGoodsDetail.do?goodsNo=A000000161476&dispCatNo=1000001000200010003&trackingCd&curation&egcode&rccode&egrankcode,베네피트,[NEW] 베네피트 더 포어페셔널 라이트 프라이머 미니,20000,17000,,"정제수,글리세린,실리카,소듐아크릴레이트크로스폴리머-2,부틸렌글라이콜,피피지-24-글리세레스-24,페녹시에탄올,피이지-60하이드로제네이티드캐스터오일,세틸알코올,토코페릴아세테이트,에틸헥실글리세린,잔탄검,적색산화철,토코페롤",모든 피부타입,frank,2022.01.19,"베네피트 프라이머 제품은 워낙 유명해서 예전부터 사용해오고 있던 제품인데요 이번에 라이트 신제품이 출시되어 구입해보게 되었습니다. 신제품이라 처음부터 대용량? 을 구입해서 사용하기에는 조금 부담스러워서 검증 차원에서 미니 사이즈 제품으로 구입해 보았고요.
모공 커버에는 이만한 제품이 없는 것 같고요 초록색 제품보다는 가벼운 느낌의 제형인 것 같습니다. 
미니사이즈인데도 할인이 안들어 갔을때는 구입하기 다소 부담스러운 가격이 아닐까 싶긴하고요.. 그래도 출기 기념? 으루 사은품도 제공 받아서 그마나 구매를 결정하는데 도움이 되었던 것 같습니다ㅎㅎ 다 사용 후 정품? 사이즈로 구입해서 정착할까 합니다. 다른 베네피트 제품도 사용해보려고 합니다. 모공이 고민이신 분들께 적합한 좋을 것 같습니다. 감사합니다.  추후 재구매 하겠습니다~~",5,복합성;각질;모공
7,20221016_025235,프라이버/베이스,[NEW] 베네피트 더 포어페셔널 라이트 프라이머 미니,https://www.oliveyoung.co.kr/store/goods/getGoodsDetail.do?goodsNo=A000000161476&dispCatNo=1000001000200010003&trackingCd&curation&egcode&rccode&egrankcode,베네피트,[NEW] 베네피트 더 포어페셔널 라이트 프라이머 미니,20000,17000,,"정제수,글리세린,실리카,소듐아크릴레이트크로스폴리머-2,부틸렌글라이콜,피피지-24-글리세레스-24,페녹시에탄올,피이지-60하이드로제네이티드캐스터오일,세틸알코올,토코페릴아세테이트,에틸헥실글리세린,잔탄검,적색산화철,토코페롤",모든 피부타입,eunsoo1****,2022.06.18,"미니 사이즈라서 이거 사용해보고 너무 좋아서
얼마전에 공항 면세점에서 큰 사이즈로 하나 더 구매함
매트한 타입이라 사용후에 쿠션 사용하면 각질부각될까봐
걱정했는데 절대로 안 그럼",5,지성;봄웜톤;모공;탄력
8,20221016_025236,프라이버/베이스,[NEW] 베네피트 더 포어페셔널 라이트 프라이머 미니,https://www.oliveyoung.co.kr/store/goods/getGoodsDetail.do?goodsNo=A000000161476&dispCatNo=1000001000200010003&trackingCd&curation&egcode&rccode&egrankcode,베네피트,[NEW] 베네피트 더 포어페셔널 라이트 프라이머 미니,20000,17000,,"정제수,글리세린,실리카,소듐아크릴레이트크로스폴리머-2,부틸렌글라이콜,피피지-24-글리세레스-24,페녹시에탄올,피이지-60하이드로제네이티드캐스터오일,세틸알코올,토코페릴아세테이트,에틸헥실글리세린,잔탄검,적색산화철,토코페롤",모든 피부타입,emj800,2022.03.12,매트하지만 밀리지 않고 위에 팩트를 발랐더니 주름부분이 매끈해진느낌이네요 손등에 테스트하고 사진찍은건데 잘 안보입....  오리지널보다 가벼운 느끼이라 전 훨씬 좋네요,5,_alchera_none_
9,20221016_025237,프라이버/베이스,[NEW] 베네피트 더 포어페셔널 라이트 프라이머 미니,https://www.oliveyoung.co.kr/store/goods/getGoodsDetail.do?goodsNo=A000000161476&dispCatNo=1000001000200010003&trackingCd&curation&egcode&rccode&egrankcode,베네피트,[NEW] 베네피트 더 포어페셔널 라이트 프라이머 미니,20000,17000,,"정제수,글리세린,실리카,소듐아크릴레이트크로스폴리머-2,부틸렌글라이콜,피피지-24-글리세레스-24,페녹시에탄올,피이지-60하이드로제네이티드캐스터오일,세틸알코올,토코페릴아세테이트,에틸헥실글리세린,잔탄검,적색산화철,토코페롤",모든 피부타입,3357****,2022.06.29,프라이머는 처음 사용하는 거라 작은 사이즈 써보고 큰사이즈 써야지 하고 구매해봤오요. 정말 샘플 크기네요. 그런데 콩알만큼 덜어서 쓰는 거라 오래 쓸듯은 합니다. 굳이 많이 바를 필요 없이 코자 코 주변에만 바르고 있어요. 모공 가려주는 효과가 있는것 같아요. 볼 주변에 가려움증이 약간이 일어나는 타입인데 가렵지 않아 사용감은 만족해요. 수분이 적당히 함유된게 이 제품 같아서 구매했구요. 차이점은 다른 타입을 써봐야 알것 같아요. 바른거랑 안 바른거랑은 모공도 지속력 차이도 나는것 같아 우선은 잘 쓰지 싶어요. 화장을 짙게 하는 타입이 아니라 프라이머 바르고 그 위에 액상 화운데이션 바르고 끝내는데 그래도 프라이머는 사용하는게 화장 효과도 모공도 지속력도 올려주는 것 같아 구매하길 잘한거 같아요. 마스크를 아직 쓰니깐 매일은 안 하게 되네요.,4,_alchera_none_
10,20221016_025241,프라이버/베이스,[NEW] 베네피트 더 포어페셔널 라이트 프라이머 미니,https://www.oliveyoung.co.kr/store/goods/getGoodsDetail.do?goodsNo=A000000161476&dispCatNo=1000001000200010003&trackingCd&curation&egcode&rccode&egrankcode,베네피트,[NEW] 베네피트 더 포어페셔널 라이트 프라이머 미니,20000,17000,,"정제수,글리세린,실리카,소듐아크릴레이트크로스폴리머-2,부틸렌글라이콜,피피지-24-글리세레스-24,페녹시에탄올,피이지-60하이드로제네이티드캐스터오일,세틸알코올,토코페릴아세테이트,에틸헥실글리세린,잔탄검,적색산화철,토코페롤",모든 피부타입,youjin****,2022.10.12,모공커버가 많이 되지는 않는것같아요 매트해서 바를때 잘 펴발라야해요 유분기는 좀 잡아주는것같아요,5,_alchera_none_
11,20221016_025242,프라이버/베이스,[NEW] 베네피트 더 포어페셔널 라이트 프라이머 미니,https://www.oliveyoung.co.kr/store/goods/getGoodsDetail.do?goodsNo=A000000161476&dispCatNo=1000001000200010003&trackingCd&curation&egcode&rccode&egrankcode,베네피트,[NEW] 베네피트 더 포어페셔널 라이트 프라이머 미니,20000,17000,,"정제수,글리세린,실리카,소듐아크릴레이트크로스폴리머-2,부틸렌글라이콜,피피지-24-글리세레스-24,페녹시에탄올,피이지-60하이드로제네이티드캐스터오일,세틸알코올,토코페릴아세테이트,에틸헥실글리세린,잔탄검,적색산화철,토코페롤",모든 피부타입,tnwjd****,2022.10.10,아주 잘 쓰고있어요 미간쪽이 털이 있어서 그런가 자꾸 뜨더라구요 그런곳에 사용중인데 매끄럽게 표현되고 좋습니다,5,_alchera_none_
12,20221016_025243,프라이버/베이스,[NEW] 베네피트 더 포어페셔널 라이트 프라이머 미니,https://www.oliveyoung.co.kr/store/goods/getGoodsDetail.do?goodsNo=A000000161476&dispCatNo=1000001000200010003&trackingCd&curation&egcode&rccode&egrankcode,베네피트,[NEW] 베네피트 더 포어페셔널 라이트 프라이머 미니,20000,17000,,"정제수,글리세린,실리카,소듐아크릴레이트크로스폴리머-2,부틸렌글라이콜,피피지-24-글리세레스-24,페녹시에탄올,피이지-60하이드로제네이티드캐스터오일,세틸알코올,토코페릴아세테이트,에틸헥실글리세린,잔탄검,적색산화철,토코페롤",모든 피부타입,tndnjsx****,2022.09.22,헤어몬 영상보다가 실리콘없는성분의 프라이머라고 해서 구매했어요 확실히 가볍고 모공도 잘 가려줘요 계속 재구매할것같아요 잘쓰겠습니다 !!!,5,_alchera_none_
13,20221016_025244,프라이버/베이스,[NEW] 베네피트 더 포어페셔널 라이트 프라이머 미니,https://www.oliveyoung.co.kr/store/goods/getGoodsDetail.do?goodsNo=A000000161476&dispCatNo=1000001000200010003&trackingCd&curation&egcode&rccode&egrankcode,베네피트,[NEW] 베네피트 더 포어페셔널 라이트 프라이머 미니,20000,17000,,"정제수,글리세린,실리카,소듐아크릴레이트크로스폴리머-2,부틸렌글라이콜,피피지-24-글리세레스-24,페녹시에탄올,피이지-60하이드로제네이티드캐스터오일,세틸알코올,토코페릴아세테이트,에틸헥실글리세린,잔탄검,적색산화철,토코페롤",모든 피부타입,doem****,2022.09.19,"촉촉하고 가벼워요! 그래도 프라이머는 기존 오리지널 제품이 가장 좋은 거 같아요ㅎ
프라이머 바를 때 매트한 감이 싫으신 분들은 좋아하실 거 같아요!",3,_alchera_none_
14,20221016_025245,프라이버/베이스,[NEW] 베네피트 더 포어페셔널 라이트 프라이머 미니,https://www.oliveyoung.co.kr/store/goods/getGoodsDetail.do?goodsNo=A000000161476&dispCatNo=1000001000200010003&trackingCd&curation&egcode&rccode&egrankcode,베네피트,[NEW] 베네피트 더 포어페셔널 라이트 프라이머 미니,20000,17000,,"정제수,글리세린,실리카,소듐아크릴레이트크로스폴리머-2,부틸렌글라이콜,피피지-24-글리세레스-24,페녹시에탄올,피이지-60하이드로제네이티드캐스터오일,세틸알코올,토코페릴아세테이트,에틸헥실글리세린,잔탄검,적색산화철,토코페롤",모든 피부타입,yellow****,2022.09.13,"내 최애 프라이머!!
여름에 바르면 쿨링도 돼서 정말 넘넘좋아요
모공 채워주는 건 두말 할 필요도 없슴",5,_alchera_none_
15,20221016_025246,프라이버/베이스,[NEW] 베네피트 더 포어페셔널 라이트 프라이머 미니,https://www.oliveyoung.co.kr/store/goods/getGoodsDetail.do?goodsNo=A000000161476&dispCatNo=1000001000200010003&trackingCd&curation&egcode&rccode&egrankcode,베네피트,[NEW] 베네피트 더 포어페셔널 라이트 프라이머 미니,20000,17000,,"정제수,글리세린,실리카,소듐아크릴레이트크로스폴리머-2,부틸렌글라이콜,피피지-24-글리세레스-24,페녹시에탄올,피이지-60하이드로제네이티드캐스터오일,세틸알코올,토코페릴아세테이트,에틸헥실글리세린,잔탄검,적색산화철,토코페롤",모든 피부타입,sophy****,2022.08.29,"일단 사이즈가 정말 작아서 놀랐습니다...넘 작은사이즈라 가격이 사악해보였구요. 발림감은 좋았는데 뭔가 서걱하고 덩어리감이 느껴졌습니다. 이름처럼 바른후 굉장히 가볍고 라이트한 후감을 가졌고요, 메이크업 하기전에 코나 이마 부분에만 간단하게 발라주었습니다. 밀착력도 좋은것 같네요",3,_alchera_none_
16,20221016_025247,프라이버/베이스,[NEW] 베네피트 더 포어페셔널 라이트 프라이머 미니,https://www.oliveyoung.co.kr/store/goods/getGoodsDetail.do?goodsNo=A000000161476&dispCatNo=1000001000200010003&trackingCd&curation&egcode&rccode&egrankcode,베네피트,[NEW] 베네피트 더 포어페셔널 라이트 프라이머 미니,20000,17000,,"정제수,글리세린,실리카,소듐아크릴레이트크로스폴리머-2,부틸렌글라이콜,피피지-24-글리세레스-24,페녹시에탄올,피이지-60하이드로제네이티드캐스터오일,세틸알코올,토코페릴아세테이트,에틸헥실글리세린,잔탄검,적색산화철,토코페롤",모든 피부타입,혜원love주원ly,2022.10.01,건성인 저에게 수분감있늠 프라이머는 필수 환전기라 피그ㅏ,5,_alchera_none_
17,20221016_025249,프라이버/베이스,[NEW] 베네피트 더 포어페셔널 라이트 프라이머 미니,https://www.oliveyoung.co.kr/store/goods/getGoodsDetail.do?goodsNo=A000000161476&dispCatNo=1000001000200010003&trackingCd&curation&egcode&rccode&egrankcode,베네피트,[NEW] 베네피트 더 포어페셔널 라이트 프라이머 미니,20000,17000,,"정제수,글리세린,실리카,소듐아크릴레이트크로스폴리머-2,부틸렌글라이콜,피피지-24-글리세레스-24,페녹시에탄올,피이지-60하이드로제네이티드캐스터오일,세틸알코올,토코페릴아세테이트,에틸헥실글리세린,잔탄검,적색산화철,토코페롤",모든 피부타입,bicsi****,2022.09.13,"기존 포어페셔널 사용하다가 조금더 산뜻하게 쓰고 싶어서 새로 사봤는데 발림성이나 산뜻함은 확실히 좋지만 재품력은 기존 제품이 더 낫다,,,,",4,_alchera_none_
18,20221016_025250,프라이버/베이스,[NEW] 베네피트 더 포어페셔널 라이트 프라이머 미니,https://www.oliveyoung.co.kr/store/goods/getGoodsDetail.do?goodsNo=A000000161476&dispCatNo=1000001000200010003&trackingCd&curation&egcode&rccode&egrankcode,베네피트,[NEW] 베네피트 더 포어페셔널 라이트 프라이머 미니,20000,17000,,"정제수,글리세린,실리카,소듐아크릴레이트크로스폴리머-2,부틸렌글라이콜,피피지-24-글리세레스-24,페녹시에탄올,피이지-60하이드로제네이티드캐스터오일,세틸알코올,토코페릴아세테이트,에틸헥실글리세린,잔탄검,적색산화철,토코페롤",모든 피부타입,quf****,2022.09.02,"마스크를 써서인지 나이가 들어서인지 모공이 많이 넓어져서 ㅠㅠ 처음으로 프라이머를 사봤어요
발림성 아주 부드럽구요
보정도 확실히 잘됩니다
많이바르면 피지가 더난리나는듯해요
양은 쪼끔만 발라도 보정됩니다~",5,_alchera_none_
19,20221016_025251,프라이버/베이스,[NEW] 베네피트 더 포어페셔널 라이트 프라이머 미니,https://www.oliveyoung.co.kr/store/goods/getGoodsDetail.do?goodsNo=A000000161476&dispCatNo=1000001000200010003&trackingCd&curation&egcode&rccode&egrankcode,베네피트,[NEW] 베네피트 더 포어페셔널 라이트 프라이머 미니,20000,17000,,"정제수,글리세린,실리카,소듐아크릴레이트크로스폴리머-2,부틸렌글라이콜,피피지-24-글리세레스-24,페녹시에탄올,피이지-60하이드로제네이티드캐스터오일,세틸알코올,토코페릴아세테이트,에틸헥실글리세린,잔탄검,적색산화철,토코페롤",모든 피부타입,jji****,2022.08.02,"원래는 기본 프라이머를 사용 했었는데, 새로 나와서 구매해 봤어요.. 저한테는 이 제품이 더 잘 맞았어요.. 조금 많은 양을 사용해 봤는데 화장이 밀리지 않았고, 모공도 더 잘 메워졌어요.. 단. 바를 때 좀 뻑뻑한 느낌이 들었어요.. 그래도 피부가 무거워 진다거나 모공을 막는 듯한 느낌은 들지 않았습니다..",5,_alchera_none_
20,20221016_025254,프라이버/베이스,[NEW] 베네피트 더 포어페셔널 라이트 프라이머 미니,https://www.oliveyoung.co.kr/store/goods/getGoodsDetail.do?goodsNo=A000000161476&dispCatNo=1000001000200010003&trackingCd&curation&egcode&rccode&egrankcode,베네피트,[NEW] 베네피트 더 포어페셔널 라이트 프라이머 미니,20000,17000,,"정제수,글리세린,실리카,소듐아크릴레이트크로스폴리머-2,부틸렌글라이콜,피피지-24-글리세레스-24,페녹시에탄올,피이지-60하이드로제네이티드캐스터오일,세틸알코올,토코페릴아세테이트,에틸헥실글리세린,잔탄검,적색산화철,토코페롤",모든 피부타입,ygmin****,2022.02.26,모공 커버 완벽히는 아니지만 어느 정도 되고! 전 무엇보다 메이크업 지속력이 확실히 길어지는 것 같아서 좋았어요👍 그리고 매트하지 않고 보송? 매끈한 느낌이고 성분도 모공을 막지 않는다고 했나 그래서 좋은 것 같아요~~ 아 미니는 크기가 정말 작네요^^..,5,_alchera_none_
21,20221016_025255,프라이버/베이스,[NEW] 베네피트 더 포어페셔널 라이트 프라이머 미니,https://www.oliveyoung.co.kr/store/goods/getGoodsDetail.do?goodsNo=A000000161476&dispCatNo=1000001000200010003&trackingCd&curation&egcode&rccode&egrankcode,베네피트,[NEW] 베네피트 더 포어페셔널 라이트 프라이머 미니,20000,17000,,"정제수,글리세린,실리카,소듐아크릴레이트크로스폴리머-2,부틸렌글라이콜,피피지-24-글리세레스-24,페녹시에탄올,피이지-60하이드로제네이티드캐스터오일,세틸알코올,토코페릴아세테이트,에틸헥실글리세린,잔탄검,적색산화철,토코페롤",모든 피부타입,vpffhx****,2022.02.24,"제품력에 이야기하기에 앞서
""미니""라는 단어가 붙은만큼 진짜 진짜 작아요ㅠㅠ
손 두마디..?만한 사이즈네요 처음에 받아보고 엄청 당황했어요
요즘 점점 늘어지는 모공 떄문에 왠만한 파운데이션을 사용해도
모공이 자꾸 눈에 띄어서 걱정이었어요
다른 ㅂㄴㄹㅋ같은 베네피트 저렴이 버전의 프라이머들을 사용해보긴 했는데 큰 차이도 없고 트러블 유발만 되더라구요
오늘 처음 사용해본 베네피트 프라이머에 대해 이야기 해보자면
유명하고 비싼거엔 이유가 있더라구요 ..
확실히 모공을 메꿔주는 것도 다르고
크게 건조하거나 밀림도 없어서
메이크업에 신경써야하는 날에 발라주려고 해요
또 바르는 양이 적어서 미니도 꽤 오래 사용할 거 같은 느낌이에요
재구매의사도 있고 다음에는 신제품을 사용해보거나
더 큰사이즈로 구매해서 써보려구요 !",5,_alchera_none_
22,20221016_025257,프라이버/베이스,[NEW] 베네피트 더 포어페셔널 라이트 프라이머 미니,https://www.oliveyoung.co.kr/store/goods/getGoodsDetail.do?goodsNo=A000000161476&dispCatNo=1000001000200010003&trackingCd&curation&egcode&rccode&egrankcode,베네피트,[NEW] 베네피트 더 포어페셔널 라이트 프라이머 미니,20000,17000,,"정제수,글리세린,실리카,소듐아크릴레이트크로스폴리머-2,부틸렌글라이콜,피피지-24-글리세레스-24,페녹시에탄올,피이지-60하이드로제네이티드캐스터오일,세틸알코올,토코페릴아세테이트,에틸헥실글리세린,잔탄검,적색산화철,토코페롤",모든 피부타입,inu****,2022.09.07,"아 저는 오리지날이 더 좋은 거 같아요 ㅠㅠㅠ 흑흑
후회됩니당 ㅠ",2,_alchera_none_
23,20221016_025258,프라이버/베이스,[NEW] 베네피트 더 포어페셔널 라이트 프라이머 미니,https://www.oliveyoung.co.kr/store/goods/getGoodsDetail.do?goodsNo=A000000161476&dispCatNo=1000001000200010003&trackingCd&curation&egcode&rccode&egrankcode,베네피트,[NEW] 베네피트 더 포어페셔널 라이트 프라이머 미니,20000,17000,,"정제수,글리세린,실리카,소듐아크릴레이트크로스폴리머-2,부틸렌글라이콜,피피지-24-글리세레스-24,페녹시에탄올,피이지-60하이드로제네이티드캐스터오일,세틸알코올,토코페릴아세테이트,에틸헥실글리세린,잔탄검,적색산화철,토코페롤",모든 피부타입,ksm55****,2022.08.23,프라이머치고 촉촉한 편이어서 얼굴이 땡기는 것 없어서 잘 쓰고 있어요,5,_alchera_none_
24,20221016_025259,프라이버/베이스,[NEW] 베네피트 더 포어페셔널 라이트 프라이머 미니,https://www.oliveyoung.co.kr/store/goods/getGoodsDetail.do?goodsNo=A000000161476&dispCatNo=1000001000200010003&trackingCd&curation&egcode&rccode&egrankcode,베네피트,[NEW] 베네피트 더 포어페셔널 라이트 프라이머 미니,20000,17000,,"정제수,글리세린,실리카,소듐아크릴레이트크로스폴리머-2,부틸렌글라이콜,피피지-24-글리세레스-24,페녹시에탄올,피이지-60하이드로제네이티드캐스터오일,세틸알코올,토코페릴아세테이트,에틸헥실글리세린,잔탄검,적색산화철,토코페롤",모든 피부타입,ksun****,2022.07.21,모공이 고민이여서 구매해봤어요 오리지널은 워낙유명해서 이번에 새로 나온거 써봤는데 커버가 잘되는 느낌은 다소 떨어지네요,4,_alchera_none_
25,20221016_025300,프라이버/베이스,[NEW] 베네피트 더 포어페셔널 라이트 프라이머 미니,https://www.oliveyoung.co.kr/store/goods/getGoodsDetail.do?goodsNo=A000000161476&dispCatNo=1000001000200010003&trackingCd&curation&egcode&rccode&egrankcode,베네피트,[NEW] 베네피트 더 포어페셔널 라이트 프라이머 미니,20000,17000,,"정제수,글리세린,실리카,소듐아크릴레이트크로스폴리머-2,부틸렌글라이콜,피피지-24-글리세레스-24,페녹시에탄올,피이지-60하이드로제네이티드캐스터오일,세틸알코올,토코페릴아세테이트,에틸헥실글리세린,잔탄검,적색산화철,토코페롤",모든 피부타입,jyn****,2022.06.16,"소량만으로 미간쪽 매꿔주는데 유분이 안올라오지는 않아요
다른 프라이머보다 발림성좋고 스킬없이 발라도 
밀리지 않아서 좋아요 
정말 소량만 사용하는거라 이렇게 작은 사이즈도 좋은 것 같아요
코로나 시국에 생각보다 화장할 일이 많지는 않아서 적당합니다.",5,_alchera_none_
26,20221016_025301,프라이버/베이스,[NEW] 베네피트 더 포어페셔널 라이트 프라이머 미니,https://www.oliveyoung.co.kr/store/goods/getGoodsDetail.do?goodsNo=A000000161476&dispCatNo=1000001000200010003&trackingCd&curation&egcode&rccode&egrankcode,베네피트,[NEW] 베네피트 더 포어페셔널 라이트 프라이머 미니,20000,17000,,"정제수,글리세린,실리카,소듐아크릴레이트크로스폴리머-2,부틸렌글라이콜,피피지-24-글리세레스-24,페녹시에탄올,피이지-60하이드로제네이티드캐스터오일,세틸알코올,토코페릴아세테이트,에틸헥실글리세린,잔탄검,적색산화철,토코페롤",모든 피부타입,hanlov****,2022.03.18,아직 써보진 않았어요 다른걸 써봐서 기대감을 안고 시켰는데 미니는 처음인데 진짜 겁나 작네요? 립스틱 사이즈입니다. 금방 쓸 듯…,3,_alchera_none_
27,20221016_025303,프라이버/베이스,[NEW] 베네피트 더 포어페셔널 라이트 프라이머 미니,https://www.oliveyoung.co.kr/store/goods/getGoodsDetail.do?goodsNo=A000000161476&dispCatNo=1000001000200010003&trackingCd&curation&egcode&rccode&egrankcode,베네피트,[NEW] 베네피트 더 포어페셔널 라이트 프라이머 미니,20000,17000,,"정제수,글리세린,실리카,소듐아크릴레이트크로스폴리머-2,부틸렌글라이콜,피피지-24-글리세레스-24,페녹시에탄올,피이지-60하이드로제네이티드캐스터오일,세틸알코올,토코페릴아세테이트,에틸헥실글리세린,잔탄검,적색산화철,토코페롤",모든 피부타입,yjhs****,2022.07.29,유명한 제품 프라이머~~ 가격에 비해 정말 쪼그만한 싸이즈~~ 그렇지만 소량만 쓰기때문에 괜찮아요,5,_alchera_none_
28,20221016_025304,프라이버/베이스,[NEW] 베네피트 더 포어페셔널 라이트 프라이머 미니,https://www.oliveyoung.co.kr/store/goods/getGoodsDetail.do?goodsNo=A000000161476&dispCatNo=1000001000200010003&trackingCd&curation&egcode&rccode&egrankcode,베네피트,[NEW] 베네피트 더 포어페셔널 라이트 프라이머 미니,20000,17000,,"정제수,글리세린,실리카,소듐아크릴레이트크로스폴리머-2,부틸렌글라이콜,피피지-24-글리세레스-24,페녹시에탄올,피이지-60하이드로제네이티드캐스터오일,세틸알코올,토코페릴아세테이트,에틸헥실글리세린,잔탄검,적색산화철,토코페롤",모든 피부타입,plmp****,2022.06.05,첫 발림에서 쿨링감이 돌아서 신기했어요 수부지에 코각질이 고민인 사람인데 촉촉하게 발리고 마무리감도 건조하지 않아서 자주 사용하게 될 것 같아요,3,_alchera_none_
29,20221016_025305,프라이버/베이스,[NEW] 베네피트 더 포어페셔널 라이트 프라이머 미니,https://www.oliveyoung.co.kr/store/goods/getGoodsDetail.do?goodsNo=A000000161476&dispCatNo=1000001000200010003&trackingCd&curation&egcode&rccode&egrankcode,베네피트,[NEW] 베네피트 더 포어페셔널 라이트 프라이머 미니,20000,17000,,"정제수,글리세린,실리카,소듐아크릴레이트크로스폴리머-2,부틸렌글라이콜,피피지-24-글리세레스-24,페녹시에탄올,피이지-60하이드로제네이티드캐스터오일,세틸알코올,토코페릴아세테이트,에틸헥실글리세린,잔탄검,적색산화철,토코페롤",모든 피부타입,vn****,2022.06.02,"역시 모공프라이머는 베네피트네요... 일단 오리지널 버전보다 더 수분감 있고, 바르는 즉시 모공이 가려지는 효과가 있어요.",5,_alchera_none_
30,20221016_025308,프라이버/베이스,[NEW] 베네피트 더 포어페셔널 라이트 프라이머 미니,https://www.oliveyoung.co.kr/store/goods/getGoodsDetail.do?goodsNo=A000000161476&dispCatNo=1000001000200010003&trackingCd&curation&egcode&rccode&egrankcode,베네피트,[NEW] 베네피트 더 포어페셔널 라이트 프라이머 미니,20000,17000,,"정제수,글리세린,실리카,소듐아크릴레이트크로스폴리머-2,부틸렌글라이콜,피피지-24-글리세레스-24,페녹시에탄올,피이지-60하이드로제네이티드캐스터오일,세틸알코올,토코페릴아세테이트,에틸헥실글리세린,잔탄검,적색산화철,토코페롤",모든 피부타입,dbru****,2022.03.13,"프라이머 최강 일인자 아닌가 싶다 조금만 발라도 효과 뛰어남
작아서 귀엽네요",5,_alchera_none_
31,20221016_025309,프라이버/베이스,[NEW] 베네피트 더 포어페셔널 라이트 프라이머 미니,https://www.oliveyoung.co.kr/store/goods/getGoodsDetail.do?goodsNo=A000000161476&dispCatNo=1000001000200010003&trackingCd&curation&egcode&rccode&egrankcode,베네피트,[NEW] 베네피트 더 포어페셔널 라이트 프라이머 미니,20000,17000,,"정제수,글리세린,실리카,소듐아크릴레이트크로스폴리머-2,부틸렌글라이콜,피피지-24-글리세레스-24,페녹시에탄올,피이지-60하이드로제네이티드캐스터오일,세틸알코올,토코페릴아세테이트,에틸헥실글리세린,잔탄검,적색산화철,토코페롤",모든 피부타입,thgh****,2022.07.11,제가 잘 못하는건지. 구뭉이 매워지는 느낌이 없어용 ㅠㅠ 그냥 오리지널로 살껄 후회둥입니당,2,_alchera_none_
32,20221016_025311,프라이버/베이스,[NEW] 베네피트 더 포어페셔널 라이트 프라이머 미니,https://www.oliveyoung.co.kr/store/goods/getGoodsDetail.do?goodsNo=A000000161476&dispCatNo=1000001000200010003&trackingCd&curation&egcode&rccode&egrankcode,베네피트,[NEW] 베네피트 더 포어페셔널 라이트 프라이머 미니,20000,17000,,"정제수,글리세린,실리카,소듐아크릴레이트크로스폴리머-2,부틸렌글라이콜,피피지-24-글리세레스-24,페녹시에탄올,피이지-60하이드로제네이티드캐스터오일,세틸알코올,토코페릴아세테이트,에틸헥실글리세린,잔탄검,적색산화철,토코페롤",모든 피부타입,thalsq****,2022.07.05,차이를 그렇게 크게 못느끼지만 그래도 안발랐을때보다는 훨씬 좋은거같네요,5,_alchera_none_
33,20221016_025312,프라이버/베이스,[NEW] 베네피트 더 포어페셔널 라이트 프라이머 미니,https://www.oliveyoung.co.kr/store/goods/getGoodsDetail.do?goodsNo=A000000161476&dispCatNo=1000001000200010003&trackingCd&curation&egcode&rccode&egrankcode,베네피트,[NEW] 베네피트 더 포어페셔널 라이트 프라이머 미니,20000,17000,,"정제수,글리세린,실리카,소듐아크릴레이트크로스폴리머-2,부틸렌글라이콜,피피지-24-글리세레스-24,페녹시에탄올,피이지-60하이드로제네이티드캐스터오일,세틸알코올,토코페릴아세테이트,에틸헥실글리세린,잔탄검,적색산화철,토코페롤",모든 피부타입,ksm55****,2022.06.05,프라이머 치고는 촉촉하고 여름에 쓰기 좋아요 모공을 잘 메꾸어주네요,5,_alchera_none_
34,20221016_025313,프라이버/베이스,[NEW] 베네피트 더 포어페셔널 라이트 프라이머 미니,https://www.oliveyoung.co.kr/store/goods/getGoodsDetail.do?goodsNo=A000000161476&dispCatNo=1000001000200010003&trackingCd&curation&egcode&rccode&egrankcode,베네피트,[NEW] 베네피트 더 포어페셔널 라이트 프라이머 미니,20000,17000,,"정제수,글리세린,실리카,소듐아크릴레이트크로스폴리머-2,부틸렌글라이콜,피피지-24-글리세레스-24,페녹시에탄올,피이지-60하이드로제네이티드캐스터오일,세틸알코올,토코페릴아세테이트,에틸헥실글리세린,잔탄검,적색산화철,토코페롤",모든 피부타입,yurim****,2022.05.20,프라이머 처음 써봤는데 메이크업 할때 쓰고 안쓰고 차이가 엄청나네요,5,_alchera_none_
35,20221016_025314,프라이버/베이스,[NEW] 베네피트 더 포어페셔널 라이트 프라이머 미니,https://www.oliveyoung.co.kr/store/goods/getGoodsDetail.do?goodsNo=A000000161476&dispCatNo=1000001000200010003&trackingCd&curation&egcode&rccode&egrankcode,베네피트,[NEW] 베네피트 더 포어페셔널 라이트 프라이머 미니,20000,17000,,"정제수,글리세린,실리카,소듐아크릴레이트크로스폴리머-2,부틸렌글라이콜,피피지-24-글리세레스-24,페녹시에탄올,피이지-60하이드로제네이티드캐스터오일,세틸알코올,토코페릴아세테이트,에틸헥실글리세린,잔탄검,적색산화철,토코페롤",모든 피부타입,kkh****,2022.03.30,오리지널보다는 수분감이 있어서 너무 좋았어요! 오리지널은 너무 건조하게 느껴져서 화장하기도 전에 각질이 올라오더라고요ㅠㅠㅠ지속력이 강하진않지만 여름에 얇게 바르기에는 좋은것같아요!,5,_alchera_none_
36,20221016_025315,프라이버/베이스,[NEW] 베네피트 더 포어페셔널 라이트 프라이머 미니,https://www.oliveyoung.co.kr/store/goods/getGoodsDetail.do?goodsNo=A000000161476&dispCatNo=1000001000200010003&trackingCd&curation&egcode&rccode&egrankcode,베네피트,[NEW] 베네피트 더 포어페셔널 라이트 프라이머 미니,20000,17000,,"정제수,글리세린,실리카,소듐아크릴레이트크로스폴리머-2,부틸렌글라이콜,피피지-24-글리세레스-24,페녹시에탄올,피이지-60하이드로제네이티드캐스터오일,세틸알코올,토코페릴아세테이트,에틸헥실글리세린,잔탄검,적색산화철,토코페롤",모든 피부타입,dnrud****,2022.02.14,모공때문에 구매했는데 모공은 물론이고 지속력도 높아져서 아주 만족하며 쓰고 있는제품입니다! 저는 건성이라 프라이머 쓰기전에 기초 잘 해주고 발라주면 메이크업도 뜨지 않고 처음한 메이크업 그대로 유지가능합니다.,5,_alchera_none_
37,20221016_025316,프라이버/베이스,[NEW] 베네피트 더 포어페셔널 라이트 프라이머 미니,https://www.oliveyoung.co.kr/store/goods/getGoodsDetail.do?goodsNo=A000000161476&dispCatNo=1000001000200010003&trackingCd&curation&egcode&rccode&egrankcode,베네피트,[NEW] 베네피트 더 포어페셔널 라이트 프라이머 미니,20000,17000,,"정제수,글리세린,실리카,소듐아크릴레이트크로스폴리머-2,부틸렌글라이콜,피피지-24-글리세레스-24,페녹시에탄올,피이지-60하이드로제네이티드캐스터오일,세틸알코올,토코페릴아세테이트,에틸헥실글리세린,잔탄검,적색산화철,토코페롤",모든 피부타입,pooh****,2022.01.23,"왜 베네피트 프라이머가 유명한지 알겠네요! 얇고 작은 눈꼽만하게 짜서 한쪽볼에 펴바르면 확실히 모공 커버가 돼요.  다만 마스크를 낀 부위는 마찰, 열, 수증기등으로 무너지는건 못 막아주네요 ㅠ ㅠ",5,_alchera_none_
38,20221016_025318,프라이버/베이스,[NEW] 베네피트 더 포어페셔널 라이트 프라이머 미니,https://www.oliveyoung.co.kr/store/goods/getGoodsDetail.do?goodsNo=A000000161476&dispCatNo=1000001000200010003&trackingCd&curation&egcode&rccode&egrankcode,베네피트,[NEW] 베네피트 더 포어페셔널 라이트 프라이머 미니,20000,17000,,"정제수,글리세린,실리카,소듐아크릴레이트크로스폴리머-2,부틸렌글라이콜,피피지-24-글리세레스-24,페녹시에탄올,피이지-60하이드로제네이티드캐스터오일,세틸알코올,토코페릴아세테이트,에틸헥실글리세린,잔탄검,적색산화철,토코페롤",모든 피부타입,젤리매니아,2022.04.03,좋다그래서 한번써보려고 작은거 한번 사봤는데 그냥..네...뭐 좋아요,5,_alchera_none_
39,20221016_025319,프라이버/베이스,[NEW] 베네피트 더 포어페셔널 라이트 프라이머 미니,https://www.oliveyoung.co.kr/store/goods/getGoodsDetail.do?goodsNo=A000000161476&dispCatNo=1000001000200010003&trackingCd&curation&egcode&rccode&egrankcode,베네피트,[NEW] 베네피트 더 포어페셔널 라이트 프라이머 미니,20000,17000,,"정제수,글리세린,실리카,소듐아크릴레이트크로스폴리머-2,부틸렌글라이콜,피피지-24-글리세레스-24,페녹시에탄올,피이지-60하이드로제네이티드캐스터오일,세틸알코올,토코페릴아세테이트,에틸헥실글리세린,잔탄검,적색산화철,토코페롤",모든 피부타입,digh****,2022.04.02,"음 핑크색 쓰다가 갈아탔는데 핑크색이 더 좋은 것 같아요., 이건 그냥 그래요",3,_alchera_none_
40,20221016_025322,프라이버/베이스,[NEW] 베네피트 더 포어페셔널 라이트 프라이머 미니,https://www.oliveyoung.co.kr/store/goods/getGoodsDetail.do?goodsNo=A000000161476&dispCatNo=1000001000200010003&trackingCd&curation&egcode&rccode&egrankcode,베네피트,[NEW] 베네피트 더 포어페셔널 라이트 프라이머 미니,20000,17000,,"정제수,글리세린,실리카,소듐아크릴레이트크로스폴리머-2,부틸렌글라이콜,피피지-24-글리세레스-24,페녹시에탄올,피이지-60하이드로제네이티드캐스터오일,세틸알코올,토코페릴아세테이트,에틸헥실글리세린,잔탄검,적색산화철,토코페롤",모든 피부타입,thddusg****,2022.03.17,처음으로 사용해보는 프라이머 제품인데요 음…딱히 두드러지게 장점도 단점도 잘 느껴지지 않았던거 같아요,4,_alchera_none_
41,20221016_025323,프라이버/베이스,[NEW] 베네피트 더 포어페셔널 라이트 프라이머 미니,https://www.oliveyoung.co.kr/store/goods/getGoodsDetail.do?goodsNo=A000000161476&dispCatNo=1000001000200010003&trackingCd&curation&egcode&rccode&egrankcode,베네피트,[NEW] 베네피트 더 포어페셔널 라이트 프라이머 미니,20000,17000,,"정제수,글리세린,실리카,소듐아크릴레이트크로스폴리머-2,부틸렌글라이콜,피피지-24-글리세레스-24,페녹시에탄올,피이지-60하이드로제네이티드캐스터오일,세틸알코올,토코페릴아세테이트,에틸헥실글리세린,잔탄검,적색산화철,토코페롤",모든 피부타입,choiym****,2022.03.03,딸아이가 사용하는걸보고 신기해서 구매했어요 코만 지성이라서 바르고 화장하니 아주좋으네요,5,_alchera_none_
42,20221016_025324,프라이버/베이스,[NEW] 베네피트 더 포어페셔널 라이트 프라이머 미니,https://www.oliveyoung.co.kr/store/goods/getGoodsDetail.do?goodsNo=A000000161476&dispCatNo=1000001000200010003&trackingCd&curation&egcode&rccode&egrankcode,베네피트,[NEW] 베네피트 더 포어페셔널 라이트 프라이머 미니,20000,17000,,"정제수,글리세린,실리카,소듐아크릴레이트크로스폴리머-2,부틸렌글라이콜,피피지-24-글리세레스-24,페녹시에탄올,피이지-60하이드로제네이티드캐스터오일,세틸알코올,토코페릴아세테이트,에틸헥실글리세린,잔탄검,적색산화철,토코페롤",모든 피부타입,ssomi****,2022.02.28,양이 많지는 않지만 소량만 사용해서 오래 쓸 것 같습니다!!,5,_alchera_none_
43,20221016_025325,프라이버/베이스,[NEW] 베네피트 더 포어페셔널 라이트 프라이머 미니,https://www.oliveyoung.co.kr/store/goods/getGoodsDetail.do?goodsNo=A000000161476&dispCatNo=1000001000200010003&trackingCd&curation&egcode&rccode&egrankcode,베네피트,[NEW] 베네피트 더 포어페셔널 라이트 프라이머 미니,20000,17000,,"정제수,글리세린,실리카,소듐아크릴레이트크로스폴리머-2,부틸렌글라이콜,피피지-24-글리세레스-24,페녹시에탄올,피이지-60하이드로제네이티드캐스터오일,세틸알코올,토코페릴아세테이트,에틸헥실글리세린,잔탄검,적색산화철,토코페롤",모든 피부타입,zxcv****,2022.02.26,너무 급해서 올리브영에서 샀어요 이벤트 좀 해주세요^^=,4,_alchera_none_
44,20221016_025326,프라이버/베이스,[NEW] 베네피트 더 포어페셔널 라이트 프라이머 미니,https://www.oliveyoung.co.kr/store/goods/getGoodsDetail.do?goodsNo=A000000161476&dispCatNo=1000001000200010003&trackingCd&curation&egcode&rccode&egrankcode,베네피트,[NEW] 베네피트 더 포어페셔널 라이트 프라이머 미니,20000,17000,,"정제수,글리세린,실리카,소듐아크릴레이트크로스폴리머-2,부틸렌글라이콜,피피지-24-글리세레스-24,페녹시에탄올,피이지-60하이드로제네이티드캐스터오일,세틸알코올,토코페릴아세테이트,에틸헥실글리세린,잔탄검,적색산화철,토코페롤",모든 피부타입,gkdud****,2022.02.16,프라이머가 떨어져서 구매했숩니다. 새로 나온거 던데 촉촉해서 얼굴 부위에 고루 바르기 좋아요,5,_alchera_none_
45,20221016_025327,프라이버/베이스,[NEW] 베네피트 더 포어페셔널 라이트 프라이머 미니,https://www.oliveyoung.co.kr/store/goods/getGoodsDetail.do?goodsNo=A000000161476&dispCatNo=1000001000200010003&trackingCd&curation&egcode&rccode&egrankcode,베네피트,[NEW] 베네피트 더 포어페셔널 라이트 프라이머 미니,20000,17000,,"정제수,글리세린,실리카,소듐아크릴레이트크로스폴리머-2,부틸렌글라이콜,피피지-24-글리세레스-24,페녹시에탄올,피이지-60하이드로제네이티드캐스터오일,세틸알코올,토코페릴아세테이트,에틸헥실글리세린,잔탄검,적색산화철,토코페롤",모든 피부타입,en****,2022.02.01,너무너무 좋아요 잘 사용할게요 감사해요 다음에도 구매 의사 있어요,5,_alchera_none_
46,20221016_025329,프라이버/베이스,[NEW] 베네피트 더 포어페셔널 라이트 프라이머 미니,https://www.oliveyoung.co.kr/store/goods/getGoodsDetail.do?goodsNo=A000000161476&dispCatNo=1000001000200010003&trackingCd&curation&egcode&rccode&egrankcode,베네피트,[NEW] 베네피트 더 포어페셔널 라이트 프라이머 미니,20000,17000,,"정제수,글리세린,실리카,소듐아크릴레이트크로스폴리머-2,부틸렌글라이콜,피피지-24-글리세레스-24,페녹시에탄올,피이지-60하이드로제네이티드캐스터오일,세틸알코올,토코페릴아세테이트,에틸헥실글리세린,잔탄검,적색산화철,토코페롤",모든 피부타입,goldaeg****,2022.01.31,"프라이머 없으면 안되는 모공 피부 ㅠㅠ
바르는건 잘 발려서 좋은데 
제일 오리지널이 좋은거 같아요 ㅋㅋ",5,_alchera_none_
47,20221016_025330,프라이버/베이스,[NEW] 베네피트 더 포어페셔널 라이트 프라이머 미니,https://www.oliveyoung.co.kr/store/goods/getGoodsDetail.do?goodsNo=A000000161476&dispCatNo=1000001000200010003&trackingCd&curation&egcode&rccode&egrankcode,베네피트,[NEW] 베네피트 더 포어페셔널 라이트 프라이머 미니,20000,17000,,"정제수,글리세린,실리카,소듐아크릴레이트크로스폴리머-2,부틸렌글라이콜,피피지-24-글리세레스-24,페녹시에탄올,피이지-60하이드로제네이티드캐스터오일,세틸알코올,토코페릴아세테이트,에틸헥실글리세린,잔탄검,적색산화철,토코페롤",모든 피부타입,duddm****,2022.01.24,매트하지 않고 발림성이 좋아요. 밀착력도 나쁘지 않습니다.,3,_alchera_none_
