,timestamp,category,productName,urlProduct,brand,productName.1,price1,price2,Color,ingredients,skinType,username,datePublished,reviewText,score,reviewerSkinType
0,20221016_014736,파우더/팩트,[NEW] 헤라 소프트 피니시 루스 파우더 15g,https://www.oliveyoung.co.kr/store/goods/getGoodsDetail.do?goodsNo=A000000169938&dispCatNo=1000001000200010004&trackingCd&curation&egcode&rccode&egrankcode,헤라,[NEW] 헤라 소프트 피니시 루스 파우더 15g,60000,51000,,"마그네슘포타슘플루오로실리케이트, 실리카, 마그네슘미리스테이트, 비닐다이메티콘/메티콘실세스퀴옥세인크로스폴리머, 보론나이트라이드, 카프릴릭/카프릭트라이글리세라이드, 트라이에톡시카프릴릴실레인, 다이페닐실록시페닐트라이메티콘, 1,2-헥산다이올, 합성플루오르플로고파이트, 황색산화철, 에틸헥실글리세린, 아스코빅애씨드, 마이카, 정제수, 적색산화철, 데하이드로아세틱애씨드, 아크릴레이트/브이피코폴리머, 메티콘, 프로판다이올, 소듐하이알루로네이트, 하이드롤라이즈드하이알루로닉애씨드, 토코페롤, 소듐하이알루로네이트크로스폴리머, 하이알루로닉애씨드, 소듐아세틸레이티드하이알루로네이트",모든 피부,콩나무리,2022.08.28,"헤라 베이스 제품들을 잘 쓴 사람으로써
피니싱 파우더가 출시됐다고 해서 궁금했는데요🤔
저는 글로우한 피부표현을 안좋아해서 
겨울에도 무족권 파우더처리 해주는 사람이라
파우더 고르는 기준이 깐깐한 편인데요.
첫번째 ! 
얼굴 전체적으로 사용해줬을때 너무 텁텁해지지 않을것
두번째 !
모공과 요철을  잘 메워주는가
세번째!
나중에 시간이 지나고 피부 화장을 건조하게 하면서
갈라지며 무너지는가
이 정도의 기준으로 파우더를 고르는편이에요.
가장 잘 맞았던 파우더는 로라메ㅔ르시에 루스파우더였어요😌
저의 파우더 취향을 알고 읽으시면 
더 도움이 되실까 하여 먼저 적고 리뷰해봅니다!

우선 제품 받았을때 패키지가 헤라답게 시크하고 깔끔한 느낌이라 좋았어요❇️
선물하기 좋겠다~싶더라구요.
뚜껑을 열면 퍼프를 올려 놓을수있는  캡이 하나 더 있고 그다음 매쉬망으로 파우더가 나오는데
제형이 굉장히 가볍고 고와요.
그래서 피부에 도포해주었을때도 건조하지 않고
마스크속에 많이 움직였음에도 불구하고
갈라지거나 베이스가 까지는게 아니라
기름이랑 섞이며 예쁘게 무너지더라구요
가장 마음에 들었던 부분이었어요!
모공 메움은 사실 조금 아쉬웠는데
조금 더 모가 촘촘한 브러쉬로 사용해주면
지금보다 더 좋아질것 같아서 해보고 추가로 리뷰남길게요.(사진에서는 피카소 108으로 했었어요)
전체적인 퍼포먼스는 괜찮다라고 느꼈지만
가장 아쉬운건 양조절이 좀 어려워요.
매쉬망 자체에 브러쉬를 묻히면 양이 너무 적게 나오고
뚜껑에 덜어쓰자니 양이 너무 조금씩만 나와서
좀 애매하더라구요.

전체적으로 만족스러웠던 파우더였습니다!
지성분들에게는 화장을 잡아주기엔 부족할것 같고
저같은 복합성~심하지 않은 건성 분들은 두루두루 편하게 사용하실수 있을것 같아요.

좋은 소비 되시길!  👍🏼",4,복합성;웜톤;모공;민감성
1,20221016_014736,파우더/팩트,[NEW] 헤라 소프트 피니시 루스 파우더 15g,https://www.oliveyoung.co.kr/store/goods/getGoodsDetail.do?goodsNo=A000000169938&dispCatNo=1000001000200010004&trackingCd&curation&egcode&rccode&egrankcode,헤라,[NEW] 헤라 소프트 피니시 루스 파우더 15g,60000,51000,,"마그네슘포타슘플루오로실리케이트, 실리카, 마그네슘미리스테이트, 비닐다이메티콘/메티콘실세스퀴옥세인크로스폴리머, 보론나이트라이드, 카프릴릭/카프릭트라이글리세라이드, 트라이에톡시카프릴릴실레인, 다이페닐실록시페닐트라이메티콘, 1,2-헥산다이올, 합성플루오르플로고파이트, 황색산화철, 에틸헥실글리세린, 아스코빅애씨드, 마이카, 정제수, 적색산화철, 데하이드로아세틱애씨드, 아크릴레이트/브이피코폴리머, 메티콘, 프로판다이올, 소듐하이알루로네이트, 하이드롤라이즈드하이알루로닉애씨드, 토코페롤, 소듐하이알루로네이트크로스폴리머, 하이알루로닉애씨드, 소듐아세틸레이티드하이알루로네이트",모든 피부,까르페디엠,2022.08.13,"헤라 피니시 파우더🍀

한동안 쿠션만 바르고 다녔는데 요즘 날씨에는 건성피부인 저도 조금만 지나도 유분이 올라오더라고요.

헤라블랙 쿠션은 그나마 유분기를 잘 잡아주는데 요즘은 헤라 글로우 래스팅 쿠션(17c)을 쓰고있어요.
처음 발랐을 때 은은한 광은 정말 좋은데 시간이 지나니 유분기가 올라와서 얼굴이 너무 번들거리더라고요😭

세팅파우더 알아보고 있던 찰나에 딱 마음에 드는 제품을 만 
난거죠🤩

✅장점
확실히 유분기를 잡아줘서 뽀송뽀송한 느낌으로 피부표현이 되는게 정말 좋아요^ ^
아침에 화장하고 저녁이 되었는데 수정하지 않았는데 기름진다는 느낌 전혀 없고 오히려 저녁되니 유분기가 조금 올라와서 더 괜찮네요🫢 매우 만족😍

핑크베이스 컬러라 피부톤이 톤업되어서 더 화사해지고 입자가 고와서 퍼프에 소량 묻히고 톡톡 그냥 두드렸는데도 뭉침없이 잘 발려요~^-^ 👍

쿠션만 발랐을 때보다 지속력이 아주 좋아요😊
파운데이션 바르고 파우더 발라보기도 했는데  쿠션발랐을 때하고 또 느낌이 달라요🤩💛

✅단점
맨처음에 스티커 제거할 때 가루날림이 많이 있어서 조심스럽게 열어야해요~  처음 한번 스티커 제거 시 열고난 뒤에는 그리 많이 날리지않아요😁
양조절해서 발라야하니 살짝살짝 한두번만 해도 많이 묻어나요~ 그렇게 여러번 나눠 발랐어요^^

제가 건성이라 느끼는 단점일 수 있는데 피부는 매끄럽고 뽀송하게 유지가 잘 되는데 시간이 지나면 건조함이 좀 느껴지네요~

건성이신 분들은 기초화장 잘 하시고 수분감있는 상태에서 사용하시는 것 추천드려요!
확실히 신경써서 기초하고 바른 날은 다르더라고요🌸

건조함이 느껴질 때는 미스트도 가끔 뿌려주고 저는 멀티밤(가#) 눈가에 톡톡 몇번 두드려줘요^ ^
번들거림 없이 뽀송한 피부💚 넘 좋아요^^",4,건성;쿨톤;미백;민감성
2,20221016_014737,파우더/팩트,[NEW] 헤라 소프트 피니시 루스 파우더 15g,https://www.oliveyoung.co.kr/store/goods/getGoodsDetail.do?goodsNo=A000000169938&dispCatNo=1000001000200010004&trackingCd&curation&egcode&rccode&egrankcode,헤라,[NEW] 헤라 소프트 피니시 루스 파우더 15g,60000,51000,,"마그네슘포타슘플루오로실리케이트, 실리카, 마그네슘미리스테이트, 비닐다이메티콘/메티콘실세스퀴옥세인크로스폴리머, 보론나이트라이드, 카프릴릭/카프릭트라이글리세라이드, 트라이에톡시카프릴릴실레인, 다이페닐실록시페닐트라이메티콘, 1,2-헥산다이올, 합성플루오르플로고파이트, 황색산화철, 에틸헥실글리세린, 아스코빅애씨드, 마이카, 정제수, 적색산화철, 데하이드로아세틱애씨드, 아크릴레이트/브이피코폴리머, 메티콘, 프로판다이올, 소듐하이알루로네이트, 하이드롤라이즈드하이알루로닉애씨드, 토코페롤, 소듐하이알루로네이트크로스폴리머, 하이알루로닉애씨드, 소듐아세틸레이티드하이알루로네이트",모든 피부,피너츠,2022.08.15,"■ 피부타입은 건성이고, 현재 헤라 실키스테이 파운데이션 사용하고 있습니다.

지금 제가 사용하고있는 파데랑 짝꿍템인 것 같아서 올영체험단으로 제품받아보게 되었습니다. 좋은 기회로 너무 만족하는 제품만나볼 수 있어서 좋았습니다ت

파우더는 항상 로드샵 제품만 써와서 고가의 파우더 제품은 처음사용해봤는데 다 같은 파우더가 아니더라구요
로드샵 제품 중에도 입자 곱고 유명한 제품 사용했었는데도 확실히 다른점이 느껴졌어요!

퍼프에 묻은 양을 손등에서 조절할 때부터 입자가 확실히 곱다는게 느껴졌습니다.
특히 피부 표현이 헤라 실키스테이랑 사용하니 진짜 블러 필터 씌운 것 같이 표현되는데, 파우더 특유의 텁텁함은 없었고 파데의 세미먀트한 결광은 살려주는 파우더였습니다.

모공 요철이 별로 없는 피부이긴 하지만 나비존이나 코는 모공이 신경쓰이는데 모공이랑 요철 커버도 너무 잘되고, 표현도 텁텁하지 않고, 지속력도 정말 좋은 파우더라 너무 만족스러운 제품이었습니다.

퍼프는 도톰하고 짧은 모의 부드러운 재질이었습니다.
파우더 망과 퍼프를 분리할 수 있는 캡이 중간에 있어서 퍼프에 많은 양의 파우더가 직접적으로 묻지않게 보관할 수 있다는 점도 좋았어요
매쉬망 형태로 되어있는데 처음 오픈했을 때는 첨부한 사진과 같이 파우더들이 넘쳐있어서 양 조절에 유의해야 할 것 같습니다.
통 크기도 로드샵 제품들보다 큰 편이에요!",5,건성;봄웜톤;미백;탄력
3,20221016_014737,파우더/팩트,[NEW] 헤라 소프트 피니시 루스 파우더 15g,https://www.oliveyoung.co.kr/store/goods/getGoodsDetail.do?goodsNo=A000000169938&dispCatNo=1000001000200010004&trackingCd&curation&egcode&rccode&egrankcode,헤라,[NEW] 헤라 소프트 피니시 루스 파우더 15g,60000,51000,,"마그네슘포타슘플루오로실리케이트, 실리카, 마그네슘미리스테이트, 비닐다이메티콘/메티콘실세스퀴옥세인크로스폴리머, 보론나이트라이드, 카프릴릭/카프릭트라이글리세라이드, 트라이에톡시카프릴릴실레인, 다이페닐실록시페닐트라이메티콘, 1,2-헥산다이올, 합성플루오르플로고파이트, 황색산화철, 에틸헥실글리세린, 아스코빅애씨드, 마이카, 정제수, 적색산화철, 데하이드로아세틱애씨드, 아크릴레이트/브이피코폴리머, 메티콘, 프로판다이올, 소듐하이알루로네이트, 하이드롤라이즈드하이알루로닉애씨드, 토코페롤, 소듐하이알루로네이트크로스폴리머, 하이알루로닉애씨드, 소듐아세틸레이티드하이알루로네이트",모든 피부,달달한요정,2022.08.12,"메이크업이 자주 무너져서 걱정이신가요?
하얀 파우더는 조금 부담스러우신가요?
그럼, 이거 한번 사용""헤라"" 소프트 피니시 루스 파우더☁️
(우선 썰렁 개그 날려서 죄송하고, 반말 사용해서 죄송합니다!
뭔가 색다르게 문구 작성해보고 싶어서 해봤습니다😄)

1️⃣ 파우더 가루 특징
✔️ 핑크빛이 살짝 나는 연한 베이지 컬러에 입자가 되게 고와요!

2️⃣ 제품 특징
1) 디자인
✔️ 심플하면서 고급스러워요
(헤라 브랜드만의 고급스러움이 뿜뿜 느껴집니다)
✔️ 뚜껑은 검정색상의 유광이고, 제품이 담긴 케이스는 투명하면서 무광이에요
✔️ 뚜껑을 돌려서 쓰는 타입이고, 처음에는 쿠션퍼프가 있고, 그 밑 부분에는 스티커를 제거해야 파우더를 사용하실 수 있어요
⭐️ 개인적으로 이 스티커를 반만 떼어내고 다 사용하면 다시 스티커를 붙이시면서 사용하시는 것을 추천해드려요 
✔️ 왜냐하면 스티커를 반 정도만 뜯어낼 때부터 이미 메시망에 파우더들이 올라와서 조금 지저분했거든요ㅠㅠ
✔️ 제품 케이스가 튼튼한 편이지만, 깨끗하게 사용하는게 위생상 좋기도하고, 기분도 좋을 것 같아서 스티커는 불편하더라도 다 떼시는 건 조금 비추천해드립니다

2) 크기
✔️ 베이스용 일반 쿠션 제품의 크기랑 비슷해요
✔️ 작은 편은 아니고, 약간 두께감이 있어요
✔️ 겉으로 보기엔 무거워 보이는데 무게감은 적당한 편이고, 가볍습니다

3) 메시망
✔️ 탄성이 있는 편이지만, 메시망이 얇고, 그렇게 튼튼한 편이 아니라 힘을 주면 찢어질 것 같았어요ㅠㅠ
✔️ 은근 가루 날림이 있어서 메시망 부분은 스티커를 붙이시는 걸 추천해드려요
✔️ 가루가 조금 양 조절이 안되어서 나온게 조금 아쉬웠어요ㅠㅠ

3️⃣ 사용 후기
1) 지속력
✔️ 건성인 제 피부는 아주 뽀송, 매트하게 오래 갔습니다!
물론 피부 타입에 따라 다르겠지만, 지성이신 어머니께 사용해보시라고 잠시 드렸는데 여름이라 조금 땀이 났는데도, 지속력이 나쁘지 않았다고 합니다!

2) 피부 표현
✔️ 와,, 진심 예쁘게 자연스럽고 내 피부가 원래부터 뽀송뽀송한 것 같아요!
✔️ 딱 적당하게 유분기를 잡아줍니다👍🏻

4️⃣ 총 평가
✔️ 지금까지 많은 브랜드의 메이크업 파우더 제품을 사용해봤지만, 대부분 파우더 가루 컬러가 흰색인 공통점이 있었는데 이번에 사용해본 헤라 파우더는 흰색컬러가 아닌 베이지 컬러라 그런지 진짜 자연스럽게 피부 표현이 되어서 좋았고, 특히 생기있고, 화사하게 표현되었던 점이 좋았어요!!
✔️ 조금 가격이 비싸지만, 양이 많아서 꽤 오래 사용할 것 같았어요. 저라면 진짜 지금까지 사용해본 파우더 중 피부 표현력이 너무 좋고, 적당하게 유분기도 잡아줘서 재구매할 의사가 있습니다❣️💗",5,건성;쿨톤;미백;탄력
4,20221016_014737,파우더/팩트,[NEW] 헤라 소프트 피니시 루스 파우더 15g,https://www.oliveyoung.co.kr/store/goods/getGoodsDetail.do?goodsNo=A000000169938&dispCatNo=1000001000200010004&trackingCd&curation&egcode&rccode&egrankcode,헤라,[NEW] 헤라 소프트 피니시 루스 파우더 15g,60000,51000,,"마그네슘포타슘플루오로실리케이트, 실리카, 마그네슘미리스테이트, 비닐다이메티콘/메티콘실세스퀴옥세인크로스폴리머, 보론나이트라이드, 카프릴릭/카프릭트라이글리세라이드, 트라이에톡시카프릴릴실레인, 다이페닐실록시페닐트라이메티콘, 1,2-헥산다이올, 합성플루오르플로고파이트, 황색산화철, 에틸헥실글리세린, 아스코빅애씨드, 마이카, 정제수, 적색산화철, 데하이드로아세틱애씨드, 아크릴레이트/브이피코폴리머, 메티콘, 프로판다이올, 소듐하이알루로네이트, 하이드롤라이즈드하이알루로닉애씨드, 토코페롤, 소듐하이알루로네이트크로스폴리머, 하이알루로닉애씨드, 소듐아세틸레이티드하이알루로네이트",모든 피부,부릉부릉,2022.08.28,"헤라에서 새 신상이 나왔길래 주시 중이었는데 올영 체험단에 떠서 무조건 노리고 있었거든요! 성공해서 얼마나 기뻤던지요! 콧노래 부르면서 사용해 보았습니다.
디자인이 블랙쿠션이랑 비슷해서 역시 고급스럽고 깔끔해요.
파우더라서 일단 크기가 있어서 외출시 가지고 다닐건 아니고 초기 화장에 사용 하기 좋은 제품이었어요
실리콘 구상 파우더와 픽싱 파우더가 유분기를 잡아줘서 유분기를 잡아주고 매끈 뽀송한 피부결로 지속시켜주고 핑크베이스 컬러가 피부톤을 화사하고 생기있게 모공과 요철을 가려주어서 매끄러운 피부결로 만들어서 얼굴이 환해보이고 지속력도 좋았어요! 여름철엔 진짜 필수템임! 
요게 다른 파우더랑 틀린게 메시망이 있어서 누르는 힘에 따라 양 조절을 할 수 있다는거에요. 그래서 양이 왕창 쏟아질 수 있으니 절로 조심하게 되더라구요! 찔끔 찔끔 양을 뱉어 내는 제품보다 시원하게 나오니 속은 덜 답답하긴 해요ㅎ
동물성원료, 타르색소, 인공향, 탤크, 피이지) 5free 파우더로 조금 더 안심하게 사용할 수 있겠어요!",4,건성;웜톤;주름;탄력
5,20221016_014737,파우더/팩트,[NEW] 헤라 소프트 피니시 루스 파우더 15g,https://www.oliveyoung.co.kr/store/goods/getGoodsDetail.do?goodsNo=A000000169938&dispCatNo=1000001000200010004&trackingCd&curation&egcode&rccode&egrankcode,헤라,[NEW] 헤라 소프트 피니시 루스 파우더 15g,60000,51000,,"마그네슘포타슘플루오로실리케이트, 실리카, 마그네슘미리스테이트, 비닐다이메티콘/메티콘실세스퀴옥세인크로스폴리머, 보론나이트라이드, 카프릴릭/카프릭트라이글리세라이드, 트라이에톡시카프릴릴실레인, 다이페닐실록시페닐트라이메티콘, 1,2-헥산다이올, 합성플루오르플로고파이트, 황색산화철, 에틸헥실글리세린, 아스코빅애씨드, 마이카, 정제수, 적색산화철, 데하이드로아세틱애씨드, 아크릴레이트/브이피코폴리머, 메티콘, 프로판다이올, 소듐하이알루로네이트, 하이드롤라이즈드하이알루로닉애씨드, 토코페롤, 소듐하이알루로네이트크로스폴리머, 하이알루로닉애씨드, 소듐아세틸레이티드하이알루로네이트",모든 피부,으쌰,2022.08.21,"💞헤라 파우더 완전 좋아요 ㅠㅠ 💞(헤라를 좋아하는 사람으로써 사심이 좀 들어갔을지도)

제 피부타입은 건성이지만,,  여름만 되면 얼굴이 심하게 끈적거려서 파우더를 꼭꼭 해주고 있어요. 장마철에 톤업 선크림만 발라도 마스크에 묻어나서 너무 화나잖아요ㅠㅠ 

코드*, 투쿨* 파우더 써봤는데, 처음엔 좋다가 팩트 형식이라 가루가 너무 안묻어나오고, 하얀색이 얼굴을 떠보이게 해서 이젠 손이 잘 안가더라구요. 

그와중에 헤라 파우더를 써보게 되었는데 
💕이건 핑크베이스 가루라서 얼굴이 하얘보이지도 않고 펄감도 있어서, 파우더를 치덕치덕해도 얼굴이 죽어보이지 않아요. 
지속력도 좋아서 저녁까지 얼굴에 잘 붙어있고(장마철일땐 덧발라야할듯)
마스크에 묻어남도 덜해요

아쉬운건 가루날림이 매우x2 심하다는 것과 양조절이 어렵다는 것! 내장되어 있는 퍼프도 좋지만, 전체적으로 고루 바르기엔 브러쉬 사용을 추천드려요! 

저는 만족해서 헤라 팩트로된 파우더도 사보려구요♡
역시 베이스는 헤라💓",5,건성;웜톤;민감성;블랙헤드
6,20221016_014737,파우더/팩트,[NEW] 헤라 소프트 피니시 루스 파우더 15g,https://www.oliveyoung.co.kr/store/goods/getGoodsDetail.do?goodsNo=A000000169938&dispCatNo=1000001000200010004&trackingCd&curation&egcode&rccode&egrankcode,헤라,[NEW] 헤라 소프트 피니시 루스 파우더 15g,60000,51000,,"마그네슘포타슘플루오로실리케이트, 실리카, 마그네슘미리스테이트, 비닐다이메티콘/메티콘실세스퀴옥세인크로스폴리머, 보론나이트라이드, 카프릴릭/카프릭트라이글리세라이드, 트라이에톡시카프릴릴실레인, 다이페닐실록시페닐트라이메티콘, 1,2-헥산다이올, 합성플루오르플로고파이트, 황색산화철, 에틸헥실글리세린, 아스코빅애씨드, 마이카, 정제수, 적색산화철, 데하이드로아세틱애씨드, 아크릴레이트/브이피코폴리머, 메티콘, 프로판다이올, 소듐하이알루로네이트, 하이드롤라이즈드하이알루로닉애씨드, 토코페롤, 소듐하이알루로네이트크로스폴리머, 하이알루로닉애씨드, 소듐아세틸레이티드하이알루로네이트",모든 피부,나는나,2022.08.12,"헤라 제품은 우선 비쥬얼 갑이라 디자인은 말이 필요가 없지요~😉😊🙂 현재 유명한 타사의 파우더를 사용중이긴 한데요~ 가루형태의 제품을 사용해 보고 싶어서 이번 올영체험단 신청할 때 👀두눈👁 부릎뜨고 있다가 꾸욱 눌렀답니다~
🍇 피부별 효과 - 은은한 미세펄이 있어 저처럼 모공 크기가 좀 있거나 요철을 커버해 주어야 하는 분들에게 좋고 피부톤이 좀 🌃어두우신 분들도 💗핑크베이스가 화사하게 표현하게 해주어 너무 좋습니다~(설명 그대로 굿굿굿👍👍👍)
🍉 부위별 효과 - 티존, 나비존은 🥵유분 🌋폭발 스타일이라 고민이었는데 유분기를 꽉 잡아주어 너무 좋습니다~ 머리카락 경계부분이나 턱쪽 쉐딩해야 하는 부분은 건조하지 않아서 또한 좋습니다~
🍋 망과 퍼프 - 탄성 좋은 여과망이라 내용물 조절이 편하고 퍼프는 완전 보들보들~ 뽀송뽀송~😍🥰🤩
👉👉👉 이번 사용후 재구매 의사 있습니다~💜",5,복합성;쿨톤;모공;잡티
7,20221016_014737,파우더/팩트,[NEW] 헤라 소프트 피니시 루스 파우더 15g,https://www.oliveyoung.co.kr/store/goods/getGoodsDetail.do?goodsNo=A000000169938&dispCatNo=1000001000200010004&trackingCd&curation&egcode&rccode&egrankcode,헤라,[NEW] 헤라 소프트 피니시 루스 파우더 15g,60000,51000,,"마그네슘포타슘플루오로실리케이트, 실리카, 마그네슘미리스테이트, 비닐다이메티콘/메티콘실세스퀴옥세인크로스폴리머, 보론나이트라이드, 카프릴릭/카프릭트라이글리세라이드, 트라이에톡시카프릴릴실레인, 다이페닐실록시페닐트라이메티콘, 1,2-헥산다이올, 합성플루오르플로고파이트, 황색산화철, 에틸헥실글리세린, 아스코빅애씨드, 마이카, 정제수, 적색산화철, 데하이드로아세틱애씨드, 아크릴레이트/브이피코폴리머, 메티콘, 프로판다이올, 소듐하이알루로네이트, 하이드롤라이즈드하이알루로닉애씨드, 토코페롤, 소듐하이알루로네이트크로스폴리머, 하이알루로닉애씨드, 소듐아세틸레이티드하이알루로네이트",모든 피부,러블리슬,2022.08.11,"헤라 루스 파우더 올리브영 체험단에 당첨되어서 사용하게 되었습니다. 기존에 쿠션이나 파운데이션 얇고 매트한 제품을 쓰는 편이에요. 배송 2주정도 걸린거 같고 제품 왔는데 케이스부터 고급스러워서 마음에 들었어요. 용량이 15g 이고 가격대가 5-6만원대네요.
메이크업을 하고 편안하게 고정 시켜주는 세팅 가루 파우더인데 안에 열어보니 가루가 날리는게 장난 아니네요. 가루망에서 가루가 많이 나와서 놀랐네요. 조절이 잘 안되는것 같아요.
파우더가 발림성이 매우 좋아요. 부드럽게 잘 발리고 컬러가 베이지 컬러여서 자연스러워서 그점이 가장 좋았어요!
지속력이 높은 편은 아닌거 같아요. 뭐 이런 습하고 더운 여름같은 계절에 뭘 발라도 지속력이 길기는 힘드니까요 ㅠㅠ
쿠션 얇게 하고 가루 파우더 발라주니까 매끈하고 보송하게 화장이 마무리가 되어서 좋았어요! 피부가 전체적으로 화사해보여요!",4,복합성;웜톤;모공;미백
8,20221016_014737,파우더/팩트,[NEW] 헤라 소프트 피니시 루스 파우더 15g,https://www.oliveyoung.co.kr/store/goods/getGoodsDetail.do?goodsNo=A000000169938&dispCatNo=1000001000200010004&trackingCd&curation&egcode&rccode&egrankcode,헤라,[NEW] 헤라 소프트 피니시 루스 파우더 15g,60000,51000,,"마그네슘포타슘플루오로실리케이트, 실리카, 마그네슘미리스테이트, 비닐다이메티콘/메티콘실세스퀴옥세인크로스폴리머, 보론나이트라이드, 카프릴릭/카프릭트라이글리세라이드, 트라이에톡시카프릴릴실레인, 다이페닐실록시페닐트라이메티콘, 1,2-헥산다이올, 합성플루오르플로고파이트, 황색산화철, 에틸헥실글리세린, 아스코빅애씨드, 마이카, 정제수, 적색산화철, 데하이드로아세틱애씨드, 아크릴레이트/브이피코폴리머, 메티콘, 프로판다이올, 소듐하이알루로네이트, 하이드롤라이즈드하이알루로닉애씨드, 토코페롤, 소듐하이알루로네이트크로스폴리머, 하이알루로닉애씨드, 소듐아세틸레이티드하이알루로네이트",모든 피부,희종피,2022.08.28,"헤라 소프트 피니쉬 파우더 체험단 후기 ✔️

제가 좋아하는 브랜드 중 하나인 헤라에서 나온 파우더를 올영체험단으로 받아봤어요 ! 저는 평소 메이크업 때 파우더 사용은 안해서 이번에 처음으로 파우더를 사용해보았는데요

안그래도 지성 피부라 여름에 프라이머를 바르고 피부 화장을 해도 시간이 지나면 유분이 올라와서 화장이 무너졌는데, 이 파우더로 마무리 해주니까 확실히 사용 전보다 피부가 뽀송뽀송해지고 유분도 덜 올라오는게 느껴졌어요. 파우더 입자가 엄청 고왔고 모공 부분도 이쁘게 블러처리 되더라구요.
유분기, 모공 효과에 좋아서 여름철 파우더로 제격인 거 같아요 ! 

단점은 파우더가 메시망이 있어서 갑자기 파우더가 많이 나올 때도 있어서 양 조절이 힘들었어요. 그러다보니 메시망 주변이 너무 지저분해져서 가지고 다니면서 사용하기엔 어려운 제품 같아요.",4,복합성;웜톤;모공;민감성
9,20221016_014737,파우더/팩트,[NEW] 헤라 소프트 피니시 루스 파우더 15g,https://www.oliveyoung.co.kr/store/goods/getGoodsDetail.do?goodsNo=A000000169938&dispCatNo=1000001000200010004&trackingCd&curation&egcode&rccode&egrankcode,헤라,[NEW] 헤라 소프트 피니시 루스 파우더 15g,60000,51000,,"마그네슘포타슘플루오로실리케이트, 실리카, 마그네슘미리스테이트, 비닐다이메티콘/메티콘실세스퀴옥세인크로스폴리머, 보론나이트라이드, 카프릴릭/카프릭트라이글리세라이드, 트라이에톡시카프릴릴실레인, 다이페닐실록시페닐트라이메티콘, 1,2-헥산다이올, 합성플루오르플로고파이트, 황색산화철, 에틸헥실글리세린, 아스코빅애씨드, 마이카, 정제수, 적색산화철, 데하이드로아세틱애씨드, 아크릴레이트/브이피코폴리머, 메티콘, 프로판다이올, 소듐하이알루로네이트, 하이드롤라이즈드하이알루로닉애씨드, 토코페롤, 소듐하이알루로네이트크로스폴리머, 하이알루로닉애씨드, 소듐아세틸레이티드하이알루로네이트",모든 피부,노는고양이냐옹,2022.08.26,"헤라 파우더 !!
평소 티존에 기름이 아주 잘 올라와서 피부 화장 후 혹은 썬크림만 바르더라도 유분기 잡아주는 과정이 필수인 사람이 있어요 그 사람이 바로 저예요.. 아무튼.. 그래서 이번 올리브영 체험단 기회를 통해 헤라 파우더를 사용해봤어요 저는 평소 완전 팩트 형식으로 된 파우더만 써봐서 가루 형식은 처음이었어요! 우선 처음 그 개봉 전 스티커 떼실 때 조심하세요.. 자칫하면 가루가 팡 튀어나옵니다^^.. 저도 알고 싶지 않았어요. 그 외에도 사용할 때 가루 조심하긴 해야겠더라고요! 가루형은 처음이라 적응하느라 좀 걸렸습니다,, 얼굴에 발랐을 때는 파우더 입자도 곱고 솔직히 넘 예쁘게 유분기가 잡혀서 놀랐어요 유분 잡아주는 것+피부도 매끈하게 보이게 해주는..? 그런 느낌이었어요 포토샵으로 블러 처리를 한 듯한! 그래서 아주 만족스러웠습니다 ㅎㅎ",5,복합성;쿨톤;각질;모공
10,20221016_014740,파우더/팩트,[NEW] 헤라 소프트 피니시 루스 파우더 15g,https://www.oliveyoung.co.kr/store/goods/getGoodsDetail.do?goodsNo=A000000169938&dispCatNo=1000001000200010004&trackingCd&curation&egcode&rccode&egrankcode,헤라,[NEW] 헤라 소프트 피니시 루스 파우더 15g,60000,51000,,"마그네슘포타슘플루오로실리케이트, 실리카, 마그네슘미리스테이트, 비닐다이메티콘/메티콘실세스퀴옥세인크로스폴리머, 보론나이트라이드, 카프릴릭/카프릭트라이글리세라이드, 트라이에톡시카프릴릴실레인, 다이페닐실록시페닐트라이메티콘, 1,2-헥산다이올, 합성플루오르플로고파이트, 황색산화철, 에틸헥실글리세린, 아스코빅애씨드, 마이카, 정제수, 적색산화철, 데하이드로아세틱애씨드, 아크릴레이트/브이피코폴리머, 메티콘, 프로판다이올, 소듐하이알루로네이트, 하이드롤라이즈드하이알루로닉애씨드, 토코페롤, 소듐하이알루로네이트크로스폴리머, 하이알루로닉애씨드, 소듐아세틸레이티드하이알루로네이트",모든 피부,똑똑한소비요정,2022.08.24,"평소 보송하고 매트한 피부표현을 좋아해서 메이크업 마무리에 파우더 처리를 항상해줘요.
가장 애정하는 파우더는 유명한 메포 파우더!
이번에 헤라 파우더 올영체험단으로 사용해봤어요.

일단 외관 굉장히 예쁘고요.
딱 처음 열었을 땐 가루가 확 퍼져나와서 깜짝 놀랐는데, 사용하면서 그렇게 가루가 날리진 않아요. 
처음만 날렸어요.

내장되어있는 퍼프가 있지만, 저는 따로 파우더 브러쉬를 사용했어요.
파우더가 연한 베이지색이길래 얼굴에 올려도 좀 두껍게 색이 올라가려나? 싶었는데, 얼굴에 올리니 투명하게 피부표현이 됩니다.! 
투명하게 되서 너무 마음에 들었어요. 
저는 파우더를 많이 칠하는 편은 아니고 딱 유분기 잡아주고 피부가 보송하고 예뻐 보이는 정도로 적게 사용하니 딱 좋았어요.ㅎ

파우더처리하니 메이크업 지속력도 올라가고 좋네요 ㅎㅎ",5,복합성;웜톤;민감성
11,20221016_014740,파우더/팩트,[NEW] 헤라 소프트 피니시 루스 파우더 15g,https://www.oliveyoung.co.kr/store/goods/getGoodsDetail.do?goodsNo=A000000169938&dispCatNo=1000001000200010004&trackingCd&curation&egcode&rccode&egrankcode,헤라,[NEW] 헤라 소프트 피니시 루스 파우더 15g,60000,51000,,"마그네슘포타슘플루오로실리케이트, 실리카, 마그네슘미리스테이트, 비닐다이메티콘/메티콘실세스퀴옥세인크로스폴리머, 보론나이트라이드, 카프릴릭/카프릭트라이글리세라이드, 트라이에톡시카프릴릴실레인, 다이페닐실록시페닐트라이메티콘, 1,2-헥산다이올, 합성플루오르플로고파이트, 황색산화철, 에틸헥실글리세린, 아스코빅애씨드, 마이카, 정제수, 적색산화철, 데하이드로아세틱애씨드, 아크릴레이트/브이피코폴리머, 메티콘, 프로판다이올, 소듐하이알루로네이트, 하이드롤라이즈드하이알루로닉애씨드, 토코페롤, 소듐하이알루로네이트크로스폴리머, 하이알루로닉애씨드, 소듐아세틸레이티드하이알루로네이트",모든 피부,구올영알바생,2022.08.17,"저는 복합성 피부라 화장을 하고나면 티존에는 유분감이 있어서 화장이 잘 무너져내리는 편이라 항상 화장 마무리 후에는 티존에 파우더처리를 꼭 해주려고 하는 편이에요!

저는 원래 로라메르시에 파우더 제품을 항상 사용했었는데 막 얼굴 전체에 사용하는게 아니다 보니까 그거 하나만으로도 한 이년정도는 거뜬하게 쓰더라고요😆

로라메르시에제품도 엄청 만족하면서 사용했는데 거의 다 사용해가던 와중에 마침 헤라 파우더 제품을 올영체험단 기회로 받게되어 사용해볼수있게 되었습니다💖🌈

파우더 가루형태로 되어있구요 저는 다이소에서 산 파우더브러쉬로 가루를 묻혀주고 두세어번 털어낸 다음에 손에 힘을빼고 얼굴에 고루 발라주는 편이에요

헤라 실키파운데이션을 같이 사용했는데 밀착력도 너무 좋고 모공 커버도 잘되는 편이라 지속력도 정말 좋다고 느꼈어요💖
파우더 찾으시는 분들께 강추!",5,복합성;쿨톤;모공;민감성
12,20221016_014740,파우더/팩트,[NEW] 헤라 소프트 피니시 루스 파우더 15g,https://www.oliveyoung.co.kr/store/goods/getGoodsDetail.do?goodsNo=A000000169938&dispCatNo=1000001000200010004&trackingCd&curation&egcode&rccode&egrankcode,헤라,[NEW] 헤라 소프트 피니시 루스 파우더 15g,60000,51000,,"마그네슘포타슘플루오로실리케이트, 실리카, 마그네슘미리스테이트, 비닐다이메티콘/메티콘실세스퀴옥세인크로스폴리머, 보론나이트라이드, 카프릴릭/카프릭트라이글리세라이드, 트라이에톡시카프릴릴실레인, 다이페닐실록시페닐트라이메티콘, 1,2-헥산다이올, 합성플루오르플로고파이트, 황색산화철, 에틸헥실글리세린, 아스코빅애씨드, 마이카, 정제수, 적색산화철, 데하이드로아세틱애씨드, 아크릴레이트/브이피코폴리머, 메티콘, 프로판다이올, 소듐하이알루로네이트, 하이드롤라이즈드하이알루로닉애씨드, 토코페롤, 소듐하이알루로네이트크로스폴리머, 하이알루로닉애씨드, 소듐아세틸레이티드하이알루로네이트",모든 피부,완아125,2022.07.31,"요즘 기름끼가 많이 올라와서 파우더를 마무리 단계에 꾸준히 쓰는편인데 제가 쓰던 제품은 파우더 색상이 흰색이라 그런가 얼굴이 너무 하얘져서 다른 제품으로 바꾸고싶어서 한번 구매를 해봤습니다!!

👉🏻 입자? 입자는 너무 엄청 고와요!! 그래서 그런지 사용할때 뭉침 같은 현상이 하나도 안보이더라고요!!

👉🏻 색상? 색상도 흰색이 아니라 살구색이여서 그런가 더 피부에 자연스러워지더라고요!! 그래서 이부분이 가장 마음에 들었습니다🤗🤗

👉🏻 지속력? 지속력은 여름 + 지복합성이라 그런지 요즘 날씨에는 그렇게 길다고 느끼지는 못 했습니다😭😭 하지만 겨울에는 지속력도 나름 괜찮을거 같아요!!ㅎㅎ

👉🏻 단점? 진짜 치명적인 단점이 있다면 입구가 망..? 형식으로 구성되서 가루도 많이 뿜어져 나오고 거기다 가루가 통제가 안돼요..",3,복합성;겨울쿨톤;다크서클;잡티
13,20221016_014740,파우더/팩트,[NEW] 헤라 소프트 피니시 루스 파우더 15g,https://www.oliveyoung.co.kr/store/goods/getGoodsDetail.do?goodsNo=A000000169938&dispCatNo=1000001000200010004&trackingCd&curation&egcode&rccode&egrankcode,헤라,[NEW] 헤라 소프트 피니시 루스 파우더 15g,60000,51000,,"마그네슘포타슘플루오로실리케이트, 실리카, 마그네슘미리스테이트, 비닐다이메티콘/메티콘실세스퀴옥세인크로스폴리머, 보론나이트라이드, 카프릴릭/카프릭트라이글리세라이드, 트라이에톡시카프릴릴실레인, 다이페닐실록시페닐트라이메티콘, 1,2-헥산다이올, 합성플루오르플로고파이트, 황색산화철, 에틸헥실글리세린, 아스코빅애씨드, 마이카, 정제수, 적색산화철, 데하이드로아세틱애씨드, 아크릴레이트/브이피코폴리머, 메티콘, 프로판다이올, 소듐하이알루로네이트, 하이드롤라이즈드하이알루로닉애씨드, 토코페롤, 소듐하이알루로네이트크로스폴리머, 하이알루로닉애씨드, 소듐아세틸레이티드하이알루로네이트",모든 피부,yanpa,2022.08.28,"여름이라 날씨도 너무 더운데다 마스크까지 껴야해서 답답한데 거기다 화장까지 무너지면 최악이잖아요ㅠ 그래서 둘러보다가 올영체험단에 이 헤라 파우더가 있길래 신청했는데 다행히 당첨되어서 써보게 되었어요 저는 수부지여서 메이크업하고 무조건 파우더를 발라야 기름이 적게 올라오는데 헤라 파우더는 어떨지 너무 궁금하더라고요

저는 헤라 블랙쿠션으로 베이스를 깔고 이 파우더를 발라주었는데 와 확실히 입자가 곱다는게 느껴졌어요 파우더 잘못바르면 뭉치고 좀 두껍게 올라갔다는 느낌이 드는데 이건 그런 느낌이 하나도 없었어요

그리고 굳이 파우더 브러쉬로 안 발라도 되겠더라구요 그냥 내장 퍼프로 발랐는데도 잘 밀착되고 균일하게 발려서 좋았어요 파우더 형태라 휴대성은 조금 떨어지지만 제품력이 좋아서 너무 만족스러웠어요",5,복합성;웜톤;트러블
14,20221016_014740,파우더/팩트,[NEW] 헤라 소프트 피니시 루스 파우더 15g,https://www.oliveyoung.co.kr/store/goods/getGoodsDetail.do?goodsNo=A000000169938&dispCatNo=1000001000200010004&trackingCd&curation&egcode&rccode&egrankcode,헤라,[NEW] 헤라 소프트 피니시 루스 파우더 15g,60000,51000,,"마그네슘포타슘플루오로실리케이트, 실리카, 마그네슘미리스테이트, 비닐다이메티콘/메티콘실세스퀴옥세인크로스폴리머, 보론나이트라이드, 카프릴릭/카프릭트라이글리세라이드, 트라이에톡시카프릴릴실레인, 다이페닐실록시페닐트라이메티콘, 1,2-헥산다이올, 합성플루오르플로고파이트, 황색산화철, 에틸헥실글리세린, 아스코빅애씨드, 마이카, 정제수, 적색산화철, 데하이드로아세틱애씨드, 아크릴레이트/브이피코폴리머, 메티콘, 프로판다이올, 소듐하이알루로네이트, 하이드롤라이즈드하이알루로닉애씨드, 토코페롤, 소듐하이알루로네이트크로스폴리머, 하이알루로닉애씨드, 소듐아세틸레이티드하이알루로네이트",모든 피부,카드값줘체리,2022.08.27,"우선 해라 파우더가 신청목록에 있기도하고 파우더도 다 떨어져서 바로 신청했습니다. 배송은 한 1-2주 걸린거 같구요 우선 후기부터 설명드릴게요. 저는 팩트타입보다는 이런 파우더 타입을 원래 선호하는 편이라 기본적으로 나쁘지는 않았어요

입자 :우선 저는 기존에 메포 라벤더 가루타입을 사용중입니다. 그거랑 비교했을 때 입자자체는 매우 고와요 둘 다 곱긴한데 메포가 제 기준 사아아알짝 더 고운느낌?근데 그렇다고해서 입자가 거칠다는게 아닙니다

발림성 : 입자가 고우니까 당연히 발림성도 좋아요 그냥 곱게 사악 올라가는 느낌 그리고 당연히 유분기도 확실하게 잡아줍니다

효과 : 우선 기존에 사용하던 라벤더는 진짜 색부터 보라색느낌이 강해서 화사~이런느낌이 강하고 잘못바르면 약간 너무 가부키가 되는 느낌이 강했는데 이 파우더는 살색타입이라 많이 발라도 자연스러운 느낌이 강했어요  양도 얼굴에만 쓰면 좀 많을거같아욬ㅋㅋ머리랑 같이써도 될 듯 

우선 저는 매우 만족합니다 가격이 조금 세지만 저는 만족해요!!",5,지성;웜톤;미백;잡티
15,20221016_014740,파우더/팩트,[NEW] 헤라 소프트 피니시 루스 파우더 15g,https://www.oliveyoung.co.kr/store/goods/getGoodsDetail.do?goodsNo=A000000169938&dispCatNo=1000001000200010004&trackingCd&curation&egcode&rccode&egrankcode,헤라,[NEW] 헤라 소프트 피니시 루스 파우더 15g,60000,51000,,"마그네슘포타슘플루오로실리케이트, 실리카, 마그네슘미리스테이트, 비닐다이메티콘/메티콘실세스퀴옥세인크로스폴리머, 보론나이트라이드, 카프릴릭/카프릭트라이글리세라이드, 트라이에톡시카프릴릴실레인, 다이페닐실록시페닐트라이메티콘, 1,2-헥산다이올, 합성플루오르플로고파이트, 황색산화철, 에틸헥실글리세린, 아스코빅애씨드, 마이카, 정제수, 적색산화철, 데하이드로아세틱애씨드, 아크릴레이트/브이피코폴리머, 메티콘, 프로판다이올, 소듐하이알루로네이트, 하이드롤라이즈드하이알루로닉애씨드, 토코페롤, 소듐하이알루로네이트크로스폴리머, 하이알루로닉애씨드, 소듐아세틸레이티드하이알루로네이트",모든 피부,김콩언니,2022.08.20,"건성인데도 T존 부위는 번들거리고 여름이라 그런지 땀도 많이 나고 메이크업을 해도 시간이 좀 지나면 번들거려 파우더를 발라주고 있습니다. 
이번에는 좋은 기회에 헤라 루스 파우더를 사용해 보게 되었습니다.  심플한 둥근 용기에 처음 사용할 때는 망에 내용물이 많이 나와 있어 양을 잘 조절해서 사용해야 합니다.
퍼프로 바르는데 가루 날림도 많지 않고 무엇보다 얼굴색이 자연스럽게 연출되어 좋았습니다.
예전에 바르던 파우더는 바르면 쿠션 색상보다 하얘서 그런지 얼굴이 허옇게 떠 보이기도 했는데 헤라 루스 파우더는 핑크 베이스라 얼굴이 자연스럽게 화사해 집니다.
유분기는 잘 잡아 줍니다. 뽀송뽀송하게 보이고 수정화장 안해도 전보다 덜 번들거립니다. 
집앞에 나갈 때는 선크림 바르고 파우더로 살짝 마무리 해주면 뽀샤시 해져서 간편하게 메이크업 한 효과가 나서 좋습니다.",5,건성;쿨톤;각질;모공
16,20221016_014740,파우더/팩트,[NEW] 헤라 소프트 피니시 루스 파우더 15g,https://www.oliveyoung.co.kr/store/goods/getGoodsDetail.do?goodsNo=A000000169938&dispCatNo=1000001000200010004&trackingCd&curation&egcode&rccode&egrankcode,헤라,[NEW] 헤라 소프트 피니시 루스 파우더 15g,60000,51000,,"마그네슘포타슘플루오로실리케이트, 실리카, 마그네슘미리스테이트, 비닐다이메티콘/메티콘실세스퀴옥세인크로스폴리머, 보론나이트라이드, 카프릴릭/카프릭트라이글리세라이드, 트라이에톡시카프릴릴실레인, 다이페닐실록시페닐트라이메티콘, 1,2-헥산다이올, 합성플루오르플로고파이트, 황색산화철, 에틸헥실글리세린, 아스코빅애씨드, 마이카, 정제수, 적색산화철, 데하이드로아세틱애씨드, 아크릴레이트/브이피코폴리머, 메티콘, 프로판다이올, 소듐하이알루로네이트, 하이드롤라이즈드하이알루로닉애씨드, 토코페롤, 소듐하이알루로네이트크로스폴리머, 하이알루로닉애씨드, 소듐아세틸레이티드하이알루로네이트",모든 피부,올현,2022.08.20,"지성인이라서 팩트바르고 기름기 올라오기 대비를 위해 파우더나 팩트형태의 기름잡이 피니쉬 작업을 해주는데 원래 가지고 있던 형태는 팩트처럼 생긴 압축고체로 팡팡 두들기는 형식인 제품을 썼었어요 그 제품 선택 한 이유는 가루날림이 싫어서!! 그뿐이였는데 사용하는데 간편하고 역시 가루날림이 없어서 좋았어요 
이 헤라 제품은 가루날림이 있겠지 하고 걱정했지만 역시 가루는 어쩔수 없지만 열때만 조심히 열면 가루날림이 심하다는 걱정안해도 될거같아요 개인적으로 퍼프보다는 붓형태가 가루형태인 재품을 바르기에 괜찮은거같아요 골구로 펴바를수 있다는 장점 ?! 피니쉬파우더는 모공끼임이나 주름부각이 있지 않을까 하는 걱정이 있는데 이 제품은 모공에 끼이는 느낌이나 그런건 없었어요 어느정도 매끈하게 마무리 해주고 은근 오래 쓸수 있는 장점 ㅎ 파우더 하고 6시간? 정도 지나면 기름기가 다시올라오긴하지만 만족!",5,복합성;웜톤;모공;블랙헤드
17,20221016_014740,파우더/팩트,[NEW] 헤라 소프트 피니시 루스 파우더 15g,https://www.oliveyoung.co.kr/store/goods/getGoodsDetail.do?goodsNo=A000000169938&dispCatNo=1000001000200010004&trackingCd&curation&egcode&rccode&egrankcode,헤라,[NEW] 헤라 소프트 피니시 루스 파우더 15g,60000,51000,,"마그네슘포타슘플루오로실리케이트, 실리카, 마그네슘미리스테이트, 비닐다이메티콘/메티콘실세스퀴옥세인크로스폴리머, 보론나이트라이드, 카프릴릭/카프릭트라이글리세라이드, 트라이에톡시카프릴릴실레인, 다이페닐실록시페닐트라이메티콘, 1,2-헥산다이올, 합성플루오르플로고파이트, 황색산화철, 에틸헥실글리세린, 아스코빅애씨드, 마이카, 정제수, 적색산화철, 데하이드로아세틱애씨드, 아크릴레이트/브이피코폴리머, 메티콘, 프로판다이올, 소듐하이알루로네이트, 하이드롤라이즈드하이알루로닉애씨드, 토코페롤, 소듐하이알루로네이트크로스폴리머, 하이알루로닉애씨드, 소듐아세틸레이티드하이알루로네이트",모든 피부,디니12,2022.08.13,"메이크업 할 때 파우더를 매번 사용하는 편은 아니지만 여름에는 유분 제거를 위해 가볍게 톡톡 찍어주는 정도로만 사용하고 있어요!

메이크업포에버 파우더를 주로 사용했는데,
헤라 루스 파우더는 처음 사용해봐요 🙂😀

헤라 소프트 피니시 루스 파우더는 실리콘 구상 파우더와 픽싱 파우더가 유분기를 꽉 잡라주어 매끈하고 보송한 피부결 지속이 가능하다고 해요

핑크빛이라 얼굴색을 화사하게 해주고 은은한 미세 펄이 함유되어 있어 모공과 요철을 블러링한 듯 피부결을 매끄럽게 만들어줘요.

이틀 정도 사용했는데 마무리에 사용해주니까 화장도 오래 유지 되는 것 같고 유분기 깔끔하게 제거해줘서 너무 맘에 들었어요. 양도 많아서 부지런히 써야할 것 같아요👍",5,복합성;웜톤;각질;모공
18,20221016_014740,파우더/팩트,[NEW] 헤라 소프트 피니시 루스 파우더 15g,https://www.oliveyoung.co.kr/store/goods/getGoodsDetail.do?goodsNo=A000000169938&dispCatNo=1000001000200010004&trackingCd&curation&egcode&rccode&egrankcode,헤라,[NEW] 헤라 소프트 피니시 루스 파우더 15g,60000,51000,,"마그네슘포타슘플루오로실리케이트, 실리카, 마그네슘미리스테이트, 비닐다이메티콘/메티콘실세스퀴옥세인크로스폴리머, 보론나이트라이드, 카프릴릭/카프릭트라이글리세라이드, 트라이에톡시카프릴릴실레인, 다이페닐실록시페닐트라이메티콘, 1,2-헥산다이올, 합성플루오르플로고파이트, 황색산화철, 에틸헥실글리세린, 아스코빅애씨드, 마이카, 정제수, 적색산화철, 데하이드로아세틱애씨드, 아크릴레이트/브이피코폴리머, 메티콘, 프로판다이올, 소듐하이알루로네이트, 하이드롤라이즈드하이알루로닉애씨드, 토코페롤, 소듐하이알루로네이트크로스폴리머, 하이알루로닉애씨드, 소듐아세틸레이티드하이알루로네이트",모든 피부,쥬블리,2022.08.28,"메이크업 할때 가루파우더를 꼭 사용하는 편이라 이번에 헤라 제품도 넘넘 했어요.
일단 입자가 엄청 고운 편이고 뚜껑을 열면 파우더 위에 또 작은 뚜껑이 하나 더 있긴하지만 생각보다 가루날림은 좀 심한 편이었던것 같아요.
메이크업포xx 제품 쓰다가 이거 썼더니 입자는 엄청 곱지만 조금 뜨는 것 같더라구요ㅠㅠ 그래서 퍼프를 바꿔보니 좀 괜찮았답니다. 퍼프가 좀 다른걸로 교체되면 더 좋을것 같아요.  
파운데이션 후 다른퍼프로 바르면 피부가 뽀송해지고 블러처리한것처럼 모공도 싹 가려져서 좋아요 ㅎㅎ
피부가 좋은편이지맘 개인적으로 이런 파우더가 더 잔주름 모공을 블러처리해서 더 피부를 좋아보이게 해주는 효과가 있어서 자주 사용하는 편이에요 
하지만 이 파우더는 휴대용으로는 가루가 샐 수 있어서 집에서만 사용하시길 추천드려요",3,복합성;쿨톤;모공;미백
19,20221016_014741,파우더/팩트,[NEW] 헤라 소프트 피니시 루스 파우더 15g,https://www.oliveyoung.co.kr/store/goods/getGoodsDetail.do?goodsNo=A000000169938&dispCatNo=1000001000200010004&trackingCd&curation&egcode&rccode&egrankcode,헤라,[NEW] 헤라 소프트 피니시 루스 파우더 15g,60000,51000,,"마그네슘포타슘플루오로실리케이트, 실리카, 마그네슘미리스테이트, 비닐다이메티콘/메티콘실세스퀴옥세인크로스폴리머, 보론나이트라이드, 카프릴릭/카프릭트라이글리세라이드, 트라이에톡시카프릴릴실레인, 다이페닐실록시페닐트라이메티콘, 1,2-헥산다이올, 합성플루오르플로고파이트, 황색산화철, 에틸헥실글리세린, 아스코빅애씨드, 마이카, 정제수, 적색산화철, 데하이드로아세틱애씨드, 아크릴레이트/브이피코폴리머, 메티콘, 프로판다이올, 소듐하이알루로네이트, 하이드롤라이즈드하이알루로닉애씨드, 토코페롤, 소듐하이알루로네이트크로스폴리머, 하이알루로닉애씨드, 소듐아세틸레이티드하이알루로네이트",모든 피부,슈리링,2022.08.28,"나 혹시 , , 헤라랑 운 💖 명 인건가 ? ㅎ 저는 정말 몇 년 째 쿠션은 블랙쿠션만 사용 중이고 립도 최근에 올영체험단에서 헤라 팜파스를 신청 성공해서 팜파스를 바르고 다니는데 이번엔 파우더까지 당첨 되었어요 제가 넘나 애정하는 브랜드인 헤라에서 파우더가 나왔다니 너무 궁금했습니다 !

☑️ 저는 완전 지성피부라 사계절 내내 파우더, 팩트가 필수라 여러 제품들 많이 써봤는데 이 제품 , , 좋았어요 ! 유분기 잘 잡아줍니다 지금은 여름이고 제 피부는 완전 지성인지라 수정이 필요했지만 이 정도면 저한테 유분 되게 잘 잡아준거라고 생각했어요

☑️ 바른 뒤 피부 표현이 마음에 들었어요 말로 설명하기 어렵네요 되게 예쁘게 마무리 되었던 점이 인상 깊었던 것 같아요 👍🏻",5,지성;모공;블랙헤드
20,20221016_014743,파우더/팩트,[NEW] 헤라 소프트 피니시 루스 파우더 15g,https://www.oliveyoung.co.kr/store/goods/getGoodsDetail.do?goodsNo=A000000169938&dispCatNo=1000001000200010004&trackingCd&curation&egcode&rccode&egrankcode,헤라,[NEW] 헤라 소프트 피니시 루스 파우더 15g,60000,51000,,"마그네슘포타슘플루오로실리케이트, 실리카, 마그네슘미리스테이트, 비닐다이메티콘/메티콘실세스퀴옥세인크로스폴리머, 보론나이트라이드, 카프릴릭/카프릭트라이글리세라이드, 트라이에톡시카프릴릴실레인, 다이페닐실록시페닐트라이메티콘, 1,2-헥산다이올, 합성플루오르플로고파이트, 황색산화철, 에틸헥실글리세린, 아스코빅애씨드, 마이카, 정제수, 적색산화철, 데하이드로아세틱애씨드, 아크릴레이트/브이피코폴리머, 메티콘, 프로판다이올, 소듐하이알루로네이트, 하이드롤라이즈드하이알루로닉애씨드, 토코페롤, 소듐하이알루로네이트크로스폴리머, 하이알루로닉애씨드, 소듐아세틸레이티드하이알루로네이트",모든 피부,요거트다내꺼,2022.08.26,"안그래도 파우더를 구매하려고 했었는데 헤라 제품이 올영체험단에 있어서 바로 신청했어요!

우선 크기가 적당해서 좋았어요!
적당한 크기라서 휴대하기에도 무리없어요
세로 길이가 짧아서 콤팩트하게 느껴집니다
디자인도 세련되고 예뻐요!

그리고 가장 중요한 제품력...
제 피부가 건성이라서 요즘은 더 파우더를 사용하지 않는데 파우더를 한듯 안한듯 자연스럽게 뽀송해져서 쓸만 하더라구요!
파운데이션을 발라놓은 피부의 결광을 망치지 않고 보존하면서 얇게 코팅되는 느낌이에요!

20호 사용하는 피부인데 색상도 핑베인건지 화사하게 연출되어서 더욱 맘에 들어요!
색상이 어두웠으면 한번 쓰고 처박템 됐을텐데 넘 맘에 들어서 매일 사용합니다

헤라의 실키스테이파운데이션이 그렇게 좋다고 주변에서 추천을 많이 받았는데 왠지 이 파우더와 같이 사용하면 찰떡궁합일 것 같아요!
파데 구매해야겠어요 ㅎㅎ",5,민감성;여름쿨톤;민감성;트러블
21,20221016_014743,파우더/팩트,[NEW] 헤라 소프트 피니시 루스 파우더 15g,https://www.oliveyoung.co.kr/store/goods/getGoodsDetail.do?goodsNo=A000000169938&dispCatNo=1000001000200010004&trackingCd&curation&egcode&rccode&egrankcode,헤라,[NEW] 헤라 소프트 피니시 루스 파우더 15g,60000,51000,,"마그네슘포타슘플루오로실리케이트, 실리카, 마그네슘미리스테이트, 비닐다이메티콘/메티콘실세스퀴옥세인크로스폴리머, 보론나이트라이드, 카프릴릭/카프릭트라이글리세라이드, 트라이에톡시카프릴릴실레인, 다이페닐실록시페닐트라이메티콘, 1,2-헥산다이올, 합성플루오르플로고파이트, 황색산화철, 에틸헥실글리세린, 아스코빅애씨드, 마이카, 정제수, 적색산화철, 데하이드로아세틱애씨드, 아크릴레이트/브이피코폴리머, 메티콘, 프로판다이올, 소듐하이알루로네이트, 하이드롤라이즈드하이알루로닉애씨드, 토코페롤, 소듐하이알루로네이트크로스폴리머, 하이알루로닉애씨드, 소듐아세틸레이티드하이알루로네이트",모든 피부,요니이,2022.08.21,"여름철에는 파데 후 꼭 세팅 파우더를 사용하는데 
제가 사용 해 본 파우더 중 가장 베스트예요👍🏼
일단 제가 추천 드리는 이유는
✔️ 첫번째 - 고운 입자로 두껍지 않은 피부 연출
입자가 엄청 고와서 많이 올려도 피부가 두껍게 연출 되지 않아서 피부가 답답해 보이지 않고 엄청 보송보송해요
✔️ 두번째 - 지속력
유분기는 꽉 잡아주어 매끈하고 표현 되는데 지속력 또한 뛰어나요 !
하루종일 마스크를 쓰는데도 잘 안묻어나고 지워지지 않아요 !
✔️ 세번째 - 핑크 베이스 컬러가 피부 톤을 화사하고 생기있게 해주어요 !
제가 사용하던 파우더는 핑크베이스라 아니라 톤을 화사하게 해주지는 않았는데
이건 화사하게 해주어 밝은 화장에 딱입니다 !
✔️ 네번째 - 5프리 파우더
아무래도 파우더니깐 모공까지 다 막을 거 같은데  5가지 무첨가 되어 있다 보니 안심하고 사용 할 수 있어요 !

헤라 파우더 추천 입니다👍🏼",5,복합성;쿨톤;각질;다크서클
22,20221016_014743,파우더/팩트,[NEW] 헤라 소프트 피니시 루스 파우더 15g,https://www.oliveyoung.co.kr/store/goods/getGoodsDetail.do?goodsNo=A000000169938&dispCatNo=1000001000200010004&trackingCd&curation&egcode&rccode&egrankcode,헤라,[NEW] 헤라 소프트 피니시 루스 파우더 15g,60000,51000,,"마그네슘포타슘플루오로실리케이트, 실리카, 마그네슘미리스테이트, 비닐다이메티콘/메티콘실세스퀴옥세인크로스폴리머, 보론나이트라이드, 카프릴릭/카프릭트라이글리세라이드, 트라이에톡시카프릴릴실레인, 다이페닐실록시페닐트라이메티콘, 1,2-헥산다이올, 합성플루오르플로고파이트, 황색산화철, 에틸헥실글리세린, 아스코빅애씨드, 마이카, 정제수, 적색산화철, 데하이드로아세틱애씨드, 아크릴레이트/브이피코폴리머, 메티콘, 프로판다이올, 소듐하이알루로네이트, 하이드롤라이즈드하이알루로닉애씨드, 토코페롤, 소듐하이알루로네이트크로스폴리머, 하이알루로닉애씨드, 소듐아세틸레이티드하이알루로네이트",모든 피부,메로그이,2022.08.13,"음 기대하고 받은 헤라파우더🥸

일단 받고나서 심플하고 고급지고 생각보다 큰크기에 놀랐습니다 가격대비 구성은 훌륭하네요 조금 세일하면 합리적으로 잘사실수있을겁니다.

뜯으면 뜯을수있는 필름같은게 있어요
이걸뜯으면 가루가 나오는 구멍이있습니다.
다른분들 말처럼 뜯으면 가루날림이 조..큼 심해요 ㅠㅠ

이거에서 별하나뺀게있어요..

발라보면 팡팡 다른 파우더에비해 피부색이랑잘어울린다는 장점이있어요 다른제품 특히 유명한 검정색..제품 ㅋ 이거바르면 빼박 달걀귀신되거든요 싸서그런지
근데헤라는 대박만에들어요 ㅋㅋ 가루날림만덜하면 ㅠㅠ좋은데 색은 고급지고 자연스러운한국인색? 이라좋아요 너무 하양을고집하지않는거도좋구요

바무리 화장할때 바르면 지속성도잇고
다음제품으로 살 생각도 있습니다",4,트러블성;여름쿨톤;모공;블랙헤드
23,20221016_014743,파우더/팩트,[NEW] 헤라 소프트 피니시 루스 파우더 15g,https://www.oliveyoung.co.kr/store/goods/getGoodsDetail.do?goodsNo=A000000169938&dispCatNo=1000001000200010004&trackingCd&curation&egcode&rccode&egrankcode,헤라,[NEW] 헤라 소프트 피니시 루스 파우더 15g,60000,51000,,"마그네슘포타슘플루오로실리케이트, 실리카, 마그네슘미리스테이트, 비닐다이메티콘/메티콘실세스퀴옥세인크로스폴리머, 보론나이트라이드, 카프릴릭/카프릭트라이글리세라이드, 트라이에톡시카프릴릴실레인, 다이페닐실록시페닐트라이메티콘, 1,2-헥산다이올, 합성플루오르플로고파이트, 황색산화철, 에틸헥실글리세린, 아스코빅애씨드, 마이카, 정제수, 적색산화철, 데하이드로아세틱애씨드, 아크릴레이트/브이피코폴리머, 메티콘, 프로판다이올, 소듐하이알루로네이트, 하이드롤라이즈드하이알루로닉애씨드, 토코페롤, 소듐하이알루로네이트크로스폴리머, 하이알루로닉애씨드, 소듐아세틸레이티드하이알루로네이트",모든 피부,멍예진,2022.08.12,"헤라 소프트 피니쉬 파우더는 7월에 출시된 따끈따끈한 신상이에요! 그래서 그런지 후기가 많이 없어서 구매를 고민하기도 했지만 헤라 제품을 좋아해서 이번에 블랙 쿠션이랑 파우더 함께 구매했어요. 기존에 헤라 제품 중에 비슷한 파우더가 있었던거 같은데 이번에 새롭게 출시한거 같아요.

파우더라고 하면 피부를 보송보송하게 해주는 역할이기 때문에 보통 땀을 많이 흘리는 여름에 자주 찾게되는데요. 더운 날씨에만 사용하는 것이 아니라 요즘처럼 장마로 인해서도 메이크업이 잘 무너지기 때문에 지금 딱 쓰기에 좋았어요.

발랐을 때 즉각적인 보송함과 매끈함이 장점이에요. 바르기 전 후가 확실하게 달라서 한번 사용해보신 분들은 아마 계속 사용하게 되실거에요! 메이크업 유지력도 도와주고 답답하지 않아서 좋았어요.!",4,민감성;봄웜톤;민감성;트러블
24,20221016_014743,파우더/팩트,[NEW] 헤라 소프트 피니시 루스 파우더 15g,https://www.oliveyoung.co.kr/store/goods/getGoodsDetail.do?goodsNo=A000000169938&dispCatNo=1000001000200010004&trackingCd&curation&egcode&rccode&egrankcode,헤라,[NEW] 헤라 소프트 피니시 루스 파우더 15g,60000,51000,,"마그네슘포타슘플루오로실리케이트, 실리카, 마그네슘미리스테이트, 비닐다이메티콘/메티콘실세스퀴옥세인크로스폴리머, 보론나이트라이드, 카프릴릭/카프릭트라이글리세라이드, 트라이에톡시카프릴릴실레인, 다이페닐실록시페닐트라이메티콘, 1,2-헥산다이올, 합성플루오르플로고파이트, 황색산화철, 에틸헥실글리세린, 아스코빅애씨드, 마이카, 정제수, 적색산화철, 데하이드로아세틱애씨드, 아크릴레이트/브이피코폴리머, 메티콘, 프로판다이올, 소듐하이알루로네이트, 하이드롤라이즈드하이알루로닉애씨드, 토코페롤, 소듐하이알루로네이트크로스폴리머, 하이알루로닉애씨드, 소듐아세틸레이티드하이알루로네이트",모든 피부,ㅇ인J,2022.08.28,"헤라제품 좋아하는데 체험단으로 좋은 제품을 받아볼수 있게 되었어요!!!
아직은 덥기도하고 마스크 착용 때문에 피니쉬파우더는 마무리 필수 단계인데요 이번에 리뉴얼 됬다고 하더라구요
가루날림이 심하다는 평이 많았어서 걱정했는데 
제가 파우치에 따로 넣어서 가지고 다니지않았어서 그런진모르겠지만 심한편은 아니라고 생각해요ㅜㅋㅋ워낙 파우더제품들이 날림심한제품들이 많았어서 그런걸수도 있구요
컬러는 딱 적당한편이라 뜨지도 않고 마무리단계에서 사용했을때 자연스럽게 블러처리되면서 유분기 잡아주는게 피부표현도 그렇고 너무 좋더라구요ㅠ여윽시
케이스에 덮게겸 퍼프보관공간도 잘되어있고 사용시에 퍼프로 눌러주고 살살 뒤집어서 흔들어주면 골고루 피우더 잘묻어나오구요 브러쉬로도 사용했을때 더 가볍게 얹어줄수있어요",5,지성;웜톤;각질;다크서클
25,20221016_014743,파우더/팩트,[NEW] 헤라 소프트 피니시 루스 파우더 15g,https://www.oliveyoung.co.kr/store/goods/getGoodsDetail.do?goodsNo=A000000169938&dispCatNo=1000001000200010004&trackingCd&curation&egcode&rccode&egrankcode,헤라,[NEW] 헤라 소프트 피니시 루스 파우더 15g,60000,51000,,"마그네슘포타슘플루오로실리케이트, 실리카, 마그네슘미리스테이트, 비닐다이메티콘/메티콘실세스퀴옥세인크로스폴리머, 보론나이트라이드, 카프릴릭/카프릭트라이글리세라이드, 트라이에톡시카프릴릴실레인, 다이페닐실록시페닐트라이메티콘, 1,2-헥산다이올, 합성플루오르플로고파이트, 황색산화철, 에틸헥실글리세린, 아스코빅애씨드, 마이카, 정제수, 적색산화철, 데하이드로아세틱애씨드, 아크릴레이트/브이피코폴리머, 메티콘, 프로판다이올, 소듐하이알루로네이트, 하이드롤라이즈드하이알루로닉애씨드, 토코페롤, 소듐하이알루로네이트크로스폴리머, 하이알루로닉애씨드, 소듐아세틸레이티드하이알루로네이트",모든 피부,울라불라불루짱,2022.08.25,"건성이라서 매트한거나 파우더는 잘 안쓰지만 여름되고 티존쪽엔 유분이 올라오더라구요! 그래서 파우더가 필요하다가 느껴졋어용 파우더를 많이 써본건 아니라 요런 파우더 타입이 처음엔 살짝 어렵더라구요

구냥 평범한 통에 망으로 파우더를 쓰게 되잇어요 첨에 사용할땐 양조절이 조금 어려웟어요 살짝씯해서 썻는데 번들거림도 잘 잡아주도라구요 저는 얇게 조금만 사용해서 그런지 건조함은 못느꼇어요! 양조절 못하고 많이 올리면 군데군데 뭉치는 경우도 조금 잇엇습니다 
양은 많아서 이렇게 쓰면 아주 오래쓸것 같아요ㅋㅋㅋ
향은 강하진 않은데 약간 그 특유의 화장품 향이 살짝 나긴햇어요

전 메이크업을 잘안해서 평소엔 선크림만 바르고 번들거리는 부분만 파우더 처리해주고잇어요! 궁합도 꽤나 좋아서 여름엔 이렇게 꾸준히 사용할 예정입니다",4,건성;봄웜톤;민감성;홍조
26,20221016_014743,파우더/팩트,[NEW] 헤라 소프트 피니시 루스 파우더 15g,https://www.oliveyoung.co.kr/store/goods/getGoodsDetail.do?goodsNo=A000000169938&dispCatNo=1000001000200010004&trackingCd&curation&egcode&rccode&egrankcode,헤라,[NEW] 헤라 소프트 피니시 루스 파우더 15g,60000,51000,,"마그네슘포타슘플루오로실리케이트, 실리카, 마그네슘미리스테이트, 비닐다이메티콘/메티콘실세스퀴옥세인크로스폴리머, 보론나이트라이드, 카프릴릭/카프릭트라이글리세라이드, 트라이에톡시카프릴릴실레인, 다이페닐실록시페닐트라이메티콘, 1,2-헥산다이올, 합성플루오르플로고파이트, 황색산화철, 에틸헥실글리세린, 아스코빅애씨드, 마이카, 정제수, 적색산화철, 데하이드로아세틱애씨드, 아크릴레이트/브이피코폴리머, 메티콘, 프로판다이올, 소듐하이알루로네이트, 하이드롤라이즈드하이알루로닉애씨드, 토코페롤, 소듐하이알루로네이트크로스폴리머, 하이알루로닉애씨드, 소듐아세틸레이티드하이알루로네이트",모든 피부,기니디리미비시,2022.08.11,"*올영 체험단 리뷰입니다.*

올영 체험단으로 받은 헤라 소프트 피니시 루스 파우더 리뷰입니다. 정가는 60,000 원인데 세일가는 51,000 원입니다. 헤라 공홈이랑 올리브영이랑 다 이 가격에 팔아요. 그래서 장바구니 쿠폰이랑 사은품 비교해서 구매하시면 됩니다:)

사용감을 말씀 드리면 일단 루스 파우더이기 때문에 입자가 고운 만큼 가루가 많이 날려요ㅠㅠ 양조절이 어렵습니다.. 이런 파우더 타입은 2니스프ri 노세범을 많이 썼었는데..ㅎㅎ 비싼만큼 더 고운 느낌이에요. 건성분들은 쓰면 너무 건조할 것 같고요, 지성 타입분들, 또는 수부지분들 여름에 추천합니다.

동물성 원료, 타르 색소, 인공향, 탤크, 피이지 5가지 성분이 무첨가입니다. 특히 탤크는 파우더 제품에서 종종 보이던데 없어서 좋아요.

사용 기한은 2025.06.28.까지입니다.",5,민감성;여름쿨톤;다크서클;민감성
27,20221016_014744,파우더/팩트,[NEW] 헤라 소프트 피니시 루스 파우더 15g,https://www.oliveyoung.co.kr/store/goods/getGoodsDetail.do?goodsNo=A000000169938&dispCatNo=1000001000200010004&trackingCd&curation&egcode&rccode&egrankcode,헤라,[NEW] 헤라 소프트 피니시 루스 파우더 15g,60000,51000,,"마그네슘포타슘플루오로실리케이트, 실리카, 마그네슘미리스테이트, 비닐다이메티콘/메티콘실세스퀴옥세인크로스폴리머, 보론나이트라이드, 카프릴릭/카프릭트라이글리세라이드, 트라이에톡시카프릴릴실레인, 다이페닐실록시페닐트라이메티콘, 1,2-헥산다이올, 합성플루오르플로고파이트, 황색산화철, 에틸헥실글리세린, 아스코빅애씨드, 마이카, 정제수, 적색산화철, 데하이드로아세틱애씨드, 아크릴레이트/브이피코폴리머, 메티콘, 프로판다이올, 소듐하이알루로네이트, 하이드롤라이즈드하이알루로닉애씨드, 토코페롤, 소듐하이알루로네이트크로스폴리머, 하이알루로닉애씨드, 소듐아세틸레이티드하이알루로네이트",모든 피부,멍예진,2022.09.11,"헤라 소프트 피니쉬 파우더는 7월에 출시된 따끈따끈한 신상이에요! 그래서 그런지 후기가 많이 없어서 구매를 고민하기도 했지만 헤라 제품을 좋아해서 이번에 블랙 쿠션이랑 파우더 함께 구매했어요. 기존에 헤라 제품 중에 비슷한 파우더가 있었던거 같은데 이번에 새롭게 출시한거 같아요.

파우더라고 하면 피부를 보송보송하게 해주는 역할이기 때문에 보통 땀을 많이 흘리는 여름에 자주 찾게되는데요. 더운 날씨에만 사용하는 것이 아니라 요즘처럼 장마로 인해서도 메이크업이 잘 무너지기 때문에 지금 딱 쓰기에 좋았어요.

발랐을 때 즉각적인 보송함과 매끈함이 장점이에요. 바르기 전 후가 확실하게 달라서 한번 사용해보신 분들은 아마 계속 사용하게 되실거에요! 메이크업 유지력도 도와주고 답답하지 않아서 좋았어요.!",4,민감성;봄웜톤;민감성;트러블
28,20221016_014744,파우더/팩트,[NEW] 헤라 소프트 피니시 루스 파우더 15g,https://www.oliveyoung.co.kr/store/goods/getGoodsDetail.do?goodsNo=A000000169938&dispCatNo=1000001000200010004&trackingCd&curation&egcode&rccode&egrankcode,헤라,[NEW] 헤라 소프트 피니시 루스 파우더 15g,60000,51000,,"마그네슘포타슘플루오로실리케이트, 실리카, 마그네슘미리스테이트, 비닐다이메티콘/메티콘실세스퀴옥세인크로스폴리머, 보론나이트라이드, 카프릴릭/카프릭트라이글리세라이드, 트라이에톡시카프릴릴실레인, 다이페닐실록시페닐트라이메티콘, 1,2-헥산다이올, 합성플루오르플로고파이트, 황색산화철, 에틸헥실글리세린, 아스코빅애씨드, 마이카, 정제수, 적색산화철, 데하이드로아세틱애씨드, 아크릴레이트/브이피코폴리머, 메티콘, 프로판다이올, 소듐하이알루로네이트, 하이드롤라이즈드하이알루로닉애씨드, 토코페롤, 소듐하이알루로네이트크로스폴리머, 하이알루로닉애씨드, 소듐아세틸레이티드하이알루로네이트",모든 피부,온니유,2022.08.22,여름철 유분 때문에 화장이 잘 무너지곤 하는데 이 루스 파우더로 화장의 지속력을 오래 유지시킬수 있었어요. 메이크업을 하고 나서 헤라 루스 파우더를 마무리에 살짝 두드려줬더니 밖에서도 화장이 오래가더라고요. 입자가 곱고 부드러우며 색상도 흰색이 아닌 베이지색 피부빛의 파우더라 피부가 더 예쁘게 표현됐어요. 케이스도 고급지고 깔끔해서 들고 다니기에도 좋았습니다.,5,건성;쿨톤;주름;탄력
29,20221016_014744,파우더/팩트,[NEW] 헤라 소프트 피니시 루스 파우더 15g,https://www.oliveyoung.co.kr/store/goods/getGoodsDetail.do?goodsNo=A000000169938&dispCatNo=1000001000200010004&trackingCd&curation&egcode&rccode&egrankcode,헤라,[NEW] 헤라 소프트 피니시 루스 파우더 15g,60000,51000,,"마그네슘포타슘플루오로실리케이트, 실리카, 마그네슘미리스테이트, 비닐다이메티콘/메티콘실세스퀴옥세인크로스폴리머, 보론나이트라이드, 카프릴릭/카프릭트라이글리세라이드, 트라이에톡시카프릴릴실레인, 다이페닐실록시페닐트라이메티콘, 1,2-헥산다이올, 합성플루오르플로고파이트, 황색산화철, 에틸헥실글리세린, 아스코빅애씨드, 마이카, 정제수, 적색산화철, 데하이드로아세틱애씨드, 아크릴레이트/브이피코폴리머, 메티콘, 프로판다이올, 소듐하이알루로네이트, 하이드롤라이즈드하이알루로닉애씨드, 토코페롤, 소듐하이알루로네이트크로스폴리머, 하이알루로닉애씨드, 소듐아세틸레이티드하이알루로네이트",모든 피부,와아앙,2022.08.13,"헤라 쿠션, 파운데이션 모두 써봤는데 너무 만족하고 썼었는데 체험단으로 파우더까지 사용해보게 돼서 정말 좋아요 ❤️
명품브랜드 중 쿠션으로는 감히 헤라가 베스트라고 생각하는데 파우더도 나쁘지 않았어요!!
우선 제품력으로는 매우 만족했습니다!
파우더 입자가 매우 고와서 진짜 매끄럽고 촘촘하게 잘 잡아줘요.
내장돼있는 퍼프와도 파우더가 궁합 괜찮습니다!!
호수는 따로 적혀있지 않지만 밝은 21호 정도의 컬러라 화사하게 연출되고 기름이 자주 지는 부위에 사용해주면 오래 기름을 잡아줍니다ㅎㅎ
근데 단점이라도 생각하는건 사용하기가 조금 불편한 것 같아요ㅠㅠ
아무래도 가루타입 파우더다 보니까 가루날림이 좀 심하고 스킬이 부족하면 자칫 파우더가 뭉칠수도 있어 이 부분은 조심하면서 쓰시면 좋을 것 같아요!!!",5,지성;쿨톤;모공;미백
30,20221016_014746,파우더/팩트,[NEW] 헤라 소프트 피니시 루스 파우더 15g,https://www.oliveyoung.co.kr/store/goods/getGoodsDetail.do?goodsNo=A000000169938&dispCatNo=1000001000200010004&trackingCd&curation&egcode&rccode&egrankcode,헤라,[NEW] 헤라 소프트 피니시 루스 파우더 15g,60000,51000,,"마그네슘포타슘플루오로실리케이트, 실리카, 마그네슘미리스테이트, 비닐다이메티콘/메티콘실세스퀴옥세인크로스폴리머, 보론나이트라이드, 카프릴릭/카프릭트라이글리세라이드, 트라이에톡시카프릴릴실레인, 다이페닐실록시페닐트라이메티콘, 1,2-헥산다이올, 합성플루오르플로고파이트, 황색산화철, 에틸헥실글리세린, 아스코빅애씨드, 마이카, 정제수, 적색산화철, 데하이드로아세틱애씨드, 아크릴레이트/브이피코폴리머, 메티콘, 프로판다이올, 소듐하이알루로네이트, 하이드롤라이즈드하이알루로닉애씨드, 토코페롤, 소듐하이알루로네이트크로스폴리머, 하이알루로닉애씨드, 소듐아세틸레이티드하이알루로네이트",모든 피부,루루롱,2022.08.23,"그동안 이니스프이 유명한 노세범만 사용해봤는데 역시 헤라는 입자부터 차이가 나네요
입자가 정말 고운 편이라 이 점이 가장 좋습니다
피부에 밀착력도 좋은편이고 지속력은 나쁘지 않아요",5,지성;쿨톤;모공;미백
31,20221016_014747,파우더/팩트,[NEW] 헤라 소프트 피니시 루스 파우더 15g,https://www.oliveyoung.co.kr/store/goods/getGoodsDetail.do?goodsNo=A000000169938&dispCatNo=1000001000200010004&trackingCd&curation&egcode&rccode&egrankcode,헤라,[NEW] 헤라 소프트 피니시 루스 파우더 15g,60000,51000,,"마그네슘포타슘플루오로실리케이트, 실리카, 마그네슘미리스테이트, 비닐다이메티콘/메티콘실세스퀴옥세인크로스폴리머, 보론나이트라이드, 카프릴릭/카프릭트라이글리세라이드, 트라이에톡시카프릴릴실레인, 다이페닐실록시페닐트라이메티콘, 1,2-헥산다이올, 합성플루오르플로고파이트, 황색산화철, 에틸헥실글리세린, 아스코빅애씨드, 마이카, 정제수, 적색산화철, 데하이드로아세틱애씨드, 아크릴레이트/브이피코폴리머, 메티콘, 프로판다이올, 소듐하이알루로네이트, 하이드롤라이즈드하이알루로닉애씨드, 토코페롤, 소듐하이알루로네이트크로스폴리머, 하이알루로닉애씨드, 소듐아세틸레이티드하이알루로네이트",모든 피부,jisu****,2022.08.25,친구 선물로 구입했는데 매일 사용한다고 마음에 든다고 하네요.,5,_alchera_none_
