,timestamp,category,productName,urlProduct,brand,productName.1,price1,price2,Color,ingredients,skinType,username,datePublished,reviewText,score,reviewerSkinType
0,20221015_072159,마스카라,[단독기획] 크리니크 래쉬 파워 마스카라 다크초코 기획세트 (래쉬 프라이머 정품증정),https://www.oliveyoung.co.kr/store/goods/getGoodsDetail.do?goodsNo=A000000169139&dispCatNo=1000001000200070001&trackingCd&curation&egcode&rccode&egrankcode,크리니크,[단독기획] 크리니크 래쉬 파워 마스카라 다크초코 기획세트 (래쉬 프라이머 정품증정),38000,38000,,"정제수,아크릴레이트코폴리머,카올린,카나우바왁스,피이지-15글리세릴스테아레이트,실리카,부틸렌글라이콜,비즈왁스,에탄올,하이드로제네이티드레이프씨드알코올,벤토나이트,폴리비닐알코올,슈크로오스디스테아레이트,스테아릭애씨드,호호바씨오일,다이메티콘,시메티콘,브이피/브이에이코폴리머,나일론-66,토코페롤,아미노메틸프로판다이올,아미노메틸프로판올,잔탄검,클로페네신,소듐데하이드로아세테이트,페녹시에탄올,[+/- 적색산화철,황색산화철,흑색산화철,티타늄디옥사이드,카민,황색4호 레이크,청색1호 레이크,울트라마린,비스머스옥시클로라이드,크로뮴옥사이드그린,망가니즈바이올렛,크로뮴하이드록사이드그린]
< ILN45296>",모든 피부 타입,져니215,2022.07.26,"마스카라를 다 써서 새로운거 사보려고 이번에 처음 구매한
❤️ 크리니크 래쉬 파워 마스카라 ❤️ 인데
핵심부터 말하자면

👎 뷰러 대충하시면 비추
👎 마스카라로 대충 다 올려졌으면 하시면 비추 
👎 속눈썹이 빡 ! 올라가는걸 좋아하시면 비추

👍 아침에도 난 화장 열심히 할 수 있다
👍 뭉침없이 부드럽게 발리는걸 좋아한다
👍 자연스러운 컬링을 좋아한다

제가 뷰러질을 좀 대충하고 빨리 화장 슥슥 하고❗️
마스카라가 좀 그걸 힘있게 잡아주는 제품을 쭈욱 써와서 그런지
요번 이 제품사고 화장하고 나와서 보니까 눈이 좀,, 심심하네요?

아침에 화장 무조건 10분컷 한다는 마인드라서
집중해서 뷰러 빡빡 못하는 저같이 급한 한국인 성격분들은
요거 사시면 생각보다 컬링 있게 위로 잡아주지 않아서
요 부분은 조금 아쉬울 것 같아요🥲
저는 위로 빡 ! 올라가는걸 좋아해서요ㅠㅠ힝

발림성은 좋아요 진짜 부드럽게 발려서 뭉침도 없어요
한컷에 스윽 발랐을 때 오 이거 진짜 부드럽다 ❗️
이 느낌은 완전 바로 받으실 수 있는데

제가 원하는 만큼 올라가지 않아서 ,, 흑흑
이 부분은 아쉬워요,, 아침에 열심히 화장할 의지는 없는걸,,
그래도 발림이 너무 좋아서 또 구매할 의지는 있습니당 ☺️",3,건성;쿨톤;미백;잡티
1,20221015_072159,마스카라,[단독기획] 크리니크 래쉬 파워 마스카라 다크초코 기획세트 (래쉬 프라이머 정품증정),https://www.oliveyoung.co.kr/store/goods/getGoodsDetail.do?goodsNo=A000000169139&dispCatNo=1000001000200070001&trackingCd&curation&egcode&rccode&egrankcode,크리니크,[단독기획] 크리니크 래쉬 파워 마스카라 다크초코 기획세트 (래쉬 프라이머 정품증정),38000,38000,,"정제수,아크릴레이트코폴리머,카올린,카나우바왁스,피이지-15글리세릴스테아레이트,실리카,부틸렌글라이콜,비즈왁스,에탄올,하이드로제네이티드레이프씨드알코올,벤토나이트,폴리비닐알코올,슈크로오스디스테아레이트,스테아릭애씨드,호호바씨오일,다이메티콘,시메티콘,브이피/브이에이코폴리머,나일론-66,토코페롤,아미노메틸프로판다이올,아미노메틸프로판올,잔탄검,클로페네신,소듐데하이드로아세테이트,페녹시에탄올,[+/- 적색산화철,황색산화철,흑색산화철,티타늄디옥사이드,카민,황색4호 레이크,청색1호 레이크,울트라마린,비스머스옥시클로라이드,크로뮴옥사이드그린,망가니즈바이올렛,크로뮴하이드록사이드그린]
< ILN45296>",모든 피부 타입,sksk8009,2022.08.26,"우선 저는 프라이머를 썼을 때 조금 뭉치는 경향이 있어서 본품만 사용하고 있습니다. 롱래쉬는 잘되구요. 제가 프라이머를 사용하지 않아서 그리고 깔끔한 발림을 좋아해서 사실 볼륨감은 잘 모르겠어요. 그런데 깔끔하게 잘 발려요 ! 
 단! 묻어나오는 양이 많고 자칫 금방 눈을 감아버리면 눈에 잘 묻어나서 요건 요령껏 용량을 뚜껑입구에서 잘 덜어가며 쓰셔야 할 것 같아요 ! 
 발색력과 롱래쉬는  마음에 쏙 들었습니다.",5,복합성;웜톤;모공;블랙헤드
2,20221015_072200,마스카라,[단독기획] 크리니크 래쉬 파워 마스카라 다크초코 기획세트 (래쉬 프라이머 정품증정),https://www.oliveyoung.co.kr/store/goods/getGoodsDetail.do?goodsNo=A000000169139&dispCatNo=1000001000200070001&trackingCd&curation&egcode&rccode&egrankcode,크리니크,[단독기획] 크리니크 래쉬 파워 마스카라 다크초코 기획세트 (래쉬 프라이머 정품증정),38000,38000,,"정제수,아크릴레이트코폴리머,카올린,카나우바왁스,피이지-15글리세릴스테아레이트,실리카,부틸렌글라이콜,비즈왁스,에탄올,하이드로제네이티드레이프씨드알코올,벤토나이트,폴리비닐알코올,슈크로오스디스테아레이트,스테아릭애씨드,호호바씨오일,다이메티콘,시메티콘,브이피/브이에이코폴리머,나일론-66,토코페롤,아미노메틸프로판다이올,아미노메틸프로판올,잔탄검,클로페네신,소듐데하이드로아세테이트,페녹시에탄올,[+/- 적색산화철,황색산화철,흑색산화철,티타늄디옥사이드,카민,황색4호 레이크,청색1호 레이크,울트라마린,비스머스옥시클로라이드,크로뮴옥사이드그린,망가니즈바이올렛,크로뮴하이드록사이드그린]
< ILN45296>",모든 피부 타입,플라잉토마토,2022.08.17,"한달 사용 후기
🖌 뭉침 없고 무엇보다 번짐 없어 잘 사용하고 있어요.
매번 느끼는 것이지만 미온수로만도 가루가 떨어지듯이 자극 없이 세정되는 것이 큰 장점이에요.
🎨 색상 비교: 예전부터 쓰던 블랙 색상과 비교하면 인상을 부드럽게 해줘서 번갈아 쓰고 있어요.
🔊아쉬운 점: 누가 여기에 볼륨 기능 좀 넣어주세요.",5,_alchera_none_
3,20221015_072202,마스카라,[단독기획] 크리니크 래쉬 파워 마스카라 다크초코 기획세트 (래쉬 프라이머 정품증정),https://www.oliveyoung.co.kr/store/goods/getGoodsDetail.do?goodsNo=A000000169139&dispCatNo=1000001000200070001&trackingCd&curation&egcode&rccode&egrankcode,크리니크,[단독기획] 크리니크 래쉬 파워 마스카라 다크초코 기획세트 (래쉬 프라이머 정품증정),38000,38000,,"정제수,아크릴레이트코폴리머,카올린,카나우바왁스,피이지-15글리세릴스테아레이트,실리카,부틸렌글라이콜,비즈왁스,에탄올,하이드로제네이티드레이프씨드알코올,벤토나이트,폴리비닐알코올,슈크로오스디스테아레이트,스테아릭애씨드,호호바씨오일,다이메티콘,시메티콘,브이피/브이에이코폴리머,나일론-66,토코페롤,아미노메틸프로판다이올,아미노메틸프로판올,잔탄검,클로페네신,소듐데하이드로아세테이트,페녹시에탄올,[+/- 적색산화철,황색산화철,흑색산화철,티타늄디옥사이드,카민,황색4호 레이크,청색1호 레이크,울트라마린,비스머스옥시클로라이드,크로뮴옥사이드그린,망가니즈바이올렛,크로뮴하이드록사이드그린]
< ILN45296>",모든 피부 타입,플라잉토마토,2022.07.18,"크리니크 프라이머도 써보고 싶었는데 
마침 마스카라 기획세트가 있어 구매하게 되었어요.
* 마스카라
어떤 마스카라를 써도 번지는 이상한 눈두덩이를 갖고 있는데 이 제품만 번지지 않아 계속 구매하고 있어요. 지속력도 좋고 무엇보다 클렌징이 쉬어요.
다만 브러쉬가 너무 얇고 가늘어 속눈썹에 볼륨을 주진 못해요. 그래서 래쉬 기능은 있으나 눈매를 뚜렷하게 만들진 못하는 단점이 있습니다.
브라운 색은 처음 사봤는데 블랙보다는 부드러운 인상을 주긴하지만 색감이 눈이 띌만큼 나타나진 않네요. 오히려 시원하고 또렷한 눈매를 원하면 블랙이 더 나을 것 같아요.
*프라이머
사용법을 잘 몰라서 그런지 아쉬움이 남는 제품이었어요. 프라이머가 마르면서 그 뒤에 마스카라를 바를 때 부드럽게 발리는 것을 방해해요. 속눈썹이 무거워져서 그런지 눈에 부담도 되네요.
빠르게 고정 시키기는 하는데 그만큼 한번 픽스되면 수정이 어렵고 끈적이는 느낌이 계속 있어요. 크리니크 제품 아닌 다른 마스카라와 발라봤는데 이 프라이머를 사용했음에도 번지네요.",4,_alchera_none_
4,20221015_072203,마스카라,[단독기획] 크리니크 래쉬 파워 마스카라 다크초코 기획세트 (래쉬 프라이머 정품증정),https://www.oliveyoung.co.kr/store/goods/getGoodsDetail.do?goodsNo=A000000169139&dispCatNo=1000001000200070001&trackingCd&curation&egcode&rccode&egrankcode,크리니크,[단독기획] 크리니크 래쉬 파워 마스카라 다크초코 기획세트 (래쉬 프라이머 정품증정),38000,38000,,"정제수,아크릴레이트코폴리머,카올린,카나우바왁스,피이지-15글리세릴스테아레이트,실리카,부틸렌글라이콜,비즈왁스,에탄올,하이드로제네이티드레이프씨드알코올,벤토나이트,폴리비닐알코올,슈크로오스디스테아레이트,스테아릭애씨드,호호바씨오일,다이메티콘,시메티콘,브이피/브이에이코폴리머,나일론-66,토코페롤,아미노메틸프로판다이올,아미노메틸프로판올,잔탄검,클로페네신,소듐데하이드로아세테이트,페녹시에탄올,[+/- 적색산화철,황색산화철,흑색산화철,티타늄디옥사이드,카민,황색4호 레이크,청색1호 레이크,울트라마린,비스머스옥시클로라이드,크로뮴옥사이드그린,망가니즈바이올렛,크로뮴하이드록사이드그린]
< ILN45296>",모든 피부 타입,촉촉방울,2022.08.04,"뷰러 사용안합니다.
크리니크 마스카라만 사용해왔구요
프라이머 사용해보니 차이가 많은거같아요
속눈썹 붙인거마냥 포인트 제대로, 번짐도 없고 처짐없고 유지력 좋아요
뭉침없고 오히려 마스카라는 몇번 사용안해도 되더라구요
프라이머 바르고 조금지나면 하얗게 묻은것도 색이 사라지는거 같아요
세정도 어렵지 않았어요
저는 프라이머 너무너무 추천해요!!",5,_alchera_none_
5,20221015_072204,마스카라,[단독기획] 크리니크 래쉬 파워 마스카라 다크초코 기획세트 (래쉬 프라이머 정품증정),https://www.oliveyoung.co.kr/store/goods/getGoodsDetail.do?goodsNo=A000000169139&dispCatNo=1000001000200070001&trackingCd&curation&egcode&rccode&egrankcode,크리니크,[단독기획] 크리니크 래쉬 파워 마스카라 다크초코 기획세트 (래쉬 프라이머 정품증정),38000,38000,,"정제수,아크릴레이트코폴리머,카올린,카나우바왁스,피이지-15글리세릴스테아레이트,실리카,부틸렌글라이콜,비즈왁스,에탄올,하이드로제네이티드레이프씨드알코올,벤토나이트,폴리비닐알코올,슈크로오스디스테아레이트,스테아릭애씨드,호호바씨오일,다이메티콘,시메티콘,브이피/브이에이코폴리머,나일론-66,토코페롤,아미노메틸프로판다이올,아미노메틸프로판올,잔탄검,클로페네신,소듐데하이드로아세테이트,페녹시에탄올,[+/- 적색산화철,황색산화철,흑색산화철,티타늄디옥사이드,카민,황색4호 레이크,청색1호 레이크,울트라마린,비스머스옥시클로라이드,크로뮴옥사이드그린,망가니즈바이올렛,크로뮴하이드록사이드그린]
< ILN45296>",모든 피부 타입,k97rlat****,2022.10.09,자연스럽게 사용하기 좋은 제품으로 데일리로 부담없어 만족스럽습니다,4,_alchera_none_
6,20221015_072205,마스카라,[단독기획] 크리니크 래쉬 파워 마스카라 다크초코 기획세트 (래쉬 프라이머 정품증정),https://www.oliveyoung.co.kr/store/goods/getGoodsDetail.do?goodsNo=A000000169139&dispCatNo=1000001000200070001&trackingCd&curation&egcode&rccode&egrankcode,크리니크,[단독기획] 크리니크 래쉬 파워 마스카라 다크초코 기획세트 (래쉬 프라이머 정품증정),38000,38000,,"정제수,아크릴레이트코폴리머,카올린,카나우바왁스,피이지-15글리세릴스테아레이트,실리카,부틸렌글라이콜,비즈왁스,에탄올,하이드로제네이티드레이프씨드알코올,벤토나이트,폴리비닐알코올,슈크로오스디스테아레이트,스테아릭애씨드,호호바씨오일,다이메티콘,시메티콘,브이피/브이에이코폴리머,나일론-66,토코페롤,아미노메틸프로판다이올,아미노메틸프로판올,잔탄검,클로페네신,소듐데하이드로아세테이트,페녹시에탄올,[+/- 적색산화철,황색산화철,흑색산화철,티타늄디옥사이드,카민,황색4호 레이크,청색1호 레이크,울트라마린,비스머스옥시클로라이드,크로뮴옥사이드그린,망가니즈바이올렛,크로뮴하이드록사이드그린]
< ILN45296>",모든 피부 타입,coi196****,2022.07.16,마스카라  유목민인데  크리니크는  소문만  들었지  구매한건  처음입니다.무엇보다  맘에드누건  미온수에도  잘  지워진다는  점입니다.뭣도  모르고 워터프루프   사용했다가  속눈썹이  절반쯤  뜯겼던   끔찍한  기억이  있는지라...,5,_alchera_none_
7,20221015_072206,마스카라,[단독기획] 크리니크 래쉬 파워 마스카라 다크초코 기획세트 (래쉬 프라이머 정품증정),https://www.oliveyoung.co.kr/store/goods/getGoodsDetail.do?goodsNo=A000000169139&dispCatNo=1000001000200070001&trackingCd&curation&egcode&rccode&egrankcode,크리니크,[단독기획] 크리니크 래쉬 파워 마스카라 다크초코 기획세트 (래쉬 프라이머 정품증정),38000,38000,,"정제수,아크릴레이트코폴리머,카올린,카나우바왁스,피이지-15글리세릴스테아레이트,실리카,부틸렌글라이콜,비즈왁스,에탄올,하이드로제네이티드레이프씨드알코올,벤토나이트,폴리비닐알코올,슈크로오스디스테아레이트,스테아릭애씨드,호호바씨오일,다이메티콘,시메티콘,브이피/브이에이코폴리머,나일론-66,토코페롤,아미노메틸프로판다이올,아미노메틸프로판올,잔탄검,클로페네신,소듐데하이드로아세테이트,페녹시에탄올,[+/- 적색산화철,황색산화철,흑색산화철,티타늄디옥사이드,카민,황색4호 레이크,청색1호 레이크,울트라마린,비스머스옥시클로라이드,크로뮴옥사이드그린,망가니즈바이올렛,크로뮴하이드록사이드그린]
< ILN45296>",모든 피부 타입,limm****,2022.10.02,넘~~~좋은 크리니크 마스카라. 자연스럽게 뭉침없이 아~~~~주 잘발려요 지속력또한 오래가요,5,_alchera_none_
8,20221015_072207,마스카라,[단독기획] 크리니크 래쉬 파워 마스카라 다크초코 기획세트 (래쉬 프라이머 정품증정),https://www.oliveyoung.co.kr/store/goods/getGoodsDetail.do?goodsNo=A000000169139&dispCatNo=1000001000200070001&trackingCd&curation&egcode&rccode&egrankcode,크리니크,[단독기획] 크리니크 래쉬 파워 마스카라 다크초코 기획세트 (래쉬 프라이머 정품증정),38000,38000,,"정제수,아크릴레이트코폴리머,카올린,카나우바왁스,피이지-15글리세릴스테아레이트,실리카,부틸렌글라이콜,비즈왁스,에탄올,하이드로제네이티드레이프씨드알코올,벤토나이트,폴리비닐알코올,슈크로오스디스테아레이트,스테아릭애씨드,호호바씨오일,다이메티콘,시메티콘,브이피/브이에이코폴리머,나일론-66,토코페롤,아미노메틸프로판다이올,아미노메틸프로판올,잔탄검,클로페네신,소듐데하이드로아세테이트,페녹시에탄올,[+/- 적색산화철,황색산화철,흑색산화철,티타늄디옥사이드,카민,황색4호 레이크,청색1호 레이크,울트라마린,비스머스옥시클로라이드,크로뮴옥사이드그린,망가니즈바이올렛,크로뮴하이드록사이드그린]
< ILN45296>",모든 피부 타입,h20****,2022.09.06,블랙쓰다가 처음으로 갈색 구매했는데 좋아요 구성품도 잘쓰고 있어요,5,_alchera_none_
