,timestamp,category,productName,urlProduct,brand,productName.1,price1,price2,Color,ingredients,skinType,username,datePublished,reviewText,score,reviewerSkinType
0,20221015_101708,아이브로우,[문가영pick] 딘토 단테 원바이원 브로우 디파이너 3종,https://www.oliveyoung.co.kr/store/goods/getGoodsDetail.do?goodsNo=A000000162029&dispCatNo=1000001000200070004&trackingCd&curation&egcode&rccode&egrankcode,딘토,[문가영pick] 딘토 단테 원바이원 브로우 디파이너 3종,16000,12800,레오네;루포;판테라,"레오네
티타늄디옥사이드,하이드로제네이티드코코-글리세라이즈,하이드로제네이티드캐스터오일,황색산화철,세레신,마이카,마이크로크리스탈린왁스,흑색산화철,적색산화철,페녹시에탄올,호호바씨오일",모든 피부용,피복치,2022.02.16,"눈썹모가 짙어서 423 루포 선택했어요 노란기 싹 뺀 회갈색 컬러인데 은은한 붉은기 때문에 고동색 한 스푼 넣은 느낌임 브로우는 그레이 컬러가 베스트인데 루포는 새까만 내 눈썹이랑 썩 잘 어우러지는 것 같지는 않았음... 판테라 고를 걸 그랫나 바요...

일단 심은 타원형으로 진짜 가늘고 얇아요 그래서 섬세한 표현이 가능한데 그만큼 잘 부러지기도 함 찔끔찔끔 내놓고 써야 합니다... 발색은 연한 편이고 덧그리면 진하게 올라가긴 함 근데 눈썹 위에서 은근하게 뭉치면서 진해질 때가 있음 마치 유분 만나서 뭉치듯이... 분명 파우더 처리를 하고 그렸는데도 그럴 때가 있어서 좀 아쉬웠음

아무튼 진하지 않은 발색 때문에 자연스러운 눈썹 그리기 좋은 아이브로우인 건 맞음 지속력도 괜찮은 편 하지만 다른 로드샵 아이브로우와 비교했을 때 딘토가 더 메리트 있는지는 잘 모르겠음... 하나 꼽자면 비건이라는 거? 제품력에 있어서는 뾰족한 뭔가가 있는 것 같진 않아요",3,복합성;쿨톤;민감성;잡티
1,20221015_101708,아이브로우,[문가영pick] 딘토 단테 원바이원 브로우 디파이너 3종,https://www.oliveyoung.co.kr/store/goods/getGoodsDetail.do?goodsNo=A000000162029&dispCatNo=1000001000200070004&trackingCd&curation&egcode&rccode&egrankcode,딘토,[문가영pick] 딘토 단테 원바이원 브로우 디파이너 3종,16000,12800,레오네;루포;판테라,"레오네
티타늄디옥사이드,하이드로제네이티드코코-글리세라이즈,하이드로제네이티드캐스터오일,황색산화철,세레신,마이카,마이크로크리스탈린왁스,흑색산화철,적색산화철,페녹시에탄올,호호바씨오일",모든 피부용,뒤뚱,2022.02.17,"(사진은 눈썹꼬리만 딘토로 그렸어요)
✨맨살에는 안그려지고 눈썹에는 쓱쓱 잘 그려지는 그런 하드한 타입이에요! 발림성 부드럽고 지속력도 꽤 만족스러워요! 

눈썹꼬리 날렵하게 빼는걸 좋아하는터라 원래 취향대로 젤 진한 색상 사려고 했어요!  근데 뭐에 홀린건지,, 딘토의 그 연하고 부드러움 색감을 자랑하는 광고를 sns에서 너무 많이 봐서 그런지ㅋㅋ하루종일 고민하다 결국 젤 연한색 샀네요ㅋㅋㅋ 

✨웨이크메이크 네추럴 하드 브로우 펜슬 2호 그레이브라운 색이랑 거의 똑같아요!  웨메는 겉보기엔 쫌 더 진한데 막상 바르면 비슷해요! 차이점은 웨메는 덧발라도 색이 진해지지 않는데, 딘토는 색이 쌓여서 나름 진하게 연출할 수 있어요~ 파우더 처리 안했는데도 귀가후에도 눈썹 멀쩡했어요 !!
✨색상은 상세페이지 내 설명 그대로에요!! 진짜 설명대로만 선택하시면 후회 안할거 같아요ㅎㅎ 저는 살짝 후회중이지만..ㅎㅎ 
✨얇은 심이어서 처음 사용할때는 쫌 아픈데, 사용하다보면 부드럽게 처리되러 안아프고 잘 그려져요 ㅎㅎ",5,복합성;가을웜톤;미백;민감성
2,20221015_101710,아이브로우,[문가영pick] 딘토 단테 원바이원 브로우 디파이너 3종,https://www.oliveyoung.co.kr/store/goods/getGoodsDetail.do?goodsNo=A000000162029&dispCatNo=1000001000200070004&trackingCd&curation&egcode&rccode&egrankcode,딘토,[문가영pick] 딘토 단테 원바이원 브로우 디파이너 3종,16000,12800,레오네;루포;판테라,"레오네
티타늄디옥사이드,하이드로제네이티드코코-글리세라이즈,하이드로제네이티드캐스터오일,황색산화철,세레신,마이카,마이크로크리스탈린왁스,흑색산화철,적색산화철,페녹시에탄올,호호바씨오일",모든 피부용,aik****,2022.09.20,얇고 발색도 자연스럽게 잘 됩니다. 색상도 아주 자연스러운 편입니다.,5,_alchera_none_
3,20221015_101711,아이브로우,[문가영pick] 딘토 단테 원바이원 브로우 디파이너 3종,https://www.oliveyoung.co.kr/store/goods/getGoodsDetail.do?goodsNo=A000000162029&dispCatNo=1000001000200070004&trackingCd&curation&egcode&rccode&egrankcode,딘토,[문가영pick] 딘토 단테 원바이원 브로우 디파이너 3종,16000,12800,레오네;루포;판테라,"레오네
티타늄디옥사이드,하이드로제네이티드코코-글리세라이즈,하이드로제네이티드캐스터오일,황색산화철,세레신,마이카,마이크로크리스탈린왁스,흑색산화철,적색산화철,페녹시에탄올,호호바씨오일",모든 피부용,aik****,2022.09.20,얇고 발색도 자연스럽게 잘 됩니다. 색상도 아주 자연스러운 편입니다.,5,_alchera_none_
4,20221015_101711,아이브로우,[문가영pick] 딘토 단테 원바이원 브로우 디파이너 3종,https://www.oliveyoung.co.kr/store/goods/getGoodsDetail.do?goodsNo=A000000162029&dispCatNo=1000001000200070004&trackingCd&curation&egcode&rccode&egrankcode,딘토,[문가영pick] 딘토 단테 원바이원 브로우 디파이너 3종,16000,12800,레오네;루포;판테라,"레오네
티타늄디옥사이드,하이드로제네이티드코코-글리세라이즈,하이드로제네이티드캐스터오일,황색산화철,세레신,마이카,마이크로크리스탈린왁스,흑색산화철,적색산화철,페녹시에탄올,호호바씨오일",모든 피부용,보라양말,2022.06.22,"비건 브로우라 일단 좋았구요! 

매우 은은하게 발려서 뭐야 안발리네 하고 몇번 긋다보면 꽤 발색됩니다..! 자연스럽게 표현하기 좋은듯

까만색 브로우 찾고있었는데 살짝 브라운기있지만 까만 눈썹과 잘 융화돼요.

근데 맨살에 그리기는 좀 뻑뻑한 느낌~?

사용하면서 3번정도 뿌러뜨려쓰,, 아깝 다른 제품에 비해 좀 딱딱하다보니 그랬던것같아요.",5,복합성;여름쿨톤;미백;트러블
5,20221015_101712,아이브로우,[문가영pick] 딘토 단테 원바이원 브로우 디파이너 3종,https://www.oliveyoung.co.kr/store/goods/getGoodsDetail.do?goodsNo=A000000162029&dispCatNo=1000001000200070004&trackingCd&curation&egcode&rccode&egrankcode,딘토,[문가영pick] 딘토 단테 원바이원 브로우 디파이너 3종,16000,12800,레오네;루포;판테라,"레오네
티타늄디옥사이드,하이드로제네이티드코코-글리세라이즈,하이드로제네이티드캐스터오일,황색산화철,세레신,마이카,마이크로크리스탈린왁스,흑색산화철,적색산화철,페녹시에탄올,호호바씨오일",모든 피부용,aik****,2022.05.13,와 이제품 진짜 짱이에요. 너무 얇아서 디테일이한 작업을 하는데 좋고 그렇다고 막 부러지고 하지도 않네요. 길이를 적당히 빼서 쓰니까 딱이에요,5,_alchera_none_
6,20221015_101713,아이브로우,[문가영pick] 딘토 단테 원바이원 브로우 디파이너 3종,https://www.oliveyoung.co.kr/store/goods/getGoodsDetail.do?goodsNo=A000000162029&dispCatNo=1000001000200070004&trackingCd&curation&egcode&rccode&egrankcode,딘토,[문가영pick] 딘토 단테 원바이원 브로우 디파이너 3종,16000,12800,레오네;루포;판테라,"레오네
티타늄디옥사이드,하이드로제네이티드코코-글리세라이즈,하이드로제네이티드캐스터오일,황색산화철,세레신,마이카,마이크로크리스탈린왁스,흑색산화철,적색산화철,페녹시에탄올,호호바씨오일",모든 피부용,keunji****,2022.04.14,"제품 괜찮아요
그치만 재구매는 아직 생각이 없어요
장점부터 뽑자면 자연모에 색상이 정말 잘어울려요 저는 염색 안 한 까만 자연머리라해도 갈색빛이 도는 타입인데, 브로우 색이 딱 그 색을 맞춰서 나왔어요 얼굴에 색이 잘 녹아들어서 매우 자연스럽습니다
발림도 우수해서 슥슥 발리고 펜슬이 얆아서 디테일한 부분까지 놓치지 않고 그릴 수 있어요 저같이 세세하게 눈썹 그리는 사람들에게는 딱 좋은 타입의 굵기에요
다만 아쉬운건 가격대비 굳이 이 얇은걸 부러트리면서까지 사용을 해야하나 싶습니다 사용하면서 총 3번을 부셔먹었고 꾸역꾸역 넣어서 썼지만 결국 구매한지 얼마 지나지않나 보내줬습니다.. 정말 조심히 가만히 사용하는데도 불구하고 작은 충격에도 금방 부러지니 사용하기가 여간 까다로운게 아니네요 출근길 지하철이나 버스에선 사용할 엄두도 못내겠어요
그리고 지속력 약합니다 오후에 기름 살짝 올라오면 금방 흐릿해 지네요
색상만 보고 재구매를 하고싶지만 지속력까진 감안 가능하니 더 두꺼운 버전이 나오면 참 좋겧네요 오늘도 아이브로우 유목민의 유목 생활을 떠나지 못한채 리뷰를 마칩니다..
아쉬운 별 네개 쾅",4,_alchera_none_
7,20221015_101714,아이브로우,[문가영pick] 딘토 단테 원바이원 브로우 디파이너 3종,https://www.oliveyoung.co.kr/store/goods/getGoodsDetail.do?goodsNo=A000000162029&dispCatNo=1000001000200070004&trackingCd&curation&egcode&rccode&egrankcode,딘토,[문가영pick] 딘토 단테 원바이원 브로우 디파이너 3종,16000,12800,레오네;루포;판테라,"레오네
티타늄디옥사이드,하이드로제네이티드코코-글리세라이즈,하이드로제네이티드캐스터오일,황색산화철,세레신,마이카,마이크로크리스탈린왁스,흑색산화철,적색산화철,페녹시에탄올,호호바씨오일",모든 피부용,wlw****,2022.02.11,"브로우 새로 구매하려고 들어왔다가 이번에 올리브영에 딘토 입점 했다는거 보고 딘토 제품이 너무 궁금해서 구매 했습니다. 
브로우는 입소문이 그렇게 많지는 않아서 걱정 반으로 구매 했는데 너무너무 만족합니다!!!!!ㅎㅎ

421 레오네 제품 구매했고 일단 펜슬이 얇은게 섬세하게 그릴때 너무 좋더라구요! 원래 눈썹처럼 자연스럽게 그려집니다!!!

색이 너무 노랗지도 붉지도 않은 딱 자연갈색? 베이지? 누낌이어서 브라운 계열 염색모 분들은 잘 맞으실 것 같아용

두께가 얇은 편인데도 잘 부러지지 않고, 유지력 또한 꽤 좋은편 입니다.❗️아침에 출근할때 지하철 타러 가면 눈썹 꽁꽁 얼었다가 녹는데 그때도 눈썹 안지워지고 살아있었어요..❗️

조금 더 사용해봐야 알겠지만 지금까지는 대만족 하며 사용중이고, 라이너도 궁금해져서 구매하고 싶어지네용 

진짜 데일리 필수템입니다!",5,_alchera_none_
8,20221015_101716,아이브로우,[문가영pick] 딘토 단테 원바이원 브로우 디파이너 3종,https://www.oliveyoung.co.kr/store/goods/getGoodsDetail.do?goodsNo=A000000162029&dispCatNo=1000001000200070004&trackingCd&curation&egcode&rccode&egrankcode,딘토,[문가영pick] 딘토 단테 원바이원 브로우 디파이너 3종,16000,12800,레오네;루포;판테라,"레오네
티타늄디옥사이드,하이드로제네이티드코코-글리세라이즈,하이드로제네이티드캐스터오일,황색산화철,세레신,마이카,마이크로크리스탈린왁스,흑색산화철,적색산화철,페녹시에탄올,호호바씨오일",모든 피부용,k202208094****,2022.10.08,"3가지 색상들 써봤는데 자연까만머리에 다 갠춘했어요
조금씩 다르긴한데 다 걍 슥슥 쓰기 좋아요",4,_alchera_none_
9,20221015_101717,아이브로우,[문가영pick] 딘토 단테 원바이원 브로우 디파이너 3종,https://www.oliveyoung.co.kr/store/goods/getGoodsDetail.do?goodsNo=A000000162029&dispCatNo=1000001000200070004&trackingCd&curation&egcode&rccode&egrankcode,딘토,[문가영pick] 딘토 단테 원바이원 브로우 디파이너 3종,16000,12800,레오네;루포;판테라,"레오네
티타늄디옥사이드,하이드로제네이티드코코-글리세라이즈,하이드로제네이티드캐스터오일,황색산화철,세레신,마이카,마이크로크리스탈린왁스,흑색산화철,적색산화철,페녹시에탄올,호호바씨오일",모든 피부용,k202208094****,2022.10.08,"한가지 써보고 다른색상들도 구매해봤는데 괜찮네요
까만머리에 다 어울리는거같아요",4,_alchera_none_
10,20221015_101720,아이브로우,[문가영pick] 딘토 단테 원바이원 브로우 디파이너 3종,https://www.oliveyoung.co.kr/store/goods/getGoodsDetail.do?goodsNo=A000000162029&dispCatNo=1000001000200070004&trackingCd&curation&egcode&rccode&egrankcode,딘토,[문가영pick] 딘토 단테 원바이원 브로우 디파이너 3종,16000,12800,레오네;루포;판테라,"레오네
티타늄디옥사이드,하이드로제네이티드코코-글리세라이즈,하이드로제네이티드캐스터오일,황색산화철,세레신,마이카,마이크로크리스탈린왁스,흑색산화철,적색산화철,페녹시에탄올,호호바씨오일",모든 피부용,k202208094****,2022.10.08,"잘부러지지만 비건이고 슥슥 쓰기 좋아요
눈썹그리기는 여전히 참 어렵네요ㅎㅋㅋ",4,_alchera_none_
11,20221015_101721,아이브로우,[문가영pick] 딘토 단테 원바이원 브로우 디파이너 3종,https://www.oliveyoung.co.kr/store/goods/getGoodsDetail.do?goodsNo=A000000162029&dispCatNo=1000001000200070004&trackingCd&curation&egcode&rccode&egrankcode,딘토,[문가영pick] 딘토 단테 원바이원 브로우 디파이너 3종,16000,12800,레오네;루포;판테라,"레오네
티타늄디옥사이드,하이드로제네이티드코코-글리세라이즈,하이드로제네이티드캐스터오일,황색산화철,세레신,마이카,마이크로크리스탈린왁스,흑색산화철,적색산화철,페녹시에탄올,호호바씨오일",모든 피부용,kok****,2022.06.09,딘토가 괜찮다고 해서 구매했는데 내겐 다른 브로우랑 별반 파이가 없는듯... 다만 얇은것 빼고는...,3,_alchera_none_
12,20221015_101722,아이브로우,[문가영pick] 딘토 단테 원바이원 브로우 디파이너 3종,https://www.oliveyoung.co.kr/store/goods/getGoodsDetail.do?goodsNo=A000000162029&dispCatNo=1000001000200070004&trackingCd&curation&egcode&rccode&egrankcode,딘토,[문가영pick] 딘토 단테 원바이원 브로우 디파이너 3종,16000,12800,레오네;루포;판테라,"레오네
티타늄디옥사이드,하이드로제네이티드코코-글리세라이즈,하이드로제네이티드캐스터오일,황색산화철,세레신,마이카,마이크로크리스탈린왁스,흑색산화철,적색산화철,페녹시에탄올,호호바씨오일",모든 피부용,shee****,2022.02.15,"어제 배송받고 오늘 아침에 첫사용하는데
심이 안나오더니.. 결국 저렇게 부러져있더라구요.
너무 가늘고 얇아요.
겨우 눈썹그리다 말았네요.",1,_alchera_none_
13,20221015_101724,아이브로우,[문가영pick] 딘토 단테 원바이원 브로우 디파이너 3종,https://www.oliveyoung.co.kr/store/goods/getGoodsDetail.do?goodsNo=A000000162029&dispCatNo=1000001000200070004&trackingCd&curation&egcode&rccode&egrankcode,딘토,[문가영pick] 딘토 단테 원바이원 브로우 디파이너 3종,16000,12800,레오네;루포;판테라,"레오네
티타늄디옥사이드,하이드로제네이티드코코-글리세라이즈,하이드로제네이티드캐스터오일,황색산화철,세레신,마이카,마이크로크리스탈린왁스,흑색산화철,적색산화철,페녹시에탄올,호호바씨오일",모든 피부용,mjhmjh****,2022.09.10,발림성 좋고 비건이라 아주 좋습니다! 아주 잘 사용하고 있어용,5,_alchera_none_
14,20221015_101725,아이브로우,[문가영pick] 딘토 단테 원바이원 브로우 디파이너 3종,https://www.oliveyoung.co.kr/store/goods/getGoodsDetail.do?goodsNo=A000000162029&dispCatNo=1000001000200070004&trackingCd&curation&egcode&rccode&egrankcode,딘토,[문가영pick] 딘토 단테 원바이원 브로우 디파이너 3종,16000,12800,레오네;루포;판테라,"레오네
티타늄디옥사이드,하이드로제네이티드코코-글리세라이즈,하이드로제네이티드캐스터오일,황색산화철,세레신,마이카,마이크로크리스탈린왁스,흑색산화철,적색산화철,페녹시에탄올,호호바씨오일",모든 피부용,cro****,2022.06.25,"색깔 잘 뽑는걸러 유명하다는 딘토 구매해봤어요 
짱 조아요!^^",5,_alchera_none_
15,20221015_101726,아이브로우,[문가영pick] 딘토 단테 원바이원 브로우 디파이너 3종,https://www.oliveyoung.co.kr/store/goods/getGoodsDetail.do?goodsNo=A000000162029&dispCatNo=1000001000200070004&trackingCd&curation&egcode&rccode&egrankcode,딘토,[문가영pick] 딘토 단테 원바이원 브로우 디파이너 3종,16000,12800,레오네;루포;판테라,"레오네
티타늄디옥사이드,하이드로제네이티드코코-글리세라이즈,하이드로제네이티드캐스터오일,황색산화철,세레신,마이카,마이크로크리스탈린왁스,흑색산화철,적색산화철,페녹시에탄올,호호바씨오일",모든 피부용,thdus****,2022.02.16,발색이 약해서 오히려 팍팍 그어도 자연스럽게 되서 화장 급하게 슉슉 하기 좋아유,5,_alchera_none_
16,20221015_101727,아이브로우,[문가영pick] 딘토 단테 원바이원 브로우 디파이너 3종,https://www.oliveyoung.co.kr/store/goods/getGoodsDetail.do?goodsNo=A000000162029&dispCatNo=1000001000200070004&trackingCd&curation&egcode&rccode&egrankcode,딘토,[문가영pick] 딘토 단테 원바이원 브로우 디파이너 3종,16000,12800,레오네;루포;판테라,"레오네
티타늄디옥사이드,하이드로제네이티드코코-글리세라이즈,하이드로제네이티드캐스터오일,황색산화철,세레신,마이카,마이크로크리스탈린왁스,흑색산화철,적색산화철,페녹시에탄올,호호바씨오일",모든 피부용,adgj****,2022.02.13,색상도 너무 붉거나 회색빛이 돌지 않아서 자연스러운거 같고 발색력도 좋고 무엇보다 지속이 잘되는거같아요!! 그리고 펜슬이 얇아서 더 세세하게 잘 그려지는거같아서 좋네요ㅎㅎ,5,_alchera_none_
17,20221015_101728,아이브로우,[문가영pick] 딘토 단테 원바이원 브로우 디파이너 3종,https://www.oliveyoung.co.kr/store/goods/getGoodsDetail.do?goodsNo=A000000162029&dispCatNo=1000001000200070004&trackingCd&curation&egcode&rccode&egrankcode,딘토,[문가영pick] 딘토 단테 원바이원 브로우 디파이너 3종,16000,12800,레오네;루포;판테라,"레오네
티타늄디옥사이드,하이드로제네이티드코코-글리세라이즈,하이드로제네이티드캐스터오일,황색산화철,세레신,마이카,마이크로크리스탈린왁스,흑색산화철,적색산화철,페녹시에탄올,호호바씨오일",모든 피부용,irene90****,2022.07.06,발림 발색 지속 다 만족했는데 문제는 얇아 그런지 완전 잘 부러집니다 .. ㅜ_ㅠ 브로우치고 그리 착한가격도 ?? 아닌것같은데 .. ㅜ_ㅠ,2,_alchera_none_
18,20221015_101729,아이브로우,[문가영pick] 딘토 단테 원바이원 브로우 디파이너 3종,https://www.oliveyoung.co.kr/store/goods/getGoodsDetail.do?goodsNo=A000000162029&dispCatNo=1000001000200070004&trackingCd&curation&egcode&rccode&egrankcode,딘토,[문가영pick] 딘토 단테 원바이원 브로우 디파이너 3종,16000,12800,레오네;루포;판테라,"레오네
티타늄디옥사이드,하이드로제네이티드코코-글리세라이즈,하이드로제네이티드캐스터오일,황색산화철,세레신,마이카,마이크로크리스탈린왁스,흑색산화철,적색산화철,페녹시에탄올,호호바씨오일",모든 피부용,lrd****,2022.06.18,얇아서 그리기 좋고요 뭉치는거 없어요 그래서 자연스러움과 또렷함이 동시에  가능하고요 맨 얼굴에 그리면  좀 아파요 화장할 때 쓰세요 색 예뻐요,4,_alchera_none_
19,20221015_101730,아이브로우,[문가영pick] 딘토 단테 원바이원 브로우 디파이너 3종,https://www.oliveyoung.co.kr/store/goods/getGoodsDetail.do?goodsNo=A000000162029&dispCatNo=1000001000200070004&trackingCd&curation&egcode&rccode&egrankcode,딘토,[문가영pick] 딘토 단테 원바이원 브로우 디파이너 3종,16000,12800,레오네;루포;판테라,"레오네
티타늄디옥사이드,하이드로제네이티드코코-글리세라이즈,하이드로제네이티드캐스터오일,황색산화철,세레신,마이카,마이크로크리스탈린왁스,흑색산화철,적색산화철,페녹시에탄올,호호바씨오일",모든 피부용,nu****,2022.06.07,"좋아요. 얇으면서도 잘 그려져요.
얇아서인지 잘부려져서 심을 짧게빼고 그려요.
잘그려지고 색도 자연스러워요.
리필도 팔면 좋겠습니다",4,_alchera_none_
20,20221015_101734,아이브로우,[문가영pick] 딘토 단테 원바이원 브로우 디파이너 3종,https://www.oliveyoung.co.kr/store/goods/getGoodsDetail.do?goodsNo=A000000162029&dispCatNo=1000001000200070004&trackingCd&curation&egcode&rccode&egrankcode,딘토,[문가영pick] 딘토 단테 원바이원 브로우 디파이너 3종,16000,12800,레오네;루포;판테라,"레오네
티타늄디옥사이드,하이드로제네이티드코코-글리세라이즈,하이드로제네이티드캐스터오일,황색산화철,세레신,마이카,마이크로크리스탈린왁스,흑색산화철,적색산화철,페녹시에탄올,호호바씨오일",모든 피부용,ko****,2022.06.29,얇고 진하지않아서 자연스럽게 그리기 좋아요 한텅다쓰고 재구매입니다,5,_alchera_none_
21,20221015_101735,아이브로우,[문가영pick] 딘토 단테 원바이원 브로우 디파이너 3종,https://www.oliveyoung.co.kr/store/goods/getGoodsDetail.do?goodsNo=A000000162029&dispCatNo=1000001000200070004&trackingCd&curation&egcode&rccode&egrankcode,딘토,[문가영pick] 딘토 단테 원바이원 브로우 디파이너 3종,16000,12800,레오네;루포;판테라,"레오네
티타늄디옥사이드,하이드로제네이티드코코-글리세라이즈,하이드로제네이티드캐스터오일,황색산화철,세레신,마이카,마이크로크리스탈린왁스,흑색산화철,적색산화철,페녹시에탄올,호호바씨오일",모든 피부용,lrd****,2022.06.18,앏아서 좋긴한데 색상도 이쁘고 다 좋은데 길게 뽐아서 쓰지 말고 짧게 빼서 쓰는 걸  권장해요  잘 뿌러져요 ㅠ,4,_alchera_none_
22,20221015_101736,아이브로우,[문가영pick] 딘토 단테 원바이원 브로우 디파이너 3종,https://www.oliveyoung.co.kr/store/goods/getGoodsDetail.do?goodsNo=A000000162029&dispCatNo=1000001000200070004&trackingCd&curation&egcode&rccode&egrankcode,딘토,[문가영pick] 딘토 단테 원바이원 브로우 디파이너 3종,16000,12800,레오네;루포;판테라,"레오네
티타늄디옥사이드,하이드로제네이티드코코-글리세라이즈,하이드로제네이티드캐스터오일,황색산화철,세레신,마이카,마이크로크리스탈린왁스,흑색산화철,적색산화철,페녹시에탄올,호호바씨오일",모든 피부용,jo****,2022.06.02,염색모가 아니라서 레오네는 솔직히 밝았어요. 지금은 판테라 구입해서 판테라만 사용하고 있어요~!,5,_alchera_none_
23,20221015_101737,아이브로우,[문가영pick] 딘토 단테 원바이원 브로우 디파이너 3종,https://www.oliveyoung.co.kr/store/goods/getGoodsDetail.do?goodsNo=A000000162029&dispCatNo=1000001000200070004&trackingCd&curation&egcode&rccode&egrankcode,딘토,[문가영pick] 딘토 단테 원바이원 브로우 디파이너 3종,16000,12800,레오네;루포;판테라,"레오네
티타늄디옥사이드,하이드로제네이티드코코-글리세라이즈,하이드로제네이티드캐스터오일,황색산화철,세레신,마이카,마이크로크리스탈린왁스,흑색산화철,적색산화철,페녹시에탄올,호호바씨오일",모든 피부용,kimtjdus****,2022.04.18,비건이라 샀는데 얇아서 섬세하게 잘 그려져요 발색도 좋고 지속력도 평타라 잘 쓰고 있어요,5,_alchera_none_
