,timestamp,category,productName,urlProduct,brand,productName.1,price1,price2,Color,ingredients,skinType,username,datePublished,reviewText,score,reviewerSkinType
0,20221016_110447,컨실러,[문가영pick] 딘토 운초 라이트베일 컨실러 3종,https://www.oliveyoung.co.kr/store/goods/getGoodsDetail.do?goodsNo=A000000171020&dispCatNo=1000001000200010005&trackingCd&curation&egcode&rccode&egrankcode,딘토,[문가영pick] 딘토 운초 라이트베일 컨실러 3종,19000,14250,퓨어 운초;세이지 운초;캄 운초,"[01 퓨어운초]
정제수,티타늄디옥사이드 (CI 77891),이소도데칸,디메치콘,트리메칠실록시실리케이트,글리세린,폴리글리세릴-3폴리디메칠실록시에칠디메치콘,디프로필렌글라이콜,하이드로제네이티드폴리(C6-14올레핀),메칠메타크릴레이트크로스폴리머,펜틸렌글라이콜,사이클로펜타실록산,카프릴릴메치콘,흰목이버섯추출물,명일엽추출물,모로헤이야잎추출물,참마뿌리추출물,오크라열매추출물,연꽃뿌리추출물,디스테아디모늄헥토라이트,폴리글리세릴-2디폴리하이드록시스테아레이트,소르비탄세스퀴올리에이트,글리세릴베헤네이트/에이코사디오에이트,마그네슘설페이트,디소듐스테아로일글루타메이트,알루미늄하이드록사이드,디메치콘/비닐디메치콘크로스폴리머,디메치콘크로스폴리머카프릴릴글라이콜,글리세릴카프릴레이트,비닐디메치콘/메치콘실세스퀴옥산크로스폴리머,트리소듐에칠렌디아민디석시네이트,알란토인,판테놀,토코페롤,부틸렌글라이콜,1,2-헥산디올,향료,벤질벤조에이트,황색산화철 (CI 77492),적색산화철 (CI 77491),흑색산화철 (CI 77499)",모든 피부용,뷰리뷰리롱,2022.10.09,"딘토 운초 라이트베일 컨실러 3종! 체험단으로 받았지만, 섬세한 도포, 콕콕 찍어서도 도포가 편한 제품, 립 틴트 마냥 만드러져서 톡톡 찍어서 바르면 소량으로도 커버가 좋아요! 아시죠?컨실러는 덧바를 수록 더욱 두껍게 긁히고 내피부같지않은거.. ㅎㅎ 그래서 컨실러는 잘 손이안가는데 ㅠ 저는 이번에 딘토를 만나서 덧바를 수록 덧바르는 만큼 깨끗하게 쌓이는거. ㅎㅎ 대박이에요 가볍고 편하면서도 맨 피부에 발랐을 때도 순하게 편하게 발려용~ 딘토는 깊이에 대한 열망을 뜻한다고해요 그만큼 피부에 진심인 제품!!!!패키지부터 너무 이쁜데  이름 딘토 운초라는 이름이 어디서왔나했더니만, 조선3대여류시인 운초 김부용에게 영감받은 제품!!! 911퓨어운초는 핑크빛이 감돌아서 화사하고 17-20호/ 912 세이지운초는 상아빛이 감돌아서 자연스러운 색감이 굿 21-22호 / 913 캄운초는 뉴트럴 베이지로써 22-23호 피부에 정말 잘 어우러짐이 뛰어나요-!! 입아프게 추천하고 싶음 ㅋㅋㅋ 피부 잡티는 사실 오른쪽 피부면에 검게 남아있는 잡티자국이 있는데  붉은 여드름, 흉터 점에도 커버가 좋아요!! 원래 내피부인냥 부드러운~ 윤택있는 피부표현이 가능한 딘토 정말 정말 최고에요!!ㅎㅎ 평소에 화장을 두껍게 하는 편이 아니지만 쿠션 이랑 요 딘토 제품하나면 저의 메이크업은 끝이에여!강추합니닷",5,복합성;쿨톤;블랙헤드
1,20221016_110447,컨실러,[문가영pick] 딘토 운초 라이트베일 컨실러 3종,https://www.oliveyoung.co.kr/store/goods/getGoodsDetail.do?goodsNo=A000000171020&dispCatNo=1000001000200010005&trackingCd&curation&egcode&rccode&egrankcode,딘토,[문가영pick] 딘토 운초 라이트베일 컨실러 3종,19000,14250,퓨어 운초;세이지 운초;캄 운초,"[01 퓨어운초]
정제수,티타늄디옥사이드 (CI 77891),이소도데칸,디메치콘,트리메칠실록시실리케이트,글리세린,폴리글리세릴-3폴리디메칠실록시에칠디메치콘,디프로필렌글라이콜,하이드로제네이티드폴리(C6-14올레핀),메칠메타크릴레이트크로스폴리머,펜틸렌글라이콜,사이클로펜타실록산,카프릴릴메치콘,흰목이버섯추출물,명일엽추출물,모로헤이야잎추출물,참마뿌리추출물,오크라열매추출물,연꽃뿌리추출물,디스테아디모늄헥토라이트,폴리글리세릴-2디폴리하이드록시스테아레이트,소르비탄세스퀴올리에이트,글리세릴베헤네이트/에이코사디오에이트,마그네슘설페이트,디소듐스테아로일글루타메이트,알루미늄하이드록사이드,디메치콘/비닐디메치콘크로스폴리머,디메치콘크로스폴리머카프릴릴글라이콜,글리세릴카프릴레이트,비닐디메치콘/메치콘실세스퀴옥산크로스폴리머,트리소듐에칠렌디아민디석시네이트,알란토인,판테놀,토코페롤,부틸렌글라이콜,1,2-헥산디올,향료,벤질벤조에이트,황색산화철 (CI 77492),적색산화철 (CI 77491),흑색산화철 (CI 77499)",모든 피부용,뮤겸,2022.10.09,"세이지 운초만 오는 줄 알았는데 세가지 호수 다 와서 너무 놀랐어요 😮!!
포장도 너무 예뻐서 명품 선물받는 느낌 ! 게다가 비닐이 아닌 종이포장이라니! 첫인상부터 감동먹고 들어갑니다 😉

🌵색상
911호 912호 913호가 있는데 저는 21호 기준으로 중간 호수인 912호가 맞을 거라고 예상했는데 아니었어요! 912호가 생각보다 밝아서 누런기 많이 도는 21호인 저는 913호가 맞았습니다 :) 밝은 21호나 쿨톤 21호분들은 912호 쓰시면 맞을 것 같아요! 다크서클 커버는 913호 추천드립니다!

🌵발림성
저는 컨실러에 대해 잘 몰라서 항상 가장 유명한 제품만 사용했는데, 여태 사용해본 컨실러 중 이 제품이 가장 좋았어요! 저는 건성이고 환절기 접어들면서 날이 건조해진 것도 감안하면 이 촉촉한 제형이 가장 적절할 것 같습니다:) 지금 구매하시는 분들께 추천드려요! 굉장히 촉촉하고 경계없이 잘 허물어지는 제형이라 바르기 편해요! 소량으로도 커버됩니다 :)

🌵지속력
이걸로 다크서클 커버를 하고 외출했는데 항상 피곤해보인다는 소리 듣던 제가 오늘은 안 들었어요 ...! 자연스럽게 커버해주고 지속력도 꽤 좋습니다! 

🌵무너짐
컨실러는 보통 매트하게 나와서 저는 이때까지 컨실러 무너짐이 항상 지저분했어요 갈라지고 뜨고 각질부각되고... 근데 이건 파데랑 한몸 된 것처럼 경계가 없고 티가 안나요!!!


선물용으로도 너무 좋을 것 같습니다☺️ 정가는 조금 비싼 감이 있지만 가격값 너무 잘하는 컨실러!",5,트러블성;가을웜톤;각질;모공
2,20221016_110447,컨실러,[문가영pick] 딘토 운초 라이트베일 컨실러 3종,https://www.oliveyoung.co.kr/store/goods/getGoodsDetail.do?goodsNo=A000000171020&dispCatNo=1000001000200010005&trackingCd&curation&egcode&rccode&egrankcode,딘토,[문가영pick] 딘토 운초 라이트베일 컨실러 3종,19000,14250,퓨어 운초;세이지 운초;캄 운초,"[01 퓨어운초]
정제수,티타늄디옥사이드 (CI 77891),이소도데칸,디메치콘,트리메칠실록시실리케이트,글리세린,폴리글리세릴-3폴리디메칠실록시에칠디메치콘,디프로필렌글라이콜,하이드로제네이티드폴리(C6-14올레핀),메칠메타크릴레이트크로스폴리머,펜틸렌글라이콜,사이클로펜타실록산,카프릴릴메치콘,흰목이버섯추출물,명일엽추출물,모로헤이야잎추출물,참마뿌리추출물,오크라열매추출물,연꽃뿌리추출물,디스테아디모늄헥토라이트,폴리글리세릴-2디폴리하이드록시스테아레이트,소르비탄세스퀴올리에이트,글리세릴베헤네이트/에이코사디오에이트,마그네슘설페이트,디소듐스테아로일글루타메이트,알루미늄하이드록사이드,디메치콘/비닐디메치콘크로스폴리머,디메치콘크로스폴리머카프릴릴글라이콜,글리세릴카프릴레이트,비닐디메치콘/메치콘실세스퀴옥산크로스폴리머,트리소듐에칠렌디아민디석시네이트,알란토인,판테놀,토코페롤,부틸렌글라이콜,1,2-헥산디올,향료,벤질벤조에이트,황색산화철 (CI 77492),적색산화철 (CI 77491),흑색산화철 (CI 77499)",모든 피부용,Kongsuni,2022.10.08,"요즘 마스크 때문에 많이 묻어나고 지워지는 게 싫어서
국소부위만 컨실러로 가려주고 다녔는데 좋은 기회에
올영체험단으로 딘토 컨실러를 접하게 되었습니다 😆

🤍 색상 - 일단 가장 중요한게 색상이잖아요 ?
일단 1호는 19호가 사용하기 딱 좋은 핑크베이스에요 !!
그리고 밝게 사용하는 21호 분들이 사용하셔도 될 법해요
사실 저는 2호가 어두울 줄 알았는데 생각보다 밝았어요 
밝기는 비슷하되 2호는 옐로베이스입니다 ! 저는 오히려
예쁜 상아색이어서 2호가 가장 마음에 들었어요 ✨
그리고 3호는 딱 22-23호 분들을 위한 색상이 적절하게
잘 뽑으신 것 같더라구요 🥹 저는 붉은 트러블 자국과
다크서클 부위에 유용하게 사용했어요 ! 티안나게 적절히
어울러지는 색상이랍니다 :)

🤍 발림성 - 발림성은 생각보다 가벼웠어요 !!
루x 컨실러보다 묽어요 되게 첨에 묽어서 텁텁하지 않아 좋은 (?) 그치만 막 두껍게는 아니더라도 적절히 가려주는
컨실러라 좋았답니다 
픽싱력이 빠른 편은 아닌 것 같았고, 잘 펴지는 제형이어서
퍼프로 두드려 사용하기 좋았어요 !

전체적으로 총 사용감은 너무 마음에 들었습니다 !
향기도 헉슬리 브랜드의 향 아시나요 ? 그 바디로션과
핸드크림 향기도 나면서 좋았어요 ! 머리가 아픈 정도는
아니고 날아가는 느낌이었습니다 ㅎ
텁텁하지 않은 컨실러는 오랜만에 느껴본 것 같아요 👍

맑은 피부표현 하시는 분들이 컨실러를 찾으신다면
정말 추천하고 싶은 제품입니다 💙",5,복합성;쿨톤;다크서클;모공
3,20221016_110447,컨실러,[문가영pick] 딘토 운초 라이트베일 컨실러 3종,https://www.oliveyoung.co.kr/store/goods/getGoodsDetail.do?goodsNo=A000000171020&dispCatNo=1000001000200010005&trackingCd&curation&egcode&rccode&egrankcode,딘토,[문가영pick] 딘토 운초 라이트베일 컨실러 3종,19000,14250,퓨어 운초;세이지 운초;캄 운초,"[01 퓨어운초]
정제수,티타늄디옥사이드 (CI 77891),이소도데칸,디메치콘,트리메칠실록시실리케이트,글리세린,폴리글리세릴-3폴리디메칠실록시에칠디메치콘,디프로필렌글라이콜,하이드로제네이티드폴리(C6-14올레핀),메칠메타크릴레이트크로스폴리머,펜틸렌글라이콜,사이클로펜타실록산,카프릴릴메치콘,흰목이버섯추출물,명일엽추출물,모로헤이야잎추출물,참마뿌리추출물,오크라열매추출물,연꽃뿌리추출물,디스테아디모늄헥토라이트,폴리글리세릴-2디폴리하이드록시스테아레이트,소르비탄세스퀴올리에이트,글리세릴베헤네이트/에이코사디오에이트,마그네슘설페이트,디소듐스테아로일글루타메이트,알루미늄하이드록사이드,디메치콘/비닐디메치콘크로스폴리머,디메치콘크로스폴리머카프릴릴글라이콜,글리세릴카프릴레이트,비닐디메치콘/메치콘실세스퀴옥산크로스폴리머,트리소듐에칠렌디아민디석시네이트,알란토인,판테놀,토코페롤,부틸렌글라이콜,1,2-헥산디올,향료,벤질벤조에이트,황색산화철 (CI 77492),적색산화철 (CI 77491),흑색산화철 (CI 77499)",모든 피부용,먕먕잉,2022.10.07,"포장부터 패키지까지 너무 예뻐서 마음에 완전 쏙 들었던 딘토 운초 컨실러 ... 💓 911 912 913 세 가지 색상을 제공 받아 사용해보았습니다!


우선 911 색상인 퓨어 운초는 다크서클 커버하기에 너무 좋았어요. 퓨어 운초 색상은 17호 ~ 21호를 쓰는 하얀 피부를 가지신 분들이 사용하기에 딱 좋을 것 같은 색상인데 22호 ~ 23호 피부인 제가 사용하기에는 조금 밝았고, 대신 다크서클을 커버해보았는데 정말 감쪽같이 커버 되어서 너무 만족스러웠습니다! 그리고 912, 913 색상인 세이지 운초, 캄 운초는 피부 잔흉터, 잡티 가리기에 너무 좋았던 것 같아요. 피부 톤에도 딱 맞고 흉터나 잡티도 자연스럽게 커버 되어서 제공 받은 제품인데도 불구하고 다 쓰면 다시 구매 하고 싶을 정도로 만족감이 높았던 제품이었습니다 🥺🥹 !
 

매트한 제형인데도 바를 때는 촉촉하게 잘 발렸고, 평소에 타 브랜드 매트 제형 컨실러를 사용하면 조금 들뜨는 면이 있었는데 딘토 컨실러는 들뜨지 않아서 좋았어요. 그리고 특히나 비건 제품이라서 그런 지 향도 인공적인 화장품 향 보다는 운초라는 단어에 맞게 풀 향, 자연 향이 느껴져서 너무 너무 좋았습니다! 커버력도 괜찮고 발림성도 좋고 들뜸도 덜한 딘토 컨실러 제 피부 타입과 비슷하신 분들께 정말 꼬옥 추천해드리고 싶어요 ❤️",5,지성;웜톤;민감성
4,20221016_110447,컨실러,[문가영pick] 딘토 운초 라이트베일 컨실러 3종,https://www.oliveyoung.co.kr/store/goods/getGoodsDetail.do?goodsNo=A000000171020&dispCatNo=1000001000200010005&trackingCd&curation&egcode&rccode&egrankcode,딘토,[문가영pick] 딘토 운초 라이트베일 컨실러 3종,19000,14250,퓨어 운초;세이지 운초;캄 운초,"[01 퓨어운초]
정제수,티타늄디옥사이드 (CI 77891),이소도데칸,디메치콘,트리메칠실록시실리케이트,글리세린,폴리글리세릴-3폴리디메칠실록시에칠디메치콘,디프로필렌글라이콜,하이드로제네이티드폴리(C6-14올레핀),메칠메타크릴레이트크로스폴리머,펜틸렌글라이콜,사이클로펜타실록산,카프릴릴메치콘,흰목이버섯추출물,명일엽추출물,모로헤이야잎추출물,참마뿌리추출물,오크라열매추출물,연꽃뿌리추출물,디스테아디모늄헥토라이트,폴리글리세릴-2디폴리하이드록시스테아레이트,소르비탄세스퀴올리에이트,글리세릴베헤네이트/에이코사디오에이트,마그네슘설페이트,디소듐스테아로일글루타메이트,알루미늄하이드록사이드,디메치콘/비닐디메치콘크로스폴리머,디메치콘크로스폴리머카프릴릴글라이콜,글리세릴카프릴레이트,비닐디메치콘/메치콘실세스퀴옥산크로스폴리머,트리소듐에칠렌디아민디석시네이트,알란토인,판테놀,토코페롤,부틸렌글라이콜,1,2-헥산디올,향료,벤질벤조에이트,황색산화철 (CI 77492),적색산화철 (CI 77491),흑색산화철 (CI 77499)",모든 피부용,치치몬,2022.10.05,"받아보고 색상 세가지를 바로 다 테스트해봤는데 911퓨어운초는 밝은 핑크톤이고 912세이지운초는 밝은톤의 베이지색상,913 캄 운초는 상대적으로 어둡고 노란톤이에요.
발림성은 처음 바를때는 제형이 페인트처럼 뻑뻑해서 매트하네 싶은데 바르고나서 5-10분정도 지나면 자연스럽게 피부랑 어우러져서 예쁘게 밀착되는게 신기해요.
마치 벽지 바르고 처음에는 우글거리는데 하루 지나면 벽에 깨끗하게 달라붙어서 마무리 되는 느낌?
그리고 보이는 질감만큼 실제로 피부에서는 건조하지 않고 편안해요. 
처음에 손등에 발라봤을때는 아 좀 건조하겠다 싶었는데 막상 사용감은 생각보다 부드러워서 좋더라구요.
그리고 커버력은 엄청 좋아요. 점,트러블 다 잘 가려져요. 
커버력 좋은 제품이니 부드러운 느낌보다는 매트한 쪽에 가깝긴합니다.
기초 탄탄히 하고 잘 레이어드해서 펴바르면 커버력 바라는 분들께는 맞는 제품일것같아요.
패키징이 예뻐서 받았을때 기분 좋네요 ㅎㅎ
제품 용기 디자인도 세련되고 예쁩니다. 잘 사용하겠습니다.",5,지성;민감성;피지과다
5,20221016_110447,컨실러,[문가영pick] 딘토 운초 라이트베일 컨실러 3종,https://www.oliveyoung.co.kr/store/goods/getGoodsDetail.do?goodsNo=A000000171020&dispCatNo=1000001000200010005&trackingCd&curation&egcode&rccode&egrankcode,딘토,[문가영pick] 딘토 운초 라이트베일 컨실러 3종,19000,14250,퓨어 운초;세이지 운초;캄 운초,"[01 퓨어운초]
정제수,티타늄디옥사이드 (CI 77891),이소도데칸,디메치콘,트리메칠실록시실리케이트,글리세린,폴리글리세릴-3폴리디메칠실록시에칠디메치콘,디프로필렌글라이콜,하이드로제네이티드폴리(C6-14올레핀),메칠메타크릴레이트크로스폴리머,펜틸렌글라이콜,사이클로펜타실록산,카프릴릴메치콘,흰목이버섯추출물,명일엽추출물,모로헤이야잎추출물,참마뿌리추출물,오크라열매추출물,연꽃뿌리추출물,디스테아디모늄헥토라이트,폴리글리세릴-2디폴리하이드록시스테아레이트,소르비탄세스퀴올리에이트,글리세릴베헤네이트/에이코사디오에이트,마그네슘설페이트,디소듐스테아로일글루타메이트,알루미늄하이드록사이드,디메치콘/비닐디메치콘크로스폴리머,디메치콘크로스폴리머카프릴릴글라이콜,글리세릴카프릴레이트,비닐디메치콘/메치콘실세스퀴옥산크로스폴리머,트리소듐에칠렌디아민디석시네이트,알란토인,판테놀,토코페롤,부틸렌글라이콜,1,2-헥산디올,향료,벤질벤조에이트,황색산화철 (CI 77492),적색산화철 (CI 77491),흑색산화철 (CI 77499)",모든 피부용,말자,2022.10.07,포장도 너무 예쁘고 통도 예뻐요. 재질도 고급져서 마음에 듭니다. 특히 컨실러 향이 너무 좋아요. 인위적이지않은 풀향이 정말 좋아요. 커버력도 잘 커버되서 커버하고 싶은 부위에만 발라도 확연히 달라져요. 매트하지도 않고 촉촉하게 유지되요. 이 컨실러의 최고 장점은 향인 것 같아요. 전에 쓰던 컨실러들 인위적인 화장품 향인데 향때문에 계속 이 컨실러를 쓸 것 같아요. 저는 주근깨가 많아서 컨실러를 정말 중요시하고 두세번 바를 정도에요. 주근깨가 짙어서 커버하려면 커버력이 강해도 많이 발라야해서 건조하고 답답한 컨실러는 싫어하는데 딘토는 촉촉하게 얇게 커버가 가능해서 좋았어요. 저처럼 주근깨 많으신 분들께 추천해여~ 사진 후기로 남겨요!,5,건성;웜톤;잡티
6,20221016_110448,컨실러,[문가영pick] 딘토 운초 라이트베일 컨실러 3종,https://www.oliveyoung.co.kr/store/goods/getGoodsDetail.do?goodsNo=A000000171020&dispCatNo=1000001000200010005&trackingCd&curation&egcode&rccode&egrankcode,딘토,[문가영pick] 딘토 운초 라이트베일 컨실러 3종,19000,14250,퓨어 운초;세이지 운초;캄 운초,"[01 퓨어운초]
정제수,티타늄디옥사이드 (CI 77891),이소도데칸,디메치콘,트리메칠실록시실리케이트,글리세린,폴리글리세릴-3폴리디메칠실록시에칠디메치콘,디프로필렌글라이콜,하이드로제네이티드폴리(C6-14올레핀),메칠메타크릴레이트크로스폴리머,펜틸렌글라이콜,사이클로펜타실록산,카프릴릴메치콘,흰목이버섯추출물,명일엽추출물,모로헤이야잎추출물,참마뿌리추출물,오크라열매추출물,연꽃뿌리추출물,디스테아디모늄헥토라이트,폴리글리세릴-2디폴리하이드록시스테아레이트,소르비탄세스퀴올리에이트,글리세릴베헤네이트/에이코사디오에이트,마그네슘설페이트,디소듐스테아로일글루타메이트,알루미늄하이드록사이드,디메치콘/비닐디메치콘크로스폴리머,디메치콘크로스폴리머카프릴릴글라이콜,글리세릴카프릴레이트,비닐디메치콘/메치콘실세스퀴옥산크로스폴리머,트리소듐에칠렌디아민디석시네이트,알란토인,판테놀,토코페롤,부틸렌글라이콜,1,2-헥산디올,향료,벤질벤조에이트,황색산화철 (CI 77492),적색산화철 (CI 77491),흑색산화철 (CI 77499)",모든 피부용,썽2쓰,2022.10.09,"딘토 컨실러 후기🤍

올영체험단으로 하나의 색상만 올 줄 알았는데 감사하게도 3가지 색상 다 보내주셨어요!! 

일단 딘토는 포장이 고급지고 기분 좋게 와요 환경을 생각해서 종이포장으로 오는 점이 마음에 들어요!

🤍색상
911 퓨어운초
제일 밝은 색상으로 핑크빛이 돌아요! 피부가 하얀 분들에게 잘 맞을 것 같고 밝은 색상이기 때문에 하이라이터로 쓰기도 좋을 것 같아요!

912 세이지 운초
21호 분들에게 제일 잘 맞을 색상이에요 저도 제 피부톤에 제일 잘 맞는 색상이었어요! 저는 주로 다크서클이나 잡티에 사용해줬어요

913 캄 운초
제일 어두운 색상으로 자연스러운 커버를 원하는 부위에 도포해주면 주시는 걸 추천드려요! 피부 색상에 맞게 선택해서 사용해주시면 좋을 것 같아요!

🤍발림성
저는 주로 액체보단 고체타입의 컨실러를 사용했는데 그 이유가 커버력이 더 뛰어나고 덜 뭉치더라구요 근데 딘토 컨실러는 너무 매트한 타입이 아니라 발림성도 좋았고 베이스를 발라줬을 때도 잘 어울려져서 좋았어요!!",5,건성;웜톤;모공;민감성
7,20221016_110448,컨실러,[문가영pick] 딘토 운초 라이트베일 컨실러 3종,https://www.oliveyoung.co.kr/store/goods/getGoodsDetail.do?goodsNo=A000000171020&dispCatNo=1000001000200010005&trackingCd&curation&egcode&rccode&egrankcode,딘토,[문가영pick] 딘토 운초 라이트베일 컨실러 3종,19000,14250,퓨어 운초;세이지 운초;캄 운초,"[01 퓨어운초]
정제수,티타늄디옥사이드 (CI 77891),이소도데칸,디메치콘,트리메칠실록시실리케이트,글리세린,폴리글리세릴-3폴리디메칠실록시에칠디메치콘,디프로필렌글라이콜,하이드로제네이티드폴리(C6-14올레핀),메칠메타크릴레이트크로스폴리머,펜틸렌글라이콜,사이클로펜타실록산,카프릴릴메치콘,흰목이버섯추출물,명일엽추출물,모로헤이야잎추출물,참마뿌리추출물,오크라열매추출물,연꽃뿌리추출물,디스테아디모늄헥토라이트,폴리글리세릴-2디폴리하이드록시스테아레이트,소르비탄세스퀴올리에이트,글리세릴베헤네이트/에이코사디오에이트,마그네슘설페이트,디소듐스테아로일글루타메이트,알루미늄하이드록사이드,디메치콘/비닐디메치콘크로스폴리머,디메치콘크로스폴리머카프릴릴글라이콜,글리세릴카프릴레이트,비닐디메치콘/메치콘실세스퀴옥산크로스폴리머,트리소듐에칠렌디아민디석시네이트,알란토인,판테놀,토코페롤,부틸렌글라이콜,1,2-헥산디올,향료,벤질벤조에이트,황색산화철 (CI 77492),적색산화철 (CI 77491),흑색산화철 (CI 77499)",모든 피부용,원튜,2022.10.05,"2호 세이지 운초만 받을 줄 알았는데 감사하게도 전 색상 다 보내주셔서 깜짝 놀랐네요. 저는 22~23호 악건성 인간입니다.

매트한 제형입니다. 아토피+악악건성인 저한테는 살짝 건조한 느낌 있었어요. 평소보다 기초를 탄탄하게 하고 나니 괜찮더라구요! 지성분들 추천드리고 건성인 분들도 기초 열심히 하신다면 괜찮으실 것 같아요. 

1호 퓨어 운초는 분홍빛 살짝 도는 밝은 색상입니다. 상세 설명처럼 밝은 피부 톤 분들에게 잘 맞을 것 같아요. 저 같은 경우는 하이라이터로도 사용할 수 있을 것 같았어요.

2호 세이지 운초는 딱 22~23호 분들 사용하시면 좋을 것 같습니다. 자잘한 잡티들 커버 잘 되고, 밀착력 괜찮았습니다. 마스크 쓰고 있어도 무너지지 않았어요. 꾸준히 잘 사용할 것 같습니다.

3호 캄 운초는 24호 분들이나 확실한 커버 원하시는 23호 분들도 잘 사용하실 것 같습니다.",5,건성;봄웜톤;잡티;트러블
8,20221016_110448,컨실러,[문가영pick] 딘토 운초 라이트베일 컨실러 3종,https://www.oliveyoung.co.kr/store/goods/getGoodsDetail.do?goodsNo=A000000171020&dispCatNo=1000001000200010005&trackingCd&curation&egcode&rccode&egrankcode,딘토,[문가영pick] 딘토 운초 라이트베일 컨실러 3종,19000,14250,퓨어 운초;세이지 운초;캄 운초,"[01 퓨어운초]
정제수,티타늄디옥사이드 (CI 77891),이소도데칸,디메치콘,트리메칠실록시실리케이트,글리세린,폴리글리세릴-3폴리디메칠실록시에칠디메치콘,디프로필렌글라이콜,하이드로제네이티드폴리(C6-14올레핀),메칠메타크릴레이트크로스폴리머,펜틸렌글라이콜,사이클로펜타실록산,카프릴릴메치콘,흰목이버섯추출물,명일엽추출물,모로헤이야잎추출물,참마뿌리추출물,오크라열매추출물,연꽃뿌리추출물,디스테아디모늄헥토라이트,폴리글리세릴-2디폴리하이드록시스테아레이트,소르비탄세스퀴올리에이트,글리세릴베헤네이트/에이코사디오에이트,마그네슘설페이트,디소듐스테아로일글루타메이트,알루미늄하이드록사이드,디메치콘/비닐디메치콘크로스폴리머,디메치콘크로스폴리머카프릴릴글라이콜,글리세릴카프릴레이트,비닐디메치콘/메치콘실세스퀴옥산크로스폴리머,트리소듐에칠렌디아민디석시네이트,알란토인,판테놀,토코페롤,부틸렌글라이콜,1,2-헥산디올,향료,벤질벤조에이트,황색산화철 (CI 77492),적색산화철 (CI 77491),흑색산화철 (CI 77499)",모든 피부용,znfsbdforever,2022.10.05,"올영체험단 리뷰입니다!
아니 2호만 있는줄 알고 신청한건데 전컬러가 다 오다니요...ㅠ 덕분에 다양한 용도로 컨실러를 활용중입니다! 가장 밝은컬러는 이마에, 중간컬러는 볼에, 어두운컬러는 코나 다크서클을 가리는데 사용해봤습니다. 하루 사용해본 결과 지속력도 아주 좋았고
발림성도 나쁘지 않았어요! 향은 화장품에서 함번도 맡아본 적 없는 신선한 꽃냄새가 나요. 패키지도 너무예뻐서 선물용으로도 딱이에요",5,복합성;쿨톤;각질;미백
9,20221016_110448,컨실러,[문가영pick] 딘토 운초 라이트베일 컨실러 3종,https://www.oliveyoung.co.kr/store/goods/getGoodsDetail.do?goodsNo=A000000171020&dispCatNo=1000001000200010005&trackingCd&curation&egcode&rccode&egrankcode,딘토,[문가영pick] 딘토 운초 라이트베일 컨실러 3종,19000,14250,퓨어 운초;세이지 운초;캄 운초,"[01 퓨어운초]
정제수,티타늄디옥사이드 (CI 77891),이소도데칸,디메치콘,트리메칠실록시실리케이트,글리세린,폴리글리세릴-3폴리디메칠실록시에칠디메치콘,디프로필렌글라이콜,하이드로제네이티드폴리(C6-14올레핀),메칠메타크릴레이트크로스폴리머,펜틸렌글라이콜,사이클로펜타실록산,카프릴릴메치콘,흰목이버섯추출물,명일엽추출물,모로헤이야잎추출물,참마뿌리추출물,오크라열매추출물,연꽃뿌리추출물,디스테아디모늄헥토라이트,폴리글리세릴-2디폴리하이드록시스테아레이트,소르비탄세스퀴올리에이트,글리세릴베헤네이트/에이코사디오에이트,마그네슘설페이트,디소듐스테아로일글루타메이트,알루미늄하이드록사이드,디메치콘/비닐디메치콘크로스폴리머,디메치콘크로스폴리머카프릴릴글라이콜,글리세릴카프릴레이트,비닐디메치콘/메치콘실세스퀴옥산크로스폴리머,트리소듐에칠렌디아민디석시네이트,알란토인,판테놀,토코페롤,부틸렌글라이콜,1,2-헥산디올,향료,벤질벤조에이트,황색산화철 (CI 77492),적색산화철 (CI 77491),흑색산화철 (CI 77499)",모든 피부용,귀여운국화빵,2022.10.12,"저는 2호만 오는 줄 알았는데 전 색상이 와서 놀랐고 포장이 너무 예쁘게 와서 두번 놀랐습니다 감동이었어요. 
일단 제품은 매트보다는 촉촉에 가깝고 꽃향이 나는데 호불호가 갈릴 정도는 아닙니다. 촉촉해서 뜰 걱정은 안해도 되지만 가벼운 편이라 큰 트러블이 두 세번 발라야 가려질 것 같아요.

 911 퓨어 운초는 핑크 베이스라 피부가 쿨톤이신 분이나 아님 다크서클 가리는 용도로 쓰기 좋습니다.

912는 21호~22호 사이이신분들에게 추천! 2호 치고는 밝은 색상에 속하지만 퍼프로 두드리면 다른 베이스랑 잘 어우러지고 촥촥 피부에 쌓입니다. 트러블 가리기 좋아요.

913 캄운초는 23호분들에게 추천하고 저처럼 21호분들에게는 트러블이 너무 크거나 오래 되서 잘 안 가려지는 분들 쿠션이나 파운데이션 전에 먼저 이 색상으로 깔고 그 위에 덮어주면 훨씬 자연스럽고 잘 가려집니다. 그럴 때 추천드려요!",5,복합성;웜톤;모공;블랙헤드
10,20221016_110450,컨실러,[문가영pick] 딘토 운초 라이트베일 컨실러 3종,https://www.oliveyoung.co.kr/store/goods/getGoodsDetail.do?goodsNo=A000000171020&dispCatNo=1000001000200010005&trackingCd&curation&egcode&rccode&egrankcode,딘토,[문가영pick] 딘토 운초 라이트베일 컨실러 3종,19000,14250,퓨어 운초;세이지 운초;캄 운초,"[01 퓨어운초]
정제수,티타늄디옥사이드 (CI 77891),이소도데칸,디메치콘,트리메칠실록시실리케이트,글리세린,폴리글리세릴-3폴리디메칠실록시에칠디메치콘,디프로필렌글라이콜,하이드로제네이티드폴리(C6-14올레핀),메칠메타크릴레이트크로스폴리머,펜틸렌글라이콜,사이클로펜타실록산,카프릴릴메치콘,흰목이버섯추출물,명일엽추출물,모로헤이야잎추출물,참마뿌리추출물,오크라열매추출물,연꽃뿌리추출물,디스테아디모늄헥토라이트,폴리글리세릴-2디폴리하이드록시스테아레이트,소르비탄세스퀴올리에이트,글리세릴베헤네이트/에이코사디오에이트,마그네슘설페이트,디소듐스테아로일글루타메이트,알루미늄하이드록사이드,디메치콘/비닐디메치콘크로스폴리머,디메치콘크로스폴리머카프릴릴글라이콜,글리세릴카프릴레이트,비닐디메치콘/메치콘실세스퀴옥산크로스폴리머,트리소듐에칠렌디아민디석시네이트,알란토인,판테놀,토코페롤,부틸렌글라이콜,1,2-헥산디올,향료,벤질벤조에이트,황색산화철 (CI 77492),적색산화철 (CI 77491),흑색산화철 (CI 77499)",모든 피부용,쏘끼오,2022.10.13,"딘토는 아이라인이 유명해서 아이라인만 알고 있었는데
컨실러도 있다는걸 이번에 알게되었습니다!
우선 색상은 2호가 딱 21호분들이 사용하기 좋은 것 같습니다
그리고 좀 놀랐던게 다른 컨실러들에 비해 향이 너무 좋아요!
약간 컨실러에서 생화향이 나더라구요..? (당황) 좋아요!
제형은 처음 바를 때는 슥슥 잘 발리는데 금방 매트하게 굳어지는 제형이더라구요 
그래서 건조하신 분들이 쓰시거나 건조한 가을 겨울에 쓰기보다는 여름에 빛을 발할 것 같은 컨실러인 것 같습니다!
그리고 일단 패키지가 너무 이쁘게 배송이 와서 괜시리 기분이 
좋아지더라구여٩(๑˃̵ᴗ˂̵)و",5,복합성;여름쿨톤;모공;민감성
11,20221016_110451,컨실러,[문가영pick] 딘토 운초 라이트베일 컨실러 3종,https://www.oliveyoung.co.kr/store/goods/getGoodsDetail.do?goodsNo=A000000171020&dispCatNo=1000001000200010005&trackingCd&curation&egcode&rccode&egrankcode,딘토,[문가영pick] 딘토 운초 라이트베일 컨실러 3종,19000,14250,퓨어 운초;세이지 운초;캄 운초,"[01 퓨어운초]
정제수,티타늄디옥사이드 (CI 77891),이소도데칸,디메치콘,트리메칠실록시실리케이트,글리세린,폴리글리세릴-3폴리디메칠실록시에칠디메치콘,디프로필렌글라이콜,하이드로제네이티드폴리(C6-14올레핀),메칠메타크릴레이트크로스폴리머,펜틸렌글라이콜,사이클로펜타실록산,카프릴릴메치콘,흰목이버섯추출물,명일엽추출물,모로헤이야잎추출물,참마뿌리추출물,오크라열매추출물,연꽃뿌리추출물,디스테아디모늄헥토라이트,폴리글리세릴-2디폴리하이드록시스테아레이트,소르비탄세스퀴올리에이트,글리세릴베헤네이트/에이코사디오에이트,마그네슘설페이트,디소듐스테아로일글루타메이트,알루미늄하이드록사이드,디메치콘/비닐디메치콘크로스폴리머,디메치콘크로스폴리머카프릴릴글라이콜,글리세릴카프릴레이트,비닐디메치콘/메치콘실세스퀴옥산크로스폴리머,트리소듐에칠렌디아민디석시네이트,알란토인,판테놀,토코페롤,부틸렌글라이콜,1,2-헥산디올,향료,벤질벤조에이트,황색산화철 (CI 77492),적색산화철 (CI 77491),흑색산화철 (CI 77499)",모든 피부용,민감행,2022.09.23,마음에 듭니다 엄청 오래 걸릴줄 알았ㄷ는데 생각보다는 빨리왔어요,5,민감성;여름쿨톤;민감성;탄력
