,timestamp,category,productName,urlProduct,brand,productName.1,price1,price2,Color,ingredients,skinType,username,datePublished,reviewText,score,reviewerSkinType
0,20221016_015559,프라이버/베이스,[문가영pick] 딘토 운초 블러피니쉬 폼프라이머 30ml (온),https://www.oliveyoung.co.kr/store/goods/getGoodsDetail.do?goodsNo=A000000170043&dispCatNo=1000001000200010003&trackingCd&curation&egcode&rccode&egrankcode,딘토,[문가영pick] 딘토 운초 블러피니쉬 폼프라이머 30ml (온),32000,24000,폼 프라이머,"다이메티콘,정제수,다이메티콘/비닐다이메티콘크로스폴리머,부틸렌글라이콜,프로판다이올,글리세린,폴리글리세릴-10미리스테이트,1,2-헥산다이올,티타늄디옥사이드,코코-글루코사이드,피브이피,다이소듐코코암포다이아세테이트,소듐클로라이드,에틸헥실글리세린,글라이신,알루미늄하이드록사이드,암모늄폴리아크릴레이트,알지닌,카보머,판테놀,알란토인,적색산화철,드럼스틱씨추출물,페녹시에탄올,헥실렌글라이콜,흰목이버섯추출물,발린,히스티딘,글루타믹애씨드,알라닌,아스파틱애씨드,페닐알라닌,프롤린,타우린,세린,오르니틴,아이소류신,류신,메티오닌",모든 피부용,올영러버덕,2022.08.27,"🌿 프라이머를 이번 올영체험단으로 처음 사용해보는데 진짜 엄청 좋네요!! 왜 지금까지 프라이머를 안썼는지 정말 후회됩니다🥹 

🌿 친구들이랑 약속이 있던 날 이 딘토 프라이머를 사용하고 나머지 화장품은 똑같았거든요. 화장 후 스스로 오... 오늘 화장 잘먹었는데? 라고 생각했는데 ⭐️친구를 만난 후 오늘 화장품 바꿨냐고, 되게 피부표현이 잘 됐다는 말을 들었어요...!⭐️진짜 프라이머 얘기는 하나도 안했는데 그런 말을 들어서 남들에게도 확실히 티가 나는구나! 생각했죠! 앞으로 꾸준히 사용하고 다 쓰면 기꺼이 내돈내산 할 아이템입니다! 친구도 그 제품이 뭐냐고 물어봐서 알려줬더니 자기도 하나 사야겠다고 하더라구요.🤩

🌿 일단 저번에 아이라이너에서도 느꼈는데 올영체험단으로 받았을 때 딘토는 정말 패키지가 예뻐요ㅎㅎ 요즘 트렌드인 비건, 친환경 느낌이고 선물 포장까지 되어있어 선물받는 기분이랄까><

🌿 느낌: 프라이머가 신기하게 거품 형태라서 더욱 모공 깊숙히, 세세하게 채워지는 느낌이 나요. 부드럽고 폭신한 폼 텍스쳐라 촉촉하게 발리고 피부 모공을 블러처리하고 결을 정돈하는 느낌입니다. 마무리감도 끈적이거나 유분기팡팡 느낌이 아니라 보들보들하고 실키하게 마무리되어 색조화장 전 베이스를 탄탄하게 잡아주는 느낌이에요. 

🌿 밀림, 들뜸도 전혀 없고 그 위에 매트한 화장이나 광나는 화장 둘 다 하기 좋아요. 전 매트한 마무리감을 좋아해서 꼭 파우더 처리를 하는 편인데 이 프라이머 사용 후 클리오 매트 파운데이션을 발랐더니 파우더 처리 없이 적당히 보송보송하고 광나는 피부가 되더라구요.(사실 약속에 늦어서 파우더처리를 못한 건데 오히려 좋았던 것 같아요ㅋㅋ)
 
🌿 피부톤이 크게 톤업된다거나 잡티를 보정, 커버한다거나 하는 기능은 없어요. 화장이 잘 먹게하고 큰 모공을 블러처리하는 느낌이라 커버를 원하면 쿠션/파운데이션/컨실러를 사용하는게 좋아요! 피부가 좋은 사람은 요 프라이머 하나만 발라도 생기있어보여서 괜찮을 듯 하구요! 

🌿 사용팁: 베이스 크림은 보통 자외선차단 지수가 들어있는 경우가 많은데 이 제품은 프라이머라 그런지 딱히 자외선 차단 기능은 없어서 썬크림/썬로션을 바르고 프라이머 사용 후 색조 화장을 하는 것이 좋더라구요. 양은 제 기준 한 펌프 짜서 바르면 1회 사용하기 딱 좋았습니다. 

🌿 정말 오랜만에 너무 만족해서 극찬하는 화장품이 생겼는데 올영 체험단으로 먼저 체험해본 거라 좋네요. 앞으로 화장 할 때 필수템이 될 딘토 프라이머입니다.👍🏻
프라이머치고 비싼 것 같지만 사용감은 정말 좋았어요...!",5,민감성;쿨톤;각질;다크서클
1,20221016_015559,프라이버/베이스,[문가영pick] 딘토 운초 블러피니쉬 폼프라이머 30ml (온),https://www.oliveyoung.co.kr/store/goods/getGoodsDetail.do?goodsNo=A000000170043&dispCatNo=1000001000200010003&trackingCd&curation&egcode&rccode&egrankcode,딘토,[문가영pick] 딘토 운초 블러피니쉬 폼프라이머 30ml (온),32000,24000,폼 프라이머,"다이메티콘,정제수,다이메티콘/비닐다이메티콘크로스폴리머,부틸렌글라이콜,프로판다이올,글리세린,폴리글리세릴-10미리스테이트,1,2-헥산다이올,티타늄디옥사이드,코코-글루코사이드,피브이피,다이소듐코코암포다이아세테이트,소듐클로라이드,에틸헥실글리세린,글라이신,알루미늄하이드록사이드,암모늄폴리아크릴레이트,알지닌,카보머,판테놀,알란토인,적색산화철,드럼스틱씨추출물,페녹시에탄올,헥실렌글라이콜,흰목이버섯추출물,발린,히스티딘,글루타믹애씨드,알라닌,아스파틱애씨드,페닐알라닌,프롤린,타우린,세린,오르니틴,아이소류신,류신,메티오닌",모든 피부용,프로모공러,2022.08.22,"💙인생 프라이머 등극💙
올해 내돈내산 중에 탑 쓰리 안에 들 정도로 마음에 듭니당

보통의 프라이머 제형과는 다른 처음 접하는 폼 타입의 프라이머길래 정말 사용해보고 싶었는데,
딱 올영에 입점했길래 바로 구매 했습니당

✨제형
딱 버블 형태의 촉촉한 제형, 정말 비주얼과 촉감만 봤을때는 프라이머가 아니라 기초제품 같아요
✨사용방법
기초>딘토 프라이머>톤업 선크림>비비 이렇게 사용해주고 있는데 저는 코에만 모공이 커서 코만 사용해주고 있어요
(톤업 아닌 선크림 바를때는 선크림 후, 프라이머 발라주고 있어요)
✨사용감 및 마무리감
정말 좋았던게 양조절 따위 필요없음ㅋㅋ한번 발랐을때는 촉촉한데 그저그렇네 싶었거든요??
근데 두번 바르고 세번발랐을때 이거 대박이다 싶었어요
밀리는거 하나 없이 제 모공에는 덧바를수록 모공 커버가 잘됐어요

💬
사진상으로는 크게 안가려지는것처럼 보이는데 실제로는 제가 정말 코모공이 왕모공이기 때문에ㅎ..
와이거 진짜 괜찮다 싶을 정도로 90프로는 가려지는 느낌을 받았고 결이 매끄러워진다는 느낌을 받아서 핵만족ㅠㅠ

✨제일 좋았던 점 3개만 뽑는다면
1. 양 조절 안해도 촉촉한 타입이라 밀리지 않아 초보도 사용하기 쉽다는 점
2. 모공이 정말 블러처리되는 느낌을 준다는 점(왕모공의 경우, 한번 발랐을때 말고 2~3번 정도 덧발랐을때)
3. 이렇게 덧발랐는데도 불구하고 그뒤 비비나 파데 발랐을때 뜨거나 밀리지 않고 모공 부각안된다는 점

전체적으로 정~말 마음에 드네요
집에 프라이머 정말 많은데 단연 1등!!",5,민감성;여름쿨톤;모공;민감성
2,20221016_015559,프라이버/베이스,[문가영pick] 딘토 운초 블러피니쉬 폼프라이머 30ml (온),https://www.oliveyoung.co.kr/store/goods/getGoodsDetail.do?goodsNo=A000000170043&dispCatNo=1000001000200010003&trackingCd&curation&egcode&rccode&egrankcode,딘토,[문가영pick] 딘토 운초 블러피니쉬 폼프라이머 30ml (온),32000,24000,폼 프라이머,"다이메티콘,정제수,다이메티콘/비닐다이메티콘크로스폴리머,부틸렌글라이콜,프로판다이올,글리세린,폴리글리세릴-10미리스테이트,1,2-헥산다이올,티타늄디옥사이드,코코-글루코사이드,피브이피,다이소듐코코암포다이아세테이트,소듐클로라이드,에틸헥실글리세린,글라이신,알루미늄하이드록사이드,암모늄폴리아크릴레이트,알지닌,카보머,판테놀,알란토인,적색산화철,드럼스틱씨추출물,페녹시에탄올,헥실렌글라이콜,흰목이버섯추출물,발린,히스티딘,글루타믹애씨드,알라닌,아스파틱애씨드,페닐알라닌,프롤린,타우린,세린,오르니틴,아이소류신,류신,메티오닌",모든 피부용,아이스,2022.08.28,"✔️좋은점: 딘토 프라이머를 사용하고 바깥에 나갔을 때 제 피부 결의 상태와 매트한 피부 지속력 좋았던 프라이머였습니다

 ✔️전 개인적으로 매트한편을 좋아하는데 제발 이 프라이머는 외출할 때 지속력이 좋았으면 좋겠다 라는 생각으로 발라봤습니다 아니나 다를까 습하고 더운 날에 제가 나왔거든요 그때 8시간 이상 지속이 되는 것 같았어요아무래도 버블 제형으로 얼굴에다가 바르다 보니까 모공 까지 속속 속 들어가서 밀착이 더 잘 되는 것 같습니다

✔️선기능: 이 프라이머에는 자외선 차단 기능이 없어서 바르기 전에 선크림을 바르시고 딘토프라이머를 받으시는 걸 추천 드릴게요

✔️향: 개인적으로 파우더리한 향이 나는 것 같습니다 향땜에 쓰지 못 하겠다 이런 거 절대 아니니까 구매를 망설이지 마세요

✔️피부 화장을 하기 전에 발라주시고 기본 화장하면서 더 좋은 피부결을 기대 한다면 구매를 추천할게요

✔️🧸 사진을 보시면 아시겠지만 밀착력이 좋아요",5,건성;웜톤;잡티;탄력
3,20221016_015559,프라이버/베이스,[문가영pick] 딘토 운초 블러피니쉬 폼프라이머 30ml (온),https://www.oliveyoung.co.kr/store/goods/getGoodsDetail.do?goodsNo=A000000170043&dispCatNo=1000001000200010003&trackingCd&curation&egcode&rccode&egrankcode,딘토,[문가영pick] 딘토 운초 블러피니쉬 폼프라이머 30ml (온),32000,24000,폼 프라이머,"다이메티콘,정제수,다이메티콘/비닐다이메티콘크로스폴리머,부틸렌글라이콜,프로판다이올,글리세린,폴리글리세릴-10미리스테이트,1,2-헥산다이올,티타늄디옥사이드,코코-글루코사이드,피브이피,다이소듐코코암포다이아세테이트,소듐클로라이드,에틸헥실글리세린,글라이신,알루미늄하이드록사이드,암모늄폴리아크릴레이트,알지닌,카보머,판테놀,알란토인,적색산화철,드럼스틱씨추출물,페녹시에탄올,헥실렌글라이콜,흰목이버섯추출물,발린,히스티딘,글루타믹애씨드,알라닌,아스파틱애씨드,페닐알라닌,프롤린,타우린,세린,오르니틴,아이소류신,류신,메티오닌",모든 피부용,우리집멍뭉곰곰,2022.09.11,"💄화장 잘 먹는 촉촉한 프라이머💄

아주 예전에 프라이머를 사용했다가 프라이머가 모공을 막아서 그런건지 트러블이 꽤 올라와서 그 후로 프라이머를 사용해본적이 없는데 요즘은 또 프라이머 이외에도 여러 화장품의 성분도 좋게 나오고 해서 다시 도전해 봐야지 하는 중에 올영체험단으로서 사용하게 되었습니다:)

지금은 덜 하지만 며칠 전까지만 해도 땀나게 더웠는데 그러다보니 모공이 늘어져서 화장을 해도 신경쓰이는 수준이었어요. 심지어 마스크까지 쓰니까 뜨거운 콧바람에도 모공이 오픈,,,😱

물론 이게 콧바람 뜨거운 바람에도 모공이 깔끔해요는 아니지만 확실히 바로고 나면 다음에 오늘 화장도 잘 먹더라구요. 제형이 거품 제형인데 솔직히 처음 짜서 바르는데 발림성이 제 스타일은 아니었어요. 바닐라* 프라이머랑 비슷한데 오랜만에 생소해서 그렇게 느낀걸 수도 있지만 바르고 나면 모공 사이사이가 잘 메꿔져서 지금까지 안 사용하고 사진찍은 날을 후회할 정도 입니다🧡",5,복합성;각질;모공
4,20221016_015600,프라이버/베이스,[문가영pick] 딘토 운초 블러피니쉬 폼프라이머 30ml (온),https://www.oliveyoung.co.kr/store/goods/getGoodsDetail.do?goodsNo=A000000170043&dispCatNo=1000001000200010003&trackingCd&curation&egcode&rccode&egrankcode,딘토,[문가영pick] 딘토 운초 블러피니쉬 폼프라이머 30ml (온),32000,24000,폼 프라이머,"다이메티콘,정제수,다이메티콘/비닐다이메티콘크로스폴리머,부틸렌글라이콜,프로판다이올,글리세린,폴리글리세릴-10미리스테이트,1,2-헥산다이올,티타늄디옥사이드,코코-글루코사이드,피브이피,다이소듐코코암포다이아세테이트,소듐클로라이드,에틸헥실글리세린,글라이신,알루미늄하이드록사이드,암모늄폴리아크릴레이트,알지닌,카보머,판테놀,알란토인,적색산화철,드럼스틱씨추출물,페녹시에탄올,헥실렌글라이콜,흰목이버섯추출물,발린,히스티딘,글루타믹애씨드,알라닌,아스파틱애씨드,페닐알라닌,프롤린,타우린,세린,오르니틴,아이소류신,류신,메티오닌",모든 피부용,혀니허니,2022.09.02,"올영 체험단을 통해 사용해볼수 있게 된 딘토 프라이머 🍀
제형이 신기해서 써보고 싶었는데 심지어 비건이라니 좋은 제형과 좋은 상품 🫶🏻

본인 모공 타입

• 볼 쪽에 압출로 인한 모공 넓어짐이 심해져서 스트레스 받음 😠 프라이머를 사야겠다고 생각
• 화장만 했다 하면 코에 끼고 코 옆부분에 끼고 나비존에 끼고 난리 남

장점

💯 촉촉해서 얼굴에 겉돌 것만 같은데 막상 한번 펌핑해서 둥글게 둥글게 발라주어 모공을 메꿔주면 산뜻하고 뽀송하게 마무리됨 
💯 결좋은 베이스 환경을 조성해 줌! 이거 바르고 나서 썬크림 발랐을때랑 그냥 썬크림만 발랐을때랑 확실히 달랐음 결이 좋아 보임 사진은 이거 바르고 썬크림 발랐을 때
💯 향이 금방 날아가서 좋음 그렇다고 해서 향이 나쁜건 아니지만!

단점

😳 지속력이 그닥 좋은 편은 아니라고 생각함 바르자마자 확! 메꿔지는 것이 보이는데 이것도 그냥 버스 타고 칭구 만나서 밥 먹을라고 마스크 벗으면 사라져있듬
🥹 가격이...",4,건성;여름쿨톤;민감성
5,20221016_015600,프라이버/베이스,[문가영pick] 딘토 운초 블러피니쉬 폼프라이머 30ml (온),https://www.oliveyoung.co.kr/store/goods/getGoodsDetail.do?goodsNo=A000000170043&dispCatNo=1000001000200010003&trackingCd&curation&egcode&rccode&egrankcode,딘토,[문가영pick] 딘토 운초 블러피니쉬 폼프라이머 30ml (온),32000,24000,폼 프라이머,"다이메티콘,정제수,다이메티콘/비닐다이메티콘크로스폴리머,부틸렌글라이콜,프로판다이올,글리세린,폴리글리세릴-10미리스테이트,1,2-헥산다이올,티타늄디옥사이드,코코-글루코사이드,피브이피,다이소듐코코암포다이아세테이트,소듐클로라이드,에틸헥실글리세린,글라이신,알루미늄하이드록사이드,암모늄폴리아크릴레이트,알지닌,카보머,판테놀,알란토인,적색산화철,드럼스틱씨추출물,페녹시에탄올,헥실렌글라이콜,흰목이버섯추출물,발린,히스티딘,글루타믹애씨드,알라닌,아스파틱애씨드,페닐알라닌,프롤린,타우린,세린,오르니틴,아이소류신,류신,메티오닌",모든 피부용,A21,2022.08.25,"다양한 제형의 프라이머 제품은 많이 사용해봤는데 폼 제형 프라이머는 안써본 것 같아서 신기한 마음에 올영체험단으로 신청했어요 

펌핑타입의 폼 프라이머라 어떻게 발릴지 궁금했어요 
가볍게 흔들어서 펌핑해주면 살짝 피치핑크빛 폼이 나오는데 처음에 바를땐 살짝 끈적임이 있는건가? 제형이 촉촉한 느낌이 나는데 다 바르고 나니 끈적임 전혀 없이 매끄럽게 마무리 되는 프라이머였어요 
마무리감이 피부에 밀착되는 느낌이라 깔끔하게 보여서 마음에 들었어요 

딘토 프라이머가 SPF지수가 없던데 그 부분이 살짝 아쉽더라고요
그래서 선크림🔆을 따로 발라야 할 것 같아서 딘토 운초 블러 피니쉬 제품을 바를때 프라이머 순서를 찾아보니까 상품 설명 페이지에 써있더라고요 

✅️ 가벼운 수분 선크림 --- 딘토 운초 프라이머
딘토 운초 프라이머       --- ✅️ 톤업 기능 있는 선크림

이렇게 순서가 적혀있는데 개인차나 선크림 제형 차이가 있을 것 같아요
딘토 프라이머와 선크림을 함께 사용하는데 있어서 다양한 방법을 시도해봐야겠어요🧐",5,건성;여름쿨톤;미백;민감성
6,20221016_015600,프라이버/베이스,[문가영pick] 딘토 운초 블러피니쉬 폼프라이머 30ml (온),https://www.oliveyoung.co.kr/store/goods/getGoodsDetail.do?goodsNo=A000000170043&dispCatNo=1000001000200010003&trackingCd&curation&egcode&rccode&egrankcode,딘토,[문가영pick] 딘토 운초 블러피니쉬 폼프라이머 30ml (온),32000,24000,폼 프라이머,"다이메티콘,정제수,다이메티콘/비닐다이메티콘크로스폴리머,부틸렌글라이콜,프로판다이올,글리세린,폴리글리세릴-10미리스테이트,1,2-헥산다이올,티타늄디옥사이드,코코-글루코사이드,피브이피,다이소듐코코암포다이아세테이트,소듐클로라이드,에틸헥실글리세린,글라이신,알루미늄하이드록사이드,암모늄폴리아크릴레이트,알지닌,카보머,판테놀,알란토인,적색산화철,드럼스틱씨추출물,페녹시에탄올,헥실렌글라이콜,흰목이버섯추출물,발린,히스티딘,글루타믹애씨드,알라닌,아스파틱애씨드,페닐알라닌,프롤린,타우린,세린,오르니틴,아이소류신,류신,메티오닌",모든 피부용,쥬블리,2022.09.10,"이 제품 올영에서 보기 전부터 눈여겨보던 프라이머인데!!!
드뎌 사용해보게 되었네요🤭
뷰티유튜버가 슈에무라 프라이머랑 비슷하다고 극찬했던 제품이고 또 다른 프라이머랑 다르게 제형도 거품처럼 나와서 꼭 한번 사용해보고 싶었는데 진짜 넘 촉촉하고 메이크업 전에 바르면 화장이 진짜 잘 먹어서 데일리로 늘 사용하고 있어요.
일단 저는 복합성 피부라서 코 부분은 지성이고  모공이 좀 넓은편이라 베네피트 프라이머 바르고 볼이랑 이마 등 다른부분은 늘 이 프라이머를 사용하고 있답니다.
제형은 진짜 거품이 볼에 닿으면 사르르 녹으며 피부에 깊숙이 스며들며 촉촉하고도 쫀쫀한 피부를 만들어줘서 메이크업 전 피부상태를 최상으로 만들어주는것 같아요 특히나 요즘같이 건조해지는 계절에 사용하면 최고랍니다.
저는 올영체험단으로 사용해보긴 했지만 덕분에 이제품 넘 좋다는거 알게되었고 다 쓰면 계속 구매해서 사용 할 생각이랍니다. 진짜 꼭꼭 !!! 저 믿고 사용해보세요.
프라이머 하나로 사용 전 ,후가 다르다는걸 느껴서 필수템이 되실꺼에요",5,복합성;쿨톤;모공;미백
7,20221016_015600,프라이버/베이스,[문가영pick] 딘토 운초 블러피니쉬 폼프라이머 30ml (온),https://www.oliveyoung.co.kr/store/goods/getGoodsDetail.do?goodsNo=A000000170043&dispCatNo=1000001000200010003&trackingCd&curation&egcode&rccode&egrankcode,딘토,[문가영pick] 딘토 운초 블러피니쉬 폼프라이머 30ml (온),32000,24000,폼 프라이머,"다이메티콘,정제수,다이메티콘/비닐다이메티콘크로스폴리머,부틸렌글라이콜,프로판다이올,글리세린,폴리글리세릴-10미리스테이트,1,2-헥산다이올,티타늄디옥사이드,코코-글루코사이드,피브이피,다이소듐코코암포다이아세테이트,소듐클로라이드,에틸헥실글리세린,글라이신,알루미늄하이드록사이드,암모늄폴리아크릴레이트,알지닌,카보머,판테놀,알란토인,적색산화철,드럼스틱씨추출물,페녹시에탄올,헥실렌글라이콜,흰목이버섯추출물,발린,히스티딘,글루타믹애씨드,알라닌,아스파틱애씨드,페닐알라닌,프롤린,타우린,세린,오르니틴,아이소류신,류신,메티오닌",모든 피부용,뮤온,2022.08.28,"❤️ 딘토 운초 블러피니쉬 폼 프라이머 💕

사실 프라이머를 별로 활용하지 않는 편인데요~
딘토의 감성에 끌려서 올체단 신청했습니다!
제가 받은 상품은 유통기한이 2025년 7월 11일이네요.
딘토에서 예쁘게 포장해서 보내주셨더라구요.

--> 초보 분들도 부담없이 도전할 수 있는 제형의
구름구름한 프라이머라 추천드립니다.



@ 제형
몽글몽글한 거품 때문에 바를 때 부담감이 전혀 없어요!
손으로 거품을 흡수시킬 때도 수분감 있게 퍼져나가서
정말 깔끔하게 고루 밀착시킬 수 있어요.
프라이머 자체에 익숙하지 않은 저도
쉽게 접근할 수 있었어요.

@ 효과
코 주변 부분이 여드름 자국으로 화장이 잘 무너지곤 했는데
프라이머를 소량 발라주니 확실히 오래가는 것 같아요!
컨실러도 더 부드럽게 발리고 커버가 쉬워져요~

@ 아쉬운 점
도포 후 잠시 동안 끈적임이 살짝 느껴진다는 게 아쉽지만
크게 신경쓰일 정도는 아닙니다! 
잘 흡수시키고 시간이 조금 지나면 보들보들해집니다!",4,복합성;쿨톤;각질;모공
8,20221016_015600,프라이버/베이스,[문가영pick] 딘토 운초 블러피니쉬 폼프라이머 30ml (온),https://www.oliveyoung.co.kr/store/goods/getGoodsDetail.do?goodsNo=A000000170043&dispCatNo=1000001000200010003&trackingCd&curation&egcode&rccode&egrankcode,딘토,[문가영pick] 딘토 운초 블러피니쉬 폼프라이머 30ml (온),32000,24000,폼 프라이머,"다이메티콘,정제수,다이메티콘/비닐다이메티콘크로스폴리머,부틸렌글라이콜,프로판다이올,글리세린,폴리글리세릴-10미리스테이트,1,2-헥산다이올,티타늄디옥사이드,코코-글루코사이드,피브이피,다이소듐코코암포다이아세테이트,소듐클로라이드,에틸헥실글리세린,글라이신,알루미늄하이드록사이드,암모늄폴리아크릴레이트,알지닌,카보머,판테놀,알란토인,적색산화철,드럼스틱씨추출물,페녹시에탄올,헥실렌글라이콜,흰목이버섯추출물,발린,히스티딘,글루타믹애씨드,알라닌,아스파틱애씨드,페닐알라닌,프롤린,타우린,세린,오르니틴,아이소류신,류신,메티오닌",모든 피부용,베이비슈,2022.09.07,"인스타그램에서 광고를 하는걸 보고 궁금했던 제품인데 운좋게 체험해볼 수 있어서 좋았습니다! 버블타입이 신기하면서도 그럴싸하다고 느꼈었어요. 

왜 보면 스킨케어 꿀팁으로, 거품 공병에다가 클렌징 워터나 토너를 넣어서 버블타입으로 사용하는게 종종 있잖아요. 제형을 버블타입으로 바꾸어주면서 몽글몽글한 거품이 조금 더 흡수력과 밀착력을 높여준다고 하더라구요. 

그런데 프라이머도 폼 타입이라니, 너무 궁금하잖아요! 
당장 써봤죠 ㅎㅎㅎ 

처음엔 좀 물같은 느낌이라 이게 폼이 맞나? 좀 흐르는게 아닌가 불편하다는 생각도 들었는데 제대로 꾹꾹 눌러 짜서 발랐더니 몽글몽글한게 촉촉하면서도 쫀쫀하게 피부에 밀착해서 다음 메이크업을 너무 잘 먹게 받쳐주는게 아니겠어요! 

살짝 핑크빛으로 색감도 뽀용하게 올라와서 자연스러운 톤업도 되고 모공도 커버해주는 것 같아서 자외선차단제 바르고 이것만 살짝 뺨이랑 코에 발라주는것도 좋더라구요. 

만족스러웠습니다. 다만 케이스가.. 토출구에서 완벽하게 폼이 되지 못했을때 물이 좀 더럽게 흘러나와서 조금 아쉬워서 그 부분은 별하나 뺐어요 ㅜㅜ 개선이 되면 좋겠네요!!",4,건성;쿨톤;미백;주름
9,20221016_015600,프라이버/베이스,[문가영pick] 딘토 운초 블러피니쉬 폼프라이머 30ml (온),https://www.oliveyoung.co.kr/store/goods/getGoodsDetail.do?goodsNo=A000000170043&dispCatNo=1000001000200010003&trackingCd&curation&egcode&rccode&egrankcode,딘토,[문가영pick] 딘토 운초 블러피니쉬 폼프라이머 30ml (온),32000,24000,폼 프라이머,"다이메티콘,정제수,다이메티콘/비닐다이메티콘크로스폴리머,부틸렌글라이콜,프로판다이올,글리세린,폴리글리세릴-10미리스테이트,1,2-헥산다이올,티타늄디옥사이드,코코-글루코사이드,피브이피,다이소듐코코암포다이아세테이트,소듐클로라이드,에틸헥실글리세린,글라이신,알루미늄하이드록사이드,암모늄폴리아크릴레이트,알지닌,카보머,판테놀,알란토인,적색산화철,드럼스틱씨추출물,페녹시에탄올,헥실렌글라이콜,흰목이버섯추출물,발린,히스티딘,글루타믹애씨드,알라닌,아스파틱애씨드,페닐알라닌,프롤린,타우린,세린,오르니틴,아이소류신,류신,메티오닌",모든 피부용,아이소머,2022.09.11,"독특한 제형에다가 후기들이 좋길래
궁금해서 신청해보게 되었어요.

거품 제형인데 발림성이 좋아요.

다만 바르는 중에 거품이 꺼지면
바르는 느낌이나 제형의 느낌이 달라져요.

거품일 때는 부드럽게 발리는데
거품 꺼지면 뭔가 쫀쫀한 느낌이에요.

그래도 얼굴에 바르면 큰 차이는 없고요.

그냥 발림성 차이인 것 같아요.

흡수 되면서 점점 부들부들 해지고
살짝 블러 효과가 있어요.

선크림 바르고 이거 바르고 파우더 처리만 했는데
피부가 진짜 뽀얗더라고요.

쌩얼인데 피부 엄청 좋아보이는 그런 느낌이에요.

그 위에 피부 화장을 한 날에도 만족스러웠어요.

피부 화장을 하면 항상 모공이 부각되는게 스트레스 였는데
모공 부각이 안되더라고요.

그리고 유분이 훨씬 덜 올라왔어요.

피부 화장 유지도 잘 되었어요.

지속력이 좋은 편인 것 같아요.

자외선 차단 성분도 있으면 더 좋을 것 같아요.",5,복합성;가을웜톤;각질;모공
10,20221016_015603,프라이버/베이스,[문가영pick] 딘토 운초 블러피니쉬 폼프라이머 30ml (온),https://www.oliveyoung.co.kr/store/goods/getGoodsDetail.do?goodsNo=A000000170043&dispCatNo=1000001000200010003&trackingCd&curation&egcode&rccode&egrankcode,딘토,[문가영pick] 딘토 운초 블러피니쉬 폼프라이머 30ml (온),32000,24000,폼 프라이머,"다이메티콘,정제수,다이메티콘/비닐다이메티콘크로스폴리머,부틸렌글라이콜,프로판다이올,글리세린,폴리글리세릴-10미리스테이트,1,2-헥산다이올,티타늄디옥사이드,코코-글루코사이드,피브이피,다이소듐코코암포다이아세테이트,소듐클로라이드,에틸헥실글리세린,글라이신,알루미늄하이드록사이드,암모늄폴리아크릴레이트,알지닌,카보머,판테놀,알란토인,적색산화철,드럼스틱씨추출물,페녹시에탄올,헥실렌글라이콜,흰목이버섯추출물,발린,히스티딘,글루타믹애씨드,알라닌,아스파틱애씨드,페닐알라닌,프롤린,타우린,세린,오르니틴,아이소류신,류신,메티오닌",모든 피부용,초초링,2022.08.30,"딘토 폼 프라이머 후기!

코시국 이후로 피부 화장을 잘 안하게 되더라구요.. 피부화장을 해도 마스크에 다 묻고 피부가 답답하다는걸 많이 느껴서 피부화장은 잘 안하는데, 
가볍게 피부 화장을 하고 싶을때가 가끔 잇더라구요. 선크림 만으로는 커버가 안되느..? 
이전에 톤업 크림도 사용해봤는데 너무 뻑뻑해서 바디에만 바르게 되더라구요.
이 딘토 폼프라이머는 폼 타입이여서 발릴때 뻑뻑하지않겠다 라고 생각되어 선택했어요!!

생각대로 바를때 뻭뻑하지 않더라구요. 또 너무 밀릴까 걱정됬는데 밀리지도 않고 펴바르면 바로밀착되더라구요!!
완전 만족 성분도 주의 성분이 포함 안되어있고 안심하고 사용할수있어요!

제품의 향은 특별히 없는것같고 한번만 짜도 얼굴에 얇게 펴바를수 있어요!!ㅎㅎ
너무 만족합니다",5,복합성;봄웜톤;모공;민감성
11,20221016_015603,프라이버/베이스,[문가영pick] 딘토 운초 블러피니쉬 폼프라이머 30ml (온),https://www.oliveyoung.co.kr/store/goods/getGoodsDetail.do?goodsNo=A000000170043&dispCatNo=1000001000200010003&trackingCd&curation&egcode&rccode&egrankcode,딘토,[문가영pick] 딘토 운초 블러피니쉬 폼프라이머 30ml (온),32000,24000,폼 프라이머,"다이메티콘,정제수,다이메티콘/비닐다이메티콘크로스폴리머,부틸렌글라이콜,프로판다이올,글리세린,폴리글리세릴-10미리스테이트,1,2-헥산다이올,티타늄디옥사이드,코코-글루코사이드,피브이피,다이소듐코코암포다이아세테이트,소듐클로라이드,에틸헥실글리세린,글라이신,알루미늄하이드록사이드,암모늄폴리아크릴레이트,알지닌,카보머,판테놀,알란토인,적색산화철,드럼스틱씨추출물,페녹시에탄올,헥실렌글라이콜,흰목이버섯추출물,발린,히스티딘,글루타믹애씨드,알라닌,아스파틱애씨드,페닐알라닌,프롤린,타우린,세린,오르니틴,아이소류신,류신,메티오닌",모든 피부용,여름밤,2022.08.29,"프라이머를 자주 사용하는건 아니지만 이번에 올영체험단으로 프라이머를 받아서 사용해봤습니다👏🏻👏🏻

여름에는 어떻게 화장을해도 결국 습하고 더운 날씨 한방이면 그냥 다 무너지게 되어있는거 같아요ㅠㅠㅠ.. 그리고 모공이 너무 열리는 느낌도 이래저래 싫고ㅠㅠㅠ 저는 그래서 여름 한정으로 프라이머를 가끔씩 사용 중 입니다☺️!

이건 특이하게 폼 타입 형식으로 나오더라구요?!🫢
저는 폼타입 제형 화장품은 처음 써봐서 신기하기도하고 별로일까봐 좀 걱정했는데 생각보다는 괜찮았어요!
(다만 제 개인 취향으로는 역시 폼타입은 사용전 흔들기도 해야해서 번거롭고 제형 느낌도 기분이 요상했어요ㅠㅠ)

수분감은 촉촉해서 건성분들이나 수부지분들은 좋아하실 거 같아요!👍🏻 촉촉해서 바르기에도 편하고 바르고 나서도 수분감이 느껴져서 파데도 촉촉하니 올라가더라구요👍🏻
다만 너무 지성이신분들은 약간 원하는 느낌의 프라이머는 아니실 수 있으니 테스트 후 구매를 추천드립니다.",4,복합성;봄웜톤;모공;미백
12,20221016_015603,프라이버/베이스,[문가영pick] 딘토 운초 블러피니쉬 폼프라이머 30ml (온),https://www.oliveyoung.co.kr/store/goods/getGoodsDetail.do?goodsNo=A000000170043&dispCatNo=1000001000200010003&trackingCd&curation&egcode&rccode&egrankcode,딘토,[문가영pick] 딘토 운초 블러피니쉬 폼프라이머 30ml (온),32000,24000,폼 프라이머,"다이메티콘,정제수,다이메티콘/비닐다이메티콘크로스폴리머,부틸렌글라이콜,프로판다이올,글리세린,폴리글리세릴-10미리스테이트,1,2-헥산다이올,티타늄디옥사이드,코코-글루코사이드,피브이피,다이소듐코코암포다이아세테이트,소듐클로라이드,에틸헥실글리세린,글라이신,알루미늄하이드록사이드,암모늄폴리아크릴레이트,알지닌,카보머,판테놀,알란토인,적색산화철,드럼스틱씨추출물,페녹시에탄올,헥실렌글라이콜,흰목이버섯추출물,발린,히스티딘,글루타믹애씨드,알라닌,아스파틱애씨드,페닐알라닌,프롤린,타우린,세린,오르니틴,아이소류신,류신,메티오닌",모든 피부용,앞집토토로,2022.09.11,"그동안 프라이머를 여러개 사용해봤는데  폼프라이머는  올영체험단에 선정되어 처음 사용해봤습니다. 
제형은  지금까지 써왔던 제품과 달리 이름처럼 거품이 풍성합니다. 거품때문에 바르기전에  조금 걱정했었는데  이걸 바르는순간 그런 걱정은 기후였었네요. 피부에  잘  스며들고  화장이 피부에 잘 밀착되어  정말 잘 먹습니다. 피부에 요철도  커버해 주네요. 
그리고 지속력도 정말 길어요.  아침에 바르면 오후까지 끄덕이 없습니다.  
이제품 사용해보니 정말 마음에 들어서  다사용하면 다음에는 내돈내산으로 꼭 구매하고 싶습니다.",5,지성;웜톤;모공;민감성
13,20221016_015603,프라이버/베이스,[문가영pick] 딘토 운초 블러피니쉬 폼프라이머 30ml (온),https://www.oliveyoung.co.kr/store/goods/getGoodsDetail.do?goodsNo=A000000170043&dispCatNo=1000001000200010003&trackingCd&curation&egcode&rccode&egrankcode,딘토,[문가영pick] 딘토 운초 블러피니쉬 폼프라이머 30ml (온),32000,24000,폼 프라이머,"다이메티콘,정제수,다이메티콘/비닐다이메티콘크로스폴리머,부틸렌글라이콜,프로판다이올,글리세린,폴리글리세릴-10미리스테이트,1,2-헥산다이올,티타늄디옥사이드,코코-글루코사이드,피브이피,다이소듐코코암포다이아세테이트,소듐클로라이드,에틸헥실글리세린,글라이신,알루미늄하이드록사이드,암모늄폴리아크릴레이트,알지닌,카보머,판테놀,알란토인,적색산화철,드럼스틱씨추출물,페녹시에탄올,헥실렌글라이콜,흰목이버섯추출물,발린,히스티딘,글루타믹애씨드,알라닌,아스파틱애씨드,페닐알라닌,프롤린,타우린,세린,오르니틴,아이소류신,류신,메티오닌",모든 피부용,나는요리왕,2022.09.09,"처음 발라 보고 너무 놀랐던 제품입니다 ㅎㅎ 너무 신기했어요 . 

거품형식 프라이머인데 바를 땐 정말 촉촉한데 흡수되고나서는 피부가 진짜 매끈매끈해지고 요철 같은것도 조금 커버되면서 ! 피부결이 부드러워지는 그런 사용감이라 메이크업하기 전에 바르기 너무 좋더라구요 ㅎㅎ 

화장도 훨씬 잘 먹어용. 근데 전 사실 모공있는 나비존 부분에 주로 사용할 프라이머를 원했지만.. 이 제품은 그런 용도 보다는 메이크업 베이스 용도에 더 가까운 것 같습니다. !! 

그리구 개인적으로 제품력 자체는 괜찮았지만 여행이나 지역이동이 잦아서 들고다닐 일이 많았던 저에게 정말 실망스러웠던건. . ㅠㅠ 휴대하고 다녔을 때였는데요ㅜ 제가 첨부한 사진처럼 계속 저렇게 새더라그요.. 하 그래서 파우치 안에 있는 애들 다 오염되고 ㅎㅎ.. 그 점이 정말정말 싫었어요 ..",4,복합성;웜톤;모공;민감성
14,20221016_015603,프라이버/베이스,[문가영pick] 딘토 운초 블러피니쉬 폼프라이머 30ml (온),https://www.oliveyoung.co.kr/store/goods/getGoodsDetail.do?goodsNo=A000000170043&dispCatNo=1000001000200010003&trackingCd&curation&egcode&rccode&egrankcode,딘토,[문가영pick] 딘토 운초 블러피니쉬 폼프라이머 30ml (온),32000,24000,폼 프라이머,"다이메티콘,정제수,다이메티콘/비닐다이메티콘크로스폴리머,부틸렌글라이콜,프로판다이올,글리세린,폴리글리세릴-10미리스테이트,1,2-헥산다이올,티타늄디옥사이드,코코-글루코사이드,피브이피,다이소듐코코암포다이아세테이트,소듐클로라이드,에틸헥실글리세린,글라이신,알루미늄하이드록사이드,암모늄폴리아크릴레이트,알지닌,카보머,판테놀,알란토인,적색산화철,드럼스틱씨추출물,페녹시에탄올,헥실렌글라이콜,흰목이버섯추출물,발린,히스티딘,글루타믹애씨드,알라닌,아스파틱애씨드,페닐알라닌,프롤린,타우린,세린,오르니틴,아이소류신,류신,메티오닌",모든 피부용,레몬스콘귀신,2022.08.31,"⭐️피부타입: 수부지+민감성
⭐️피부톤: 21-22호 겨울쿨톤

프라이머의 매력에 빠져서 관심을 많이 가지는 중이었는데, 딘토 신상품을 사용해볼 기회가 생겨서 신청하게 됐어요!!
평소 요런 톤업이 되는 프라이머를 화장 전에도 사용하고 파데프리메이크업에도 사용하는 편입니다🤔

흔들어서 폼 제형으로 나오게 해서 사용한다는 게 생소하긴 한데, 그래도 부드럽게 발려서 좋았습니다.

하지만 바르자마자 느껴지는 기름진 느낌…?
파데프리로는 적합하지 않겠구나…하는 생각이 들었어요ㅜ
매트한 화장품과의 궁합은 좋지만, 촉촉한 베이스를 사용하거나 파데프리로 단독으로 사용하게 된다면 적합하지 않습니다…🥲

특히 파데프리를 하기엔 너무 기름져서 지성인 저는 오히려 트러블이 나더라구요ㅜㅜ
건성이신 분들한테 적합한 상품인 것 같습니다.",4,지성;쿨톤;다크서클;모공
15,20221016_015604,프라이버/베이스,[문가영pick] 딘토 운초 블러피니쉬 폼프라이머 30ml (온),https://www.oliveyoung.co.kr/store/goods/getGoodsDetail.do?goodsNo=A000000170043&dispCatNo=1000001000200010003&trackingCd&curation&egcode&rccode&egrankcode,딘토,[문가영pick] 딘토 운초 블러피니쉬 폼프라이머 30ml (온),32000,24000,폼 프라이머,"다이메티콘,정제수,다이메티콘/비닐다이메티콘크로스폴리머,부틸렌글라이콜,프로판다이올,글리세린,폴리글리세릴-10미리스테이트,1,2-헥산다이올,티타늄디옥사이드,코코-글루코사이드,피브이피,다이소듐코코암포다이아세테이트,소듐클로라이드,에틸헥실글리세린,글라이신,알루미늄하이드록사이드,암모늄폴리아크릴레이트,알지닌,카보머,판테놀,알란토인,적색산화철,드럼스틱씨추출물,페녹시에탄올,헥실렌글라이콜,흰목이버섯추출물,발린,히스티딘,글루타믹애씨드,알라닌,아스파틱애씨드,페닐알라닌,프롤린,타우린,세린,오르니틴,아이소류신,류신,메티오닌",모든 피부용,달고냥이,2022.08.28,거품으로 나오는 프라이머는 처음이라 펌핑하고 나서 살짝 당황했는데 막상 얼굴에 바르니 괜찮다고 생각이 들었습니다. 발림성도 가벼우니 펴바르기가 좋았으며 퍽퍽함 느낌없이 잘 발리는 프라이머 였습니다. 거품으로 나오니까 은근 재밌기도 하지만 그건 얼마 가지 않겠지요? 이걸 바르고 나서 화장을 하는데 평소보다 화장이 잘 먹는 것 같았습니다. 제가 알바를 하는데 중간에 수정화장 해주기가 어려워서 빨리 무너지지 않고 지속력이 좋은 친구가 무너져도 예쁘게 무너지는 피부 화장을 중요시하게 생각하는데 얘는 예쁜 피부 표현뿐만 아니라 화장의 지속력도 높여주어서 한동안은 잘 쓰고 다닐 예정입니다. 심지어 저는 포장에서 감동을 받았는데 너무 정성이 담기고 리본마저 예쁘게 묶어주셔서 기분이 정말 좋았습니다. 이런식으로 선물을 받는다면 받는 사람 입장으로서는 기쁠거라 생각합니다.,5,트러블성;쿨톤;잡티;탄력
16,20221016_015604,프라이버/베이스,[문가영pick] 딘토 운초 블러피니쉬 폼프라이머 30ml (온),https://www.oliveyoung.co.kr/store/goods/getGoodsDetail.do?goodsNo=A000000170043&dispCatNo=1000001000200010003&trackingCd&curation&egcode&rccode&egrankcode,딘토,[문가영pick] 딘토 운초 블러피니쉬 폼프라이머 30ml (온),32000,24000,폼 프라이머,"다이메티콘,정제수,다이메티콘/비닐다이메티콘크로스폴리머,부틸렌글라이콜,프로판다이올,글리세린,폴리글리세릴-10미리스테이트,1,2-헥산다이올,티타늄디옥사이드,코코-글루코사이드,피브이피,다이소듐코코암포다이아세테이트,소듐클로라이드,에틸헥실글리세린,글라이신,알루미늄하이드록사이드,암모늄폴리아크릴레이트,알지닌,카보머,판테놀,알란토인,적색산화철,드럼스틱씨추출물,페녹시에탄올,헥실렌글라이콜,흰목이버섯추출물,발린,히스티딘,글루타믹애씨드,알라닌,아스파틱애씨드,페닐알라닌,프롤린,타우린,세린,오르니틴,아이소류신,류신,메티오닌",모든 피부용,시아별,2022.08.28,"거품형 프라이머가 신기해서 이번에 올영체험단에 신청해서 써봤어요.

일단 포장부터 너무 예쁘게 되어있어서 택배 뜯자마자 기분이 좋았어요. 선물 받는 느낌이였구요!
또 박스테이프부터 종이테이프, 포장지도 종이, 친환경소재를 이용해서 예쁘게 포장한게 센스있게 느껴졌구요!

포장 뜯으면 깔끔한 블랙 앤 화이트로 이루어진 폼프라이머가 나오는데 괜히 더 예뻐보였어요ㅋㄷㅋㄷ

거품형은 처음 써봐서 신기하고 양조절 실패해서 당황스러웠지만 살짝 눌러서 쓰면 될것같아요.
펌핑형이고 거품이 굉장히 촉촉하고 살짝 광이 나나? 싶었지만 금방 흡수되어 뽀송하게 마무리 되더라구요💜💜💜
오히려 그 점이 마음에 들었어요.

모공도 어느정도 커버가 되어 베이스메이크업이 예쁘게 되더라구요.
오히려 폼이여서 그런지 작은모공들까지 세세하게 채워지는거 같았어요! 
만족합니당",5,민감성;모공;미백
17,20221016_015604,프라이버/베이스,[문가영pick] 딘토 운초 블러피니쉬 폼프라이머 30ml (온),https://www.oliveyoung.co.kr/store/goods/getGoodsDetail.do?goodsNo=A000000170043&dispCatNo=1000001000200010003&trackingCd&curation&egcode&rccode&egrankcode,딘토,[문가영pick] 딘토 운초 블러피니쉬 폼프라이머 30ml (온),32000,24000,폼 프라이머,"다이메티콘,정제수,다이메티콘/비닐다이메티콘크로스폴리머,부틸렌글라이콜,프로판다이올,글리세린,폴리글리세릴-10미리스테이트,1,2-헥산다이올,티타늄디옥사이드,코코-글루코사이드,피브이피,다이소듐코코암포다이아세테이트,소듐클로라이드,에틸헥실글리세린,글라이신,알루미늄하이드록사이드,암모늄폴리아크릴레이트,알지닌,카보머,판테놀,알란토인,적색산화철,드럼스틱씨추출물,페녹시에탄올,헥실렌글라이콜,흰목이버섯추출물,발린,히스티딘,글루타믹애씨드,알라닌,아스파틱애씨드,페닐알라닌,프롤린,타우린,세린,오르니틴,아이소류신,류신,메티오닌",모든 피부용,다이브진,2022.08.27,"딘토라는 브랜드는 첨 만나봅니다 🙄

안그래도 사용하고 있던 프라이머가 떨어질 참에~
올영체험단에 떠있길래 재빠르게 신청 ㅋㅋ

프라이머 괜찮은거 사용하고 계신 분들이라면 
메이크업할때 필수로 프라이머 꼭 할 수 밖에 없어요! 

정말 미미하고 효과가 없는 프라이머말고
정말 좋은..ㅋㅋ 

저는 정말 오래도록 오르비스 제품을 쓰고 있는데
다른 프라이머 쓰다가도 이걸로 돌아올 수 밖에 없는
이 효과와 성능이란..

받았는데 포장을 너무 정성스럽고 이쁘게 해주셔서
선물받은거 같았어요 ✨✨

엽서와 스티커도 같이 있는 센스><

그런데 이 제품은 폼 형식이더라구요 
프라이머가 폼? 
처음 사용해봤어요 
촉촉한데 금방 보송해지고 
저는 나비존에만 발라줬는데
두번 세번 발라주니 위에 메이크업해도 
밀리지 않고 모공도 잘 가려줘서 만족스러워용 😉",5,복합성;웜톤;모공;미백
18,20221016_015604,프라이버/베이스,[문가영pick] 딘토 운초 블러피니쉬 폼프라이머 30ml (온),https://www.oliveyoung.co.kr/store/goods/getGoodsDetail.do?goodsNo=A000000170043&dispCatNo=1000001000200010003&trackingCd&curation&egcode&rccode&egrankcode,딘토,[문가영pick] 딘토 운초 블러피니쉬 폼프라이머 30ml (온),32000,24000,폼 프라이머,"다이메티콘,정제수,다이메티콘/비닐다이메티콘크로스폴리머,부틸렌글라이콜,프로판다이올,글리세린,폴리글리세릴-10미리스테이트,1,2-헥산다이올,티타늄디옥사이드,코코-글루코사이드,피브이피,다이소듐코코암포다이아세테이트,소듐클로라이드,에틸헥실글리세린,글라이신,알루미늄하이드록사이드,암모늄폴리아크릴레이트,알지닌,카보머,판테놀,알란토인,적색산화철,드럼스틱씨추출물,페녹시에탄올,헥실렌글라이콜,흰목이버섯추출물,발린,히스티딘,글루타믹애씨드,알라닌,아스파틱애씨드,페닐알라닌,프롤린,타우린,세린,오르니틴,아이소류신,류신,메티오닌",모든 피부용,clover,2022.09.11,"폼프라이머는 이번에 처음 들어봐서 궁금했어요
궁금한건 못 참는 성격이라 신청하게 됐구요 😅

패키징도 참 예쁘게 되어서 왔더라고요
뭔가 뜯기 아쉬웠어요ㅎ 

발림성은 생각보다? 좋더라고요! 느낌도 좋고 부드럽게 흡수돼서 좋았어요
근데 블러링 효과,, 그런건 잘 모르겠더라고요
저는 건성 피부라 더 그럴 수도 있을 것 같아요 지성 피부이신 분들한테 더 잘 맞는 제품을 것 같긴 해요
그리고 지금은 날씨가 조금씩 추워지고 있어서 손이 잘 안 가는 것 같아요

구매 의사는 크게 없어요",4,건성;각질;다크서클
19,20221016_015604,프라이버/베이스,[문가영pick] 딘토 운초 블러피니쉬 폼프라이머 30ml (온),https://www.oliveyoung.co.kr/store/goods/getGoodsDetail.do?goodsNo=A000000170043&dispCatNo=1000001000200010003&trackingCd&curation&egcode&rccode&egrankcode,딘토,[문가영pick] 딘토 운초 블러피니쉬 폼프라이머 30ml (온),32000,24000,폼 프라이머,"다이메티콘,정제수,다이메티콘/비닐다이메티콘크로스폴리머,부틸렌글라이콜,프로판다이올,글리세린,폴리글리세릴-10미리스테이트,1,2-헥산다이올,티타늄디옥사이드,코코-글루코사이드,피브이피,다이소듐코코암포다이아세테이트,소듐클로라이드,에틸헥실글리세린,글라이신,알루미늄하이드록사이드,암모늄폴리아크릴레이트,알지닌,카보머,판테놀,알란토인,적색산화철,드럼스틱씨추출물,페녹시에탄올,헥실렌글라이콜,흰목이버섯추출물,발린,히스티딘,글루타믹애씨드,알라닌,아스파틱애씨드,페닐알라닌,프롤린,타우린,세린,오르니틴,아이소류신,류신,메티오닌",모든 피부용,라멜까망,2022.09.11,"촉촉하지만 밀려요ㅠ
저는 꼭 프라이머 사용하는 편이라 이번 프라이머도 이주? 정도 유용하게 사용했습니다.
근데 기존에 사용하던 아이들에 비해 발림성은 괜찮으나 좀 밀리는 감이 있습니다ㅠ

확실히 모공은 잘 안보이구요, 채움은 전부 다는 아니지만 50프로정도 효과있는것같아요!

향은 무향에 가깝고, 발림성은 부드럽게 촉촉히 잘 발리는 편이에요.

단점은 유분기가 생각보다 많아
엄청 밀리더라구요ㅠㅠ
양조절 해줬는데도 밀림이 약간있었습니다.

톤 보정이나 화이트닝효과는 딱히 없어서
저는 물광 펄 프라이머랑 소량 섞어서 발라주니 더 괜찮았어요ㅎㅎ

지속력은 괜찮은 편이구요, 기존 딘토 제품들중에 호불호가 강했던 제품들이 있었는데 이 제품은 무난 단계입니다.

유분기가 좀 적고 밀리지 않았으면 더 좋았을것같네요ㅠ",5,건성;쿨톤;모공;미백
20,20221016_015606,프라이버/베이스,[문가영pick] 딘토 운초 블러피니쉬 폼프라이머 30ml (온),https://www.oliveyoung.co.kr/store/goods/getGoodsDetail.do?goodsNo=A000000170043&dispCatNo=1000001000200010003&trackingCd&curation&egcode&rccode&egrankcode,딘토,[문가영pick] 딘토 운초 블러피니쉬 폼프라이머 30ml (온),32000,24000,폼 프라이머,"다이메티콘,정제수,다이메티콘/비닐다이메티콘크로스폴리머,부틸렌글라이콜,프로판다이올,글리세린,폴리글리세릴-10미리스테이트,1,2-헥산다이올,티타늄디옥사이드,코코-글루코사이드,피브이피,다이소듐코코암포다이아세테이트,소듐클로라이드,에틸헥실글리세린,글라이신,알루미늄하이드록사이드,암모늄폴리아크릴레이트,알지닌,카보머,판테놀,알란토인,적색산화철,드럼스틱씨추출물,페녹시에탄올,헥실렌글라이콜,흰목이버섯추출물,발린,히스티딘,글루타믹애씨드,알라닌,아스파틱애씨드,페닐알라닌,프롤린,타우린,세린,오르니틴,아이소류신,류신,메티오닌",모든 피부용,이건꼭사야해,2022.09.11,"평소 모공이 없단 생각에 프라이머 사용해볼 생각을 전혀 안해봤는데 올리브영 체험단 프라이머를 신청후 사용해보았습니다.  굳이 쓰나마나 겠지 얼마나 좋겠어 라는  생각을 했던 제 자신을 반성합니다.   모공없는 사람이 어디있겠어요.
딘토 프라이머 사용하고  메이크업하니 피부 결과 톤 표현되는게 확실히 틀리더라구요.
딘토 폼프라이머  제 인생템이 되어버렸습니다.

기초.딘토프라이머. 선크림. 비비.팩트 순으로 발라주고 있어요. 프라이머로 피부결을 정돈하고  다음 메이크업을 하면 확실이 밀착도 잘될 뿐더러  메이크업후 꽤 오랜시간이 지나도  무너짐이 없더라구요. 

버블형태로 되어있어 좀더 촉촉하고 빠르게 모공 깊숙히 채워지는 느낌입니다. 바르고나면 보드럽고 실키하게 마무리되어 그위  메이크업할때 밀림이나 들뜸없이  매끈한 피부를 표현해줄우 있어요.
밀착력 너무좋아 만족하며 사용중 입니다.😄",5,복합성;웜톤;모공;주름
21,20221016_015607,프라이버/베이스,[문가영pick] 딘토 운초 블러피니쉬 폼프라이머 30ml (온),https://www.oliveyoung.co.kr/store/goods/getGoodsDetail.do?goodsNo=A000000170043&dispCatNo=1000001000200010003&trackingCd&curation&egcode&rccode&egrankcode,딘토,[문가영pick] 딘토 운초 블러피니쉬 폼프라이머 30ml (온),32000,24000,폼 프라이머,"다이메티콘,정제수,다이메티콘/비닐다이메티콘크로스폴리머,부틸렌글라이콜,프로판다이올,글리세린,폴리글리세릴-10미리스테이트,1,2-헥산다이올,티타늄디옥사이드,코코-글루코사이드,피브이피,다이소듐코코암포다이아세테이트,소듐클로라이드,에틸헥실글리세린,글라이신,알루미늄하이드록사이드,암모늄폴리아크릴레이트,알지닌,카보머,판테놀,알란토인,적색산화철,드럼스틱씨추출물,페녹시에탄올,헥실렌글라이콜,흰목이버섯추출물,발린,히스티딘,글루타믹애씨드,알라닌,아스파틱애씨드,페닐알라닌,프롤린,타우린,세린,오르니틴,아이소류신,류신,메티오닌",모든 피부용,노는고양이냐옹,2022.09.10,"딘토 프라이머!
평소 모공 커버의 필요성을 느끼던 중 좋은 기회로 딘토 프라이머를 사용해보게 됐어요
우선 제형이 특이해요 폼프라이머라는 말처럼 거품으로 묽게 나와서 얼굴에 부드럽게 발라줄 수 있어요! 근데 또 바르고 나면 매끈하게 마무리 되더라고요 한 번만 발랐을 때는 효과를 잘 모르겠어서 저는 몇 번 발라줍니다~ 그 다음 톤업 선크림을 발라주는데 피부가 맨들맨들 ,, 아주 굿입니다 ,, 건조하지도 않고요! 확실히 피부 화장 잘 먹게끔 도와주는 느낌이 있어요 앞으로도 잘 사용해보려고요!",5,복합성;쿨톤;각질;모공
22,20221016_015607,프라이버/베이스,[문가영pick] 딘토 운초 블러피니쉬 폼프라이머 30ml (온),https://www.oliveyoung.co.kr/store/goods/getGoodsDetail.do?goodsNo=A000000170043&dispCatNo=1000001000200010003&trackingCd&curation&egcode&rccode&egrankcode,딘토,[문가영pick] 딘토 운초 블러피니쉬 폼프라이머 30ml (온),32000,24000,폼 프라이머,"다이메티콘,정제수,다이메티콘/비닐다이메티콘크로스폴리머,부틸렌글라이콜,프로판다이올,글리세린,폴리글리세릴-10미리스테이트,1,2-헥산다이올,티타늄디옥사이드,코코-글루코사이드,피브이피,다이소듐코코암포다이아세테이트,소듐클로라이드,에틸헥실글리세린,글라이신,알루미늄하이드록사이드,암모늄폴리아크릴레이트,알지닌,카보머,판테놀,알란토인,적색산화철,드럼스틱씨추출물,페녹시에탄올,헥실렌글라이콜,흰목이버섯추출물,발린,히스티딘,글루타믹애씨드,알라닌,아스파틱애씨드,페닐알라닌,프롤린,타우린,세린,오르니틴,아이소류신,류신,메티오닌",모든 피부용,뽀리공주,2022.09.05,"프라이머를 자주 사용하는 편은 아닌데 특별한 외출이나 화장에 신경써야 하는 날에는 꼭 사용하는 아이템이 프라이머에요.. 여러가지 제품을 사용해보았지만 폼프라이머는 처음이에요~ 신기하기도 하고..ㅎㅎ 우선 이제품은 거품(폼) 형식으로 나온거라 피부에 발랐을때 모공사이사이 꼼꼼하게 커버가 되는것 같아요~~ 아무래서 폼형태의 제형이다 보니 밀착이 잘 되어서 그러는것 같아요.. 가볍게 발라도 피부결 커버, 보정이 되니 화장이 한결 수월해지는 것 같아요~ 화장했을때 프라이머로 인해서 끼임현상이 없는게 제일 장점인것 같아요~",5,복합성;쿨톤;각질;모공
23,20221016_015607,프라이버/베이스,[문가영pick] 딘토 운초 블러피니쉬 폼프라이머 30ml (온),https://www.oliveyoung.co.kr/store/goods/getGoodsDetail.do?goodsNo=A000000170043&dispCatNo=1000001000200010003&trackingCd&curation&egcode&rccode&egrankcode,딘토,[문가영pick] 딘토 운초 블러피니쉬 폼프라이머 30ml (온),32000,24000,폼 프라이머,"다이메티콘,정제수,다이메티콘/비닐다이메티콘크로스폴리머,부틸렌글라이콜,프로판다이올,글리세린,폴리글리세릴-10미리스테이트,1,2-헥산다이올,티타늄디옥사이드,코코-글루코사이드,피브이피,다이소듐코코암포다이아세테이트,소듐클로라이드,에틸헥실글리세린,글라이신,알루미늄하이드록사이드,암모늄폴리아크릴레이트,알지닌,카보머,판테놀,알란토인,적색산화철,드럼스틱씨추출물,페녹시에탄올,헥실렌글라이콜,흰목이버섯추출물,발린,히스티딘,글루타믹애씨드,알라닌,아스파틱애씨드,페닐알라닌,프롤린,타우린,세린,오르니틴,아이소류신,류신,메티오닌",모든 피부용,영스타홀릭,2022.09.04,"벨벳처럼 보송보송한 피부를 만들어주는 프라이머!
프라이머지만 폼제형으로 되어있어서
신기했던 모공프라이머였습니다.
폼이 스스로 피부에 스며들면서
피부 요철감 있는 부위를 부드럽게 해주더라고요.
구름처럼 폭신한 텍스처가
피부위에 사르르 녹으면서
피부 속 깊숙이 파고드는 제형이었어요.
처음엔 촉촉하고 피부결 블러처리한 듯
모공있는 피부를 부들부들하게 만들어줘서
실크처럼 부드랍고 소프트하게 마감됩니다.
베이스로 사용하면 좋은 게
피부결 정돈을 한번 해줄 뿐만 아니라
자연스럽게 톤업까지 되더라고요.
완전 추천합니다~~~!",5,복합성;쿨톤;모공;민감성
24,20221016_015607,프라이버/베이스,[문가영pick] 딘토 운초 블러피니쉬 폼프라이머 30ml (온),https://www.oliveyoung.co.kr/store/goods/getGoodsDetail.do?goodsNo=A000000170043&dispCatNo=1000001000200010003&trackingCd&curation&egcode&rccode&egrankcode,딘토,[문가영pick] 딘토 운초 블러피니쉬 폼프라이머 30ml (온),32000,24000,폼 프라이머,"다이메티콘,정제수,다이메티콘/비닐다이메티콘크로스폴리머,부틸렌글라이콜,프로판다이올,글리세린,폴리글리세릴-10미리스테이트,1,2-헥산다이올,티타늄디옥사이드,코코-글루코사이드,피브이피,다이소듐코코암포다이아세테이트,소듐클로라이드,에틸헥실글리세린,글라이신,알루미늄하이드록사이드,암모늄폴리아크릴레이트,알지닌,카보머,판테놀,알란토인,적색산화철,드럼스틱씨추출물,페녹시에탄올,헥실렌글라이콜,흰목이버섯추출물,발린,히스티딘,글루타믹애씨드,알라닌,아스파틱애씨드,페닐알라닌,프롤린,타우린,세린,오르니틴,아이소류신,류신,메티오닌",모든 피부용,융이야,2022.09.11,"처음 써보는 폼 프라이머!
최근 베네피트 프라이머를 구매해서 사용했는데 손이 잘 안갔어요..
폼프라이머는 상대적으로 바르기도 쉬워서 요새 잘 쓰고 있습니다!

제형은 폼으로 나오는 액체 형태인데 생각보다 빨리 거품이 꺼집니다. 
손으로 바를 때도 있었지만 퍼프를 사용해서 바르는게 편하더라고요 그래서 퍼프를 이용해주고 있습니다.
밀착도 잘되고 금방 흡수 되어서 보들보들하고 매끈한 피부가 됩니다.

선크림을 바르고 사용하는데 밀리지 않고 잘 밀착됩니다.
프라이머 다음으로 컨실러, 쿠션을 사용하는데 들뜸이 없어서
폼 프라이머가 꽤나 만족스러워요.

기대하지 않았던 제품인데 최근 새로 쓰는 제품중에 제일 잘쓰고 너무 마음에 들어요.

그동안 평소 사용하는 프라이머가 답답하고 쓰기 번거로우신 분들이 한번쯤 사용해보시면 좋을것 같은 제품이에요!

추천합니다!!",5,건성;웜톤;각질;블랙헤드
25,20221016_015607,프라이버/베이스,[문가영pick] 딘토 운초 블러피니쉬 폼프라이머 30ml (온),https://www.oliveyoung.co.kr/store/goods/getGoodsDetail.do?goodsNo=A000000170043&dispCatNo=1000001000200010003&trackingCd&curation&egcode&rccode&egrankcode,딘토,[문가영pick] 딘토 운초 블러피니쉬 폼프라이머 30ml (온),32000,24000,폼 프라이머,"다이메티콘,정제수,다이메티콘/비닐다이메티콘크로스폴리머,부틸렌글라이콜,프로판다이올,글리세린,폴리글리세릴-10미리스테이트,1,2-헥산다이올,티타늄디옥사이드,코코-글루코사이드,피브이피,다이소듐코코암포다이아세테이트,소듐클로라이드,에틸헥실글리세린,글라이신,알루미늄하이드록사이드,암모늄폴리아크릴레이트,알지닌,카보머,판테놀,알란토인,적색산화철,드럼스틱씨추출물,페녹시에탄올,헥실렌글라이콜,흰목이버섯추출물,발린,히스티딘,글루타믹애씨드,알라닌,아스파틱애씨드,페닐알라닌,프롤린,타우린,세린,오르니틴,아이소류신,류신,메티오닌",모든 피부용,충분히예뻐,2022.08.30,"메이크업할때 프라이머 사용 유무가 얼마나
 큰지를 알게 된 후부터 꼭 사용하려고 합니다
이제품은 크림제형이 아닌 누르는 폼 제형으로 
사용하기도 편리하고 위생적이며 피부의 
밀착력도 좋았습니다
부드럽게 데일리로 사용하기에 부담없습니다^^",5,약건성;웜톤;탄력
26,20221016_015607,프라이버/베이스,[문가영pick] 딘토 운초 블러피니쉬 폼프라이머 30ml (온),https://www.oliveyoung.co.kr/store/goods/getGoodsDetail.do?goodsNo=A000000170043&dispCatNo=1000001000200010003&trackingCd&curation&egcode&rccode&egrankcode,딘토,[문가영pick] 딘토 운초 블러피니쉬 폼프라이머 30ml (온),32000,24000,폼 프라이머,"다이메티콘,정제수,다이메티콘/비닐다이메티콘크로스폴리머,부틸렌글라이콜,프로판다이올,글리세린,폴리글리세릴-10미리스테이트,1,2-헥산다이올,티타늄디옥사이드,코코-글루코사이드,피브이피,다이소듐코코암포다이아세테이트,소듐클로라이드,에틸헥실글리세린,글라이신,알루미늄하이드록사이드,암모늄폴리아크릴레이트,알지닌,카보머,판테놀,알란토인,적색산화철,드럼스틱씨추출물,페녹시에탄올,헥실렌글라이콜,흰목이버섯추출물,발린,히스티딘,글루타믹애씨드,알라닌,아스파틱애씨드,페닐알라닌,프롤린,타우린,세린,오르니틴,아이소류신,류신,메티오닌",모든 피부용,애플민트,2022.09.10,리퀴드에 가까운 프라이머를 써보고 싶어서 구입해 보았습니다. 폼 타입의 파운데이션이라 소량 얇게 바르기에는 좋을 것 같지만 거품으로 인해(공기방물이 들어있는거라) 균일하게 바르기에는 어려움이 있는게 아닐까 걱정했지만 다행히 그러지 않았던 것 같습니다.,5,지성;쿨톤;각질;피지과다
27,20221016_015607,프라이버/베이스,[문가영pick] 딘토 운초 블러피니쉬 폼프라이머 30ml (온),https://www.oliveyoung.co.kr/store/goods/getGoodsDetail.do?goodsNo=A000000170043&dispCatNo=1000001000200010003&trackingCd&curation&egcode&rccode&egrankcode,딘토,[문가영pick] 딘토 운초 블러피니쉬 폼프라이머 30ml (온),32000,24000,폼 프라이머,"다이메티콘,정제수,다이메티콘/비닐다이메티콘크로스폴리머,부틸렌글라이콜,프로판다이올,글리세린,폴리글리세릴-10미리스테이트,1,2-헥산다이올,티타늄디옥사이드,코코-글루코사이드,피브이피,다이소듐코코암포다이아세테이트,소듐클로라이드,에틸헥실글리세린,글라이신,알루미늄하이드록사이드,암모늄폴리아크릴레이트,알지닌,카보머,판테놀,알란토인,적색산화철,드럼스틱씨추출물,페녹시에탄올,헥실렌글라이콜,흰목이버섯추출물,발린,히스티딘,글루타믹애씨드,알라닌,아스파틱애씨드,페닐알라닌,프롤린,타우린,세린,오르니틴,아이소류신,류신,메티오닌",모든 피부용,난행복할거야무조건,2022.09.06,저는 큰 기대를 하진 않았는데 어느정도 메이크업에 도움이 되는 것 같아요 -! 기존에 쓰던 거 다 쓰고 이거 연이어서 써보려구요 ㅎㅎ,5,지성;쿨톤;다크서클;모공
28,20221016_015608,프라이버/베이스,[문가영pick] 딘토 운초 블러피니쉬 폼프라이머 30ml (온),https://www.oliveyoung.co.kr/store/goods/getGoodsDetail.do?goodsNo=A000000170043&dispCatNo=1000001000200010003&trackingCd&curation&egcode&rccode&egrankcode,딘토,[문가영pick] 딘토 운초 블러피니쉬 폼프라이머 30ml (온),32000,24000,폼 프라이머,"다이메티콘,정제수,다이메티콘/비닐다이메티콘크로스폴리머,부틸렌글라이콜,프로판다이올,글리세린,폴리글리세릴-10미리스테이트,1,2-헥산다이올,티타늄디옥사이드,코코-글루코사이드,피브이피,다이소듐코코암포다이아세테이트,소듐클로라이드,에틸헥실글리세린,글라이신,알루미늄하이드록사이드,암모늄폴리아크릴레이트,알지닌,카보머,판테놀,알란토인,적색산화철,드럼스틱씨추출물,페녹시에탄올,헥실렌글라이콜,흰목이버섯추출물,발린,히스티딘,글루타믹애씨드,알라닌,아스파틱애씨드,페닐알라닌,프롤린,타우린,세린,오르니틴,아이소류신,류신,메티오닌",모든 피부용,gu****,2022.09.09,"우선 제 피부타입은 엄청난 극지성이고…모공도 다 망가지고?, 얼굴에 여드름 흉터도 많은 타입입니다…!

-저는 프라이먼만 발랐다 하면… 화장 시작부터 밀리고 안 먹고 난리가 나서 모공이 심함에도 불구하고 안 사용해 왔어요 ㅜㅜ

-그러다 올리브영 세일 때문에 둘러보다가 이 제품을 발견했습니다…! 딘토의 폼 프라이머는 이름답게 프라이머가 폼 형식으로 나와서 정말 신기했어요! 먼저 2~3번 정도 사용한 결과 어느정도는 만족합니다!

-앞서 언급한 것 처럼 저는 프라이머…안 맞습니다 ㅎㅎ 또 쿠션은 매트한걸 쓰기 때문에 더 그런 것 같은데, 딘토 프라이머도 예외는 아니었어요. 그렇지만 어느정도만 약간 밀림현상이 있고 괜찮았습니다! 그래서 전 이정도도 만족합니다. 

-발림 부드럽게 잘 발립니다. 좋아요. 마무리는 매트하고 보송하게 마무리되면서 톤업효과가 있어서 바른 부분은 살짝 피부톤이 보정?되는 효과가 있어요. 이거 참고해주세요!

-확실히 바르고 화장했을때와 안 바르고 화장했을때 모공이 두드러지는 정도는 다릅니다. 효과 있어요. 다만 파인 흉터,좀 깊은 흉터 이런건 기대 하기에는 어렵습니다! 그냥 정말 작은 기본적인 모공들은 확실히 커버해줍니다.

-지속력은 저는 못 쓰는게…애초에 너무 지성이다보니 그냥 무조건 몇 시간 지나면 화장이 무너지는 사람이기에… 이건 모르겠네요 ㅜㅜ 하하

-얼굴에 뭐 이상반응도 없고 그냥 괜찮습니다. 끝까지 써 보려고요",5,_alchera_none_
29,20221016_015609,프라이버/베이스,[문가영pick] 딘토 운초 블러피니쉬 폼프라이머 30ml (온),https://www.oliveyoung.co.kr/store/goods/getGoodsDetail.do?goodsNo=A000000170043&dispCatNo=1000001000200010003&trackingCd&curation&egcode&rccode&egrankcode,딘토,[문가영pick] 딘토 운초 블러피니쉬 폼프라이머 30ml (온),32000,24000,폼 프라이머,"다이메티콘,정제수,다이메티콘/비닐다이메티콘크로스폴리머,부틸렌글라이콜,프로판다이올,글리세린,폴리글리세릴-10미리스테이트,1,2-헥산다이올,티타늄디옥사이드,코코-글루코사이드,피브이피,다이소듐코코암포다이아세테이트,소듐클로라이드,에틸헥실글리세린,글라이신,알루미늄하이드록사이드,암모늄폴리아크릴레이트,알지닌,카보머,판테놀,알란토인,적색산화철,드럼스틱씨추출물,페녹시에탄올,헥실렌글라이콜,흰목이버섯추출물,발린,히스티딘,글루타믹애씨드,알라닌,아스파틱애씨드,페닐알라닌,프롤린,타우린,세린,오르니틴,아이소류신,류신,메티오닌",모든 피부용,ysta****,2022.09.08,"처음에는 아주 촉촉하게 발려서 엥? 뭐야 할 수 있는데
계속 문지르다 보면 어느새 싹 스며서 매트해져요
예전에 사용했던 프라이머는 텁텁하고 잘못바르면
두터운 느낌이 들어서 오히려 화장이 밀렸었는데,
딘토 제품은 그렇지 않아요!

초예민 피부인데도 트러블이나 자극 없었어요

잘 흔들어서 손등에 한번 펌핑하고 그걸로
얼굴 전체 다 바릅니다

얼마나 사용해야 하는지 헷갈리는 튜브형 프라이머 보다
버블 펌핑인 딘토 프라이머가 저한테는 아주 극호 입니다!

모공도 자연스레 잘 채워지고 화장 지속력도
확실히 좋아요

매트하다고 해서 싹 잡아주면서 수정 없이 화장
유지되는 그런 프라이머라고 생각하시면
경기도 오산입니다..

프라이머 인데도 발림성이 참 촉촉하고
다른것 대비 당김 없이 매트해진다 생각하시면 돼요!",5,_alchera_none_
30,20221016_015613,프라이버/베이스,[문가영pick] 딘토 운초 블러피니쉬 폼프라이머 30ml (온),https://www.oliveyoung.co.kr/store/goods/getGoodsDetail.do?goodsNo=A000000170043&dispCatNo=1000001000200010003&trackingCd&curation&egcode&rccode&egrankcode,딘토,[문가영pick] 딘토 운초 블러피니쉬 폼프라이머 30ml (온),32000,24000,폼 프라이머,"다이메티콘,정제수,다이메티콘/비닐다이메티콘크로스폴리머,부틸렌글라이콜,프로판다이올,글리세린,폴리글리세릴-10미리스테이트,1,2-헥산다이올,티타늄디옥사이드,코코-글루코사이드,피브이피,다이소듐코코암포다이아세테이트,소듐클로라이드,에틸헥실글리세린,글라이신,알루미늄하이드록사이드,암모늄폴리아크릴레이트,알지닌,카보머,판테놀,알란토인,적색산화철,드럼스틱씨추출물,페녹시에탄올,헥실렌글라이콜,흰목이버섯추출물,발린,히스티딘,글루타믹애씨드,알라닌,아스파틱애씨드,페닐알라닌,프롤린,타우린,세린,오르니틴,아이소류신,류신,메티오닌",모든 피부용,naya****,2022.09.01,"촉촉하고 약간 오일리함이 있어 여름빼고 사용하면 좋을 것 같아요~ 톤업기능은 거의 없어 조금 더 톤업이 됐으면 좋겠고 자연스러운 모공,결 커버 정도입니다~ 그리고 사용전 충분히 흔들어서 사용해야 한다고 했는데 한번 토출후에는 내용물이 입구쪽에 고여있기 때문에 뚜껑을 닫고 흔들어야 사방으로 튀지 않아요",4,_alchera_none_
31,20221016_015614,프라이버/베이스,[문가영pick] 딘토 운초 블러피니쉬 폼프라이머 30ml (온),https://www.oliveyoung.co.kr/store/goods/getGoodsDetail.do?goodsNo=A000000170043&dispCatNo=1000001000200010003&trackingCd&curation&egcode&rccode&egrankcode,딘토,[문가영pick] 딘토 운초 블러피니쉬 폼프라이머 30ml (온),32000,24000,폼 프라이머,"다이메티콘,정제수,다이메티콘/비닐다이메티콘크로스폴리머,부틸렌글라이콜,프로판다이올,글리세린,폴리글리세릴-10미리스테이트,1,2-헥산다이올,티타늄디옥사이드,코코-글루코사이드,피브이피,다이소듐코코암포다이아세테이트,소듐클로라이드,에틸헥실글리세린,글라이신,알루미늄하이드록사이드,암모늄폴리아크릴레이트,알지닌,카보머,판테놀,알란토인,적색산화철,드럼스틱씨추출물,페녹시에탄올,헥실렌글라이콜,흰목이버섯추출물,발린,히스티딘,글루타믹애씨드,알라닌,아스파틱애씨드,페닐알라닌,프롤린,타우린,세린,오르니틴,아이소류신,류신,메티오닌",모든 피부용,wlsthf****,2022.10.07,"거품형식이라 듬뿍 발라도 되고
바르고 메이크업하면 보송히 표현 되는거같아요 ㅎㅎ",5,_alchera_none_
32,20221016_015615,프라이버/베이스,[문가영pick] 딘토 운초 블러피니쉬 폼프라이머 30ml (온),https://www.oliveyoung.co.kr/store/goods/getGoodsDetail.do?goodsNo=A000000170043&dispCatNo=1000001000200010003&trackingCd&curation&egcode&rccode&egrankcode,딘토,[문가영pick] 딘토 운초 블러피니쉬 폼프라이머 30ml (온),32000,24000,폼 프라이머,"다이메티콘,정제수,다이메티콘/비닐다이메티콘크로스폴리머,부틸렌글라이콜,프로판다이올,글리세린,폴리글리세릴-10미리스테이트,1,2-헥산다이올,티타늄디옥사이드,코코-글루코사이드,피브이피,다이소듐코코암포다이아세테이트,소듐클로라이드,에틸헥실글리세린,글라이신,알루미늄하이드록사이드,암모늄폴리아크릴레이트,알지닌,카보머,판테놀,알란토인,적색산화철,드럼스틱씨추출물,페녹시에탄올,헥실렌글라이콜,흰목이버섯추출물,발린,히스티딘,글루타믹애씨드,알라닌,아스파틱애씨드,페닐알라닌,프롤린,타우린,세린,오르니틴,아이소류신,류신,메티오닌",모든 피부용,dltmfr****,2022.09.16,원래 제품 나왔을때 홈페이지에서 구매해서 사용했다가 올영세일하길래 그냥 이것저것 구매하는김에 구매했어여,5,_alchera_none_
