,timestamp,category,productName,urlProduct,brand,productName.1,price1,price2,Color,ingredients,skinType,username,datePublished,reviewText,score,reviewerSkinType
0,20221015_075608,마스카라,[문가영pick] 딘토 단테 원바이원 래쉬 디파이너,https://www.oliveyoung.co.kr/store/goods/getGoodsDetail.do?goodsNo=A000000162026&dispCatNo=1000001000200070001&trackingCd&curation&egcode&rccode&egrankcode,딘토,[문가영pick] 딘토 단테 원바이원 래쉬 디파이너,22000,17600,래쉬 디파이너,"아이소도데케인,트라이메틸실록시실리케이트,탤크,세레신,다이스테아다이모늄헥토라이트,덱스트린팔미테이트/에틸헥사노에이트,마이크로크리스탈린왁스,흑색산화철 (CI 77499),폴리프로필실세스퀴옥세인,프로필렌카보네이트,하이드로제네이티드폴리아이소부텐,나일론-66,알루미늄다이스테아레이트,실리카실릴레이트,폴리메틸실세스퀴옥세인,트라이에톡시카프릴릴실레인,글리세릴카프릴레이트,실리카,비에이치티,적색산화철 (CI 77491),티타늄디옥사이드(CI 77891)",모든 피부용,Olive0참새,2022.06.18,"인위적인 마스카라 느낌이 싫어서 구매했는데 확실히 딱딱해지거나 뭉치는 게 덜해서 자연스러움.

딱히 번지는 것도 없었는데 이건 사람마다 다를 듯.

지울 때 잔여물 잘 남지 않아서 편리했음.",5,웜톤
1,20221015_075608,마스카라,[문가영pick] 딘토 단테 원바이원 래쉬 디파이너,https://www.oliveyoung.co.kr/store/goods/getGoodsDetail.do?goodsNo=A000000162026&dispCatNo=1000001000200070001&trackingCd&curation&egcode&rccode&egrankcode,딘토,[문가영pick] 딘토 단테 원바이원 래쉬 디파이너,22000,17600,래쉬 디파이너,"아이소도데케인,트라이메틸실록시실리케이트,탤크,세레신,다이스테아다이모늄헥토라이트,덱스트린팔미테이트/에틸헥사노에이트,마이크로크리스탈린왁스,흑색산화철 (CI 77499),폴리프로필실세스퀴옥세인,프로필렌카보네이트,하이드로제네이티드폴리아이소부텐,나일론-66,알루미늄다이스테아레이트,실리카실릴레이트,폴리메틸실세스퀴옥세인,트라이에톡시카프릴릴실레인,글리세릴카프릴레이트,실리카,비에이치티,적색산화철 (CI 77491),티타늄디옥사이드(CI 77891)",모든 피부용,qwe12,2022.05.14,"까만색보다는 자연스러운 색이라 구입했어요
뭉치없이 잘 올라가네요",4,복합성;웜톤;모공;미백
2,20221015_075610,마스카라,[문가영pick] 딘토 단테 원바이원 래쉬 디파이너,https://www.oliveyoung.co.kr/store/goods/getGoodsDetail.do?goodsNo=A000000162026&dispCatNo=1000001000200070001&trackingCd&curation&egcode&rccode&egrankcode,딘토,[문가영pick] 딘토 단테 원바이원 래쉬 디파이너,22000,17600,래쉬 디파이너,"아이소도데케인,트라이메틸실록시실리케이트,탤크,세레신,다이스테아다이모늄헥토라이트,덱스트린팔미테이트/에틸헥사노에이트,마이크로크리스탈린왁스,흑색산화철 (CI 77499),폴리프로필실세스퀴옥세인,프로필렌카보네이트,하이드로제네이티드폴리아이소부텐,나일론-66,알루미늄다이스테아레이트,실리카실릴레이트,폴리메틸실세스퀴옥세인,트라이에톡시카프릴릴실레인,글리세릴카프릴레이트,실리카,비에이치티,적색산화철 (CI 77491),티타늄디옥사이드(CI 77891)",모든 피부용,tjtls****,2022.02.11,"평소 딘토 아이라이너 잘 사용해서 마스카라도 사봤는데 진짜 빈약한 속눈썹이라 롱래쉬 중요하게 보는데 화이바가 들어있어서 자연스럽게 연장되고 넘 좋아요! 컬링력도 괜찮아요
따뜻한 블랙? 색상이라 겉도는거없이 자연스러워서 데일리로 사용하기 좋습니당!",5,_alchera_none_
3,20221015_075611,마스카라,[문가영pick] 딘토 단테 원바이원 래쉬 디파이너,https://www.oliveyoung.co.kr/store/goods/getGoodsDetail.do?goodsNo=A000000162026&dispCatNo=1000001000200070001&trackingCd&curation&egcode&rccode&egrankcode,딘토,[문가영pick] 딘토 단테 원바이원 래쉬 디파이너,22000,17600,래쉬 디파이너,"아이소도데케인,트라이메틸실록시실리케이트,탤크,세레신,다이스테아다이모늄헥토라이트,덱스트린팔미테이트/에틸헥사노에이트,마이크로크리스탈린왁스,흑색산화철 (CI 77499),폴리프로필실세스퀴옥세인,프로필렌카보네이트,하이드로제네이티드폴리아이소부텐,나일론-66,알루미늄다이스테아레이트,실리카실릴레이트,폴리메틸실세스퀴옥세인,트라이에톡시카프릴릴실레인,글리세릴카프릴레이트,실리카,비에이치티,적색산화철 (CI 77491),티타늄디옥사이드(CI 77891)",모든 피부용,ssmk****,2022.10.05,번짐없이 좋고 브라운계열이라 눈도 부드러워보여요~^^#,5,_alchera_none_
4,20221015_075612,마스카라,[문가영pick] 딘토 단테 원바이원 래쉬 디파이너,https://www.oliveyoung.co.kr/store/goods/getGoodsDetail.do?goodsNo=A000000162026&dispCatNo=1000001000200070001&trackingCd&curation&egcode&rccode&egrankcode,딘토,[문가영pick] 딘토 단테 원바이원 래쉬 디파이너,22000,17600,래쉬 디파이너,"아이소도데케인,트라이메틸실록시실리케이트,탤크,세레신,다이스테아다이모늄헥토라이트,덱스트린팔미테이트/에틸헥사노에이트,마이크로크리스탈린왁스,흑색산화철 (CI 77499),폴리프로필실세스퀴옥세인,프로필렌카보네이트,하이드로제네이티드폴리아이소부텐,나일론-66,알루미늄다이스테아레이트,실리카실릴레이트,폴리메틸실세스퀴옥세인,트라이에톡시카프릴릴실레인,글리세릴카프릴레이트,실리카,비에이치티,적색산화철 (CI 77491),티타늄디옥사이드(CI 77891)",모든 피부용,dkfk****,2022.09.26,한올 한올 뭉침이 적고 너무 자연스럽게 예쁜 속눈썹을 만들어줘요! 컬로도 완벽!,5,_alchera_none_
5,20221015_075613,마스카라,[문가영pick] 딘토 단테 원바이원 래쉬 디파이너,https://www.oliveyoung.co.kr/store/goods/getGoodsDetail.do?goodsNo=A000000162026&dispCatNo=1000001000200070001&trackingCd&curation&egcode&rccode&egrankcode,딘토,[문가영pick] 딘토 단테 원바이원 래쉬 디파이너,22000,17600,래쉬 디파이너,"아이소도데케인,트라이메틸실록시실리케이트,탤크,세레신,다이스테아다이모늄헥토라이트,덱스트린팔미테이트/에틸헥사노에이트,마이크로크리스탈린왁스,흑색산화철 (CI 77499),폴리프로필실세스퀴옥세인,프로필렌카보네이트,하이드로제네이티드폴리아이소부텐,나일론-66,알루미늄다이스테아레이트,실리카실릴레이트,폴리메틸실세스퀴옥세인,트라이에톡시카프릴릴실레인,글리세릴카프릴레이트,실리카,비에이치티,적색산화철 (CI 77491),티타늄디옥사이드(CI 77891)",모든 피부용,leeje****,2022.09.24,아주 아주 잘 쓰고 있습니다. 만족합니다. 고맙습니다^^,5,_alchera_none_
6,20221015_075614,마스카라,[문가영pick] 딘토 단테 원바이원 래쉬 디파이너,https://www.oliveyoung.co.kr/store/goods/getGoodsDetail.do?goodsNo=A000000162026&dispCatNo=1000001000200070001&trackingCd&curation&egcode&rccode&egrankcode,딘토,[문가영pick] 딘토 단테 원바이원 래쉬 디파이너,22000,17600,래쉬 디파이너,"아이소도데케인,트라이메틸실록시실리케이트,탤크,세레신,다이스테아다이모늄헥토라이트,덱스트린팔미테이트/에틸헥사노에이트,마이크로크리스탈린왁스,흑색산화철 (CI 77499),폴리프로필실세스퀴옥세인,프로필렌카보네이트,하이드로제네이티드폴리아이소부텐,나일론-66,알루미늄다이스테아레이트,실리카실릴레이트,폴리메틸실세스퀴옥세인,트라이에톡시카프릴릴실레인,글리세릴카프릴레이트,실리카,비에이치티,적색산화철 (CI 77491),티타늄디옥사이드(CI 77891)",모든 피부용,ksj****,2022.06.23,"제가 무쌍이라서 아이라이너나 마스카라 번짐이 심합니다. 특히 눈 아랫쪽에 팬더마냥 번짐이 있어서 집에 돌아갈 때 쯤이면 마스카라 번짐으로 인해 다크서클이 만들어지는데요, 
결론부터 이야기하면 이 마스카라는 번짐, 뭉침 없습니다!
색상도 자연스러워서 주변 사람들이 마스카라 한줄 모르더라구요ㅎㅎㅎ 자연스러운걸 선호하는 제겐 아 마스카라는 이제부터 인생템입니다👍🏻",5,_alchera_none_
7,20221015_075615,마스카라,[문가영pick] 딘토 단테 원바이원 래쉬 디파이너,https://www.oliveyoung.co.kr/store/goods/getGoodsDetail.do?goodsNo=A000000162026&dispCatNo=1000001000200070001&trackingCd&curation&egcode&rccode&egrankcode,딘토,[문가영pick] 딘토 단테 원바이원 래쉬 디파이너,22000,17600,래쉬 디파이너,"아이소도데케인,트라이메틸실록시실리케이트,탤크,세레신,다이스테아다이모늄헥토라이트,덱스트린팔미테이트/에틸헥사노에이트,마이크로크리스탈린왁스,흑색산화철 (CI 77499),폴리프로필실세스퀴옥세인,프로필렌카보네이트,하이드로제네이티드폴리아이소부텐,나일론-66,알루미늄다이스테아레이트,실리카실릴레이트,폴리메틸실세스퀴옥세인,트라이에톡시카프릴릴실레인,글리세릴카프릴레이트,실리카,비에이치티,적색산화철 (CI 77491),티타늄디옥사이드(CI 77891)",모든 피부용,jac****,2022.04.16,"유튜브 보고 그 분 속눈썹이 너무 예쁘길래 구매하게 되었는데요! 우선 저는 기름이 아주 잘나오는 지성이라 눈가에는 꼭 파우더 해주고 마스카라, 아이라인을 그려주는 편인데 언제 파우더를 안바르고 사용했더니 눈밑이... 조금 번져요ㅠㅠ 대신 파우더 처리 하면 안번져요! 그리고 마스카라 발랐다!!! 하는 티가 잘 안나서 엄청 깔끔한걸 좋아하시면 추천드리고 바른 티가 난거를 좋아하시면 두번 정도는 발라야 보이더라구요ㅎㅎ 두번 바른다고 뭉치지도 않고 이거는 정말 좋아요. 

정리하자면 장점은
여러번 덧발라도 뭉침 없이 잘 발림!
화려하기 보다는 깔끔하게 발림!
바른 후에 열을 주면서 둥글려 주면 넘나 예쁨,,)

단점은
지성분은 파우더 처리 안하면 조금 번짐
하지만 충분히 말리면 안번집니당)
조금 처짐이 있는데 픽서랑 같이 발라주면 괜찮아요!",3,_alchera_none_
8,20221015_075616,마스카라,[문가영pick] 딘토 단테 원바이원 래쉬 디파이너,https://www.oliveyoung.co.kr/store/goods/getGoodsDetail.do?goodsNo=A000000162026&dispCatNo=1000001000200070001&trackingCd&curation&egcode&rccode&egrankcode,딘토,[문가영pick] 딘토 단테 원바이원 래쉬 디파이너,22000,17600,래쉬 디파이너,"아이소도데케인,트라이메틸실록시실리케이트,탤크,세레신,다이스테아다이모늄헥토라이트,덱스트린팔미테이트/에틸헥사노에이트,마이크로크리스탈린왁스,흑색산화철 (CI 77499),폴리프로필실세스퀴옥세인,프로필렌카보네이트,하이드로제네이티드폴리아이소부텐,나일론-66,알루미늄다이스테아레이트,실리카실릴레이트,폴리메틸실세스퀴옥세인,트라이에톡시카프릴릴실레인,글리세릴카프릴레이트,실리카,비에이치티,적색산화철 (CI 77491),티타늄디옥사이드(CI 77891)",모든 피부용,beat****,2022.09.02,포장부터 고급스럽고 항상 사용하는 제품이용~ 단독으로 쓰기 보다는 수정용으로 더 많이 쓰는거 같아요,5,_alchera_none_
9,20221015_075617,마스카라,[문가영pick] 딘토 단테 원바이원 래쉬 디파이너,https://www.oliveyoung.co.kr/store/goods/getGoodsDetail.do?goodsNo=A000000162026&dispCatNo=1000001000200070001&trackingCd&curation&egcode&rccode&egrankcode,딘토,[문가영pick] 딘토 단테 원바이원 래쉬 디파이너,22000,17600,래쉬 디파이너,"아이소도데케인,트라이메틸실록시실리케이트,탤크,세레신,다이스테아다이모늄헥토라이트,덱스트린팔미테이트/에틸헥사노에이트,마이크로크리스탈린왁스,흑색산화철 (CI 77499),폴리프로필실세스퀴옥세인,프로필렌카보네이트,하이드로제네이티드폴리아이소부텐,나일론-66,알루미늄다이스테아레이트,실리카실릴레이트,폴리메틸실세스퀴옥세인,트라이에톡시카프릴릴실레인,글리세릴카프릴레이트,실리카,비에이치티,적색산화철 (CI 77491),티타늄디옥사이드(CI 77891)",모든 피부용,jisun****,2022.08.17,전체적으로 만족스럽고 색도 이뻐요. 눈시림도 x. 근데 왠지 모르게 무게감이 느껴져요.,5,_alchera_none_
10,20221015_075621,마스카라,[문가영pick] 딘토 단테 원바이원 래쉬 디파이너,https://www.oliveyoung.co.kr/store/goods/getGoodsDetail.do?goodsNo=A000000162026&dispCatNo=1000001000200070001&trackingCd&curation&egcode&rccode&egrankcode,딘토,[문가영pick] 딘토 단테 원바이원 래쉬 디파이너,22000,17600,래쉬 디파이너,"아이소도데케인,트라이메틸실록시실리케이트,탤크,세레신,다이스테아다이모늄헥토라이트,덱스트린팔미테이트/에틸헥사노에이트,마이크로크리스탈린왁스,흑색산화철 (CI 77499),폴리프로필실세스퀴옥세인,프로필렌카보네이트,하이드로제네이티드폴리아이소부텐,나일론-66,알루미늄다이스테아레이트,실리카실릴레이트,폴리메틸실세스퀴옥세인,트라이에톡시카프릴릴실레인,글리세릴카프릴레이트,실리카,비에이치티,적색산화철 (CI 77491),티타늄디옥사이드(CI 77891)",모든 피부용,saun****,2022.02.15,블랙은 너무 진하고 브라운은 붉었던 저에게 단비같은 마스카라예요ㅠㅠㅠ 딱 부드럽게 선명해져서 쓰면 쓸스록 만족하는 제품이에요!! 딘토 이런 색상 많이 많이 만들어주세요ㅠㅜ,5,_alchera_none_
11,20221015_075622,마스카라,[문가영pick] 딘토 단테 원바이원 래쉬 디파이너,https://www.oliveyoung.co.kr/store/goods/getGoodsDetail.do?goodsNo=A000000162026&dispCatNo=1000001000200070001&trackingCd&curation&egcode&rccode&egrankcode,딘토,[문가영pick] 딘토 단테 원바이원 래쉬 디파이너,22000,17600,래쉬 디파이너,"아이소도데케인,트라이메틸실록시실리케이트,탤크,세레신,다이스테아다이모늄헥토라이트,덱스트린팔미테이트/에틸헥사노에이트,마이크로크리스탈린왁스,흑색산화철 (CI 77499),폴리프로필실세스퀴옥세인,프로필렌카보네이트,하이드로제네이티드폴리아이소부텐,나일론-66,알루미늄다이스테아레이트,실리카실릴레이트,폴리메틸실세스퀴옥세인,트라이에톡시카프릴릴실레인,글리세릴카프릴레이트,실리카,비에이치티,적색산화철 (CI 77491),티타늄디옥사이드(CI 77891)",모든 피부용,cheny****,2022.07.18,자연스러운 색이라서 좋았어요! 속눈썹이 눌리는 눈인데 나름 잘 유지되는 편이었어요,5,_alchera_none_
12,20221015_075623,마스카라,[문가영pick] 딘토 단테 원바이원 래쉬 디파이너,https://www.oliveyoung.co.kr/store/goods/getGoodsDetail.do?goodsNo=A000000162026&dispCatNo=1000001000200070001&trackingCd&curation&egcode&rccode&egrankcode,딘토,[문가영pick] 딘토 단테 원바이원 래쉬 디파이너,22000,17600,래쉬 디파이너,"아이소도데케인,트라이메틸실록시실리케이트,탤크,세레신,다이스테아다이모늄헥토라이트,덱스트린팔미테이트/에틸헥사노에이트,마이크로크리스탈린왁스,흑색산화철 (CI 77499),폴리프로필실세스퀴옥세인,프로필렌카보네이트,하이드로제네이티드폴리아이소부텐,나일론-66,알루미늄다이스테아레이트,실리카실릴레이트,폴리메틸실세스퀴옥세인,트라이에톡시카프릴릴실레인,글리세릴카프릴레이트,실리카,비에이치티,적색산화철 (CI 77491),티타늄디옥사이드(CI 77891)",모든 피부용,dmstn****,2022.06.08,"비건이라서 제일 마음에 듭니다!! 얇지만 힘있는 마스카라를 원했는데 딱 좋아요! 진짜 마음에드네요.
색깔도 자연스럽고.. 번짐이 진짜 없어요. 전 하루종일 있으면 무조건 번지는데 이건 아니네요. 짱짱짱",4,_alchera_none_
13,20221015_075624,마스카라,[문가영pick] 딘토 단테 원바이원 래쉬 디파이너,https://www.oliveyoung.co.kr/store/goods/getGoodsDetail.do?goodsNo=A000000162026&dispCatNo=1000001000200070001&trackingCd&curation&egcode&rccode&egrankcode,딘토,[문가영pick] 딘토 단테 원바이원 래쉬 디파이너,22000,17600,래쉬 디파이너,"아이소도데케인,트라이메틸실록시실리케이트,탤크,세레신,다이스테아다이모늄헥토라이트,덱스트린팔미테이트/에틸헥사노에이트,마이크로크리스탈린왁스,흑색산화철 (CI 77499),폴리프로필실세스퀴옥세인,프로필렌카보네이트,하이드로제네이티드폴리아이소부텐,나일론-66,알루미늄다이스테아레이트,실리카실릴레이트,폴리메틸실세스퀴옥세인,트라이에톡시카프릴릴실레인,글리세릴카프릴레이트,실리카,비에이치티,적색산화철 (CI 77491),티타늄디옥사이드(CI 77891)",모든 피부용,jo****,2022.06.02,번짐이 없고 컬링 유지가 잘됩니다. 워터프루프라 클렌징 폼만으로 클렌징은 못합니다. 오래 사용하니 이제는 뭉치는 게 보입니다. 하지만 맘에 들어서 또 구매할 것 같습니다.,5,_alchera_none_
14,20221015_075625,마스카라,[문가영pick] 딘토 단테 원바이원 래쉬 디파이너,https://www.oliveyoung.co.kr/store/goods/getGoodsDetail.do?goodsNo=A000000162026&dispCatNo=1000001000200070001&trackingCd&curation&egcode&rccode&egrankcode,딘토,[문가영pick] 딘토 단테 원바이원 래쉬 디파이너,22000,17600,래쉬 디파이너,"아이소도데케인,트라이메틸실록시실리케이트,탤크,세레신,다이스테아다이모늄헥토라이트,덱스트린팔미테이트/에틸헥사노에이트,마이크로크리스탈린왁스,흑색산화철 (CI 77499),폴리프로필실세스퀴옥세인,프로필렌카보네이트,하이드로제네이티드폴리아이소부텐,나일론-66,알루미늄다이스테아레이트,실리카실릴레이트,폴리메틸실세스퀴옥세인,트라이에톡시카프릴릴실레인,글리세릴카프릴레이트,실리카,비에이치티,적색산화철 (CI 77491),티타늄디옥사이드(CI 77891)",모든 피부용,pp****,2022.05.17,"이거 웨않사? 진심.. 저 너무너무 맘에 들어요.. 색감 미쳤는데 롱래쉬도 잘되고, 깔끔하고 번짐도 안심해요ㅠ 요즘 유행하는 속눈썹 연출하기도 젛아요!! 강추!!!!",5,_alchera_none_
15,20221015_075627,마스카라,[문가영pick] 딘토 단테 원바이원 래쉬 디파이너,https://www.oliveyoung.co.kr/store/goods/getGoodsDetail.do?goodsNo=A000000162026&dispCatNo=1000001000200070001&trackingCd&curation&egcode&rccode&egrankcode,딘토,[문가영pick] 딘토 단테 원바이원 래쉬 디파이너,22000,17600,래쉬 디파이너,"아이소도데케인,트라이메틸실록시실리케이트,탤크,세레신,다이스테아다이모늄헥토라이트,덱스트린팔미테이트/에틸헥사노에이트,마이크로크리스탈린왁스,흑색산화철 (CI 77499),폴리프로필실세스퀴옥세인,프로필렌카보네이트,하이드로제네이티드폴리아이소부텐,나일론-66,알루미늄다이스테아레이트,실리카실릴레이트,폴리메틸실세스퀴옥세인,트라이에톡시카프릴릴실레인,글리세릴카프릴레이트,실리카,비에이치티,적색산화철 (CI 77491),티타늄디옥사이드(CI 77891)",모든 피부용,퍼풀리,2022.03.08,"3.10일 배송 된다고 하더니 배송 빨리 왔어요
좋아요 아직 사용 전 입니다! 기대됩니당",5,_alchera_none_
16,20221015_075628,마스카라,[문가영pick] 딘토 단테 원바이원 래쉬 디파이너,https://www.oliveyoung.co.kr/store/goods/getGoodsDetail.do?goodsNo=A000000162026&dispCatNo=1000001000200070001&trackingCd&curation&egcode&rccode&egrankcode,딘토,[문가영pick] 딘토 단테 원바이원 래쉬 디파이너,22000,17600,래쉬 디파이너,"아이소도데케인,트라이메틸실록시실리케이트,탤크,세레신,다이스테아다이모늄헥토라이트,덱스트린팔미테이트/에틸헥사노에이트,마이크로크리스탈린왁스,흑색산화철 (CI 77499),폴리프로필실세스퀴옥세인,프로필렌카보네이트,하이드로제네이티드폴리아이소부텐,나일론-66,알루미늄다이스테아레이트,실리카실릴레이트,폴리메틸실세스퀴옥세인,트라이에톡시카프릴릴실레인,글리세릴카프릴레이트,실리카,비에이치티,적색산화철 (CI 77491),티타늄디옥사이드(CI 77891)",모든 피부용,julia****,2022.06.26,눈매가 선명해서 블랙은 너무 진한 느낌이라 이 컬러 선택했는데 괜찮네요 컬링 고정은 쏘쏘 하고요,4,_alchera_none_
17,20221015_075629,마스카라,[문가영pick] 딘토 단테 원바이원 래쉬 디파이너,https://www.oliveyoung.co.kr/store/goods/getGoodsDetail.do?goodsNo=A000000162026&dispCatNo=1000001000200070001&trackingCd&curation&egcode&rccode&egrankcode,딘토,[문가영pick] 딘토 단테 원바이원 래쉬 디파이너,22000,17600,래쉬 디파이너,"아이소도데케인,트라이메틸실록시실리케이트,탤크,세레신,다이스테아다이모늄헥토라이트,덱스트린팔미테이트/에틸헥사노에이트,마이크로크리스탈린왁스,흑색산화철 (CI 77499),폴리프로필실세스퀴옥세인,프로필렌카보네이트,하이드로제네이티드폴리아이소부텐,나일론-66,알루미늄다이스테아레이트,실리카실릴레이트,폴리메틸실세스퀴옥세인,트라이에톡시카프릴릴실레인,글리세릴카프릴레이트,실리카,비에이치티,적색산화철 (CI 77491),티타늄디옥사이드(CI 77891)",모든 피부용,jna****,2022.06.18,딘토제품 섀도우 구매하고 너무 만족해서 이번에 마스카라도 세일하길래 구매했는데 넘나리 만족쿠,5,_alchera_none_
18,20221015_075630,마스카라,[문가영pick] 딘토 단테 원바이원 래쉬 디파이너,https://www.oliveyoung.co.kr/store/goods/getGoodsDetail.do?goodsNo=A000000162026&dispCatNo=1000001000200070001&trackingCd&curation&egcode&rccode&egrankcode,딘토,[문가영pick] 딘토 단테 원바이원 래쉬 디파이너,22000,17600,래쉬 디파이너,"아이소도데케인,트라이메틸실록시실리케이트,탤크,세레신,다이스테아다이모늄헥토라이트,덱스트린팔미테이트/에틸헥사노에이트,마이크로크리스탈린왁스,흑색산화철 (CI 77499),폴리프로필실세스퀴옥세인,프로필렌카보네이트,하이드로제네이티드폴리아이소부텐,나일론-66,알루미늄다이스테아레이트,실리카실릴레이트,폴리메틸실세스퀴옥세인,트라이에톡시카프릴릴실레인,글리세릴카프릴레이트,실리카,비에이치티,적색산화철 (CI 77491),티타늄디옥사이드(CI 77891)",모든 피부용,eyou****,2022.06.07,블랙과 브라운 그 어딘가의 색감이라고 해서 구매했고 실제로 그런 색감입니다,5,_alchera_none_
19,20221015_075631,마스카라,[문가영pick] 딘토 단테 원바이원 래쉬 디파이너,https://www.oliveyoung.co.kr/store/goods/getGoodsDetail.do?goodsNo=A000000162026&dispCatNo=1000001000200070001&trackingCd&curation&egcode&rccode&egrankcode,딘토,[문가영pick] 딘토 단테 원바이원 래쉬 디파이너,22000,17600,래쉬 디파이너,"아이소도데케인,트라이메틸실록시실리케이트,탤크,세레신,다이스테아다이모늄헥토라이트,덱스트린팔미테이트/에틸헥사노에이트,마이크로크리스탈린왁스,흑색산화철 (CI 77499),폴리프로필실세스퀴옥세인,프로필렌카보네이트,하이드로제네이티드폴리아이소부텐,나일론-66,알루미늄다이스테아레이트,실리카실릴레이트,폴리메틸실세스퀴옥세인,트라이에톡시카프릴릴실레인,글리세릴카프릴레이트,실리카,비에이치티,적색산화철 (CI 77491),티타늄디옥사이드(CI 77891)",모든 피부용,beat****,2022.05.24,두번째 구매에요~ 처음 샀을때는 설마설마 하는 마음에 구매했다가 너무 마음에 들어서 또 구매하네요!,5,_alchera_none_
20,20221015_075635,마스카라,[문가영pick] 딘토 단테 원바이원 래쉬 디파이너,https://www.oliveyoung.co.kr/store/goods/getGoodsDetail.do?goodsNo=A000000162026&dispCatNo=1000001000200070001&trackingCd&curation&egcode&rccode&egrankcode,딘토,[문가영pick] 딘토 단테 원바이원 래쉬 디파이너,22000,17600,래쉬 디파이너,"아이소도데케인,트라이메틸실록시실리케이트,탤크,세레신,다이스테아다이모늄헥토라이트,덱스트린팔미테이트/에틸헥사노에이트,마이크로크리스탈린왁스,흑색산화철 (CI 77499),폴리프로필실세스퀴옥세인,프로필렌카보네이트,하이드로제네이티드폴리아이소부텐,나일론-66,알루미늄다이스테아레이트,실리카실릴레이트,폴리메틸실세스퀴옥세인,트라이에톡시카프릴릴실레인,글리세릴카프릴레이트,실리카,비에이치티,적색산화철 (CI 77491),티타늄디옥사이드(CI 77891)",모든 피부용,ggoch****,2022.04.29,"발림성좋고요 뭉침없이 고르게 발라집니다
가성비갑인거같네요",3,_alchera_none_
21,20221015_075636,마스카라,[문가영pick] 딘토 단테 원바이원 래쉬 디파이너,https://www.oliveyoung.co.kr/store/goods/getGoodsDetail.do?goodsNo=A000000162026&dispCatNo=1000001000200070001&trackingCd&curation&egcode&rccode&egrankcode,딘토,[문가영pick] 딘토 단테 원바이원 래쉬 디파이너,22000,17600,래쉬 디파이너,"아이소도데케인,트라이메틸실록시실리케이트,탤크,세레신,다이스테아다이모늄헥토라이트,덱스트린팔미테이트/에틸헥사노에이트,마이크로크리스탈린왁스,흑색산화철 (CI 77499),폴리프로필실세스퀴옥세인,프로필렌카보네이트,하이드로제네이티드폴리아이소부텐,나일론-66,알루미늄다이스테아레이트,실리카실릴레이트,폴리메틸실세스퀴옥세인,트라이에톡시카프릴릴실레인,글리세릴카프릴레이트,실리카,비에이치티,적색산화철 (CI 77491),티타늄디옥사이드(CI 77891)",모든 피부용,beat****,2022.04.25,색상도 만족하고 제품도 좋아요~~ 번짐도 심하지 않고 만족합니다,5,_alchera_none_
22,20221015_075637,마스카라,[문가영pick] 딘토 단테 원바이원 래쉬 디파이너,https://www.oliveyoung.co.kr/store/goods/getGoodsDetail.do?goodsNo=A000000162026&dispCatNo=1000001000200070001&trackingCd&curation&egcode&rccode&egrankcode,딘토,[문가영pick] 딘토 단테 원바이원 래쉬 디파이너,22000,17600,래쉬 디파이너,"아이소도데케인,트라이메틸실록시실리케이트,탤크,세레신,다이스테아다이모늄헥토라이트,덱스트린팔미테이트/에틸헥사노에이트,마이크로크리스탈린왁스,흑색산화철 (CI 77499),폴리프로필실세스퀴옥세인,프로필렌카보네이트,하이드로제네이티드폴리아이소부텐,나일론-66,알루미늄다이스테아레이트,실리카실릴레이트,폴리메틸실세스퀴옥세인,트라이에톡시카프릴릴실레인,글리세릴카프릴레이트,실리카,비에이치티,적색산화철 (CI 77491),티타늄디옥사이드(CI 77891)",모든 피부용,pur****,2022.04.23,완전 블랙 색상이 아니라서 좋고 깔끔하게 사용감은 좋아요. 번짐도 거의 없어요.,4,_alchera_none_
23,20221015_075638,마스카라,[문가영pick] 딘토 단테 원바이원 래쉬 디파이너,https://www.oliveyoung.co.kr/store/goods/getGoodsDetail.do?goodsNo=A000000162026&dispCatNo=1000001000200070001&trackingCd&curation&egcode&rccode&egrankcode,딘토,[문가영pick] 딘토 단테 원바이원 래쉬 디파이너,22000,17600,래쉬 디파이너,"아이소도데케인,트라이메틸실록시실리케이트,탤크,세레신,다이스테아다이모늄헥토라이트,덱스트린팔미테이트/에틸헥사노에이트,마이크로크리스탈린왁스,흑색산화철 (CI 77499),폴리프로필실세스퀴옥세인,프로필렌카보네이트,하이드로제네이티드폴리아이소부텐,나일론-66,알루미늄다이스테아레이트,실리카실릴레이트,폴리메틸실세스퀴옥세인,트라이에톡시카프릴릴실레인,글리세릴카프릴레이트,실리카,비에이치티,적색산화철 (CI 77491),티타늄디옥사이드(CI 77891)",모든 피부용,da****,2022.03.14,"두번째구매입니다
눈동자 헤어컬러도 밝은편이라 마스카라만 늘 까매서 어색했는데 이건 아이라이너브라운과 마스카라색이랑 아주 이쁘게표현됩니다. 볼륨감은 좀 떨어지지만 깔끔하게 컬링잘되고 만족입니다",5,_alchera_none_
24,20221015_075639,마스카라,[문가영pick] 딘토 단테 원바이원 래쉬 디파이너,https://www.oliveyoung.co.kr/store/goods/getGoodsDetail.do?goodsNo=A000000162026&dispCatNo=1000001000200070001&trackingCd&curation&egcode&rccode&egrankcode,딘토,[문가영pick] 딘토 단테 원바이원 래쉬 디파이너,22000,17600,래쉬 디파이너,"아이소도데케인,트라이메틸실록시실리케이트,탤크,세레신,다이스테아다이모늄헥토라이트,덱스트린팔미테이트/에틸헥사노에이트,마이크로크리스탈린왁스,흑색산화철 (CI 77499),폴리프로필실세스퀴옥세인,프로필렌카보네이트,하이드로제네이티드폴리아이소부텐,나일론-66,알루미늄다이스테아레이트,실리카실릴레이트,폴리메틸실세스퀴옥세인,트라이에톡시카프릴릴실레인,글리세릴카프릴레이트,실리카,비에이치티,적색산화철 (CI 77491),티타늄디옥사이드(CI 77891)",모든 피부용,kmj1****,2022.02.12,일단 오묘한 블랙과 브라운 반반 색상이라 또렷하면서도 부드러운 느낌들어서 좋고 뭉침없이 롱래쉬라 자연스러워서 너무너무 좋아요 ㅎㅎ,5,_alchera_none_
25,20221015_075640,마스카라,[문가영pick] 딘토 단테 원바이원 래쉬 디파이너,https://www.oliveyoung.co.kr/store/goods/getGoodsDetail.do?goodsNo=A000000162026&dispCatNo=1000001000200070001&trackingCd&curation&egcode&rccode&egrankcode,딘토,[문가영pick] 딘토 단테 원바이원 래쉬 디파이너,22000,17600,래쉬 디파이너,"아이소도데케인,트라이메틸실록시실리케이트,탤크,세레신,다이스테아다이모늄헥토라이트,덱스트린팔미테이트/에틸헥사노에이트,마이크로크리스탈린왁스,흑색산화철 (CI 77499),폴리프로필실세스퀴옥세인,프로필렌카보네이트,하이드로제네이티드폴리아이소부텐,나일론-66,알루미늄다이스테아레이트,실리카실릴레이트,폴리메틸실세스퀴옥세인,트라이에톡시카프릴릴실레인,글리세릴카프릴레이트,실리카,비에이치티,적색산화철 (CI 77491),티타늄디옥사이드(CI 77891)",모든 피부용,lu****,2022.04.02,부담스럽지 않은 정도의 색깔과 발림성! 진한  화장 안 좋아하는 저한테는 최고의 마스카라. 가루날림 없어요 !,4,_alchera_none_
26,20221015_075642,마스카라,[문가영pick] 딘토 단테 원바이원 래쉬 디파이너,https://www.oliveyoung.co.kr/store/goods/getGoodsDetail.do?goodsNo=A000000162026&dispCatNo=1000001000200070001&trackingCd&curation&egcode&rccode&egrankcode,딘토,[문가영pick] 딘토 단테 원바이원 래쉬 디파이너,22000,17600,래쉬 디파이너,"아이소도데케인,트라이메틸실록시실리케이트,탤크,세레신,다이스테아다이모늄헥토라이트,덱스트린팔미테이트/에틸헥사노에이트,마이크로크리스탈린왁스,흑색산화철 (CI 77499),폴리프로필실세스퀴옥세인,프로필렌카보네이트,하이드로제네이티드폴리아이소부텐,나일론-66,알루미늄다이스테아레이트,실리카실릴레이트,폴리메틸실세스퀴옥세인,트라이에톡시카프릴릴실레인,글리세릴카프릴레이트,실리카,비에이치티,적색산화철 (CI 77491),티타늄디옥사이드(CI 77891)",모든 피부용,likeke****,2022.03.12,"일단 컬러가 마음에 들고, 뭉침이 적습니다 지속력은 좋으나 하루 사용감은 눈 아래 뭍어남이 있었습니다",4,_alchera_none_
