,timestamp,category,productName,urlProduct,brand,productName.1,price1,price2,Color,ingredients,skinType,username,datePublished,reviewText,score,reviewerSkinType
0,20221015_041001,립틴트,[올리브영단독] 베네피트 틴트 2+1기획,https://www.oliveyoung.co.kr/store/goods/getGoodsDetail.do?goodsNo=A000000160984&dispCatNo=1000001000200060003&trackingCd&curation&egcode&rccode&egrankcode,베네피트,[올리브영단독] 베네피트 틴트 2+1기획,54000,45900,,"[차차틴트]정제수,에칠헥실스테아레이트,부틸렌글라이콜,펜틸렌글라이콜,하이드록시에칠아크릴레이트/소듐아크릴로일디메칠타우레이트코폴리머,스쿠알란,디메치콘피이지-7포스페이트,페녹시에탄올,티타늄디옥사이드,레시틴,폴리소르베이트60,황색5호,테트라소듐이디티에이,디소듐이디티에이,적색218호,적색202호 레이크
[베네틴트] 정제수, 폴리솔베이트20, 페녹시에탄올, 소듐하이드록사이드, 카민, 메틸파라벤, 향료, 테트라소듐이디티에이, 말토덱스트린, 비에이치티, 제라니올, 리날룰, 헥실신나몰, 시트로넬올, 벤질살리실레이트
[플레이틴트]정제수,에틸헥실스테아레이트,펜틸렌글라이콜,부틸렌글라이콜,다이아이소스테아릴말레이트,하이드록시에틸아크릴레이트/소듐아크릴로일다이메틸타우레이트코폴리머,스쿠알란,티타늄디옥사이드,페녹시에탄올,레시틴,폴리솔베이트60,적색산화철,황색5호,소듐시트레이트,적색202호 레이크,솔비탄아이소스테아레이트,적색202호,적색227호,시트릭애씨드,프로필갈레이트",모든 피부타입,쿠키크럼블,2022.04.02,"포지틴트 러버인데 단종돼서 대체품으로 구매했어요~차차틴트도 제법 어울리는 편이었고 플레이틴트가 너무 궁금해서 세트로 구입해봤어요 플레이틴트는 포지틴트랑은 좀 많이 다른 느낌인데 나름 예쁘네요! 청순한 메이크업 좋아하시면 만족하실 것 같아요 진짜 여리여리한 느낌이고 굉장헤
자연스러워서 생얼에도 착붙이네요! 다만 포인트 컬러로는 아쉬워서 고고틴트로 그라데이션 넣어주면 더욱 예쁩니다! 베네틴트야 뭐 다들 아시는 그 색이구요~차차틴트는 봄웜톤 분들에게 찰떡인 색입니다 ㅎㅎ용량이 적당해서 이렇게 트리오 세트로 구입해도 금방 쓸 수 있어서 추천해요~! 웜쿨 상관없이 잘 어울릴법한 색이라서 추천드리고용 지속력은 밥먹고 양치하면 사라져서 휴대하면서 아침 점심 저녁에 다시 발라주고 있어요 한번 착색되면 마스크에 묻어남도 없고 노메에크업에도 자연스럽게 어울리는 색들이라 요즘 같이 마스크. 착용에 필수인 시대에 걸맡는 제품 같아요 대신 조금 건조할 수도 있어서 립밤 덧발라주셔도 좋을 것 같아요 저는 여름쿨톤에 가까운데 고고틴트, 플레이틴트가 잘 어울리고요, 차차틴트는 바르고 난뒤 시간이 좀 지나면 핑크빛이 뿜뿜 올라오는데 그때 피부색에 잘 받더라구요 ㅎㅎ요 트리오 조합 진짜 추천드려요 딱 있어야할 조합만 맞춰서 있는 구성이라 버릴 색이 하나도 없어요 있으면 만족하실거예용ㅎㅎ",5,건성;쿨톤;각질;민감성
1,20221015_041001,립틴트,[올리브영단독] 베네피트 틴트 2+1기획,https://www.oliveyoung.co.kr/store/goods/getGoodsDetail.do?goodsNo=A000000160984&dispCatNo=1000001000200060003&trackingCd&curation&egcode&rccode&egrankcode,베네피트,[올리브영단독] 베네피트 틴트 2+1기획,54000,45900,,"[차차틴트]정제수,에칠헥실스테아레이트,부틸렌글라이콜,펜틸렌글라이콜,하이드록시에칠아크릴레이트/소듐아크릴로일디메칠타우레이트코폴리머,스쿠알란,디메치콘피이지-7포스페이트,페녹시에탄올,티타늄디옥사이드,레시틴,폴리소르베이트60,황색5호,테트라소듐이디티에이,디소듐이디티에이,적색218호,적색202호 레이크
[베네틴트] 정제수, 폴리솔베이트20, 페녹시에탄올, 소듐하이드록사이드, 카민, 메틸파라벤, 향료, 테트라소듐이디티에이, 말토덱스트린, 비에이치티, 제라니올, 리날룰, 헥실신나몰, 시트로넬올, 벤질살리실레이트
[플레이틴트]정제수,에틸헥실스테아레이트,펜틸렌글라이콜,부틸렌글라이콜,다이아이소스테아릴말레이트,하이드록시에틸아크릴레이트/소듐아크릴로일다이메틸타우레이트코폴리머,스쿠알란,티타늄디옥사이드,페녹시에탄올,레시틴,폴리솔베이트60,적색산화철,황색5호,소듐시트레이트,적색202호 레이크,솔비탄아이소스테아레이트,적색202호,적색227호,시트릭애씨드,프로필갈레이트",모든 피부타입,탑리뷰어메이크업,2022.02.16,"예쁘게 착색되는 틴트로 워낙 유명한 제품이라 보고 당장 샀어요ㅋㅋ 베네틴트는 장미 향에 자연스러운 입술 색으로 만들어 주고 차차틴트는 발랄한 피치 색이에요😍 베네틴트보다 더 촉촉하기도 하구요~~ 플레이틴트도 촉촉하면서 장미 핑크빛이에요 셋 다 컬러가 예술입니다ㅋㅋ

용량이 작아 보이지만 틴트라 워낙 조금씩 사용해서 다 쓸 때까지 한참 걸릴 것 같아요 딱 적당한 양이랄까요ㅋㅋ 가방에 가지고 다니기에도 좋은 크기라 너무 좋아요!!

발색이 진한 편은 아니라서 입술 색 좀 있는 분들에게 더 좋을 것 같고 자연스럽고 예쁜 메이크업 스타일에 잘 맞아요~ 그러데이션에 최적화된 틴트들이라ㅋㅋ 셋 다 아쉬울 것 없이 너무 마음에 들어요!!

솔직히 한 개 정도는 마음에 안 들 줄 알았는데ㅋㅋ 발색이 강하지 않아서 그런지 컬러 자체를 예쁘게 잘 뽑아서 그런지 다 좋아요😍 지속력은 반나절 정도인 것 같은데 가지고 다니면서 쓱쓱 자주 바르면 돼요~~ 추천합니다~~!! 사진은 플레이틴트예요!!",5,복합성;쿨톤;모공;블랙헤드
2,20221015_041002,립틴트,[올리브영단독] 베네피트 틴트 2+1기획,https://www.oliveyoung.co.kr/store/goods/getGoodsDetail.do?goodsNo=A000000160984&dispCatNo=1000001000200060003&trackingCd&curation&egcode&rccode&egrankcode,베네피트,[올리브영단독] 베네피트 틴트 2+1기획,54000,45900,,"[차차틴트]정제수,에칠헥실스테아레이트,부틸렌글라이콜,펜틸렌글라이콜,하이드록시에칠아크릴레이트/소듐아크릴로일디메칠타우레이트코폴리머,스쿠알란,디메치콘피이지-7포스페이트,페녹시에탄올,티타늄디옥사이드,레시틴,폴리소르베이트60,황색5호,테트라소듐이디티에이,디소듐이디티에이,적색218호,적색202호 레이크
[베네틴트] 정제수, 폴리솔베이트20, 페녹시에탄올, 소듐하이드록사이드, 카민, 메틸파라벤, 향료, 테트라소듐이디티에이, 말토덱스트린, 비에이치티, 제라니올, 리날룰, 헥실신나몰, 시트로넬올, 벤질살리실레이트
[플레이틴트]정제수,에틸헥실스테아레이트,펜틸렌글라이콜,부틸렌글라이콜,다이아이소스테아릴말레이트,하이드록시에틸아크릴레이트/소듐아크릴로일다이메틸타우레이트코폴리머,스쿠알란,티타늄디옥사이드,페녹시에탄올,레시틴,폴리솔베이트60,적색산화철,황색5호,소듐시트레이트,적색202호 레이크,솔비탄아이소스테아레이트,적색202호,적색227호,시트릭애씨드,프로필갈레이트",모든 피부타입,이션,2022.04.20,이거는 제가 20살 때 해외 나가면서 면세점에서 처음 사본 틴트 해요 원래 틴트 원조가 베네피트이잖아요 그래서 옛날에 자주 썼던 기억을 떠올리면서 이번 트리플 구성을 다시 한번 구매해봤어요 역시나 제가 생각했던 것과 똑같이 좋은 제품이더라구요 역시 변함이 없었어요 !! ㅎㅎ 지속력도 괜찮은데 이걸 촉촉 이라고 해야 되나? 광 있고 그런 건 아니지만 입술이 건조 하지 않아서 되게 좋았어요 근데 소리 옛날에 되게 간질간질 했던 거 같거든요 그런 점을 좀 개선해서 만든 것 같아서 좋았습니다 디자인도 훨씬 투박한 보다는 귀여운 이미지를 담아서 변신한거 같아서 좋았어요 베네피트 가격이 있는 브랜드지만 가끔씩 이렇게 올리브영에서 싸게 행사 할 때가 있거든요 그럴때를 노려서 구매 해 보시는 것도 나쁘지 않을 것 같아요 기분에 따라 그날 메이크업이 따라 골라서 사용하실 수 있으니까 너무 편한 것 같습니다 앞으로도 이런 제품 많이 내주세요 베네피트 너무 좋아요 ㅠ,5,복합성;쿨톤;홍조
3,20221015_041002,립틴트,[올리브영단독] 베네피트 틴트 2+1기획,https://www.oliveyoung.co.kr/store/goods/getGoodsDetail.do?goodsNo=A000000160984&dispCatNo=1000001000200060003&trackingCd&curation&egcode&rccode&egrankcode,베네피트,[올리브영단독] 베네피트 틴트 2+1기획,54000,45900,,"[차차틴트]정제수,에칠헥실스테아레이트,부틸렌글라이콜,펜틸렌글라이콜,하이드록시에칠아크릴레이트/소듐아크릴로일디메칠타우레이트코폴리머,스쿠알란,디메치콘피이지-7포스페이트,페녹시에탄올,티타늄디옥사이드,레시틴,폴리소르베이트60,황색5호,테트라소듐이디티에이,디소듐이디티에이,적색218호,적색202호 레이크
[베네틴트] 정제수, 폴리솔베이트20, 페녹시에탄올, 소듐하이드록사이드, 카민, 메틸파라벤, 향료, 테트라소듐이디티에이, 말토덱스트린, 비에이치티, 제라니올, 리날룰, 헥실신나몰, 시트로넬올, 벤질살리실레이트
[플레이틴트]정제수,에틸헥실스테아레이트,펜틸렌글라이콜,부틸렌글라이콜,다이아이소스테아릴말레이트,하이드록시에틸아크릴레이트/소듐아크릴로일다이메틸타우레이트코폴리머,스쿠알란,티타늄디옥사이드,페녹시에탄올,레시틴,폴리솔베이트60,적색산화철,황색5호,소듐시트레이트,적색202호 레이크,솔비탄아이소스테아레이트,적색202호,적색227호,시트릭애씨드,프로필갈레이트",모든 피부타입,물방울다이야,2022.02.20,"틴트 중에 그나마 제일 건조한게 베네피트 틴트라서 구매했습니다~
리뉴얼 되고나서 용량이 적어서 저는 더 좋은것 같아요.
이전 용량은 좀... 계속 쓰기 지루하더라구요^^;;
입술에 닿는건데 너무 오래쓰는것도 별로였거든요.
팁도 바뀐게 너무 좋아요~
이전꺼는 좀 간지러웠어요ㅎ

색깔은요~
설명에 핑크레모네이드 라고 적혀져 있어서,
이전의 포지틴트랑 비슷할거라고 생각했는데,
완전히 다른 색이네요~
제 입술색이 진하고 어두운 편이라 그런지
핑크는 발색이 거의 안되고,
살구색? 주황색? 으로 발색이 됩니다.
상품 설명 다시 읽어보니,
고고틴트가 이전 포지틴트랑 비슷한 색인거 같네요~
세가지 상품 모두 유통기한이 2024년 까지인데,
제조국이 다르네요~
베네틴트는 USA, 플레이틴트는 프랑스 입니다~",5,복합성;쿨톤;미백;잡티
4,20221015_041002,립틴트,[올리브영단독] 베네피트 틴트 2+1기획,https://www.oliveyoung.co.kr/store/goods/getGoodsDetail.do?goodsNo=A000000160984&dispCatNo=1000001000200060003&trackingCd&curation&egcode&rccode&egrankcode,베네피트,[올리브영단독] 베네피트 틴트 2+1기획,54000,45900,,"[차차틴트]정제수,에칠헥실스테아레이트,부틸렌글라이콜,펜틸렌글라이콜,하이드록시에칠아크릴레이트/소듐아크릴로일디메칠타우레이트코폴리머,스쿠알란,디메치콘피이지-7포스페이트,페녹시에탄올,티타늄디옥사이드,레시틴,폴리소르베이트60,황색5호,테트라소듐이디티에이,디소듐이디티에이,적색218호,적색202호 레이크
[베네틴트] 정제수, 폴리솔베이트20, 페녹시에탄올, 소듐하이드록사이드, 카민, 메틸파라벤, 향료, 테트라소듐이디티에이, 말토덱스트린, 비에이치티, 제라니올, 리날룰, 헥실신나몰, 시트로넬올, 벤질살리실레이트
[플레이틴트]정제수,에틸헥실스테아레이트,펜틸렌글라이콜,부틸렌글라이콜,다이아이소스테아릴말레이트,하이드록시에틸아크릴레이트/소듐아크릴로일다이메틸타우레이트코폴리머,스쿠알란,티타늄디옥사이드,페녹시에탄올,레시틴,폴리솔베이트60,적색산화철,황색5호,소듐시트레이트,적색202호 레이크,솔비탄아이소스테아레이트,적색202호,적색227호,시트릭애씨드,프로필갈레이트",모든 피부타입,지지미이지미미,2022.03.25,"진심 존예팡팡이ㅠㅠ 틴트의 원조라고 불릴수 있는 제품으로 착색되는 색까지 너무 마음에 들고 예쁜 틴트입니다! 

부드럽게 스며들도 지속력도 너무 좋아 정말 만족하면서 사용하는 제품 중 하나입니다! 잘 지워지지 않는게 좋아서 저는 물놀이를 간다면 꼭 챙겨가게 되는 파우치 필수템 중 하나이기도해요!

작은 사이즈로 구성된 패키지로 디자인도 통통뒤는 느낌으로 너무 귀엽고 작은 사이즈로 파우치에 언제든 가볍게 들고다닐수도있고 주머니에 쏘옥 넣고다니기에도 너무 좋은 사이즈입니다. 

수채화처럼 맑고 투명하게 마치 내입술이 원래 예뻣던것 처럼 연출해주는 제품입니다. 

3가지 틴트는 제형과 발림성은 차이를 보이지만 어플리케이터는 통통하게 동일한 구성입니다! 사선으로 컷팅된 모양으로 입술산 혹은 아웃라인을 그리기에도 너무 좋아요",5,복합성;여름쿨톤;민감성
5,20221015_041003,립틴트,[올리브영단독] 베네피트 틴트 2+1기획,https://www.oliveyoung.co.kr/store/goods/getGoodsDetail.do?goodsNo=A000000160984&dispCatNo=1000001000200060003&trackingCd&curation&egcode&rccode&egrankcode,베네피트,[올리브영단독] 베네피트 틴트 2+1기획,54000,45900,,"[차차틴트]정제수,에칠헥실스테아레이트,부틸렌글라이콜,펜틸렌글라이콜,하이드록시에칠아크릴레이트/소듐아크릴로일디메칠타우레이트코폴리머,스쿠알란,디메치콘피이지-7포스페이트,페녹시에탄올,티타늄디옥사이드,레시틴,폴리소르베이트60,황색5호,테트라소듐이디티에이,디소듐이디티에이,적색218호,적색202호 레이크
[베네틴트] 정제수, 폴리솔베이트20, 페녹시에탄올, 소듐하이드록사이드, 카민, 메틸파라벤, 향료, 테트라소듐이디티에이, 말토덱스트린, 비에이치티, 제라니올, 리날룰, 헥실신나몰, 시트로넬올, 벤질살리실레이트
[플레이틴트]정제수,에틸헥실스테아레이트,펜틸렌글라이콜,부틸렌글라이콜,다이아이소스테아릴말레이트,하이드록시에틸아크릴레이트/소듐아크릴로일다이메틸타우레이트코폴리머,스쿠알란,티타늄디옥사이드,페녹시에탄올,레시틴,폴리솔베이트60,적색산화철,황색5호,소듐시트레이트,적색202호 레이크,솔비탄아이소스테아레이트,적색202호,적색227호,시트릭애씨드,프로필갈레이트",모든 피부타입,이리나,2022.02.12,"베네피트는 항상 옳습니다❤
제가 유일하게 볼따구에도 찍어바르는 틴트가 있다면 바로 베네피트 입니다. 친구가 생일선물로 차차틴트를 선물해줬는데, 뭔가 흔하면서도 안 흔한 예쁜 색상! 이래서 다들 베네피트 하는구나ㅜㅜ 볼에 콕 찍어 바르니까 더 예뻐요!
차차틴트를 잘 써서 베네틴트랑 플레이틴트도 궁금했는데 일반 물틴트 제형인 베네틴트💋 가장 인기가 많더라구요!
플레이틴트는 핑크레모네이드 색상이라서 그런지 오묘한게 그냥 예뻐요! 예뻐요!
그리구 지속력도 오래갑니다. 예전에 매니큐어솔 스타일일때는 따로 호감이 안 갔는데 손에 쏙 들어오는 작은 사이즈랑 솔타입이 바뀐세 신의 한수!
일단 2개 가격으로 하나를 사니 만족 진짜 하나는 친구에게 생색내기에도 좋은 flex 세트입니다ㅏ
두번사세용 세번사세용❤",5,복합성;웜톤;각질;모공
6,20221015_041003,립틴트,[올리브영단독] 베네피트 틴트 2+1기획,https://www.oliveyoung.co.kr/store/goods/getGoodsDetail.do?goodsNo=A000000160984&dispCatNo=1000001000200060003&trackingCd&curation&egcode&rccode&egrankcode,베네피트,[올리브영단독] 베네피트 틴트 2+1기획,54000,45900,,"[차차틴트]정제수,에칠헥실스테아레이트,부틸렌글라이콜,펜틸렌글라이콜,하이드록시에칠아크릴레이트/소듐아크릴로일디메칠타우레이트코폴리머,스쿠알란,디메치콘피이지-7포스페이트,페녹시에탄올,티타늄디옥사이드,레시틴,폴리소르베이트60,황색5호,테트라소듐이디티에이,디소듐이디티에이,적색218호,적색202호 레이크
[베네틴트] 정제수, 폴리솔베이트20, 페녹시에탄올, 소듐하이드록사이드, 카민, 메틸파라벤, 향료, 테트라소듐이디티에이, 말토덱스트린, 비에이치티, 제라니올, 리날룰, 헥실신나몰, 시트로넬올, 벤질살리실레이트
[플레이틴트]정제수,에틸헥실스테아레이트,펜틸렌글라이콜,부틸렌글라이콜,다이아이소스테아릴말레이트,하이드록시에틸아크릴레이트/소듐아크릴로일다이메틸타우레이트코폴리머,스쿠알란,티타늄디옥사이드,페녹시에탄올,레시틴,폴리솔베이트60,적색산화철,황색5호,소듐시트레이트,적색202호 레이크,솔비탄아이소스테아레이트,적색202호,적색227호,시트릭애씨드,프로필갈레이트",모든 피부타입,canca****,2022.04.27,"중학생때부터 베네피트 틴트를 정말 정말 많이 사용해 온 사람입니다.
베네피트 틴트는 톤만 잘 맞추면 제형이나, 발색이나 너무 무난하고 좋아서 잘 써왔어요!
원래 포지틴트를 정말 20통 이상 썼을 정도로 많이 썼는데 (인생템입니다..) ㅠㅠㅠㅠ 단종..

백화점 매장에 가도 다 단종이고 이제 구할 수 없다고 하더라구요. 
대체품으로 플레이 틴트를 보라고 하시는데 저는 포지틴트 특유의 맑은 쿨핑크 컬러를 좋아했던 지라
살짝 핑크레모네이드 웜핑크 컬러인 플레이틴트는 100% 맘에 들지는 않앗습니다.

그래도 베네피트에서 포지대체품으로 찾아야 한다면 베네, 플레이가 맞을 것 같아요.
플레이틴트는 약간 톤 다운된 핑크 레모네이드 웜핑크 컬러이구요. 
지속력은 중, 발색력은 중상이었습니다.
형광기없는 예쁜 핑크색인건 좋았어요!
다만 바르고나서 착색은 오히려 더 웜해집니당.

차차틴트는 웜톤의 인생템이잖아요!
저도 제가 웜톤인 줄 알았을때 많이 사용했었어요!!
망고 코랄 색이고 형광기 낭낭해요!
플레이보다 지속, 발색력이 더 좋았어요~

베네틴트는 포지틴트 다음으로 제가많이 사용하던 컬러입니다. 장미빛 레드핑크 컬러이고
다른 베네피트 틴트와 다르게 워터타입이에요!
컬러는 너무 예브지만 지속, 착색력은 떨어집니다.
그치만 지속력 좋은 다른 틴트들이 따라할 수 없는 맑고 청초한 느낌이 있어요 ㅎㅎ
입술에 번지듯이 표현됩니당..

포지틴트.. 재출시 안되겠죠… 너무 원해요 진짜…
베네피트 틴트는 진짜 ㄷㅏ 짱이에요",4,복합성;여름쿨톤;모공;민감성
7,20221015_041003,립틴트,[올리브영단독] 베네피트 틴트 2+1기획,https://www.oliveyoung.co.kr/store/goods/getGoodsDetail.do?goodsNo=A000000160984&dispCatNo=1000001000200060003&trackingCd&curation&egcode&rccode&egrankcode,베네피트,[올리브영단독] 베네피트 틴트 2+1기획,54000,45900,,"[차차틴트]정제수,에칠헥실스테아레이트,부틸렌글라이콜,펜틸렌글라이콜,하이드록시에칠아크릴레이트/소듐아크릴로일디메칠타우레이트코폴리머,스쿠알란,디메치콘피이지-7포스페이트,페녹시에탄올,티타늄디옥사이드,레시틴,폴리소르베이트60,황색5호,테트라소듐이디티에이,디소듐이디티에이,적색218호,적색202호 레이크
[베네틴트] 정제수, 폴리솔베이트20, 페녹시에탄올, 소듐하이드록사이드, 카민, 메틸파라벤, 향료, 테트라소듐이디티에이, 말토덱스트린, 비에이치티, 제라니올, 리날룰, 헥실신나몰, 시트로넬올, 벤질살리실레이트
[플레이틴트]정제수,에틸헥실스테아레이트,펜틸렌글라이콜,부틸렌글라이콜,다이아이소스테아릴말레이트,하이드록시에틸아크릴레이트/소듐아크릴로일다이메틸타우레이트코폴리머,스쿠알란,티타늄디옥사이드,페녹시에탄올,레시틴,폴리솔베이트60,적색산화철,황색5호,소듐시트레이트,적색202호 레이크,솔비탄아이소스테아레이트,적색202호,적색227호,시트릭애씨드,프로필갈레이트",모든 피부타입,루나lu,2022.02.25,"포지,차차,플레이 컬러만 쓰는데 이 3개 조합이라 바로 구매했어요. 기분에 따라 골라서 바르려고요ㅋ",5,복합성;웜톤;모공;미백
8,20221015_041004,립틴트,[올리브영단독] 베네피트 틴트 2+1기획,https://www.oliveyoung.co.kr/store/goods/getGoodsDetail.do?goodsNo=A000000160984&dispCatNo=1000001000200060003&trackingCd&curation&egcode&rccode&egrankcode,베네피트,[올리브영단독] 베네피트 틴트 2+1기획,54000,45900,,"[차차틴트]정제수,에칠헥실스테아레이트,부틸렌글라이콜,펜틸렌글라이콜,하이드록시에칠아크릴레이트/소듐아크릴로일디메칠타우레이트코폴리머,스쿠알란,디메치콘피이지-7포스페이트,페녹시에탄올,티타늄디옥사이드,레시틴,폴리소르베이트60,황색5호,테트라소듐이디티에이,디소듐이디티에이,적색218호,적색202호 레이크
[베네틴트] 정제수, 폴리솔베이트20, 페녹시에탄올, 소듐하이드록사이드, 카민, 메틸파라벤, 향료, 테트라소듐이디티에이, 말토덱스트린, 비에이치티, 제라니올, 리날룰, 헥실신나몰, 시트로넬올, 벤질살리실레이트
[플레이틴트]정제수,에틸헥실스테아레이트,펜틸렌글라이콜,부틸렌글라이콜,다이아이소스테아릴말레이트,하이드록시에틸아크릴레이트/소듐아크릴로일다이메틸타우레이트코폴리머,스쿠알란,티타늄디옥사이드,페녹시에탄올,레시틴,폴리솔베이트60,적색산화철,황색5호,소듐시트레이트,적색202호 레이크,솔비탄아이소스테아레이트,적색202호,적색227호,시트릭애씨드,프로필갈레이트",모든 피부타입,안만두,2022.05.12,너무 좋은데 아실분들은 아시다시피 착색?이 이상하게 되면 입술 겉 라인만 빨갛고 안쪽부분은 하얗게 된다랄까요? 물틴티의 특징이겠죠 뭐,5,민감성;여름쿨톤;다크서클;모공
9,20221015_041005,립틴트,[올리브영단독] 베네피트 틴트 2+1기획,https://www.oliveyoung.co.kr/store/goods/getGoodsDetail.do?goodsNo=A000000160984&dispCatNo=1000001000200060003&trackingCd&curation&egcode&rccode&egrankcode,베네피트,[올리브영단독] 베네피트 틴트 2+1기획,54000,45900,,"[차차틴트]정제수,에칠헥실스테아레이트,부틸렌글라이콜,펜틸렌글라이콜,하이드록시에칠아크릴레이트/소듐아크릴로일디메칠타우레이트코폴리머,스쿠알란,디메치콘피이지-7포스페이트,페녹시에탄올,티타늄디옥사이드,레시틴,폴리소르베이트60,황색5호,테트라소듐이디티에이,디소듐이디티에이,적색218호,적색202호 레이크
[베네틴트] 정제수, 폴리솔베이트20, 페녹시에탄올, 소듐하이드록사이드, 카민, 메틸파라벤, 향료, 테트라소듐이디티에이, 말토덱스트린, 비에이치티, 제라니올, 리날룰, 헥실신나몰, 시트로넬올, 벤질살리실레이트
[플레이틴트]정제수,에틸헥실스테아레이트,펜틸렌글라이콜,부틸렌글라이콜,다이아이소스테아릴말레이트,하이드록시에틸아크릴레이트/소듐아크릴로일다이메틸타우레이트코폴리머,스쿠알란,티타늄디옥사이드,페녹시에탄올,레시틴,폴리솔베이트60,적색산화철,황색5호,소듐시트레이트,적색202호 레이크,솔비탄아이소스테아레이트,적색202호,적색227호,시트릭애씨드,프로필갈레이트",모든 피부타입,yena****,2022.04.08,"베네피트 플레이틴트를 매장에서 처음 구매해서
사용해보고, 색감 발색 지속력 발림성 기타 등등
개인적으로는 매우 만족했어서
다 사용해서 또 구매하려고 찾아보다가
올리브영에 3가지 세트로 가격도 저렴하게
파는거보고 바로 구매했습니다!
플레이 틴트는 가장 좋아하고, 자주 사용하는 컬러이고
나머지 차차랑 베네는 사용해보고 싶었는데
이번 기회에 사용해보게 됐어요!
저는 요 베네피트 틴트만 바르는게 아니라
안쪽에 바르는 용으로 바르고, 따로 하나 위에 더
얹어서 바르는 편인데, 착색이 잘되고, 발색/지속력 좋은 편이에요, 다만 한 번 바르면 조금 연한 편이라
2-3번은 덧발라줘야 어느정도 컬러감이 생겨요!
마스크 쓴 후로 립스틱은 너무 묻어나고
지속력도 약해서 안 바르게 되면서
틴트를 더 선호하게 됐어요
확실히 안 묻어나고 지속력도 좋고 여러모로 좋아서
코시국이 끝나고 앞으로 계속해서 사용할 예정입니당!
베네피트 틴트가 이전에는 양도 엄청 많고, 팁 모양 때문에 사실 선뜻 구매해서 사용하지 않았는데,
리뉴얼 되고는 양도 6ml로 휴대하기도 좋고,
일정기간 사용하기도 좋은 양이라 위생적이고
팁도 착색/발색 더 잘되는 팁으로 바뀌어서 정말 좋아요!
베네피트 틴트랑 롬앤 제로벨벳틴트/에스쁘아틴트
같은 살짝 매트/에어리한 틴트나 립스틱 덧바르면
정말 정말 예쁩니다! 
단독으로보다 두가지 섞어바르면 훨씬 예쁘니까
참고하세요!",5,_alchera_none_
10,20221015_041008,립틴트,[올리브영단독] 베네피트 틴트 2+1기획,https://www.oliveyoung.co.kr/store/goods/getGoodsDetail.do?goodsNo=A000000160984&dispCatNo=1000001000200060003&trackingCd&curation&egcode&rccode&egrankcode,베네피트,[올리브영단독] 베네피트 틴트 2+1기획,54000,45900,,"[차차틴트]정제수,에칠헥실스테아레이트,부틸렌글라이콜,펜틸렌글라이콜,하이드록시에칠아크릴레이트/소듐아크릴로일디메칠타우레이트코폴리머,스쿠알란,디메치콘피이지-7포스페이트,페녹시에탄올,티타늄디옥사이드,레시틴,폴리소르베이트60,황색5호,테트라소듐이디티에이,디소듐이디티에이,적색218호,적색202호 레이크
[베네틴트] 정제수, 폴리솔베이트20, 페녹시에탄올, 소듐하이드록사이드, 카민, 메틸파라벤, 향료, 테트라소듐이디티에이, 말토덱스트린, 비에이치티, 제라니올, 리날룰, 헥실신나몰, 시트로넬올, 벤질살리실레이트
[플레이틴트]정제수,에틸헥실스테아레이트,펜틸렌글라이콜,부틸렌글라이콜,다이아이소스테아릴말레이트,하이드록시에틸아크릴레이트/소듐아크릴로일다이메틸타우레이트코폴리머,스쿠알란,티타늄디옥사이드,페녹시에탄올,레시틴,폴리솔베이트60,적색산화철,황색5호,소듐시트레이트,적색202호 레이크,솔비탄아이소스테아레이트,적색202호,적색227호,시트릭애씨드,프로필갈레이트",모든 피부타입,sihyeon****,2022.02.24,"운 좋게 겨울쿨톤/가을웜톤, 봄웜톤, 여름톤이 친구여서 하나씩 가지려고 구매하게 됐습니다.
베네틴트는 여름쿨톤이, 플레이틴트는 가을웜톤이, 차차틴트는 봄웜톤이 가졌어요ㅋㅋㅋ
이런 트리오 세트 사고 만족한건 진짜 오랜만인것 같아요!!
1. 베네틴트 생얼 느낌을 내고 싶던 여쿨에게 대만족. 다만 조금 여러겹 바르면 대번에 안쪽만 물든다는 점이 불만.
2. 차차틴트 평소 즐겨바르던 봄웜이 쟁여두려고 구매. 정말 착붙템으로 이립만 바르면 다들 색 뭐냐고 물어본다는.
3. 플레이틴트. 생각보다 더 웜한 색이어서 21호 여쿨이 발라보니 토인됨. 이상하게 겨쿨 17호가 바르면 생기있고 촉촉해보임. 포지와는 완전 다른 컬러인 것 같음. 확실히 쿨보다는 웜톤에 가까운 컬러이다. 생얼 느낌내고싶을때 추천",5,_alchera_none_
11,20221015_041009,립틴트,[올리브영단독] 베네피트 틴트 2+1기획,https://www.oliveyoung.co.kr/store/goods/getGoodsDetail.do?goodsNo=A000000160984&dispCatNo=1000001000200060003&trackingCd&curation&egcode&rccode&egrankcode,베네피트,[올리브영단독] 베네피트 틴트 2+1기획,54000,45900,,"[차차틴트]정제수,에칠헥실스테아레이트,부틸렌글라이콜,펜틸렌글라이콜,하이드록시에칠아크릴레이트/소듐아크릴로일디메칠타우레이트코폴리머,스쿠알란,디메치콘피이지-7포스페이트,페녹시에탄올,티타늄디옥사이드,레시틴,폴리소르베이트60,황색5호,테트라소듐이디티에이,디소듐이디티에이,적색218호,적색202호 레이크
[베네틴트] 정제수, 폴리솔베이트20, 페녹시에탄올, 소듐하이드록사이드, 카민, 메틸파라벤, 향료, 테트라소듐이디티에이, 말토덱스트린, 비에이치티, 제라니올, 리날룰, 헥실신나몰, 시트로넬올, 벤질살리실레이트
[플레이틴트]정제수,에틸헥실스테아레이트,펜틸렌글라이콜,부틸렌글라이콜,다이아이소스테아릴말레이트,하이드록시에틸아크릴레이트/소듐아크릴로일다이메틸타우레이트코폴리머,스쿠알란,티타늄디옥사이드,페녹시에탄올,레시틴,폴리솔베이트60,적색산화철,황색5호,소듐시트레이트,적색202호 레이크,솔비탄아이소스테아레이트,적색202호,적색227호,시트릭애씨드,프로필갈레이트",모든 피부타입,ghkdrm****,2022.02.03,베네피트 틴트 한번 안써본 젊은이들 있을까요 ㅎ 워낙 유명하고 평이해서 선물하기 딱 좋아요. 그래서 명절에 선생님 선물로 드렸어요ㅎ 저는 약간 어두운 입술톤이라 레드가 무난히 잘 맞아요. 피부 하야신분은 핑크계열 너무 이쁠듯요. 주황색은 맞는듯 아닌듯 했지만 잘 쓰긴 했어요. 한번씩 들고자니다보면 입구쪽 셀때가 있어요. 그건 제품따라 복불복인듯하나 좀 더 개선은 필요할듯 해요. 발림성은 입술 각질이 많으면 절대 노노노 뭉치고 안이뻐요. 꼭 입술 각질정리하고 컨디션 좋은날 요거 단독으로 바르면 내츄럴하게 표현됩니다. 틴트의 장점인 묻어나지 않아 참 좋아요. 그래서 종이컵 커피도 깔끔히 홀짝홀짝. 이번 제품 투뿔원은 좋았으나 종이백이 진짜 아위웠어요. 사이즈 전혀 고려하지 않은..결국 다른거 더 추가해서 드렸네요 ㅎ,4,_alchera_none_
12,20221015_041010,립틴트,[올리브영단독] 베네피트 틴트 2+1기획,https://www.oliveyoung.co.kr/store/goods/getGoodsDetail.do?goodsNo=A000000160984&dispCatNo=1000001000200060003&trackingCd&curation&egcode&rccode&egrankcode,베네피트,[올리브영단독] 베네피트 틴트 2+1기획,54000,45900,,"[차차틴트]정제수,에칠헥실스테아레이트,부틸렌글라이콜,펜틸렌글라이콜,하이드록시에칠아크릴레이트/소듐아크릴로일디메칠타우레이트코폴리머,스쿠알란,디메치콘피이지-7포스페이트,페녹시에탄올,티타늄디옥사이드,레시틴,폴리소르베이트60,황색5호,테트라소듐이디티에이,디소듐이디티에이,적색218호,적색202호 레이크
[베네틴트] 정제수, 폴리솔베이트20, 페녹시에탄올, 소듐하이드록사이드, 카민, 메틸파라벤, 향료, 테트라소듐이디티에이, 말토덱스트린, 비에이치티, 제라니올, 리날룰, 헥실신나몰, 시트로넬올, 벤질살리실레이트
[플레이틴트]정제수,에틸헥실스테아레이트,펜틸렌글라이콜,부틸렌글라이콜,다이아이소스테아릴말레이트,하이드록시에틸아크릴레이트/소듐아크릴로일다이메틸타우레이트코폴리머,스쿠알란,티타늄디옥사이드,페녹시에탄올,레시틴,폴리솔베이트60,적색산화철,황색5호,소듐시트레이트,적색202호 레이크,솔비탄아이소스테아레이트,적색202호,적색227호,시트릭애씨드,프로필갈레이트",모든 피부타입,윤알이,2022.05.13,"차차틴트보다가 기획가로 너무 잘 나와서 구매했어용. 
요플레감안해도 색이 눔 이뿨요",5,건성
13,20221015_041010,립틴트,[올리브영단독] 베네피트 틴트 2+1기획,https://www.oliveyoung.co.kr/store/goods/getGoodsDetail.do?goodsNo=A000000160984&dispCatNo=1000001000200060003&trackingCd&curation&egcode&rccode&egrankcode,베네피트,[올리브영단독] 베네피트 틴트 2+1기획,54000,45900,,"[차차틴트]정제수,에칠헥실스테아레이트,부틸렌글라이콜,펜틸렌글라이콜,하이드록시에칠아크릴레이트/소듐아크릴로일디메칠타우레이트코폴리머,스쿠알란,디메치콘피이지-7포스페이트,페녹시에탄올,티타늄디옥사이드,레시틴,폴리소르베이트60,황색5호,테트라소듐이디티에이,디소듐이디티에이,적색218호,적색202호 레이크
[베네틴트] 정제수, 폴리솔베이트20, 페녹시에탄올, 소듐하이드록사이드, 카민, 메틸파라벤, 향료, 테트라소듐이디티에이, 말토덱스트린, 비에이치티, 제라니올, 리날룰, 헥실신나몰, 시트로넬올, 벤질살리실레이트
[플레이틴트]정제수,에틸헥실스테아레이트,펜틸렌글라이콜,부틸렌글라이콜,다이아이소스테아릴말레이트,하이드록시에틸아크릴레이트/소듐아크릴로일다이메틸타우레이트코폴리머,스쿠알란,티타늄디옥사이드,페녹시에탄올,레시틴,폴리솔베이트60,적색산화철,황색5호,소듐시트레이트,적색202호 레이크,솔비탄아이소스테아레이트,적색202호,적색227호,시트릭애씨드,프로필갈레이트",모든 피부타입,ara****,2022.04.06,좋은 가격에 2+1 구매했어요 다 이뻐요 재구매할 의향이 있어요,5,건성;쿨톤;각질;모공
14,20221015_041011,립틴트,[올리브영단독] 베네피트 틴트 2+1기획,https://www.oliveyoung.co.kr/store/goods/getGoodsDetail.do?goodsNo=A000000160984&dispCatNo=1000001000200060003&trackingCd&curation&egcode&rccode&egrankcode,베네피트,[올리브영단독] 베네피트 틴트 2+1기획,54000,45900,,"[차차틴트]정제수,에칠헥실스테아레이트,부틸렌글라이콜,펜틸렌글라이콜,하이드록시에칠아크릴레이트/소듐아크릴로일디메칠타우레이트코폴리머,스쿠알란,디메치콘피이지-7포스페이트,페녹시에탄올,티타늄디옥사이드,레시틴,폴리소르베이트60,황색5호,테트라소듐이디티에이,디소듐이디티에이,적색218호,적색202호 레이크
[베네틴트] 정제수, 폴리솔베이트20, 페녹시에탄올, 소듐하이드록사이드, 카민, 메틸파라벤, 향료, 테트라소듐이디티에이, 말토덱스트린, 비에이치티, 제라니올, 리날룰, 헥실신나몰, 시트로넬올, 벤질살리실레이트
[플레이틴트]정제수,에틸헥실스테아레이트,펜틸렌글라이콜,부틸렌글라이콜,다이아이소스테아릴말레이트,하이드록시에틸아크릴레이트/소듐아크릴로일다이메틸타우레이트코폴리머,스쿠알란,티타늄디옥사이드,페녹시에탄올,레시틴,폴리솔베이트60,적색산화철,황색5호,소듐시트레이트,적색202호 레이크,솔비탄아이소스테아레이트,적색202호,적색227호,시트릭애씨드,프로필갈레이트",모든 피부타입,kathya****,2022.06.15,"저렴한 가격에 백화점 제품을 구매할 수 있어서 너무 좋았습니다! 모두 인기색상인 차차, 베네, 플레이틴트 3가지로 구성된 제품이에요. 그래서 장점은 저렴한 가격에 여러 색상을 사용해 볼 수 있다는 것, 단점은 본인의 퍼스널컬러와 맞지 않는 색상은 사용할 수 없다는 것..?이겠네요 ㅎㅎ..
우선 베네틴트는 엄청 물 같아요! 그래서 한번 슥 발라주고 입술을 '오' 모양으로 만들어 호호 불어줘야 잘 스며들어요. 진한 레드로 보이지만 막상 입술에 얹으면 엄청 자연스럽고 예뻐요.
차차틴트는 한번쯤은 다 사용해봤겠지만 착색, 지속력이 가장 좋은 것 같아요! 입술에 베이스 제품이 조금이라도 남아있으면 요플레 현상이 생겨서 바르기 전에 꼭 물티슈로 닦아주고 바르는 편이에요. 처음 바르면 오렌지색이지만 시간이 지나면 핑크(오렌지 살짝)코랄로 착색돼요.",5,_alchera_none_
15,20221015_041012,립틴트,[올리브영단독] 베네피트 틴트 2+1기획,https://www.oliveyoung.co.kr/store/goods/getGoodsDetail.do?goodsNo=A000000160984&dispCatNo=1000001000200060003&trackingCd&curation&egcode&rccode&egrankcode,베네피트,[올리브영단독] 베네피트 틴트 2+1기획,54000,45900,,"[차차틴트]정제수,에칠헥실스테아레이트,부틸렌글라이콜,펜틸렌글라이콜,하이드록시에칠아크릴레이트/소듐아크릴로일디메칠타우레이트코폴리머,스쿠알란,디메치콘피이지-7포스페이트,페녹시에탄올,티타늄디옥사이드,레시틴,폴리소르베이트60,황색5호,테트라소듐이디티에이,디소듐이디티에이,적색218호,적색202호 레이크
[베네틴트] 정제수, 폴리솔베이트20, 페녹시에탄올, 소듐하이드록사이드, 카민, 메틸파라벤, 향료, 테트라소듐이디티에이, 말토덱스트린, 비에이치티, 제라니올, 리날룰, 헥실신나몰, 시트로넬올, 벤질살리실레이트
[플레이틴트]정제수,에틸헥실스테아레이트,펜틸렌글라이콜,부틸렌글라이콜,다이아이소스테아릴말레이트,하이드록시에틸아크릴레이트/소듐아크릴로일다이메틸타우레이트코폴리머,스쿠알란,티타늄디옥사이드,페녹시에탄올,레시틴,폴리솔베이트60,적색산화철,황색5호,소듐시트레이트,적색202호 레이크,솔비탄아이소스테아레이트,적색202호,적색227호,시트릭애씨드,프로필갈레이트",모든 피부타입,Mangorock,2022.06.10,"아.. 플레이틴트 궁금해서 구매했는데 레몬에이드 컬러가 너무안받네요. 근데 배네틴트는 유명한줄은 알고있었지만 너무 매트한데요? 그냥 물을 얹는데 착색이 좀 이상하게 되는거같아요. 시간지나면 입술이 쪼그라 든다고 해야하나요.
컬러는 자연스러운 장미색인데 입술이 너무 건조해지고 안쪽입술만 빨갛게 남는게 좀 이상한거같아서 손이 안가는 제품이에요 저렴한 틴트도 아닌데 실망스러웠어요 ..
그래도 유명한데는 이유가 있을텐데 저는 잘 모르겠어요
재구매는 안할거구요 팁은 사용하기 좀 편하게 생겼어요
전에 매니큐어같던 솔에서 바뀌었다고 하는데 바뀐버전이 더 괜찮은것 같아요. 휴지엔 막 많이 묻어나오진 않아요.
물론 직후에 묻히면 나오겟지만요. 애초에 심하게 건조해져서 묻어나오는건 없는듯요",3,_alchera_none_
16,20221015_041013,립틴트,[올리브영단독] 베네피트 틴트 2+1기획,https://www.oliveyoung.co.kr/store/goods/getGoodsDetail.do?goodsNo=A000000160984&dispCatNo=1000001000200060003&trackingCd&curation&egcode&rccode&egrankcode,베네피트,[올리브영단독] 베네피트 틴트 2+1기획,54000,45900,,"[차차틴트]정제수,에칠헥실스테아레이트,부틸렌글라이콜,펜틸렌글라이콜,하이드록시에칠아크릴레이트/소듐아크릴로일디메칠타우레이트코폴리머,스쿠알란,디메치콘피이지-7포스페이트,페녹시에탄올,티타늄디옥사이드,레시틴,폴리소르베이트60,황색5호,테트라소듐이디티에이,디소듐이디티에이,적색218호,적색202호 레이크
[베네틴트] 정제수, 폴리솔베이트20, 페녹시에탄올, 소듐하이드록사이드, 카민, 메틸파라벤, 향료, 테트라소듐이디티에이, 말토덱스트린, 비에이치티, 제라니올, 리날룰, 헥실신나몰, 시트로넬올, 벤질살리실레이트
[플레이틴트]정제수,에틸헥실스테아레이트,펜틸렌글라이콜,부틸렌글라이콜,다이아이소스테아릴말레이트,하이드록시에틸아크릴레이트/소듐아크릴로일다이메틸타우레이트코폴리머,스쿠알란,티타늄디옥사이드,페녹시에탄올,레시틴,폴리솔베이트60,적색산화철,황색5호,소듐시트레이트,적색202호 레이크,솔비탄아이소스테아레이트,적색202호,적색227호,시트릭애씨드,프로필갈레이트",모든 피부타입,ice****,2022.05.08,"올리브영 온라인몰에서 구매했어요!!!ㅋㅋㅋ
올리브영 세일때 구매했어요!!!ㅋㅋㅋ
베네피트 틴트 투 플러스 원 행사하길래...ㅋㅋㅋ
구매할려고 했는데...ㅋㅋㅋ
품절되어서...ㅋㅋㅋ
기달리고 기달리고 기달려서...ㅋㅋㅋ
입고알람 뜨자마자...ㅋㅋㅋ
베테피트 틴트 투 플러스 원 구매했어요!!!ㅋㅋㅋ
대학생때 전자현의 자연스런 발색  틴트로 유명해져서...ㅋㅋㅋ
구매해서 사용하다가...ㅋㅋㅋ
그때는 바르는게 붓이라서 살짝 불편했어요!!!ㅋㅋㅋ
다시 리뉴얼된거 보니까 납작솔이라서...ㅋㅋㅋ
베네피트 틴트 투 플러스 원 구매했어요!!!ㅋㅋㅋ
베네피트 틴트 사용해보니...ㅋㅋㅋ
우선 솔이고 납작해서...ㅋㅋㅋ
부드럽게 잘 발리는데...ㅋㅋㅋ
한쪽으로 살짝 뭉침이 있어요!!!ㅋㅋㅋ",3,_alchera_none_
17,20221015_041014,립틴트,[올리브영단독] 베네피트 틴트 2+1기획,https://www.oliveyoung.co.kr/store/goods/getGoodsDetail.do?goodsNo=A000000160984&dispCatNo=1000001000200060003&trackingCd&curation&egcode&rccode&egrankcode,베네피트,[올리브영단독] 베네피트 틴트 2+1기획,54000,45900,,"[차차틴트]정제수,에칠헥실스테아레이트,부틸렌글라이콜,펜틸렌글라이콜,하이드록시에칠아크릴레이트/소듐아크릴로일디메칠타우레이트코폴리머,스쿠알란,디메치콘피이지-7포스페이트,페녹시에탄올,티타늄디옥사이드,레시틴,폴리소르베이트60,황색5호,테트라소듐이디티에이,디소듐이디티에이,적색218호,적색202호 레이크
[베네틴트] 정제수, 폴리솔베이트20, 페녹시에탄올, 소듐하이드록사이드, 카민, 메틸파라벤, 향료, 테트라소듐이디티에이, 말토덱스트린, 비에이치티, 제라니올, 리날룰, 헥실신나몰, 시트로넬올, 벤질살리실레이트
[플레이틴트]정제수,에틸헥실스테아레이트,펜틸렌글라이콜,부틸렌글라이콜,다이아이소스테아릴말레이트,하이드록시에틸아크릴레이트/소듐아크릴로일다이메틸타우레이트코폴리머,스쿠알란,티타늄디옥사이드,페녹시에탄올,레시틴,폴리솔베이트60,적색산화철,황색5호,소듐시트레이트,적색202호 레이크,솔비탄아이소스테아레이트,적색202호,적색227호,시트릭애씨드,프로필갈레이트",모든 피부타입,닉넘,2022.04.28,"차차틴트 + 베네틴트 + 플레이틴트 세가지가 함께들어있는 상품입니다!

본인의 피부톤과 특징 : 
 - 21호를 주로쓰는 봄 웜톤 (4년전에 퍼스널컬러 업체가서 봄라이트 베스트, 가을 소프트 걸쳐있다고 진단받음)
 - 너무 노란색보다는 약간 핑크쪽 색이 잘받는(다고 생각하는) 편
 - 그러나 립을 바르면 핑크가 더 도드라지는 편이며 그게또 어울리진않음
 - 입술색이 없는 편인데 왜인지 모르게 색상이 쉽게 딥하게 올라오는 편(특히 틴트) 입니당
 - 봄라이트지만 너무 밝은거바르면 아파보이는 느낌..
 - 딥한 색 바르면 퀭해지는 안색...
 - 블러셔는 꼭 바르는편

제품 특징 :
 차차틴트는 워낙 유명하고... 베네틴트는 처음 써보는데 생각보다 푸르네요. 플레이틴트는 저한텐 좀 많이 연해요.
 저에겐 색상도 애매하고 제형도 애매하고 그래서 손이 잘 안갑니다..",5,_alchera_none_
18,20221015_041015,립틴트,[올리브영단독] 베네피트 틴트 2+1기획,https://www.oliveyoung.co.kr/store/goods/getGoodsDetail.do?goodsNo=A000000160984&dispCatNo=1000001000200060003&trackingCd&curation&egcode&rccode&egrankcode,베네피트,[올리브영단독] 베네피트 틴트 2+1기획,54000,45900,,"[차차틴트]정제수,에칠헥실스테아레이트,부틸렌글라이콜,펜틸렌글라이콜,하이드록시에칠아크릴레이트/소듐아크릴로일디메칠타우레이트코폴리머,스쿠알란,디메치콘피이지-7포스페이트,페녹시에탄올,티타늄디옥사이드,레시틴,폴리소르베이트60,황색5호,테트라소듐이디티에이,디소듐이디티에이,적색218호,적색202호 레이크
[베네틴트] 정제수, 폴리솔베이트20, 페녹시에탄올, 소듐하이드록사이드, 카민, 메틸파라벤, 향료, 테트라소듐이디티에이, 말토덱스트린, 비에이치티, 제라니올, 리날룰, 헥실신나몰, 시트로넬올, 벤질살리실레이트
[플레이틴트]정제수,에틸헥실스테아레이트,펜틸렌글라이콜,부틸렌글라이콜,다이아이소스테아릴말레이트,하이드록시에틸아크릴레이트/소듐아크릴로일다이메틸타우레이트코폴리머,스쿠알란,티타늄디옥사이드,페녹시에탄올,레시틴,폴리솔베이트60,적색산화철,황색5호,소듐시트레이트,적색202호 레이크,솔비탄아이소스테아레이트,적색202호,적색227호,시트릭애씨드,프로필갈레이트",모든 피부타입,rlarudd****,2022.02.05,"베네피트 틴트는 원래 잘쓰고있었는데  올리브영 세일이라 구경도 할겸 아이쇼핑하고있는데 베네피트3종을 너무 저렴한가격에 판매하고있어서 오이건 사야겠다해서 바로주문했습니다ㅋㅋㅋ사은품으로 온 쇼핑백도 너무 귀여워요,,!요즘 화장을잘안해서 유통기한이 걱정됐지만 유통기한도 넉넉해서 안심해도될거같네요

차차틴트 :제 최애틴트중에 하나에요 봄웜 라이트분들이 쓰시면좋을거같아요 겉보기에는 형광주황색,,.?이렇게보이는데 막상 입술에 발라보면 진짜이쁜 코랄로발색되고 얼굴에 생기가살아나고 너무이쁜컬러에용

베네틴트:베네틴트 진짜 유명해서 예전부터 꼭써보고싶었던 컬러라 실제로 써보니 역시너무 이뻐요 물든듯 자연스러운연출이 가능해요

플레이틴트:핑크와 코랄의 약간중간느낌?..제입술에는 핑크빛이더도네요 ㅋ아무튼 너무 이뻐요",5,_alchera_none_
19,20221015_041015,립틴트,[올리브영단독] 베네피트 틴트 2+1기획,https://www.oliveyoung.co.kr/store/goods/getGoodsDetail.do?goodsNo=A000000160984&dispCatNo=1000001000200060003&trackingCd&curation&egcode&rccode&egrankcode,베네피트,[올리브영단독] 베네피트 틴트 2+1기획,54000,45900,,"[차차틴트]정제수,에칠헥실스테아레이트,부틸렌글라이콜,펜틸렌글라이콜,하이드록시에칠아크릴레이트/소듐아크릴로일디메칠타우레이트코폴리머,스쿠알란,디메치콘피이지-7포스페이트,페녹시에탄올,티타늄디옥사이드,레시틴,폴리소르베이트60,황색5호,테트라소듐이디티에이,디소듐이디티에이,적색218호,적색202호 레이크
[베네틴트] 정제수, 폴리솔베이트20, 페녹시에탄올, 소듐하이드록사이드, 카민, 메틸파라벤, 향료, 테트라소듐이디티에이, 말토덱스트린, 비에이치티, 제라니올, 리날룰, 헥실신나몰, 시트로넬올, 벤질살리실레이트
[플레이틴트]정제수,에틸헥실스테아레이트,펜틸렌글라이콜,부틸렌글라이콜,다이아이소스테아릴말레이트,하이드록시에틸아크릴레이트/소듐아크릴로일다이메틸타우레이트코폴리머,스쿠알란,티타늄디옥사이드,페녹시에탄올,레시틴,폴리솔베이트60,적색산화철,황색5호,소듐시트레이트,적색202호 레이크,솔비탄아이소스테아레이트,적색202호,적색227호,시트릭애씨드,프로필갈레이트",모든 피부타입,해와달,2022.05.22,이 기획 세트 너무 좋아요 투플 원이라 가격적인 면에서도 너무 괜찮고 색상 구성도 좋아서 만족합니다,5,지성;각질;모공
20,20221015_041020,립틴트,[올리브영단독] 베네피트 틴트 2+1기획,https://www.oliveyoung.co.kr/store/goods/getGoodsDetail.do?goodsNo=A000000160984&dispCatNo=1000001000200060003&trackingCd&curation&egcode&rccode&egrankcode,베네피트,[올리브영단독] 베네피트 틴트 2+1기획,54000,45900,,"[차차틴트]정제수,에칠헥실스테아레이트,부틸렌글라이콜,펜틸렌글라이콜,하이드록시에칠아크릴레이트/소듐아크릴로일디메칠타우레이트코폴리머,스쿠알란,디메치콘피이지-7포스페이트,페녹시에탄올,티타늄디옥사이드,레시틴,폴리소르베이트60,황색5호,테트라소듐이디티에이,디소듐이디티에이,적색218호,적색202호 레이크
[베네틴트] 정제수, 폴리솔베이트20, 페녹시에탄올, 소듐하이드록사이드, 카민, 메틸파라벤, 향료, 테트라소듐이디티에이, 말토덱스트린, 비에이치티, 제라니올, 리날룰, 헥실신나몰, 시트로넬올, 벤질살리실레이트
[플레이틴트]정제수,에틸헥실스테아레이트,펜틸렌글라이콜,부틸렌글라이콜,다이아이소스테아릴말레이트,하이드록시에틸아크릴레이트/소듐아크릴로일다이메틸타우레이트코폴리머,스쿠알란,티타늄디옥사이드,페녹시에탄올,레시틴,폴리솔베이트60,적색산화철,황색5호,소듐시트레이트,적색202호 레이크,솔비탄아이소스테아레이트,적색202호,적색227호,시트릭애씨드,프로필갈레이트",모든 피부타입,sj****,2022.04.28,차차틴트 인생 틴트라 떨어지면 또사고 또사고 또사요 세일할 때 겟챠ㅋㅋㅋ,5,_alchera_none_
21,20221015_041021,립틴트,[올리브영단독] 베네피트 틴트 2+1기획,https://www.oliveyoung.co.kr/store/goods/getGoodsDetail.do?goodsNo=A000000160984&dispCatNo=1000001000200060003&trackingCd&curation&egcode&rccode&egrankcode,베네피트,[올리브영단독] 베네피트 틴트 2+1기획,54000,45900,,"[차차틴트]정제수,에칠헥실스테아레이트,부틸렌글라이콜,펜틸렌글라이콜,하이드록시에칠아크릴레이트/소듐아크릴로일디메칠타우레이트코폴리머,스쿠알란,디메치콘피이지-7포스페이트,페녹시에탄올,티타늄디옥사이드,레시틴,폴리소르베이트60,황색5호,테트라소듐이디티에이,디소듐이디티에이,적색218호,적색202호 레이크
[베네틴트] 정제수, 폴리솔베이트20, 페녹시에탄올, 소듐하이드록사이드, 카민, 메틸파라벤, 향료, 테트라소듐이디티에이, 말토덱스트린, 비에이치티, 제라니올, 리날룰, 헥실신나몰, 시트로넬올, 벤질살리실레이트
[플레이틴트]정제수,에틸헥실스테아레이트,펜틸렌글라이콜,부틸렌글라이콜,다이아이소스테아릴말레이트,하이드록시에틸아크릴레이트/소듐아크릴로일다이메틸타우레이트코폴리머,스쿠알란,티타늄디옥사이드,페녹시에탄올,레시틴,폴리솔베이트60,적색산화철,황색5호,소듐시트레이트,적색202호 레이크,솔비탄아이소스테아레이트,적색202호,적색227호,시트릭애씨드,프로필갈레이트",모든 피부타입,ghrm****,2022.04.24,"웜톤한테 차차틴트랑 플레이틴트는 잘어울리는데
베네틴트는 흡수도 잘 안되고 색도 안어울리는거같아요
발림성도 촉촉하고 발색도 너무 진하게 되는편이 아니라서
사용하기 편하고 좋아요
마스크쓰고있는데 마스크에 잘 묻어나지도 않고 착색도 오래지속되어서 만족스럽습니다
다만 용기가 안쪽이 깨진건지 약간씩 새어남이 있긴 하더라구요
세일할때 사서 싸게 세가지 색 모두 사용해볼 수 있어서 좋았습니다.
크기도 그렇게 크지 않아서 가지고 다니기도 좋아요",5,_alchera_none_
22,20221015_041022,립틴트,[올리브영단독] 베네피트 틴트 2+1기획,https://www.oliveyoung.co.kr/store/goods/getGoodsDetail.do?goodsNo=A000000160984&dispCatNo=1000001000200060003&trackingCd&curation&egcode&rccode&egrankcode,베네피트,[올리브영단독] 베네피트 틴트 2+1기획,54000,45900,,"[차차틴트]정제수,에칠헥실스테아레이트,부틸렌글라이콜,펜틸렌글라이콜,하이드록시에칠아크릴레이트/소듐아크릴로일디메칠타우레이트코폴리머,스쿠알란,디메치콘피이지-7포스페이트,페녹시에탄올,티타늄디옥사이드,레시틴,폴리소르베이트60,황색5호,테트라소듐이디티에이,디소듐이디티에이,적색218호,적색202호 레이크
[베네틴트] 정제수, 폴리솔베이트20, 페녹시에탄올, 소듐하이드록사이드, 카민, 메틸파라벤, 향료, 테트라소듐이디티에이, 말토덱스트린, 비에이치티, 제라니올, 리날룰, 헥실신나몰, 시트로넬올, 벤질살리실레이트
[플레이틴트]정제수,에틸헥실스테아레이트,펜틸렌글라이콜,부틸렌글라이콜,다이아이소스테아릴말레이트,하이드록시에틸아크릴레이트/소듐아크릴로일다이메틸타우레이트코폴리머,스쿠알란,티타늄디옥사이드,페녹시에탄올,레시틴,폴리솔베이트60,적색산화철,황색5호,소듐시트레이트,적색202호 레이크,솔비탄아이소스테아레이트,적색202호,적색227호,시트릭애씨드,프로필갈레이트",모든 피부타입,띵그리,2022.03.05,너무 너무 구매 하고 싶었던 틴트 드디어 구매 했어요 😆꺄아아악 너무 좋아요 근데 생각 보다 지속력이 약해서 속상해용 하지만  색이 너무 예뻐서 대만족,5,_alchera_none_
23,20221015_041023,립틴트,[올리브영단독] 베네피트 틴트 2+1기획,https://www.oliveyoung.co.kr/store/goods/getGoodsDetail.do?goodsNo=A000000160984&dispCatNo=1000001000200060003&trackingCd&curation&egcode&rccode&egrankcode,베네피트,[올리브영단독] 베네피트 틴트 2+1기획,54000,45900,,"[차차틴트]정제수,에칠헥실스테아레이트,부틸렌글라이콜,펜틸렌글라이콜,하이드록시에칠아크릴레이트/소듐아크릴로일디메칠타우레이트코폴리머,스쿠알란,디메치콘피이지-7포스페이트,페녹시에탄올,티타늄디옥사이드,레시틴,폴리소르베이트60,황색5호,테트라소듐이디티에이,디소듐이디티에이,적색218호,적색202호 레이크
[베네틴트] 정제수, 폴리솔베이트20, 페녹시에탄올, 소듐하이드록사이드, 카민, 메틸파라벤, 향료, 테트라소듐이디티에이, 말토덱스트린, 비에이치티, 제라니올, 리날룰, 헥실신나몰, 시트로넬올, 벤질살리실레이트
[플레이틴트]정제수,에틸헥실스테아레이트,펜틸렌글라이콜,부틸렌글라이콜,다이아이소스테아릴말레이트,하이드록시에틸아크릴레이트/소듐아크릴로일다이메틸타우레이트코폴리머,스쿠알란,티타늄디옥사이드,페녹시에탄올,레시틴,폴리솔베이트60,적색산화철,황색5호,소듐시트레이트,적색202호 레이크,솔비탄아이소스테아레이트,적색202호,적색227호,시트릭애씨드,프로필갈레이트",모든 피부타입,aeri****,2022.02.08,"이렇게 착한 가격 실화인가요?
3세트 쟁여놨어요!>_<
새로나온 플레이틴트도 바르면 자연스럽게 내 입술색과 촤르르 흐른다는! 립스틱 색감은 개인의 입술색에 따라 조금씩 다르게 표현 되는거 다들 아시죠? 전 핑크색과 레드색으로 투톤으로 예쁘게 표현되서 좋았어요! 차차틴트는 거의 10년을 애정하는 상품이랑 말할 필요없이 오렌지 오렌지 하고요!:)
3세트 쟁이는 거라 날짜 확인하고 샀는데! 무리없이 넉넉한 2024년 2월 까지의 상품 입니다!",5,_alchera_none_
24,20221015_041024,립틴트,[올리브영단독] 베네피트 틴트 2+1기획,https://www.oliveyoung.co.kr/store/goods/getGoodsDetail.do?goodsNo=A000000160984&dispCatNo=1000001000200060003&trackingCd&curation&egcode&rccode&egrankcode,베네피트,[올리브영단독] 베네피트 틴트 2+1기획,54000,45900,,"[차차틴트]정제수,에칠헥실스테아레이트,부틸렌글라이콜,펜틸렌글라이콜,하이드록시에칠아크릴레이트/소듐아크릴로일디메칠타우레이트코폴리머,스쿠알란,디메치콘피이지-7포스페이트,페녹시에탄올,티타늄디옥사이드,레시틴,폴리소르베이트60,황색5호,테트라소듐이디티에이,디소듐이디티에이,적색218호,적색202호 레이크
[베네틴트] 정제수, 폴리솔베이트20, 페녹시에탄올, 소듐하이드록사이드, 카민, 메틸파라벤, 향료, 테트라소듐이디티에이, 말토덱스트린, 비에이치티, 제라니올, 리날룰, 헥실신나몰, 시트로넬올, 벤질살리실레이트
[플레이틴트]정제수,에틸헥실스테아레이트,펜틸렌글라이콜,부틸렌글라이콜,다이아이소스테아릴말레이트,하이드록시에틸아크릴레이트/소듐아크릴로일다이메틸타우레이트코폴리머,스쿠알란,티타늄디옥사이드,페녹시에탄올,레시틴,폴리솔베이트60,적색산화철,황색5호,소듐시트레이트,적색202호 레이크,솔비탄아이소스테아레이트,적색202호,적색227호,시트릭애씨드,프로필갈레이트",모든 피부타입,정사장,2022.04.05,"제가 사서 구매를 하고 맘에 들어서 선물 줬어요
아주 맘에 들어합니다~^^ 좋은제품 감사해요 아주 잘 샀네용
착색 유지는 어느정도 됩니다 가끔 수정해줘야하지만 은은한 이뻐요~^^",5,_alchera_none_
25,20221015_041025,립틴트,[올리브영단독] 베네피트 틴트 2+1기획,https://www.oliveyoung.co.kr/store/goods/getGoodsDetail.do?goodsNo=A000000160984&dispCatNo=1000001000200060003&trackingCd&curation&egcode&rccode&egrankcode,베네피트,[올리브영단독] 베네피트 틴트 2+1기획,54000,45900,,"[차차틴트]정제수,에칠헥실스테아레이트,부틸렌글라이콜,펜틸렌글라이콜,하이드록시에칠아크릴레이트/소듐아크릴로일디메칠타우레이트코폴리머,스쿠알란,디메치콘피이지-7포스페이트,페녹시에탄올,티타늄디옥사이드,레시틴,폴리소르베이트60,황색5호,테트라소듐이디티에이,디소듐이디티에이,적색218호,적색202호 레이크
[베네틴트] 정제수, 폴리솔베이트20, 페녹시에탄올, 소듐하이드록사이드, 카민, 메틸파라벤, 향료, 테트라소듐이디티에이, 말토덱스트린, 비에이치티, 제라니올, 리날룰, 헥실신나몰, 시트로넬올, 벤질살리실레이트
[플레이틴트]정제수,에틸헥실스테아레이트,펜틸렌글라이콜,부틸렌글라이콜,다이아이소스테아릴말레이트,하이드록시에틸아크릴레이트/소듐아크릴로일다이메틸타우레이트코폴리머,스쿠알란,티타늄디옥사이드,페녹시에탄올,레시틴,폴리솔베이트60,적색산화철,황색5호,소듐시트레이트,적색202호 레이크,솔비탄아이소스테아레이트,적색202호,적색227호,시트릭애씨드,프로필갈레이트",모든 피부타입,시치,2022.03.17,"유명한 색 3종을 묶어 살 수 있어서 좋았어요
몰랐는데 차차틴트 솔 바꼈네요 그나마 좀 덜 간지러워요",5,_alchera_none_
26,20221015_041026,립틴트,[올리브영단독] 베네피트 틴트 2+1기획,https://www.oliveyoung.co.kr/store/goods/getGoodsDetail.do?goodsNo=A000000160984&dispCatNo=1000001000200060003&trackingCd&curation&egcode&rccode&egrankcode,베네피트,[올리브영단독] 베네피트 틴트 2+1기획,54000,45900,,"[차차틴트]정제수,에칠헥실스테아레이트,부틸렌글라이콜,펜틸렌글라이콜,하이드록시에칠아크릴레이트/소듐아크릴로일디메칠타우레이트코폴리머,스쿠알란,디메치콘피이지-7포스페이트,페녹시에탄올,티타늄디옥사이드,레시틴,폴리소르베이트60,황색5호,테트라소듐이디티에이,디소듐이디티에이,적색218호,적색202호 레이크
[베네틴트] 정제수, 폴리솔베이트20, 페녹시에탄올, 소듐하이드록사이드, 카민, 메틸파라벤, 향료, 테트라소듐이디티에이, 말토덱스트린, 비에이치티, 제라니올, 리날룰, 헥실신나몰, 시트로넬올, 벤질살리실레이트
[플레이틴트]정제수,에틸헥실스테아레이트,펜틸렌글라이콜,부틸렌글라이콜,다이아이소스테아릴말레이트,하이드록시에틸아크릴레이트/소듐아크릴로일다이메틸타우레이트코폴리머,스쿠알란,티타늄디옥사이드,페녹시에탄올,레시틴,폴리솔베이트60,적색산화철,황색5호,소듐시트레이트,적색202호 레이크,솔비탄아이소스테아레이트,적색202호,적색227호,시트릭애씨드,프로필갈레이트",모든 피부타입,demisoda,2022.01.30,"저렴하게 구매 잘 하였습니다.
다음에도 또 구매 할 예정입니다.",5,_alchera_none_
27,20221015_041028,립틴트,[올리브영단독] 베네피트 틴트 2+1기획,https://www.oliveyoung.co.kr/store/goods/getGoodsDetail.do?goodsNo=A000000160984&dispCatNo=1000001000200060003&trackingCd&curation&egcode&rccode&egrankcode,베네피트,[올리브영단독] 베네피트 틴트 2+1기획,54000,45900,,"[차차틴트]정제수,에칠헥실스테아레이트,부틸렌글라이콜,펜틸렌글라이콜,하이드록시에칠아크릴레이트/소듐아크릴로일디메칠타우레이트코폴리머,스쿠알란,디메치콘피이지-7포스페이트,페녹시에탄올,티타늄디옥사이드,레시틴,폴리소르베이트60,황색5호,테트라소듐이디티에이,디소듐이디티에이,적색218호,적색202호 레이크
[베네틴트] 정제수, 폴리솔베이트20, 페녹시에탄올, 소듐하이드록사이드, 카민, 메틸파라벤, 향료, 테트라소듐이디티에이, 말토덱스트린, 비에이치티, 제라니올, 리날룰, 헥실신나몰, 시트로넬올, 벤질살리실레이트
[플레이틴트]정제수,에틸헥실스테아레이트,펜틸렌글라이콜,부틸렌글라이콜,다이아이소스테아릴말레이트,하이드록시에틸아크릴레이트/소듐아크릴로일다이메틸타우레이트코폴리머,스쿠알란,티타늄디옥사이드,페녹시에탄올,레시틴,폴리솔베이트60,적색산화철,황색5호,소듐시트레이트,적색202호 레이크,솔비탄아이소스테아레이트,적색202호,적색227호,시트릭애씨드,프로필갈레이트",모든 피부타입,puchico****,2022.05.16,"챠챠틴트는 발색 및 지속력 좋습니다!
베네틴트와 플레이틴트는 덧발라도 발색 및 지속력이 약합니다ㅜㅜ
이 틴트만 바르면 좀 건조해서 립밤과 같이 쓰면 좋습니다!",5,_alchera_none_
28,20221015_041029,립틴트,[올리브영단독] 베네피트 틴트 2+1기획,https://www.oliveyoung.co.kr/store/goods/getGoodsDetail.do?goodsNo=A000000160984&dispCatNo=1000001000200060003&trackingCd&curation&egcode&rccode&egrankcode,베네피트,[올리브영단독] 베네피트 틴트 2+1기획,54000,45900,,"[차차틴트]정제수,에칠헥실스테아레이트,부틸렌글라이콜,펜틸렌글라이콜,하이드록시에칠아크릴레이트/소듐아크릴로일디메칠타우레이트코폴리머,스쿠알란,디메치콘피이지-7포스페이트,페녹시에탄올,티타늄디옥사이드,레시틴,폴리소르베이트60,황색5호,테트라소듐이디티에이,디소듐이디티에이,적색218호,적색202호 레이크
[베네틴트] 정제수, 폴리솔베이트20, 페녹시에탄올, 소듐하이드록사이드, 카민, 메틸파라벤, 향료, 테트라소듐이디티에이, 말토덱스트린, 비에이치티, 제라니올, 리날룰, 헥실신나몰, 시트로넬올, 벤질살리실레이트
[플레이틴트]정제수,에틸헥실스테아레이트,펜틸렌글라이콜,부틸렌글라이콜,다이아이소스테아릴말레이트,하이드록시에틸아크릴레이트/소듐아크릴로일다이메틸타우레이트코폴리머,스쿠알란,티타늄디옥사이드,페녹시에탄올,레시틴,폴리솔베이트60,적색산화철,황색5호,소듐시트레이트,적색202호 레이크,솔비탄아이소스테아레이트,적색202호,적색227호,시트릭애씨드,프로필갈레이트",모든 피부타입,dkfk****,2022.04.17,발색이 연해서 여러번 덧발라야 티가 나요 그래도 수분감이 충분해서 자주 바르고 다닐거같아요,4,_alchera_none_
29,20221015_041030,립틴트,[올리브영단독] 베네피트 틴트 2+1기획,https://www.oliveyoung.co.kr/store/goods/getGoodsDetail.do?goodsNo=A000000160984&dispCatNo=1000001000200060003&trackingCd&curation&egcode&rccode&egrankcode,베네피트,[올리브영단독] 베네피트 틴트 2+1기획,54000,45900,,"[차차틴트]정제수,에칠헥실스테아레이트,부틸렌글라이콜,펜틸렌글라이콜,하이드록시에칠아크릴레이트/소듐아크릴로일디메칠타우레이트코폴리머,스쿠알란,디메치콘피이지-7포스페이트,페녹시에탄올,티타늄디옥사이드,레시틴,폴리소르베이트60,황색5호,테트라소듐이디티에이,디소듐이디티에이,적색218호,적색202호 레이크
[베네틴트] 정제수, 폴리솔베이트20, 페녹시에탄올, 소듐하이드록사이드, 카민, 메틸파라벤, 향료, 테트라소듐이디티에이, 말토덱스트린, 비에이치티, 제라니올, 리날룰, 헥실신나몰, 시트로넬올, 벤질살리실레이트
[플레이틴트]정제수,에틸헥실스테아레이트,펜틸렌글라이콜,부틸렌글라이콜,다이아이소스테아릴말레이트,하이드록시에틸아크릴레이트/소듐아크릴로일다이메틸타우레이트코폴리머,스쿠알란,티타늄디옥사이드,페녹시에탄올,레시틴,폴리솔베이트60,적색산화철,황색5호,소듐시트레이트,적색202호 레이크,솔비탄아이소스테아레이트,적색202호,적색227호,시트릭애씨드,프로필갈레이트",모든 피부타입,jay1204,2022.03.14,"원래 차차틴트 계속 쓰다가
다른 색상도 써보고 싶어서 이걸로 구매했어요.
차차틴트는 계속 재구매 중이고, 너무너무 예뻐요!
다른 색상들도 괜찮은 거 같아요ㅋㅋㅋ",5,_alchera_none_
30,20221015_041033,립틴트,[올리브영단독] 베네피트 틴트 2+1기획,https://www.oliveyoung.co.kr/store/goods/getGoodsDetail.do?goodsNo=A000000160984&dispCatNo=1000001000200060003&trackingCd&curation&egcode&rccode&egrankcode,베네피트,[올리브영단독] 베네피트 틴트 2+1기획,54000,45900,,"[차차틴트]정제수,에칠헥실스테아레이트,부틸렌글라이콜,펜틸렌글라이콜,하이드록시에칠아크릴레이트/소듐아크릴로일디메칠타우레이트코폴리머,스쿠알란,디메치콘피이지-7포스페이트,페녹시에탄올,티타늄디옥사이드,레시틴,폴리소르베이트60,황색5호,테트라소듐이디티에이,디소듐이디티에이,적색218호,적색202호 레이크
[베네틴트] 정제수, 폴리솔베이트20, 페녹시에탄올, 소듐하이드록사이드, 카민, 메틸파라벤, 향료, 테트라소듐이디티에이, 말토덱스트린, 비에이치티, 제라니올, 리날룰, 헥실신나몰, 시트로넬올, 벤질살리실레이트
[플레이틴트]정제수,에틸헥실스테아레이트,펜틸렌글라이콜,부틸렌글라이콜,다이아이소스테아릴말레이트,하이드록시에틸아크릴레이트/소듐아크릴로일다이메틸타우레이트코폴리머,스쿠알란,티타늄디옥사이드,페녹시에탄올,레시틴,폴리솔베이트60,적색산화철,황색5호,소듐시트레이트,적색202호 레이크,솔비탄아이소스테아레이트,적색202호,적색227호,시트릭애씨드,프로필갈레이트",모든 피부타입,o0linm****,2022.03.11,"사용전이요.
집에 립제품 많은데 베네피트 써보고 싶어서 구매했어요.
3가지 사용해 볼 수 있어 좋은 것 같아요.
사용해보고 다음에는 잘 맞는 제품으로 사면 되니깐요.",4,_alchera_none_
31,20221015_041034,립틴트,[올리브영단독] 베네피트 틴트 2+1기획,https://www.oliveyoung.co.kr/store/goods/getGoodsDetail.do?goodsNo=A000000160984&dispCatNo=1000001000200060003&trackingCd&curation&egcode&rccode&egrankcode,베네피트,[올리브영단독] 베네피트 틴트 2+1기획,54000,45900,,"[차차틴트]정제수,에칠헥실스테아레이트,부틸렌글라이콜,펜틸렌글라이콜,하이드록시에칠아크릴레이트/소듐아크릴로일디메칠타우레이트코폴리머,스쿠알란,디메치콘피이지-7포스페이트,페녹시에탄올,티타늄디옥사이드,레시틴,폴리소르베이트60,황색5호,테트라소듐이디티에이,디소듐이디티에이,적색218호,적색202호 레이크
[베네틴트] 정제수, 폴리솔베이트20, 페녹시에탄올, 소듐하이드록사이드, 카민, 메틸파라벤, 향료, 테트라소듐이디티에이, 말토덱스트린, 비에이치티, 제라니올, 리날룰, 헥실신나몰, 시트로넬올, 벤질살리실레이트
[플레이틴트]정제수,에틸헥실스테아레이트,펜틸렌글라이콜,부틸렌글라이콜,다이아이소스테아릴말레이트,하이드록시에틸아크릴레이트/소듐아크릴로일다이메틸타우레이트코폴리머,스쿠알란,티타늄디옥사이드,페녹시에탄올,레시틴,폴리솔베이트60,적색산화철,황색5호,소듐시트레이트,적색202호 레이크,솔비탄아이소스테아레이트,적색202호,적색227호,시트릭애씨드,프로필갈레이트",모든 피부타입,clubj****,2022.03.07,"색 유지력이 뛰어나다.
수분감이 부족하고 건조하다.
좀더 다양한색이 있었으면한다",4,_alchera_none_
32,20221015_041035,립틴트,[올리브영단독] 베네피트 틴트 2+1기획,https://www.oliveyoung.co.kr/store/goods/getGoodsDetail.do?goodsNo=A000000160984&dispCatNo=1000001000200060003&trackingCd&curation&egcode&rccode&egrankcode,베네피트,[올리브영단독] 베네피트 틴트 2+1기획,54000,45900,,"[차차틴트]정제수,에칠헥실스테아레이트,부틸렌글라이콜,펜틸렌글라이콜,하이드록시에칠아크릴레이트/소듐아크릴로일디메칠타우레이트코폴리머,스쿠알란,디메치콘피이지-7포스페이트,페녹시에탄올,티타늄디옥사이드,레시틴,폴리소르베이트60,황색5호,테트라소듐이디티에이,디소듐이디티에이,적색218호,적색202호 레이크
[베네틴트] 정제수, 폴리솔베이트20, 페녹시에탄올, 소듐하이드록사이드, 카민, 메틸파라벤, 향료, 테트라소듐이디티에이, 말토덱스트린, 비에이치티, 제라니올, 리날룰, 헥실신나몰, 시트로넬올, 벤질살리실레이트
[플레이틴트]정제수,에틸헥실스테아레이트,펜틸렌글라이콜,부틸렌글라이콜,다이아이소스테아릴말레이트,하이드록시에틸아크릴레이트/소듐아크릴로일다이메틸타우레이트코폴리머,스쿠알란,티타늄디옥사이드,페녹시에탄올,레시틴,폴리솔베이트60,적색산화철,황색5호,소듐시트레이트,적색202호 레이크,솔비탄아이소스테아레이트,적색202호,적색227호,시트릭애씨드,프로필갈레이트",모든 피부타입,gae****,2022.02.27,"가격이 좀 사악하긴 하지만.. 
그래두 하나씩 쟁여두고 쓰기에 좋아요!
처음에 바를때는 촉촉하고~ 시간이 지나면 착색이 됩니다. 
아무래도 좀 더 촉촉해 보이려면 립밤을 덧발라주셔야 
좀 더 촉촉한 느낌의 입술색을 연출할수 있어요 ^^",4,_alchera_none_
33,20221015_041036,립틴트,[올리브영단독] 베네피트 틴트 2+1기획,https://www.oliveyoung.co.kr/store/goods/getGoodsDetail.do?goodsNo=A000000160984&dispCatNo=1000001000200060003&trackingCd&curation&egcode&rccode&egrankcode,베네피트,[올리브영단독] 베네피트 틴트 2+1기획,54000,45900,,"[차차틴트]정제수,에칠헥실스테아레이트,부틸렌글라이콜,펜틸렌글라이콜,하이드록시에칠아크릴레이트/소듐아크릴로일디메칠타우레이트코폴리머,스쿠알란,디메치콘피이지-7포스페이트,페녹시에탄올,티타늄디옥사이드,레시틴,폴리소르베이트60,황색5호,테트라소듐이디티에이,디소듐이디티에이,적색218호,적색202호 레이크
[베네틴트] 정제수, 폴리솔베이트20, 페녹시에탄올, 소듐하이드록사이드, 카민, 메틸파라벤, 향료, 테트라소듐이디티에이, 말토덱스트린, 비에이치티, 제라니올, 리날룰, 헥실신나몰, 시트로넬올, 벤질살리실레이트
[플레이틴트]정제수,에틸헥실스테아레이트,펜틸렌글라이콜,부틸렌글라이콜,다이아이소스테아릴말레이트,하이드록시에틸아크릴레이트/소듐아크릴로일다이메틸타우레이트코폴리머,스쿠알란,티타늄디옥사이드,페녹시에탄올,레시틴,폴리솔베이트60,적색산화철,황색5호,소듐시트레이트,적색202호 레이크,솔비탄아이소스테아레이트,적색202호,적색227호,시트릭애씨드,프로필갈레이트",모든 피부타입,ssn****,2022.01.28,너무 좋아하는 제품 정말 저렴하게 잘샀어요~ 택배파업때문인지 배송은 다소 느렸지만.. 너무 만족스럽습니다~~~,5,_alchera_none_
34,20221015_041038,립틴트,[올리브영단독] 베네피트 틴트 2+1기획,https://www.oliveyoung.co.kr/store/goods/getGoodsDetail.do?goodsNo=A000000160984&dispCatNo=1000001000200060003&trackingCd&curation&egcode&rccode&egrankcode,베네피트,[올리브영단독] 베네피트 틴트 2+1기획,54000,45900,,"[차차틴트]정제수,에칠헥실스테아레이트,부틸렌글라이콜,펜틸렌글라이콜,하이드록시에칠아크릴레이트/소듐아크릴로일디메칠타우레이트코폴리머,스쿠알란,디메치콘피이지-7포스페이트,페녹시에탄올,티타늄디옥사이드,레시틴,폴리소르베이트60,황색5호,테트라소듐이디티에이,디소듐이디티에이,적색218호,적색202호 레이크
[베네틴트] 정제수, 폴리솔베이트20, 페녹시에탄올, 소듐하이드록사이드, 카민, 메틸파라벤, 향료, 테트라소듐이디티에이, 말토덱스트린, 비에이치티, 제라니올, 리날룰, 헥실신나몰, 시트로넬올, 벤질살리실레이트
[플레이틴트]정제수,에틸헥실스테아레이트,펜틸렌글라이콜,부틸렌글라이콜,다이아이소스테아릴말레이트,하이드록시에틸아크릴레이트/소듐아크릴로일다이메틸타우레이트코폴리머,스쿠알란,티타늄디옥사이드,페녹시에탄올,레시틴,폴리솔베이트60,적색산화철,황색5호,소듐시트레이트,적색202호 레이크,솔비탄아이소스테아레이트,적색202호,적색227호,시트릭애씨드,프로필갈레이트",모든 피부타입,kyunga****,2022.06.21,생각보다 발색이 옅네요ㅜㅜ 유명템이라 기대하면서 써봤는데 저랑은 안맞는듯ㅜ 아쉽습니다ㅜ,3,_alchera_none_
35,20221015_041039,립틴트,[올리브영단독] 베네피트 틴트 2+1기획,https://www.oliveyoung.co.kr/store/goods/getGoodsDetail.do?goodsNo=A000000160984&dispCatNo=1000001000200060003&trackingCd&curation&egcode&rccode&egrankcode,베네피트,[올리브영단독] 베네피트 틴트 2+1기획,54000,45900,,"[차차틴트]정제수,에칠헥실스테아레이트,부틸렌글라이콜,펜틸렌글라이콜,하이드록시에칠아크릴레이트/소듐아크릴로일디메칠타우레이트코폴리머,스쿠알란,디메치콘피이지-7포스페이트,페녹시에탄올,티타늄디옥사이드,레시틴,폴리소르베이트60,황색5호,테트라소듐이디티에이,디소듐이디티에이,적색218호,적색202호 레이크
[베네틴트] 정제수, 폴리솔베이트20, 페녹시에탄올, 소듐하이드록사이드, 카민, 메틸파라벤, 향료, 테트라소듐이디티에이, 말토덱스트린, 비에이치티, 제라니올, 리날룰, 헥실신나몰, 시트로넬올, 벤질살리실레이트
[플레이틴트]정제수,에틸헥실스테아레이트,펜틸렌글라이콜,부틸렌글라이콜,다이아이소스테아릴말레이트,하이드록시에틸아크릴레이트/소듐아크릴로일다이메틸타우레이트코폴리머,스쿠알란,티타늄디옥사이드,페녹시에탄올,레시틴,폴리솔베이트60,적색산화철,황색5호,소듐시트레이트,적색202호 레이크,솔비탄아이소스테아레이트,적색202호,적색227호,시트릭애씨드,프로필갈레이트",모든 피부타입,sphj****,2022.05.17,전 별루 입술이 건조해져요 다른 사람 선물로 줬어요  전 안맞아여 색도 발리는건지 뭔지,3,_alchera_none_
36,20221015_041040,립틴트,[올리브영단독] 베네피트 틴트 2+1기획,https://www.oliveyoung.co.kr/store/goods/getGoodsDetail.do?goodsNo=A000000160984&dispCatNo=1000001000200060003&trackingCd&curation&egcode&rccode&egrankcode,베네피트,[올리브영단독] 베네피트 틴트 2+1기획,54000,45900,,"[차차틴트]정제수,에칠헥실스테아레이트,부틸렌글라이콜,펜틸렌글라이콜,하이드록시에칠아크릴레이트/소듐아크릴로일디메칠타우레이트코폴리머,스쿠알란,디메치콘피이지-7포스페이트,페녹시에탄올,티타늄디옥사이드,레시틴,폴리소르베이트60,황색5호,테트라소듐이디티에이,디소듐이디티에이,적색218호,적색202호 레이크
[베네틴트] 정제수, 폴리솔베이트20, 페녹시에탄올, 소듐하이드록사이드, 카민, 메틸파라벤, 향료, 테트라소듐이디티에이, 말토덱스트린, 비에이치티, 제라니올, 리날룰, 헥실신나몰, 시트로넬올, 벤질살리실레이트
[플레이틴트]정제수,에틸헥실스테아레이트,펜틸렌글라이콜,부틸렌글라이콜,다이아이소스테아릴말레이트,하이드록시에틸아크릴레이트/소듐아크릴로일다이메틸타우레이트코폴리머,스쿠알란,티타늄디옥사이드,페녹시에탄올,레시틴,폴리솔베이트60,적색산화철,황색5호,소듐시트레이트,적색202호 레이크,솔비탄아이소스테아레이트,적색202호,적색227호,시트릭애씨드,프로필갈레이트",모든 피부타입,ultra****,2022.04.08,차차틴트는 원래 쓰고있는 제품이었고 다른 제품들도 써보고싶어서 사게됐는데 웜톤인데 베네틴트는 생각보다 잘 안어울리고 발색이 안돼서 손이 잘 안가요 그리고 처음 열어볼때 엄청 셌어요,5,_alchera_none_
37,20221015_041041,립틴트,[올리브영단독] 베네피트 틴트 2+1기획,https://www.oliveyoung.co.kr/store/goods/getGoodsDetail.do?goodsNo=A000000160984&dispCatNo=1000001000200060003&trackingCd&curation&egcode&rccode&egrankcode,베네피트,[올리브영단독] 베네피트 틴트 2+1기획,54000,45900,,"[차차틴트]정제수,에칠헥실스테아레이트,부틸렌글라이콜,펜틸렌글라이콜,하이드록시에칠아크릴레이트/소듐아크릴로일디메칠타우레이트코폴리머,스쿠알란,디메치콘피이지-7포스페이트,페녹시에탄올,티타늄디옥사이드,레시틴,폴리소르베이트60,황색5호,테트라소듐이디티에이,디소듐이디티에이,적색218호,적색202호 레이크
[베네틴트] 정제수, 폴리솔베이트20, 페녹시에탄올, 소듐하이드록사이드, 카민, 메틸파라벤, 향료, 테트라소듐이디티에이, 말토덱스트린, 비에이치티, 제라니올, 리날룰, 헥실신나몰, 시트로넬올, 벤질살리실레이트
[플레이틴트]정제수,에틸헥실스테아레이트,펜틸렌글라이콜,부틸렌글라이콜,다이아이소스테아릴말레이트,하이드록시에틸아크릴레이트/소듐아크릴로일다이메틸타우레이트코폴리머,스쿠알란,티타늄디옥사이드,페녹시에탄올,레시틴,폴리솔베이트60,적색산화철,황색5호,소듐시트레이트,적색202호 레이크,솔비탄아이소스테아레이트,적색202호,적색227호,시트릭애씨드,프로필갈레이트",모든 피부타입,yus****,2022.03.25,"베네피트 틴트는 그냥 쟁이는 템임
특히 할인할때 미리 땡겨놔야함
근데 포지틴트는 언제 다시 나오는 거임?
여리여리 핑크 넘 그립다오~~~~~~/",5,_alchera_none_
38,20221015_041042,립틴트,[올리브영단독] 베네피트 틴트 2+1기획,https://www.oliveyoung.co.kr/store/goods/getGoodsDetail.do?goodsNo=A000000160984&dispCatNo=1000001000200060003&trackingCd&curation&egcode&rccode&egrankcode,베네피트,[올리브영단독] 베네피트 틴트 2+1기획,54000,45900,,"[차차틴트]정제수,에칠헥실스테아레이트,부틸렌글라이콜,펜틸렌글라이콜,하이드록시에칠아크릴레이트/소듐아크릴로일디메칠타우레이트코폴리머,스쿠알란,디메치콘피이지-7포스페이트,페녹시에탄올,티타늄디옥사이드,레시틴,폴리소르베이트60,황색5호,테트라소듐이디티에이,디소듐이디티에이,적색218호,적색202호 레이크
[베네틴트] 정제수, 폴리솔베이트20, 페녹시에탄올, 소듐하이드록사이드, 카민, 메틸파라벤, 향료, 테트라소듐이디티에이, 말토덱스트린, 비에이치티, 제라니올, 리날룰, 헥실신나몰, 시트로넬올, 벤질살리실레이트
[플레이틴트]정제수,에틸헥실스테아레이트,펜틸렌글라이콜,부틸렌글라이콜,다이아이소스테아릴말레이트,하이드록시에틸아크릴레이트/소듐아크릴로일다이메틸타우레이트코폴리머,스쿠알란,티타늄디옥사이드,페녹시에탄올,레시틴,폴리솔베이트60,적색산화철,황색5호,소듐시트레이트,적색202호 레이크,솔비탄아이소스테아레이트,적색202호,적색227호,시트릭애씨드,프로필갈레이트",모든 피부타입,sach****,2022.03.17,세개 딱 써보고 싶은 제품들 이어서 구매하게되었습니당ㅎㅎ,4,_alchera_none_
39,20221015_041043,립틴트,[올리브영단독] 베네피트 틴트 2+1기획,https://www.oliveyoung.co.kr/store/goods/getGoodsDetail.do?goodsNo=A000000160984&dispCatNo=1000001000200060003&trackingCd&curation&egcode&rccode&egrankcode,베네피트,[올리브영단독] 베네피트 틴트 2+1기획,54000,45900,,"[차차틴트]정제수,에칠헥실스테아레이트,부틸렌글라이콜,펜틸렌글라이콜,하이드록시에칠아크릴레이트/소듐아크릴로일디메칠타우레이트코폴리머,스쿠알란,디메치콘피이지-7포스페이트,페녹시에탄올,티타늄디옥사이드,레시틴,폴리소르베이트60,황색5호,테트라소듐이디티에이,디소듐이디티에이,적색218호,적색202호 레이크
[베네틴트] 정제수, 폴리솔베이트20, 페녹시에탄올, 소듐하이드록사이드, 카민, 메틸파라벤, 향료, 테트라소듐이디티에이, 말토덱스트린, 비에이치티, 제라니올, 리날룰, 헥실신나몰, 시트로넬올, 벤질살리실레이트
[플레이틴트]정제수,에틸헥실스테아레이트,펜틸렌글라이콜,부틸렌글라이콜,다이아이소스테아릴말레이트,하이드록시에틸아크릴레이트/소듐아크릴로일다이메틸타우레이트코폴리머,스쿠알란,티타늄디옥사이드,페녹시에탄올,레시틴,폴리솔베이트60,적색산화철,황색5호,소듐시트레이트,적색202호 레이크,솔비탄아이소스테아레이트,적색202호,적색227호,시트릭애씨드,프로필갈레이트",모든 피부타입,dls****,2022.03.14,"제가 잘 쓰던 맥 틴트가 단종되는 바람에 ㅠ_ㅠ 
급하게 비슷하다는 차차틴트를 기대감에 구매하게 됐습니다!
그런데 예상과는 다르게 차차보다 러브틴트가 더 존예였어요!!
차후에 재구매 할때는 아마 러브틴트를 구매할것 같아요",5,_alchera_none_
40,20221015_041047,립틴트,[올리브영단독] 베네피트 틴트 2+1기획,https://www.oliveyoung.co.kr/store/goods/getGoodsDetail.do?goodsNo=A000000160984&dispCatNo=1000001000200060003&trackingCd&curation&egcode&rccode&egrankcode,베네피트,[올리브영단독] 베네피트 틴트 2+1기획,54000,45900,,"[차차틴트]정제수,에칠헥실스테아레이트,부틸렌글라이콜,펜틸렌글라이콜,하이드록시에칠아크릴레이트/소듐아크릴로일디메칠타우레이트코폴리머,스쿠알란,디메치콘피이지-7포스페이트,페녹시에탄올,티타늄디옥사이드,레시틴,폴리소르베이트60,황색5호,테트라소듐이디티에이,디소듐이디티에이,적색218호,적색202호 레이크
[베네틴트] 정제수, 폴리솔베이트20, 페녹시에탄올, 소듐하이드록사이드, 카민, 메틸파라벤, 향료, 테트라소듐이디티에이, 말토덱스트린, 비에이치티, 제라니올, 리날룰, 헥실신나몰, 시트로넬올, 벤질살리실레이트
[플레이틴트]정제수,에틸헥실스테아레이트,펜틸렌글라이콜,부틸렌글라이콜,다이아이소스테아릴말레이트,하이드록시에틸아크릴레이트/소듐아크릴로일다이메틸타우레이트코폴리머,스쿠알란,티타늄디옥사이드,페녹시에탄올,레시틴,폴리솔베이트60,적색산화철,황색5호,소듐시트레이트,적색202호 레이크,솔비탄아이소스테아레이트,적색202호,적색227호,시트릭애씨드,프로필갈레이트",모든 피부타입,jmj****,2022.03.12,색도 이쁘고 괜찮아요~ 건조한 편이라 수분감만 조금 있으면 좋겠어요~,5,_alchera_none_
41,20221015_041048,립틴트,[올리브영단독] 베네피트 틴트 2+1기획,https://www.oliveyoung.co.kr/store/goods/getGoodsDetail.do?goodsNo=A000000160984&dispCatNo=1000001000200060003&trackingCd&curation&egcode&rccode&egrankcode,베네피트,[올리브영단독] 베네피트 틴트 2+1기획,54000,45900,,"[차차틴트]정제수,에칠헥실스테아레이트,부틸렌글라이콜,펜틸렌글라이콜,하이드록시에칠아크릴레이트/소듐아크릴로일디메칠타우레이트코폴리머,스쿠알란,디메치콘피이지-7포스페이트,페녹시에탄올,티타늄디옥사이드,레시틴,폴리소르베이트60,황색5호,테트라소듐이디티에이,디소듐이디티에이,적색218호,적색202호 레이크
[베네틴트] 정제수, 폴리솔베이트20, 페녹시에탄올, 소듐하이드록사이드, 카민, 메틸파라벤, 향료, 테트라소듐이디티에이, 말토덱스트린, 비에이치티, 제라니올, 리날룰, 헥실신나몰, 시트로넬올, 벤질살리실레이트
[플레이틴트]정제수,에틸헥실스테아레이트,펜틸렌글라이콜,부틸렌글라이콜,다이아이소스테아릴말레이트,하이드록시에틸아크릴레이트/소듐아크릴로일다이메틸타우레이트코폴리머,스쿠알란,티타늄디옥사이드,페녹시에탄올,레시틴,폴리솔베이트60,적색산화철,황색5호,소듐시트레이트,적색202호 레이크,솔비탄아이소스테아레이트,적색202호,적색227호,시트릭애씨드,프로필갈레이트",모든 피부타입,amcot****,2022.03.03,"무슨 거지같은경우가
일주일동안 기달렸는데
오늘 다 취소 됐네요
전화한통도 없이",1,_alchera_none_
42,20221015_041049,립틴트,[올리브영단독] 베네피트 틴트 2+1기획,https://www.oliveyoung.co.kr/store/goods/getGoodsDetail.do?goodsNo=A000000160984&dispCatNo=1000001000200060003&trackingCd&curation&egcode&rccode&egrankcode,베네피트,[올리브영단독] 베네피트 틴트 2+1기획,54000,45900,,"[차차틴트]정제수,에칠헥실스테아레이트,부틸렌글라이콜,펜틸렌글라이콜,하이드록시에칠아크릴레이트/소듐아크릴로일디메칠타우레이트코폴리머,스쿠알란,디메치콘피이지-7포스페이트,페녹시에탄올,티타늄디옥사이드,레시틴,폴리소르베이트60,황색5호,테트라소듐이디티에이,디소듐이디티에이,적색218호,적색202호 레이크
[베네틴트] 정제수, 폴리솔베이트20, 페녹시에탄올, 소듐하이드록사이드, 카민, 메틸파라벤, 향료, 테트라소듐이디티에이, 말토덱스트린, 비에이치티, 제라니올, 리날룰, 헥실신나몰, 시트로넬올, 벤질살리실레이트
[플레이틴트]정제수,에틸헥실스테아레이트,펜틸렌글라이콜,부틸렌글라이콜,다이아이소스테아릴말레이트,하이드록시에틸아크릴레이트/소듐아크릴로일다이메틸타우레이트코폴리머,스쿠알란,티타늄디옥사이드,페녹시에탄올,레시틴,폴리솔베이트60,적색산화철,황색5호,소듐시트레이트,적색202호 레이크,솔비탄아이소스테아레이트,적색202호,적색227호,시트릭애씨드,프로필갈레이트",모든 피부타입,eng****,2022.02.26,예쁜 색상으로 3개 세트라니 너무 좋아요. 마스크에 가려져도 내기분이 좋으니 굿,5,_alchera_none_
43,20221015_041050,립틴트,[올리브영단독] 베네피트 틴트 2+1기획,https://www.oliveyoung.co.kr/store/goods/getGoodsDetail.do?goodsNo=A000000160984&dispCatNo=1000001000200060003&trackingCd&curation&egcode&rccode&egrankcode,베네피트,[올리브영단독] 베네피트 틴트 2+1기획,54000,45900,,"[차차틴트]정제수,에칠헥실스테아레이트,부틸렌글라이콜,펜틸렌글라이콜,하이드록시에칠아크릴레이트/소듐아크릴로일디메칠타우레이트코폴리머,스쿠알란,디메치콘피이지-7포스페이트,페녹시에탄올,티타늄디옥사이드,레시틴,폴리소르베이트60,황색5호,테트라소듐이디티에이,디소듐이디티에이,적색218호,적색202호 레이크
[베네틴트] 정제수, 폴리솔베이트20, 페녹시에탄올, 소듐하이드록사이드, 카민, 메틸파라벤, 향료, 테트라소듐이디티에이, 말토덱스트린, 비에이치티, 제라니올, 리날룰, 헥실신나몰, 시트로넬올, 벤질살리실레이트
[플레이틴트]정제수,에틸헥실스테아레이트,펜틸렌글라이콜,부틸렌글라이콜,다이아이소스테아릴말레이트,하이드록시에틸아크릴레이트/소듐아크릴로일다이메틸타우레이트코폴리머,스쿠알란,티타늄디옥사이드,페녹시에탄올,레시틴,폴리솔베이트60,적색산화철,황색5호,소듐시트레이트,적색202호 레이크,솔비탄아이소스테아레이트,적색202호,적색227호,시트릭애씨드,프로필갈레이트",모든 피부타입,chelseak****,2022.02.19,틴트는 생각보다 엄청 오래 써요 그래서 이번에 3개 돌려가며 쓰려고 샀어요 올리브영에만 있는 구성인 것 같네요,5,_alchera_none_
44,20221015_041052,립틴트,[올리브영단독] 베네피트 틴트 2+1기획,https://www.oliveyoung.co.kr/store/goods/getGoodsDetail.do?goodsNo=A000000160984&dispCatNo=1000001000200060003&trackingCd&curation&egcode&rccode&egrankcode,베네피트,[올리브영단독] 베네피트 틴트 2+1기획,54000,45900,,"[차차틴트]정제수,에칠헥실스테아레이트,부틸렌글라이콜,펜틸렌글라이콜,하이드록시에칠아크릴레이트/소듐아크릴로일디메칠타우레이트코폴리머,스쿠알란,디메치콘피이지-7포스페이트,페녹시에탄올,티타늄디옥사이드,레시틴,폴리소르베이트60,황색5호,테트라소듐이디티에이,디소듐이디티에이,적색218호,적색202호 레이크
[베네틴트] 정제수, 폴리솔베이트20, 페녹시에탄올, 소듐하이드록사이드, 카민, 메틸파라벤, 향료, 테트라소듐이디티에이, 말토덱스트린, 비에이치티, 제라니올, 리날룰, 헥실신나몰, 시트로넬올, 벤질살리실레이트
[플레이틴트]정제수,에틸헥실스테아레이트,펜틸렌글라이콜,부틸렌글라이콜,다이아이소스테아릴말레이트,하이드록시에틸아크릴레이트/소듐아크릴로일다이메틸타우레이트코폴리머,스쿠알란,티타늄디옥사이드,페녹시에탄올,레시틴,폴리솔베이트60,적색산화철,황색5호,소듐시트레이트,적색202호 레이크,솔비탄아이소스테아레이트,적색202호,적색227호,시트릭애씨드,프로필갈레이트",모든 피부타입,wjddnjs****,2022.01.24,베네틴트 말고 러브틴트 인 줄..  물틴트는 영 착색이 시원찮음.,3,_alchera_none_
45,20221015_041053,립틴트,[올리브영단독] 베네피트 틴트 2+1기획,https://www.oliveyoung.co.kr/store/goods/getGoodsDetail.do?goodsNo=A000000160984&dispCatNo=1000001000200060003&trackingCd&curation&egcode&rccode&egrankcode,베네피트,[올리브영단독] 베네피트 틴트 2+1기획,54000,45900,,"[차차틴트]정제수,에칠헥실스테아레이트,부틸렌글라이콜,펜틸렌글라이콜,하이드록시에칠아크릴레이트/소듐아크릴로일디메칠타우레이트코폴리머,스쿠알란,디메치콘피이지-7포스페이트,페녹시에탄올,티타늄디옥사이드,레시틴,폴리소르베이트60,황색5호,테트라소듐이디티에이,디소듐이디티에이,적색218호,적색202호 레이크
[베네틴트] 정제수, 폴리솔베이트20, 페녹시에탄올, 소듐하이드록사이드, 카민, 메틸파라벤, 향료, 테트라소듐이디티에이, 말토덱스트린, 비에이치티, 제라니올, 리날룰, 헥실신나몰, 시트로넬올, 벤질살리실레이트
[플레이틴트]정제수,에틸헥실스테아레이트,펜틸렌글라이콜,부틸렌글라이콜,다이아이소스테아릴말레이트,하이드록시에틸아크릴레이트/소듐아크릴로일다이메틸타우레이트코폴리머,스쿠알란,티타늄디옥사이드,페녹시에탄올,레시틴,폴리솔베이트60,적색산화철,황색5호,소듐시트레이트,적색202호 레이크,솔비탄아이소스테아레이트,적색202호,적색227호,시트릭애씨드,프로필갈레이트",모든 피부타입,0,2022.01.24,2+1으로 다양한 색 사용할 수 있어서 좋아요. 유통기한도 여유 있습니다.,5,_alchera_none_
46,20221015_041054,립틴트,[올리브영단독] 베네피트 틴트 2+1기획,https://www.oliveyoung.co.kr/store/goods/getGoodsDetail.do?goodsNo=A000000160984&dispCatNo=1000001000200060003&trackingCd&curation&egcode&rccode&egrankcode,베네피트,[올리브영단독] 베네피트 틴트 2+1기획,54000,45900,,"[차차틴트]정제수,에칠헥실스테아레이트,부틸렌글라이콜,펜틸렌글라이콜,하이드록시에칠아크릴레이트/소듐아크릴로일디메칠타우레이트코폴리머,스쿠알란,디메치콘피이지-7포스페이트,페녹시에탄올,티타늄디옥사이드,레시틴,폴리소르베이트60,황색5호,테트라소듐이디티에이,디소듐이디티에이,적색218호,적색202호 레이크
[베네틴트] 정제수, 폴리솔베이트20, 페녹시에탄올, 소듐하이드록사이드, 카민, 메틸파라벤, 향료, 테트라소듐이디티에이, 말토덱스트린, 비에이치티, 제라니올, 리날룰, 헥실신나몰, 시트로넬올, 벤질살리실레이트
[플레이틴트]정제수,에틸헥실스테아레이트,펜틸렌글라이콜,부틸렌글라이콜,다이아이소스테아릴말레이트,하이드록시에틸아크릴레이트/소듐아크릴로일다이메틸타우레이트코폴리머,스쿠알란,티타늄디옥사이드,페녹시에탄올,레시틴,폴리솔베이트60,적색산화철,황색5호,소듐시트레이트,적색202호 레이크,솔비탄아이소스테아레이트,적색202호,적색227호,시트릭애씨드,프로필갈레이트",모든 피부타입,kayoung****,2022.03.24,용량이 작아져서 넘 좋구 팁도 달라져서 더 편해진 것 같아요.,5,_alchera_none_
