,timestamp,category,productName,urlProduct,brand,productName.1,price1,price2,Color,ingredients,skinType,username,datePublished,reviewText,score,reviewerSkinType
0,20221015_101346,아이라이너,[잔망 루피 에디션] 삐아 라스트 오토 젤 아이라이너 5종,https://www.oliveyoung.co.kr/store/goods/getGoodsDetail.do?goodsNo=A000000165601&dispCatNo=1000001000200070002&trackingCd&curation&egcode&rccode&egrankcode,삐아,[잔망 루피 에디션] 삐아 라스트 오토 젤 아이라이너 5종,8500,6500,L02 재즈;L08 엔젤;L11 리넨베이지;L12 크림베이지;L13 피넛베이지,"[L02 재즈]
트라이메틸실록시실리케이트, 아이소도데케인, 흑색산화철, 사이클로펜타실록세인, 폴리에틸렌, 마이카, 적색산화철, 합성왁스, 세레신, 황색산화철, 티타늄디옥사이드, 비닐다이메티콘/메티콘실세스퀴옥세인크로스폴리머, 칸데릴라왁스, 폴리아이소부텐, 폴리하이드록시스테아릭애씨드, 레시틴, 에틸헥실팔미테이트, 아이소스테아릭애씨드, 아이소프로필미리스테이트, 글리세릴카프릴레이트, 카프릴릴글라이콜, 폴리글리세릴-3폴리리시놀리에이트, 틴옥사이드",모든 피부 타입,새벽여우별,2022.08.27,"이거 콜라보니까 아마 한정판이겠죠..?? 정말정말 귀여워서 다 사고싶은데 원하는 색 먼저 사고 다른 것도 고려하려고 가장 먼저 사고싶었던 피넛베이지부터 구매했어요😆 

❣️벌써 지금 사용 중인 삐아 라스트 젤 아이라이너만 저렇게 다양해요. 삐아 아이라이너는 아이라인 용도뿐만 아니라 색상도 다양하고 제형도 다양해서 용도를 다양하게 사용할 수 있어서 좋아요. 

❣️피넛베이지는 애교살 메이크업에 음영을 넣기 위해 구매했어요. 삐아 아이라이너가 애교살 메이크업에 제격인 색상들이 많아요. 
음영 색상 중에 아몬드 베이지 색상도 있었는데 붉은기가 많이 올라오는 저한테 유독 더 붉게 발색될 것 같아서 비교적 연하고 살짝 더 노란 피넛베이지를 구매했어요. 
피부톤 밝은 분들은 피넛베이지 색상 강추예요!!

🔸뚜껑에 달린 루피 얼굴 너무 귀엽죠ㅠㅠ 
처음에 웃는 루피 얼굴 패키지를 갖고 싶었는데 실물 보니까 짜증난 루피도 너무너무 귀여워요. 루피 이런 모습 보기 힘들잖아요ㅋㅋㅋ 
뚜껑에 살짝 무게감이 실리긴 하는데 거슬릴 정도는 아니에요. 

🔸애교살 메이크업에 리넨베이지와 크림베이지 색상 같이 쓰면 좋아요. 저는 둘 다 가지고 있는데 베이지펄이나  골드펄을 같이 쓸 때는 크림베이지, 화이트펄이나 핑크펄을 쓸 때는 리넨베이지 색상을 쓰고 피넛베이지로 음영을 줘요. 엔젤이랑 웨딩피치 색상도 같이 쓰기 좋은 것 같아서 구매할 생각이에요.

🔸요즘 애교살 만드는 라이너가 많이 나오는데 굳이굳이 펜슬 여러 개를 쓰는 이유!!
👉삐아 아이라이너답게 지속력이 좋고 뭉치지 않아요.
애교살 메이크업의 정점은 자연스러움이잖아요. 필러 넣은 것처럼 보이지 않고 원래 가지고 있던 자연스러운 모양을 만들어줘요. 
아이라이너라 애교살 라이너를 사용하거나 섀도우로 음영을 주는 것보다 지속력이 길어요.
여름철 하루종일 외출하고 와도 번짐이나 색이 사라지는 게 없어서 좋았어요.

🔸색상은 세 번째 사진 참고해주세요. 
저한테 좀 노랗게 올라오긴 하는데 붉은색보다 자연스러워서 아몬드베이지 안 사고 피넛베이지 산 게 잘한 일 같아요. 눕혀서 그어서 저렇게 나왔는데 충분히 얇게 그릴 수 있어요. 

🔸진한 아이라인 색상보다는 살짝 무른 편이에요. 
부드럽게 그려지면서 주름에 끼이지 않고 빽빽하게 색상이 채워져요. 픽싱이 아이라인 색상처럼 빠르지는 않지만 한 번 픽싱되면 굳이 문지르지 않는 한 클렌징할 때까지 지워지지 않아요. 

🔸젤 아이라이너지만 잘 굳는 편은 아닌 것 같아요.
계속 잘 그려져요.
🔸뒤에 펜슬깎이가 있더라고요. 
그동안 삐아 아이라이너를 몇 개나 썼는데 이걸 지금 알았는지ㅋㅋㅋㅋ 뒤에 펜슬깎이가 있어서 계속 뾰족하게 유지하면서 사용할 수 있어요.",5,건성;여름쿨톤;민감성;트러블
1,20221015_101346,아이라이너,[잔망 루피 에디션] 삐아 라스트 오토 젤 아이라이너 5종,https://www.oliveyoung.co.kr/store/goods/getGoodsDetail.do?goodsNo=A000000165601&dispCatNo=1000001000200070002&trackingCd&curation&egcode&rccode&egrankcode,삐아,[잔망 루피 에디션] 삐아 라스트 오토 젤 아이라이너 5종,8500,6500,L02 재즈;L08 엔젤;L11 리넨베이지;L12 크림베이지;L13 피넛베이지,"[L02 재즈]
트라이메틸실록시실리케이트, 아이소도데케인, 흑색산화철, 사이클로펜타실록세인, 폴리에틸렌, 마이카, 적색산화철, 합성왁스, 세레신, 황색산화철, 티타늄디옥사이드, 비닐다이메티콘/메티콘실세스퀴옥세인크로스폴리머, 칸데릴라왁스, 폴리아이소부텐, 폴리하이드록시스테아릭애씨드, 레시틴, 에틸헥실팔미테이트, 아이소스테아릭애씨드, 아이소프로필미리스테이트, 글리세릴카프릴레이트, 카프릴릴글라이콜, 폴리글리세릴-3폴리리시놀리에이트, 틴옥사이드",모든 피부 타입,새벽여우별,2022.09.27,"삐아 라스트 젤 아이라이너는 진짜 여러 방면으로 제 메이크업 완성도를 높여주는 제품이에요.
그래서 로즈번, 피넛베이지, 리넨베이지, 크림베이지, 엔젤 등을 같이 써 주고 있고 이번에 아몬드베이지도 구매할 생각이에요. 
아이라이너라 지속력도 좋은데 저렴한 가격에 비해 용량도 많고 심이 두껍지 않아서 활용도가 높아요. 완전 가성비 최고 제품입니다👍

🔹잔망루피 콜라보 에디션이라 뚜껑에 귀여운 루피 캐릭터 피규어가 붙어 있어요. 아주 귀엽고 한정판이라 소장 가치가 있긴 한데 생각보다 무게가 있고 기존 라스트 젤 아이라이너보다 길어서 보관하기는 불편한 단점이 있어요. 잘 쓰는 색상이라면 덜 쓰는 색상 뚜껑과 바꿔서 쓰는 걸 추천드려요.

🔹뒤꽁무니에 펜슬깎이가 있어요.
아니 이 가격에 펜슬깎이도 있다니,, 진짜 가성비 최고입니다👍👍 젤 아이라이너의 경우에는 눈두덩이의 유분기와 섀도우가 같이 뭉쳐서 굳는 경우가 다반사인데 그럴 때 펜슬깎이에 살짝 깎아주면 다시 젤 느낌으로 그릴 수 있어요. 라이터에 지지는 것보다 더 안전하답니다ㅎㅎ

🔹색상은 노란기와 붉은기가 빠진 연한 갈색이에요.
저는 처음에 애교살 메이크업에 쓰려고 구매했는데 제 피부에는 생각보다 진해서 뒤트임용으로 쓰고 있어요. 로즈번 색상이랑 같이 사용하면 로즈번이나 피넛베이지 단독으로 쓸 때보다 더 자연스러운 뒤트임 메이크업을 할 수 있어요. 섀도우로 하는 것보다 지속력도 길어요.",5,건성;여름쿨톤;민감성;트러블
2,20221015_101346,아이라이너,[잔망 루피 에디션] 삐아 라스트 오토 젤 아이라이너 5종,https://www.oliveyoung.co.kr/store/goods/getGoodsDetail.do?goodsNo=A000000165601&dispCatNo=1000001000200070002&trackingCd&curation&egcode&rccode&egrankcode,삐아,[잔망 루피 에디션] 삐아 라스트 오토 젤 아이라이너 5종,8500,6500,L02 재즈;L08 엔젤;L11 리넨베이지;L12 크림베이지;L13 피넛베이지,"[L02 재즈]
트라이메틸실록시실리케이트, 아이소도데케인, 흑색산화철, 사이클로펜타실록세인, 폴리에틸렌, 마이카, 적색산화철, 합성왁스, 세레신, 황색산화철, 티타늄디옥사이드, 비닐다이메티콘/메티콘실세스퀴옥세인크로스폴리머, 칸데릴라왁스, 폴리아이소부텐, 폴리하이드록시스테아릭애씨드, 레시틴, 에틸헥실팔미테이트, 아이소스테아릭애씨드, 아이소프로필미리스테이트, 글리세릴카프릴레이트, 카프릴릴글라이콜, 폴리글리세릴-3폴리리시놀리에이트, 틴옥사이드",모든 피부 타입,누데,2022.08.23,"잔망루피 너무 귀여워서ㅋㅋㅋㅠ 일반 제품보다 몇 천원 더 비쌌지만서도,,, 그냥 구매했어요! 넘 귀여운거아니냐며,,, 쓸때마다 귀여워서 기분 좋을 것 같은💕

저는 리넨베이지 컬러로 구매했고, 색조는 진짜 한 통을 제대로 비우는 경우가 없는 것 같은데… 이건 사용기한이 넉넉해서 마르지않게 관리만 잘하면 될 것 같아요-!

저는 무펄로 애교살 밝히는 용도로 사용하고파서 리넨베이지로 구매했고, 제 피부톤에 살짝 밝은 정도의 컬러라 구매하려던 용도에 딱 맞아 좋았습니다🤍

같은 라인으로 펄 제품도 같이 구매했는데, 펄 제품보다는 지속력 이나 번짐은 떨어지는 것 같아요ㅠ 금방 지워져있더라구요..! 그래도 아이프라이머+파우더처리 같이 해주니 번지지않고 오래갔어요! 펄 라이너랑 같이 사용하니깐 넘 예뻤습니다..ㅠㅠ

밝은 컬러의 무펄 라이너가 은근 선택 범위가 넓지 않은데.. 삐아 제품으로 저렴한 가격에 퀄도 괜찮은 제품이라 대만족이에요",5,지성;쿨톤;각질;잡티
3,20221015_101346,아이라이너,[잔망 루피 에디션] 삐아 라스트 오토 젤 아이라이너 5종,https://www.oliveyoung.co.kr/store/goods/getGoodsDetail.do?goodsNo=A000000165601&dispCatNo=1000001000200070002&trackingCd&curation&egcode&rccode&egrankcode,삐아,[잔망 루피 에디션] 삐아 라스트 오토 젤 아이라이너 5종,8500,6500,L02 재즈;L08 엔젤;L11 리넨베이지;L12 크림베이지;L13 피넛베이지,"[L02 재즈]
트라이메틸실록시실리케이트, 아이소도데케인, 흑색산화철, 사이클로펜타실록세인, 폴리에틸렌, 마이카, 적색산화철, 합성왁스, 세레신, 황색산화철, 티타늄디옥사이드, 비닐다이메티콘/메티콘실세스퀴옥세인크로스폴리머, 칸데릴라왁스, 폴리아이소부텐, 폴리하이드록시스테아릭애씨드, 레시틴, 에틸헥실팔미테이트, 아이소스테아릭애씨드, 아이소프로필미리스테이트, 글리세릴카프릴레이트, 카프릴릴글라이콜, 폴리글리세릴-3폴리리시놀리에이트, 틴옥사이드",모든 피부 타입,누데,2022.06.13,"잔망루피 너무 귀여워서ㅋㅋㅋㅠ 일반 제품보다 몇 천원 더 비쌌지만서도,,, 그냥 구매했어요! 넘 귀여운거아니냐며,,, 쓸때마다 귀여워서 기분 좋을 것 같은💕

저는 리넨베이지 컬러로 구매했고, 색조는 진짜 한 통을 제대로 비우는 경우가 없는 것 같은데… 이건 사용기한이 넉넉해서 마르지않게 관리만 잘하면 될 것 같아요-!

저는 무펄로 애교살 밝히는 용도로 사용하고파서 리넨베이지로 구매했고, 제 피부톤에 살짝 밝은 정도의 컬러라 구매하려던 용도에 딱 맞아 좋았습니다🤍

같은 라인으로 펄 제품도 같이 구매했는데, 펄 제품보다는 지속력 이나 번짐은 떨어지는 것 같아요ㅠ 금방 지워져있더라구요..! 그래도 아이프라이머+파우더처리 같이 해주니 번지지않고 오래갔어요! 펄 라이너랑 같이 사용하니깐 넘 예뻤습니다..ㅠㅠ

밝은 컬러의 무펄 라이너가 은근 선택 범위가 넓지 않은데.. 삐아 제품으로 저렴한 가격에 퀄도 괜찮은 제품이라 대만족이에요",5,지성;쿨톤;각질;잡티
4,20221015_101346,아이라이너,[잔망 루피 에디션] 삐아 라스트 오토 젤 아이라이너 5종,https://www.oliveyoung.co.kr/store/goods/getGoodsDetail.do?goodsNo=A000000165601&dispCatNo=1000001000200070002&trackingCd&curation&egcode&rccode&egrankcode,삐아,[잔망 루피 에디션] 삐아 라스트 오토 젤 아이라이너 5종,8500,6500,L02 재즈;L08 엔젤;L11 리넨베이지;L12 크림베이지;L13 피넛베이지,"[L02 재즈]
트라이메틸실록시실리케이트, 아이소도데케인, 흑색산화철, 사이클로펜타실록세인, 폴리에틸렌, 마이카, 적색산화철, 합성왁스, 세레신, 황색산화철, 티타늄디옥사이드, 비닐다이메티콘/메티콘실세스퀴옥세인크로스폴리머, 칸데릴라왁스, 폴리아이소부텐, 폴리하이드록시스테아릭애씨드, 레시틴, 에틸헥실팔미테이트, 아이소스테아릭애씨드, 아이소프로필미리스테이트, 글리세릴카프릴레이트, 카프릴릴글라이콜, 폴리글리세릴-3폴리리시놀리에이트, 틴옥사이드",모든 피부 타입,뮤온,2022.10.07,"너무 깜찍하고 귀여워요 ㅠ

제일 걱정되는 부분이 있다면
루피 얼굴에 때가 타지는 않을까 하는 거?
사실 그렇게 걱정할 건 없지만
그래도 막상 받아보니 루피 너무 귀여워서 ㅠㅠ
뽀로로 별로 안 좋아하는데
잔망루피는 좀 웃겨 가지고 자꾸 보게 됨 ㅋ

그리고 재즈, 크림 베이지, 린넨 베이지, 엔젤 주문했는데
린넨 베이지는 부러져서 왔어요 ㅠㅠ
그냥 쓸까 했는데 거의 1/3인가 
하여간 많이 부러져 있어서
아쉽지만 교환처리 부탁드렸습니당 ㅎㅎ
조금 기다렸다 멀쩡한 제품 사용하려고요 ㅎㅎ

그리고 루피 얼굴들이 색상마다 다 달라서 너무 귀여움...
솔직히 파우치에 넣어다니기에 
얼굴들이 너무 통 튀어나외서
거슬리기는 하겠지만
그래도 귀여운 걸 어떡하나요 ㅠㅠ

진심 너무 귀엽고 핑크핑크라고....
피넛 베이지? 컬러도 구매하고 싶어요!",5,복합성;쿨톤;각질;모공
5,20221015_101346,아이라이너,[잔망 루피 에디션] 삐아 라스트 오토 젤 아이라이너 5종,https://www.oliveyoung.co.kr/store/goods/getGoodsDetail.do?goodsNo=A000000165601&dispCatNo=1000001000200070002&trackingCd&curation&egcode&rccode&egrankcode,삐아,[잔망 루피 에디션] 삐아 라스트 오토 젤 아이라이너 5종,8500,6500,L02 재즈;L08 엔젤;L11 리넨베이지;L12 크림베이지;L13 피넛베이지,"[L02 재즈]
트라이메틸실록시실리케이트, 아이소도데케인, 흑색산화철, 사이클로펜타실록세인, 폴리에틸렌, 마이카, 적색산화철, 합성왁스, 세레신, 황색산화철, 티타늄디옥사이드, 비닐다이메티콘/메티콘실세스퀴옥세인크로스폴리머, 칸데릴라왁스, 폴리아이소부텐, 폴리하이드록시스테아릭애씨드, 레시틴, 에틸헥실팔미테이트, 아이소스테아릭애씨드, 아이소프로필미리스테이트, 글리세릴카프릴레이트, 카프릴릴글라이콜, 폴리글리세릴-3폴리리시놀리에이트, 틴옥사이드",모든 피부 타입,뮤온,2022.09.10,"뽀로로 별로 안 좋아하는데
이건 너무 귀여워서 구매했어요;
삐아는 정말 가성비 괜찮은 아이템을 많이 만드네요.

엔젤 컬러는 사랑스럽고 귀여워서 손이 많이 갈 듯 합니다.
처음에는 사용하기 편하게
샤프하게 깎인 내용물이 나와 있어요.
그런데 캡을 닫다가 내용물이 손상될까봐 조금 무섭긴 해요 ㅎ

케이스는 너무 귀엽고 얇아서 편해요.
그런데 루피 얼굴이 금방 때 타지 않을까 걱정은 되네요.
한 번 써보고 때타는지 확인해 본 후 
한달 후 리뷰 올리도록 하겠습니다.

다른 컬러들도 구매한 거 같은데
지금 추석 연휴와 겹치기도 하고 해서
조금 늦게 받아 볼 수 있을 것 같아요.

그리고 번짐이나 지속력 측면에서도 
나쁘지 않아서 다른 진한 색들도 구매해 보고 싶어요.
루피 안 달린 기획세트로도 판매하고 있으니
귀여운 거 부담스러우시면 그것도 좋을 듯 합니다.",5,복합성;쿨톤;각질;모공
6,20221015_101347,아이라이너,[잔망 루피 에디션] 삐아 라스트 오토 젤 아이라이너 5종,https://www.oliveyoung.co.kr/store/goods/getGoodsDetail.do?goodsNo=A000000165601&dispCatNo=1000001000200070002&trackingCd&curation&egcode&rccode&egrankcode,삐아,[잔망 루피 에디션] 삐아 라스트 오토 젤 아이라이너 5종,8500,6500,L02 재즈;L08 엔젤;L11 리넨베이지;L12 크림베이지;L13 피넛베이지,"[L02 재즈]
트라이메틸실록시실리케이트, 아이소도데케인, 흑색산화철, 사이클로펜타실록세인, 폴리에틸렌, 마이카, 적색산화철, 합성왁스, 세레신, 황색산화철, 티타늄디옥사이드, 비닐다이메티콘/메티콘실세스퀴옥세인크로스폴리머, 칸데릴라왁스, 폴리아이소부텐, 폴리하이드록시스테아릭애씨드, 레시틴, 에틸헥실팔미테이트, 아이소스테아릭애씨드, 아이소프로필미리스테이트, 글리세릴카프릴레이트, 카프릴릴글라이콜, 폴리글리세릴-3폴리리시놀리에이트, 틴옥사이드",모든 피부 타입,화조녀,2022.04.28,"애교살 메이크업에 사용하려고 구매했어요
발림성은 뻑뻑하지않고 부드럽게 잘 발리고 발색도 잘되요
근데 제품자체가 뽝! 이런느낌이아니라 자연스럽게 발색이되는거라
여러번 터치해도 부담스럽지 않게 발색되더라구요
펜슬 두께도 엄청 얇은편도아니고 그렇다고 두껍지도않아서
애교살만드는데 딱 적당한것같아요
뚜껑에 달려있는 루피는 뗐다붙였다 안되고 고정되어있어서
부피를 차지하지만 귀여워서 괜찮아요

삐아제품 틴트 사용해보고 괜찮아서 
이것도 사본건데 실패하지않은것같아요
무난하게 사용하기 좋습니다",5,복합성;쿨톤;각질;모공
7,20221015_101347,아이라이너,[잔망 루피 에디션] 삐아 라스트 오토 젤 아이라이너 5종,https://www.oliveyoung.co.kr/store/goods/getGoodsDetail.do?goodsNo=A000000165601&dispCatNo=1000001000200070002&trackingCd&curation&egcode&rccode&egrankcode,삐아,[잔망 루피 에디션] 삐아 라스트 오토 젤 아이라이너 5종,8500,6500,L02 재즈;L08 엔젤;L11 리넨베이지;L12 크림베이지;L13 피넛베이지,"[L02 재즈]
트라이메틸실록시실리케이트, 아이소도데케인, 흑색산화철, 사이클로펜타실록세인, 폴리에틸렌, 마이카, 적색산화철, 합성왁스, 세레신, 황색산화철, 티타늄디옥사이드, 비닐다이메티콘/메티콘실세스퀴옥세인크로스폴리머, 칸데릴라왁스, 폴리아이소부텐, 폴리하이드록시스테아릭애씨드, 레시틴, 에틸헥실팔미테이트, 아이소스테아릭애씨드, 아이소프로필미리스테이트, 글리세릴카프릴레이트, 카프릴릴글라이콜, 폴리글리세릴-3폴리리시놀리에이트, 틴옥사이드",모든 피부 타입,뮤온,2022.10.10,"잔망루피 때문에 파우치 안에서도 잘 보이고
잃어버릴 일도 줄은 듯~",5,복합성;쿨톤;각질;모공
8,20221015_101348,아이라이너,[잔망 루피 에디션] 삐아 라스트 오토 젤 아이라이너 5종,https://www.oliveyoung.co.kr/store/goods/getGoodsDetail.do?goodsNo=A000000165601&dispCatNo=1000001000200070002&trackingCd&curation&egcode&rccode&egrankcode,삐아,[잔망 루피 에디션] 삐아 라스트 오토 젤 아이라이너 5종,8500,6500,L02 재즈;L08 엔젤;L11 리넨베이지;L12 크림베이지;L13 피넛베이지,"[L02 재즈]
트라이메틸실록시실리케이트, 아이소도데케인, 흑색산화철, 사이클로펜타실록세인, 폴리에틸렌, 마이카, 적색산화철, 합성왁스, 세레신, 황색산화철, 티타늄디옥사이드, 비닐다이메티콘/메티콘실세스퀴옥세인크로스폴리머, 칸데릴라왁스, 폴리아이소부텐, 폴리하이드록시스테아릭애씨드, 레시틴, 에틸헥실팔미테이트, 아이소스테아릭애씨드, 아이소프로필미리스테이트, 글리세릴카프릴레이트, 카프릴릴글라이콜, 폴리글리세릴-3폴리리시놀리에이트, 틴옥사이드",모든 피부 타입,카노,2022.10.01,"삐아 라이너 제품 이거 꽤 유명하잖아요~?? 저도 이번이 5개째 재구매입니다!! 이 발림성 진짜 써본사람만 알거예요..!

L08 엔젤은, 은은한 딸기우유빛 핑크생 컬러예요! 애교살 채워줄 때 사용하기 정말 좋았습니다!

애교살 그리고, 채워주기에도 매우좋았고, 그 밖에도 삼각존 채워주기, 눈꼬리 라인 연장 해주기에도 너무 좋았어요 완전 만능템 입니다!

단점은, 그리는부분이 뭉툭하게 생겨서 얇게, 뾰족하게 그리기에는 어려워요! 그래서 애굣살이 도톰하신 분들한테 추천하는 라이너입니당 많이 뭉툭하다고 느껴지신다면, 아래쪽에 있는 샤프너로 다듬어서 쓰시면되요! 그리고 많이 뺴내면 부서질 수도있으니 항상 조금씩 빼내서 사용해주세요!

번짐도 없고 지속력도 좋고 너무 진하거나 너무 연하지도 않아서 딱 좋았어요!

자극도 없었고, 비건 제품이라 좋았어요!",5,_alchera_none_
9,20221015_101349,아이라이너,[잔망 루피 에디션] 삐아 라스트 오토 젤 아이라이너 5종,https://www.oliveyoung.co.kr/store/goods/getGoodsDetail.do?goodsNo=A000000165601&dispCatNo=1000001000200070002&trackingCd&curation&egcode&rccode&egrankcode,삐아,[잔망 루피 에디션] 삐아 라스트 오토 젤 아이라이너 5종,8500,6500,L02 재즈;L08 엔젤;L11 리넨베이지;L12 크림베이지;L13 피넛베이지,"[L02 재즈]
트라이메틸실록시실리케이트, 아이소도데케인, 흑색산화철, 사이클로펜타실록세인, 폴리에틸렌, 마이카, 적색산화철, 합성왁스, 세레신, 황색산화철, 티타늄디옥사이드, 비닐다이메티콘/메티콘실세스퀴옥세인크로스폴리머, 칸데릴라왁스, 폴리아이소부텐, 폴리하이드록시스테아릭애씨드, 레시틴, 에틸헥실팔미테이트, 아이소스테아릭애씨드, 아이소프로필미리스테이트, 글리세릴카프릴레이트, 카프릴릴글라이콜, 폴리글리세릴-3폴리리시놀리에이트, 틴옥사이드",모든 피부 타입,pi****,2022.08.03,"항상 쓰는 제품이라서 또 사려고 봤더니 요즘 빠진 잔망루피 캐릭터랑 콜라보를 해서 보자마자 주문해버렸어요 ㅋㅋㅋ
동생이 화장하는걸 좋아해서 메이크업 꿀템을 많이 알고있는데 걔가 추천해주는걸 살때마다 아주 만족스럽게 쓰고있습니다
이 아이라이너도 몇년 전에 손민수한건데 너무 좋아서 몇개째 사는건지 모르겠네요
얇은버전만 썼었는데 이건 일반 굵기인 것 같아서 써봐야 알 것 같긴해요
라인이 두껍게 그려지는게 싫어서 항상 얇은버전으로 샀었거든요
색상은 항상 쓰던 색이라 맘에 들고 삐아 아이라이너가 항상 부드럽게 잘 발리는데 휙휙 발릴정도는 아니라 실수없이 적당하게 바를 수 있어서 너무 좋습니다
은은한 펄감도 예쁘고, 눈가에 유분기가 있는데도 번지지도 않고 눈두덩이에 찍히는 자국도 안남아요
하루종일 돌아다녀도 지속이 잘 되고 오히려 좀 지났을 때 더 예쁜 것 같아요",5,_alchera_none_
10,20221015_101352,아이라이너,[잔망 루피 에디션] 삐아 라스트 오토 젤 아이라이너 5종,https://www.oliveyoung.co.kr/store/goods/getGoodsDetail.do?goodsNo=A000000165601&dispCatNo=1000001000200070002&trackingCd&curation&egcode&rccode&egrankcode,삐아,[잔망 루피 에디션] 삐아 라스트 오토 젤 아이라이너 5종,8500,6500,L02 재즈;L08 엔젤;L11 리넨베이지;L12 크림베이지;L13 피넛베이지,"[L02 재즈]
트라이메틸실록시실리케이트, 아이소도데케인, 흑색산화철, 사이클로펜타실록세인, 폴리에틸렌, 마이카, 적색산화철, 합성왁스, 세레신, 황색산화철, 티타늄디옥사이드, 비닐다이메티콘/메티콘실세스퀴옥세인크로스폴리머, 칸데릴라왁스, 폴리아이소부텐, 폴리하이드록시스테아릭애씨드, 레시틴, 에틸헥실팔미테이트, 아이소스테아릭애씨드, 아이소프로필미리스테이트, 글리세릴카프릴레이트, 카프릴릴글라이콜, 폴리글리세릴-3폴리리시놀리에이트, 틴옥사이드",모든 피부 타입,Jinar7358,2022.06.29,"애교살 그림자 그리고파서 린넨베이지랑 같이샀는데
아이라이너로 쓰긴 애매하고ㅜ...진하진않아서
애교살 그림자론 굿",3,복합성;쿨톤;모공;미백
11,20221015_101352,아이라이너,[잔망 루피 에디션] 삐아 라스트 오토 젤 아이라이너 5종,https://www.oliveyoung.co.kr/store/goods/getGoodsDetail.do?goodsNo=A000000165601&dispCatNo=1000001000200070002&trackingCd&curation&egcode&rccode&egrankcode,삐아,[잔망 루피 에디션] 삐아 라스트 오토 젤 아이라이너 5종,8500,6500,L02 재즈;L08 엔젤;L11 리넨베이지;L12 크림베이지;L13 피넛베이지,"[L02 재즈]
트라이메틸실록시실리케이트, 아이소도데케인, 흑색산화철, 사이클로펜타실록세인, 폴리에틸렌, 마이카, 적색산화철, 합성왁스, 세레신, 황색산화철, 티타늄디옥사이드, 비닐다이메티콘/메티콘실세스퀴옥세인크로스폴리머, 칸데릴라왁스, 폴리아이소부텐, 폴리하이드록시스테아릭애씨드, 레시틴, 에틸헥실팔미테이트, 아이소스테아릭애씨드, 아이소프로필미리스테이트, 글리세릴카프릴레이트, 카프릴릴글라이콜, 폴리글리세릴-3폴리리시놀리에이트, 틴옥사이드",모든 피부 타입,임뚜비,2022.04.29,루피 넘나 귀여워요~ 원래쓰던템이라 루피콜라보하길래 하나더샀어요! 잘쓸게요,5,건성;쿨톤;각질;모공
12,20221015_101352,아이라이너,[잔망 루피 에디션] 삐아 라스트 오토 젤 아이라이너 5종,https://www.oliveyoung.co.kr/store/goods/getGoodsDetail.do?goodsNo=A000000165601&dispCatNo=1000001000200070002&trackingCd&curation&egcode&rccode&egrankcode,삐아,[잔망 루피 에디션] 삐아 라스트 오토 젤 아이라이너 5종,8500,6500,L02 재즈;L08 엔젤;L11 리넨베이지;L12 크림베이지;L13 피넛베이지,"[L02 재즈]
트라이메틸실록시실리케이트, 아이소도데케인, 흑색산화철, 사이클로펜타실록세인, 폴리에틸렌, 마이카, 적색산화철, 합성왁스, 세레신, 황색산화철, 티타늄디옥사이드, 비닐다이메티콘/메티콘실세스퀴옥세인크로스폴리머, 칸데릴라왁스, 폴리아이소부텐, 폴리하이드록시스테아릭애씨드, 레시틴, 에틸헥실팔미테이트, 아이소스테아릭애씨드, 아이소프로필미리스테이트, 글리세릴카프릴레이트, 카프릴릴글라이콜, 폴리글리세릴-3폴리리시놀리에이트, 틴옥사이드",모든 피부 타입,해바라기,2022.04.25,"아직 사용해보진 않았고 너무 귀여워서 충동구매를 했어요 
사실 화장을 잘 하지 않아서 꼭 필요한건 아니었는데 귀여워서 그만..ㅋㅋ 
이왕 산거 잘 써봐야겠어요 
사은품으로 받은 키링이랑 스티커도 너무 귀여워요",4,건성;웜톤;미백;탄력
13,20221015_101352,아이라이너,[잔망 루피 에디션] 삐아 라스트 오토 젤 아이라이너 5종,https://www.oliveyoung.co.kr/store/goods/getGoodsDetail.do?goodsNo=A000000165601&dispCatNo=1000001000200070002&trackingCd&curation&egcode&rccode&egrankcode,삐아,[잔망 루피 에디션] 삐아 라스트 오토 젤 아이라이너 5종,8500,6500,L02 재즈;L08 엔젤;L11 리넨베이지;L12 크림베이지;L13 피넛베이지,"[L02 재즈]
트라이메틸실록시실리케이트, 아이소도데케인, 흑색산화철, 사이클로펜타실록세인, 폴리에틸렌, 마이카, 적색산화철, 합성왁스, 세레신, 황색산화철, 티타늄디옥사이드, 비닐다이메티콘/메티콘실세스퀴옥세인크로스폴리머, 칸데릴라왁스, 폴리아이소부텐, 폴리하이드록시스테아릭애씨드, 레시틴, 에틸헥실팔미테이트, 아이소스테아릭애씨드, 아이소프로필미리스테이트, 글리세릴카프릴레이트, 카프릴릴글라이콜, 폴리글리세릴-3폴리리시놀리에이트, 틴옥사이드",모든 피부 타입,albe****,2022.08.31,"애교살 뒤트임 메이크업용으로 구매한 삐아 컨실러 라이너. 

일단 색상이 웜톤, 쿨톤용으로 딱 나눠져 있어서 고르기 쉬웠어요. 애교살에 메이크업이나 뒤트임용으로는 쿨톤이 좀 더 화사하게 좋을 것 같아 리넨 베이지로 구매했습니다. 근데 21호보다 밝은 피부 톤이라면 컨실러가 효과가 크게 없을 수도 있어요. 

색이 그렇게 밝은 톤이 아니라서 자연스러운 정도입니다. 발색 샷에서도 보이듯 조명 바로 아래서 밝게 한 색상과 일반 밝기 아래에서 찍은 사진의 색이 살짝 다르게 보이죠. 좀 더 밝은 색상이 나왔으면 하네요. 

컨실러 펜슬은 깎아 쓰는 제품이 많던데 이 제품은 오토라서 만족했고, 가격도 저렴한 편이라 좋습니다. 살짝 끼임이 있긴 한데 아이 메이크업하기 전에 파우더 처리하고 바르면 조금 덜해요.

잔망 루피가 달려 있는 게 귀엽긴 하나 가끔 파우치에 넣을 때는 뺐다 끼웠다 할 수 있었으면 더 편하겠네요.",4,복합성;여름쿨톤;미백;트러블
14,20221015_101352,아이라이너,[잔망 루피 에디션] 삐아 라스트 오토 젤 아이라이너 5종,https://www.oliveyoung.co.kr/store/goods/getGoodsDetail.do?goodsNo=A000000165601&dispCatNo=1000001000200070002&trackingCd&curation&egcode&rccode&egrankcode,삐아,[잔망 루피 에디션] 삐아 라스트 오토 젤 아이라이너 5종,8500,6500,L02 재즈;L08 엔젤;L11 리넨베이지;L12 크림베이지;L13 피넛베이지,"[L02 재즈]
트라이메틸실록시실리케이트, 아이소도데케인, 흑색산화철, 사이클로펜타실록세인, 폴리에틸렌, 마이카, 적색산화철, 합성왁스, 세레신, 황색산화철, 티타늄디옥사이드, 비닐다이메티콘/메티콘실세스퀴옥세인크로스폴리머, 칸데릴라왁스, 폴리아이소부텐, 폴리하이드록시스테아릭애씨드, 레시틴, 에틸헥실팔미테이트, 아이소스테아릭애씨드, 아이소프로필미리스테이트, 글리세릴카프릴레이트, 카프릴릴글라이콜, 폴리글리세릴-3폴리리시놀리에이트, 틴옥사이드",모든 피부 타입,꿀리브영,2022.09.05,"💜구매이유
👉🏻

🤍지속력
✔️

🤍향기
✔️

🤍재구매의사
✔️",4,복합성;웜톤;모공;민감성
15,20221015_101352,아이라이너,[잔망 루피 에디션] 삐아 라스트 오토 젤 아이라이너 5종,https://www.oliveyoung.co.kr/store/goods/getGoodsDetail.do?goodsNo=A000000165601&dispCatNo=1000001000200070002&trackingCd&curation&egcode&rccode&egrankcode,삐아,[잔망 루피 에디션] 삐아 라스트 오토 젤 아이라이너 5종,8500,6500,L02 재즈;L08 엔젤;L11 리넨베이지;L12 크림베이지;L13 피넛베이지,"[L02 재즈]
트라이메틸실록시실리케이트, 아이소도데케인, 흑색산화철, 사이클로펜타실록세인, 폴리에틸렌, 마이카, 적색산화철, 합성왁스, 세레신, 황색산화철, 티타늄디옥사이드, 비닐다이메티콘/메티콘실세스퀴옥세인크로스폴리머, 칸데릴라왁스, 폴리아이소부텐, 폴리하이드록시스테아릭애씨드, 레시틴, 에틸헥실팔미테이트, 아이소스테아릭애씨드, 아이소프로필미리스테이트, 글리세릴카프릴레이트, 카프릴릴글라이콜, 폴리글리세릴-3폴리리시놀리에이트, 틴옥사이드",모든 피부 타입,케지,2022.06.30,부드럽게 잘 발리는데 저는 애굣살 음영포인트를 주는게 아닌 눈꼬리쪽에 아이라인 대신 음영감을 주는데 눈매가 깊어보이고 자연스럽게 길어보여서 좋지만 지속력이  짧아서 아쉬워요..ㅎ 그치만 그위에 살짝 어두운 섀도를 덧바르면 지속력이 길어지니 요즘 잘 사용중입니다,5,민감성;봄웜톤;다크서클;민감성
16,20221015_101352,아이라이너,[잔망 루피 에디션] 삐아 라스트 오토 젤 아이라이너 5종,https://www.oliveyoung.co.kr/store/goods/getGoodsDetail.do?goodsNo=A000000165601&dispCatNo=1000001000200070002&trackingCd&curation&egcode&rccode&egrankcode,삐아,[잔망 루피 에디션] 삐아 라스트 오토 젤 아이라이너 5종,8500,6500,L02 재즈;L08 엔젤;L11 리넨베이지;L12 크림베이지;L13 피넛베이지,"[L02 재즈]
트라이메틸실록시실리케이트, 아이소도데케인, 흑색산화철, 사이클로펜타실록세인, 폴리에틸렌, 마이카, 적색산화철, 합성왁스, 세레신, 황색산화철, 티타늄디옥사이드, 비닐다이메티콘/메티콘실세스퀴옥세인크로스폴리머, 칸데릴라왁스, 폴리아이소부텐, 폴리하이드록시스테아릭애씨드, 레시틴, 에틸헥실팔미테이트, 아이소스테아릭애씨드, 아이소프로필미리스테이트, 글리세릴카프릴레이트, 카프릴릴글라이콜, 폴리글리세릴-3폴리리시놀리에이트, 틴옥사이드",모든 피부 타입,albe****,2022.06.25,"컨실러 펜슬을 찾다가 발견한 제품입니다. 요즘 애교살 메이크업이 유행이다 보니 한번 해볼까 싶어 컨실러 펜슬 제품들을 찾아다녔는데 오토로 되어있으면서 제품력도 좋은 아이템이 없더라고요. 

그러다 리뷰를 보고 구매한 제품입니다. 다양한 제품군들과 비교가 잘 되어있어서 결정하기 편리했는데요. 색상도 쿨톤 웜톤 나눠져 있어서 직접 발색해 보지 않고도 바로 골랐고 실제로도 베이지와 쿨톤 느낌이 잘 섞인 컬러입니다. 

굵기가 얇아서 애교 살 밑에 그리기도 편하고 블렌딩도 손으로 쉽게 되어서 좋습니다. 작은 잡티를 가릴 용으로도 써볼까 했는데 한번 터치해서는 안 되고 여러 번 올려줘야 하네요. 

그래도 가격 대비 이만한 제품이 잘 없는 것 같습니다. 색상도 다양해서 그림자용으로 피넛 베이지, 밑 트임 용으로 로즈 번,소울 브라운 제품도 사용해 보고 싶어집니다.",5,복합성;여름쿨톤;미백;트러블
17,20221015_101353,아이라이너,[잔망 루피 에디션] 삐아 라스트 오토 젤 아이라이너 5종,https://www.oliveyoung.co.kr/store/goods/getGoodsDetail.do?goodsNo=A000000165601&dispCatNo=1000001000200070002&trackingCd&curation&egcode&rccode&egrankcode,삐아,[잔망 루피 에디션] 삐아 라스트 오토 젤 아이라이너 5종,8500,6500,L02 재즈;L08 엔젤;L11 리넨베이지;L12 크림베이지;L13 피넛베이지,"[L02 재즈]
트라이메틸실록시실리케이트, 아이소도데케인, 흑색산화철, 사이클로펜타실록세인, 폴리에틸렌, 마이카, 적색산화철, 합성왁스, 세레신, 황색산화철, 티타늄디옥사이드, 비닐다이메티콘/메티콘실세스퀴옥세인크로스폴리머, 칸데릴라왁스, 폴리아이소부텐, 폴리하이드록시스테아릭애씨드, 레시틴, 에틸헥실팔미테이트, 아이소스테아릭애씨드, 아이소프로필미리스테이트, 글리세릴카프릴레이트, 카프릴릴글라이콜, 폴리글리세릴-3폴리리시놀리에이트, 틴옥사이드",모든 피부 타입,탱ㅇi,2022.04.29,"🌸 루피 에디션 🌸
 ' 삐야 ' 라는 브랜드는 제가 예전부터 좋아하던 브랜드인데 이번에 잔망루피랑 에디션한걸 보고 바로 샀습니다❗️
팬슬제형을 다 살려고 했는데 클톤 웜톤 이렇게 나눠져있는걸 보고 그냥 피넛이랑 재즈 상품만 샀는데 후회하고 있어요ㅠㅠ.. 그냥 다 살깔..

일단❗️❗️
재즈 - 재즈는 진짜 생각보다 발림성도 부드럽고 ㅈㅓ는 쌍카풀이 없는 눈인데도 번짐도 없었고, ( 그렇다고 눈덩이에 살이 많이 있진 않아용 ) 선명하게 잘 그려져서 놀랐어요. 

전 펜슬을 사용해도 마무리는 붓펜으로 정돈해주는 느낌으로 메이크업 마무리르ㄹ 하는데 이상품을 처음에 사용하고 난후엔 붓펜을 사용하지 않았어요!!

피넛 - 은은한 회색빛이 돌면서 진하지도않고, 그렇다고 연하지도않은 그런 색감을 가지고있어서 솔직히 막 하기에도 좋았고, 이것만 했을땐 뭐지? 라고 생각했으나 펄을 올리는 순간 뙇!! 
이래서 애굣슬 메이크업 하는구나를 느꼈어요ㅎㅎ
저는 만족합니당 다른제품도 살 생각이에오🧡",5,약건성;웜톤;각질;모공
18,20221015_101354,아이라이너,[잔망 루피 에디션] 삐아 라스트 오토 젤 아이라이너 5종,https://www.oliveyoung.co.kr/store/goods/getGoodsDetail.do?goodsNo=A000000165601&dispCatNo=1000001000200070002&trackingCd&curation&egcode&rccode&egrankcode,삐아,[잔망 루피 에디션] 삐아 라스트 오토 젤 아이라이너 5종,8500,6500,L02 재즈;L08 엔젤;L11 리넨베이지;L12 크림베이지;L13 피넛베이지,"[L02 재즈]
트라이메틸실록시실리케이트, 아이소도데케인, 흑색산화철, 사이클로펜타실록세인, 폴리에틸렌, 마이카, 적색산화철, 합성왁스, 세레신, 황색산화철, 티타늄디옥사이드, 비닐다이메티콘/메티콘실세스퀴옥세인크로스폴리머, 칸데릴라왁스, 폴리아이소부텐, 폴리하이드록시스테아릭애씨드, 레시틴, 에틸헥실팔미테이트, 아이소스테아릭애씨드, 아이소프로필미리스테이트, 글리세릴카프릴레이트, 카프릴릴글라이콜, 폴리글리세릴-3폴리리시놀리에이트, 틴옥사이드",모든 피부 타입,disiisis,2022.09.21,진짜 너무 예쁜 글리터 입니다 친구한테도 영업했어요 쿨톤분들이 쓰시기에 짱,5,_alchera_none_
19,20221015_101354,아이라이너,[잔망 루피 에디션] 삐아 라스트 오토 젤 아이라이너 5종,https://www.oliveyoung.co.kr/store/goods/getGoodsDetail.do?goodsNo=A000000165601&dispCatNo=1000001000200070002&trackingCd&curation&egcode&rccode&egrankcode,삐아,[잔망 루피 에디션] 삐아 라스트 오토 젤 아이라이너 5종,8500,6500,L02 재즈;L08 엔젤;L11 리넨베이지;L12 크림베이지;L13 피넛베이지,"[L02 재즈]
트라이메틸실록시실리케이트, 아이소도데케인, 흑색산화철, 사이클로펜타실록세인, 폴리에틸렌, 마이카, 적색산화철, 합성왁스, 세레신, 황색산화철, 티타늄디옥사이드, 비닐다이메티콘/메티콘실세스퀴옥세인크로스폴리머, 칸데릴라왁스, 폴리아이소부텐, 폴리하이드록시스테아릭애씨드, 레시틴, 에틸헥실팔미테이트, 아이소스테아릭애씨드, 아이소프로필미리스테이트, 글리세릴카프릴레이트, 카프릴릴글라이콜, 폴리글리세릴-3폴리리시놀리에이트, 틴옥사이드",모든 피부 타입,챙듀듀,2022.07.19,"웃을때만 애교살이 튀어나오는 사람으로써.. 진짜 애교살 음영은 완전 필수필수인데 맨날 섀도우나 아이브로우로만 음영을 줬다가 이 아이를 만나고 나서는 완전 정착을 해버렸습니다. 
애교살에만 쓰다보니 양도 크게 줄지않아서 오래쓰고
색도 완전 자연스럽고 번짐도 없고 지속력도 좋았어요!!",5,겨울쿨톤;다크서클;모공
20,20221015_101356,아이라이너,[잔망 루피 에디션] 삐아 라스트 오토 젤 아이라이너 5종,https://www.oliveyoung.co.kr/store/goods/getGoodsDetail.do?goodsNo=A000000165601&dispCatNo=1000001000200070002&trackingCd&curation&egcode&rccode&egrankcode,삐아,[잔망 루피 에디션] 삐아 라스트 오토 젤 아이라이너 5종,8500,6500,L02 재즈;L08 엔젤;L11 리넨베이지;L12 크림베이지;L13 피넛베이지,"[L02 재즈]
트라이메틸실록시실리케이트, 아이소도데케인, 흑색산화철, 사이클로펜타실록세인, 폴리에틸렌, 마이카, 적색산화철, 합성왁스, 세레신, 황색산화철, 티타늄디옥사이드, 비닐다이메티콘/메티콘실세스퀴옥세인크로스폴리머, 칸데릴라왁스, 폴리아이소부텐, 폴리하이드록시스테아릭애씨드, 레시틴, 에틸헥실팔미테이트, 아이소스테아릭애씨드, 아이소프로필미리스테이트, 글리세릴카프릴레이트, 카프릴릴글라이콜, 폴리글리세릴-3폴리리시놀리에이트, 틴옥사이드",모든 피부 타입,wwk****,2022.04.30,"발림성은 마음에 드는데 번짐이 있어서 아쉬워요ㅠㅠ
굵기가 좀더 얇았으몀 그리기 더 쉬웠을 것 같아요!
그렇지만 패키지는 넘 귀엽네요 ㅎㅎ",5,복합성;민감성;블랙헤드
21,20221015_101357,아이라이너,[잔망 루피 에디션] 삐아 라스트 오토 젤 아이라이너 5종,https://www.oliveyoung.co.kr/store/goods/getGoodsDetail.do?goodsNo=A000000165601&dispCatNo=1000001000200070002&trackingCd&curation&egcode&rccode&egrankcode,삐아,[잔망 루피 에디션] 삐아 라스트 오토 젤 아이라이너 5종,8500,6500,L02 재즈;L08 엔젤;L11 리넨베이지;L12 크림베이지;L13 피넛베이지,"[L02 재즈]
트라이메틸실록시실리케이트, 아이소도데케인, 흑색산화철, 사이클로펜타실록세인, 폴리에틸렌, 마이카, 적색산화철, 합성왁스, 세레신, 황색산화철, 티타늄디옥사이드, 비닐다이메티콘/메티콘실세스퀴옥세인크로스폴리머, 칸데릴라왁스, 폴리아이소부텐, 폴리하이드록시스테아릭애씨드, 레시틴, 에틸헥실팔미테이트, 아이소스테아릭애씨드, 아이소프로필미리스테이트, 글리세릴카프릴레이트, 카프릴릴글라이콜, 폴리글리세릴-3폴리리시놀리에이트, 틴옥사이드",모든 피부 타입,guswjd****,2022.09.15,"상당히 부드럽게 잘발려요.
얇고 길게 라인빼는거 좋아해서 붓펜 아이라이너만 몇년쓰다가 오랜만에 젤아이라이너 써보는데 너무 부드러워서 쓰자마자 부러트렸는데 ㅎㅎ 금방 손에 익네염
부드럽게 잘발리고 뒤에 달려있는 깎이로 깍아서 쓰니 얇게 라인 잘 그려져요. 다만 번짐이 좀 있는 편이라 파우더 바르기 전후로 발라주니까 덜번지네여.",5,_alchera_none_
22,20221015_101359,아이라이너,[잔망 루피 에디션] 삐아 라스트 오토 젤 아이라이너 5종,https://www.oliveyoung.co.kr/store/goods/getGoodsDetail.do?goodsNo=A000000165601&dispCatNo=1000001000200070002&trackingCd&curation&egcode&rccode&egrankcode,삐아,[잔망 루피 에디션] 삐아 라스트 오토 젤 아이라이너 5종,8500,6500,L02 재즈;L08 엔젤;L11 리넨베이지;L12 크림베이지;L13 피넛베이지,"[L02 재즈]
트라이메틸실록시실리케이트, 아이소도데케인, 흑색산화철, 사이클로펜타실록세인, 폴리에틸렌, 마이카, 적색산화철, 합성왁스, 세레신, 황색산화철, 티타늄디옥사이드, 비닐다이메티콘/메티콘실세스퀴옥세인크로스폴리머, 칸데릴라왁스, 폴리아이소부텐, 폴리하이드록시스테아릭애씨드, 레시틴, 에틸헥실팔미테이트, 아이소스테아릭애씨드, 아이소프로필미리스테이트, 글리세릴카프릴레이트, 카프릴릴글라이콜, 폴리글리세릴-3폴리리시놀리에이트, 틴옥사이드",모든 피부 타입,guswjd****,2022.09.15,"상당히 부드럽게 잘발려요.
얇고 길게 라인빼는거 좋아해서 붓펜 아이라이너만 몇년쓰다가 오랜만에 젤아이라이너 써보는데 너무 부드러워서 쓰자마자 부러트렸는데 ㅎㅎ 금방 손에 익네염
부드럽게 잘발리고 뒤에 달려있는 깎이로 깍아서 쓰니 얇게 라인 잘 그려져요. 다만 번짐이 좀 있는 편이라 파우더 바르기 전후로 발라주니까 덜번지네여.",5,_alchera_none_
23,20221015_101400,아이라이너,[잔망 루피 에디션] 삐아 라스트 오토 젤 아이라이너 5종,https://www.oliveyoung.co.kr/store/goods/getGoodsDetail.do?goodsNo=A000000165601&dispCatNo=1000001000200070002&trackingCd&curation&egcode&rccode&egrankcode,삐아,[잔망 루피 에디션] 삐아 라스트 오토 젤 아이라이너 5종,8500,6500,L02 재즈;L08 엔젤;L11 리넨베이지;L12 크림베이지;L13 피넛베이지,"[L02 재즈]
트라이메틸실록시실리케이트, 아이소도데케인, 흑색산화철, 사이클로펜타실록세인, 폴리에틸렌, 마이카, 적색산화철, 합성왁스, 세레신, 황색산화철, 티타늄디옥사이드, 비닐다이메티콘/메티콘실세스퀴옥세인크로스폴리머, 칸데릴라왁스, 폴리아이소부텐, 폴리하이드록시스테아릭애씨드, 레시틴, 에틸헥실팔미테이트, 아이소스테아릭애씨드, 아이소프로필미리스테이트, 글리세릴카프릴레이트, 카프릴릴글라이콜, 폴리글리세릴-3폴리리시놀리에이트, 틴옥사이드",모든 피부 타입,url****,2022.04.23,"루피가 너무 귀여워서 샀어용! 넘모귀여운것.. 그런데 유통기한 표시가 루피 얼굴 뒤에 있었으면 좋았을텐데 애매하게 거슬리는 각도에 있네유.. ㅠㅠㅠ 그리고 루피 얼굴은 고정되어있어요! 안 빠지더라구요
애교살용 컨실러? 밝혀주는용도로 사용하려구 구입했습니다
내용물은 일반 삐아 오토 젤 아이라이너랑 동일한거같아요
22호정도되는 피부인데 크림베이지컬러가 피부색이랑 많이 비슷해용 조금 더 밝은거 원하시는분은 다른컬러 선택하셔야 할 것 같아요
피부랑 엄청 비슷한데 그래도 애교살에 발라주니 애교살이 자연스럽게 오동통하게 차오르는듯한 느낌이 들어요
그런데 픽싱이 뽝! 되는편은 아니구요 시간이 지나니 눈가 잔주름에 잘 끼는 편이랄까ㅜㅜ 이점이 상당히 아쉬웠어요
그런데 은근히 잡티가리기에 좋은 것 같아요 ! 지속력이 그렇게 좋진 않지만 잡티같은거 잘 가려지긴 하더라구요",4,_alchera_none_
24,20221015_101401,아이라이너,[잔망 루피 에디션] 삐아 라스트 오토 젤 아이라이너 5종,https://www.oliveyoung.co.kr/store/goods/getGoodsDetail.do?goodsNo=A000000165601&dispCatNo=1000001000200070002&trackingCd&curation&egcode&rccode&egrankcode,삐아,[잔망 루피 에디션] 삐아 라스트 오토 젤 아이라이너 5종,8500,6500,L02 재즈;L08 엔젤;L11 리넨베이지;L12 크림베이지;L13 피넛베이지,"[L02 재즈]
트라이메틸실록시실리케이트, 아이소도데케인, 흑색산화철, 사이클로펜타실록세인, 폴리에틸렌, 마이카, 적색산화철, 합성왁스, 세레신, 황색산화철, 티타늄디옥사이드, 비닐다이메티콘/메티콘실세스퀴옥세인크로스폴리머, 칸데릴라왁스, 폴리아이소부텐, 폴리하이드록시스테아릭애씨드, 레시틴, 에틸헥실팔미테이트, 아이소스테아릭애씨드, 아이소프로필미리스테이트, 글리세릴카프릴레이트, 카프릴릴글라이콜, 폴리글리세릴-3폴리리시놀리에이트, 틴옥사이드",모든 피부 타입,ekfkawnl****,2022.09.08,"펜슬아이라이너에요~~ 지속력 좋구요ㅎㅎ
외출전에 첫 화장하고 나면 그 뒤에 번짐없어서 함번도 수정안해도 괜찮아요!!! 아이라이너 여기저기 많이써봤지만 결론은 다시 삐아구매하게되더라구요!!
딱딱하거나 단단한 재질으ㅡ 아이라이너는 그리다가 쉽게 스머징도안되고 아프기도하고 자극적인데 삐아는 부드럽게 슥슥발려서 점막에더잘발려요~~
근데 이제삐아는 오프라인에서 구하기는어려워서ㅠㅠ올리브영매장에도 입점돼서 가볍게 외출했다가 살수있었으면 좋겠어요 오프라인으로 기다려서구매할만큼 꼬꼭 구마하게됩니당!!! 
루피랑 같이 만들어져서너무귀여워용 루피얼굴뚜껑의 핑크색 본체에요 귀여워서 더 자주손가구요 <~ 가격대비 가성비 정말젛은아이라이너에요!!! 다쓰고 또 구매해야겠어요",5,_alchera_none_
25,20221015_101402,아이라이너,[잔망 루피 에디션] 삐아 라스트 오토 젤 아이라이너 5종,https://www.oliveyoung.co.kr/store/goods/getGoodsDetail.do?goodsNo=A000000165601&dispCatNo=1000001000200070002&trackingCd&curation&egcode&rccode&egrankcode,삐아,[잔망 루피 에디션] 삐아 라스트 오토 젤 아이라이너 5종,8500,6500,L02 재즈;L08 엔젤;L11 리넨베이지;L12 크림베이지;L13 피넛베이지,"[L02 재즈]
트라이메틸실록시실리케이트, 아이소도데케인, 흑색산화철, 사이클로펜타실록세인, 폴리에틸렌, 마이카, 적색산화철, 합성왁스, 세레신, 황색산화철, 티타늄디옥사이드, 비닐다이메티콘/메티콘실세스퀴옥세인크로스폴리머, 칸데릴라왁스, 폴리아이소부텐, 폴리하이드록시스테아릭애씨드, 레시틴, 에틸헥실팔미테이트, 아이소스테아릭애씨드, 아이소프로필미리스테이트, 글리세릴카프릴레이트, 카프릴릴글라이콜, 폴리글리세릴-3폴리리시놀리에이트, 틴옥사이드",모든 피부 타입,dusdodls****,2022.08.21,"삐아 아이라이너는 워낙 안번지기로 유명한 아이예요
저도 예전부터 다양한 색 사용하고 있었는데 이번에 잔망루피 스페셜 보고 반해버려서 바로 구매해봤어요ㅎㅎ
저는 11호 샀구요 애굣살에 사용하기 아주 좋아요 딱 적당히 밝혀줘서 진짜 내 애굣살이 통통하게 차오르는 느낌
밝은 갈색으로 음영까지 주면 애굣살 메이크업 뚝딱이예요
저 브라운 색도 사용하고 있는데 저녁까지 술마시고 들어와도 안본지고 잘 고정되어있어요
아이라이너 바르고 위에 섀도우로 쓱쓱 문지르면 지속력 대박이고 굳이 섀도우 안발르더라도 힘주고 문지르지만 않다면 번지지는 않을것같아요
싼 가격에 이정도 퀄리티다? 안살이유가 없죠ㅎㅎ
색깔별로 구매하고 싶을 정도예요
저는 개인적으로 브라운,밝은 아이보리색, 붉은 계열 하나씩 사시는거 강추드립니다",5,_alchera_none_
26,20221015_101403,아이라이너,[잔망 루피 에디션] 삐아 라스트 오토 젤 아이라이너 5종,https://www.oliveyoung.co.kr/store/goods/getGoodsDetail.do?goodsNo=A000000165601&dispCatNo=1000001000200070002&trackingCd&curation&egcode&rccode&egrankcode,삐아,[잔망 루피 에디션] 삐아 라스트 오토 젤 아이라이너 5종,8500,6500,L02 재즈;L08 엔젤;L11 리넨베이지;L12 크림베이지;L13 피넛베이지,"[L02 재즈]
트라이메틸실록시실리케이트, 아이소도데케인, 흑색산화철, 사이클로펜타실록세인, 폴리에틸렌, 마이카, 적색산화철, 합성왁스, 세레신, 황색산화철, 티타늄디옥사이드, 비닐다이메티콘/메티콘실세스퀴옥세인크로스폴리머, 칸데릴라왁스, 폴리아이소부텐, 폴리하이드록시스테아릭애씨드, 레시틴, 에틸헥실팔미테이트, 아이소스테아릭애씨드, 아이소프로필미리스테이트, 글리세릴카프릴레이트, 카프릴릴글라이콜, 폴리글리세릴-3폴리리시놀리에이트, 틴옥사이드",모든 피부 타입,tldms****,2022.06.14,일단 제품을 받자마자 정말 귀여워서 미치는 줄 알았습니다!! 화장품이 이렇게 귀여울수가!! 화장품이 귀엽다는 느낌은 처음 받은거같아요😍 사용할때마다 귀여운 루피 얼굴 보면서 화장해서 기분이 좋을거같아요! 디자인은 정말 최고입니당❤️ 애굣살이 없어서 만들고 싶어서 구매하였는데 발림성은 굉장히 부드러워요! 발색은 딱 적당하게 예쁜 핑크베이지 색깔인거같아요! 지속력은 오래가는거 같아요!!근데  물에는 잘 지워질거같아요 ! 번짐은 어느정도는 있는거같아요! 워터프루프 제품이 아니여서 번짐은 어느정도 감수 하고 있습니다! 그리고 두께는 여러번 덧칠 하지 않는 이상 얇게 발리는 편이에요! 대체적으로 만족합니당! 이 제품 다 사용하고 나면 재 구매할 의사가 있습니다! 다들 귀여운 잔망 루피 구매하시길 바래요 ㅎㅎ,5,_alchera_none_
27,20221015_101404,아이라이너,[잔망 루피 에디션] 삐아 라스트 오토 젤 아이라이너 5종,https://www.oliveyoung.co.kr/store/goods/getGoodsDetail.do?goodsNo=A000000165601&dispCatNo=1000001000200070002&trackingCd&curation&egcode&rccode&egrankcode,삐아,[잔망 루피 에디션] 삐아 라스트 오토 젤 아이라이너 5종,8500,6500,L02 재즈;L08 엔젤;L11 리넨베이지;L12 크림베이지;L13 피넛베이지,"[L02 재즈]
트라이메틸실록시실리케이트, 아이소도데케인, 흑색산화철, 사이클로펜타실록세인, 폴리에틸렌, 마이카, 적색산화철, 합성왁스, 세레신, 황색산화철, 티타늄디옥사이드, 비닐다이메티콘/메티콘실세스퀴옥세인크로스폴리머, 칸데릴라왁스, 폴리아이소부텐, 폴리하이드록시스테아릭애씨드, 레시틴, 에틸헥실팔미테이트, 아이소스테아릭애씨드, 아이소프로필미리스테이트, 글리세릴카프릴레이트, 카프릴릴글라이콜, 폴리글리세릴-3폴리리시놀리에이트, 틴옥사이드",모든 피부 타입,rasw****,2022.10.14,"제일 좋은 점은 꽂혀있는 펜슬들 중에서 루피만 보여서 헷갈리지 않고 바로 집을 수 있다는 거!

얇게 발리고 지속력은 안 좋지만, 애교살에 딱 적절한 음영이라 좋아요. 오버립 할 때도 쓰기 좋아요. 다 쓰면 또 구매할 듯합니다.",5,_alchera_none_
28,20221015_101406,아이라이너,[잔망 루피 에디션] 삐아 라스트 오토 젤 아이라이너 5종,https://www.oliveyoung.co.kr/store/goods/getGoodsDetail.do?goodsNo=A000000165601&dispCatNo=1000001000200070002&trackingCd&curation&egcode&rccode&egrankcode,삐아,[잔망 루피 에디션] 삐아 라스트 오토 젤 아이라이너 5종,8500,6500,L02 재즈;L08 엔젤;L11 리넨베이지;L12 크림베이지;L13 피넛베이지,"[L02 재즈]
트라이메틸실록시실리케이트, 아이소도데케인, 흑색산화철, 사이클로펜타실록세인, 폴리에틸렌, 마이카, 적색산화철, 합성왁스, 세레신, 황색산화철, 티타늄디옥사이드, 비닐다이메티콘/메티콘실세스퀴옥세인크로스폴리머, 칸데릴라왁스, 폴리아이소부텐, 폴리하이드록시스테아릭애씨드, 레시틴, 에틸헥실팔미테이트, 아이소스테아릭애씨드, 아이소프로필미리스테이트, 글리세릴카프릴레이트, 카프릴릴글라이콜, 폴리글리세릴-3폴리리시놀리에이트, 틴옥사이드",모든 피부 타입,gga****,2022.09.22,오리지널은 다 품절이고 잔망루피만 남아있길래 어쩔 수 없이 산 건데 왕 댁알이가 너무 부담스러워요 근데 계속 보니까 정이 좀 가는 것 같기도? 허쨋뜬 밑트임 점막용으로 사용하는 편인데 애굣살더 쓰고 싶지만 살짝 주름에 끼는 느낌이 있음 발림성은 부드러워서 조와요,5,_alchera_none_
29,20221015_101407,아이라이너,[잔망 루피 에디션] 삐아 라스트 오토 젤 아이라이너 5종,https://www.oliveyoung.co.kr/store/goods/getGoodsDetail.do?goodsNo=A000000165601&dispCatNo=1000001000200070002&trackingCd&curation&egcode&rccode&egrankcode,삐아,[잔망 루피 에디션] 삐아 라스트 오토 젤 아이라이너 5종,8500,6500,L02 재즈;L08 엔젤;L11 리넨베이지;L12 크림베이지;L13 피넛베이지,"[L02 재즈]
트라이메틸실록시실리케이트, 아이소도데케인, 흑색산화철, 사이클로펜타실록세인, 폴리에틸렌, 마이카, 적색산화철, 합성왁스, 세레신, 황색산화철, 티타늄디옥사이드, 비닐다이메티콘/메티콘실세스퀴옥세인크로스폴리머, 칸데릴라왁스, 폴리아이소부텐, 폴리하이드록시스테아릭애씨드, 레시틴, 에틸헥실팔미테이트, 아이소스테아릭애씨드, 아이소프로필미리스테이트, 글리세릴카프릴레이트, 카프릴릴글라이콜, 폴리글리세릴-3폴리리시놀리에이트, 틴옥사이드",모든 피부 타입,rot****,2022.07.27,"루피에게 진심인 사람은... 기어코 잔망루피 에디션으로 된 라스트 오토 젤 아이라이너를 사고... 눈물 흘리는 중입니다
펜 꼭대기에 루피 머리 너무 잔망지고 뽀짝해요... 그리고 펜 몸통도 핑크핑크하고... 펜을 열어보면 가느다란 아이라이너가 들어있는데 그냥 봤을 땐 진짜 발색 안 되게 생겼는데 아주 크나 큰 오산입니다.. 저는 애교살용으로 구매했는데 와 무슨 애교살이 두배로 생겼어요 발색이 지이이인짜 잘 되고 색도 선명해서 후회 전혀 안 돼요 발림성이 너무 부드러워서 깜짝 놀랐습니다
많은 펜슬 라이너를 쓰고 봐왔지만 역대급이었어요..
진짜 쿨톤의 생명템 같은 리넨 베이지 색상... 두고 두고 기억하겠습니다 진짜 좀 쟁여야겠어요
오랜 고민(장장 4개월) 헛되이지 않은 구매였습니다 
사랑합니다 삐아 선생님들",5,_alchera_none_
30,20221015_101409,아이라이너,[잔망 루피 에디션] 삐아 라스트 오토 젤 아이라이너 5종,https://www.oliveyoung.co.kr/store/goods/getGoodsDetail.do?goodsNo=A000000165601&dispCatNo=1000001000200070002&trackingCd&curation&egcode&rccode&egrankcode,삐아,[잔망 루피 에디션] 삐아 라스트 오토 젤 아이라이너 5종,8500,6500,L02 재즈;L08 엔젤;L11 리넨베이지;L12 크림베이지;L13 피넛베이지,"[L02 재즈]
트라이메틸실록시실리케이트, 아이소도데케인, 흑색산화철, 사이클로펜타실록세인, 폴리에틸렌, 마이카, 적색산화철, 합성왁스, 세레신, 황색산화철, 티타늄디옥사이드, 비닐다이메티콘/메티콘실세스퀴옥세인크로스폴리머, 칸데릴라왁스, 폴리아이소부텐, 폴리하이드록시스테아릭애씨드, 레시틴, 에틸헥실팔미테이트, 아이소스테아릭애씨드, 아이소프로필미리스테이트, 글리세릴카프릴레이트, 카프릴릴글라이콜, 폴리글리세릴-3폴리리시놀리에이트, 틴옥사이드",모든 피부 타입,wwk****,2022.04.30,"패키지가 너무 귀여워서 만족해요!! 콜라보 너무 마음에들어요!!
소장하기 좋을 것 같아서 구매했어요 ㅎㅎ",5,복합성;민감성;블랙헤드
31,20221015_101409,아이라이너,[잔망 루피 에디션] 삐아 라스트 오토 젤 아이라이너 5종,https://www.oliveyoung.co.kr/store/goods/getGoodsDetail.do?goodsNo=A000000165601&dispCatNo=1000001000200070002&trackingCd&curation&egcode&rccode&egrankcode,삐아,[잔망 루피 에디션] 삐아 라스트 오토 젤 아이라이너 5종,8500,6500,L02 재즈;L08 엔젤;L11 리넨베이지;L12 크림베이지;L13 피넛베이지,"[L02 재즈]
트라이메틸실록시실리케이트, 아이소도데케인, 흑색산화철, 사이클로펜타실록세인, 폴리에틸렌, 마이카, 적색산화철, 합성왁스, 세레신, 황색산화철, 티타늄디옥사이드, 비닐다이메티콘/메티콘실세스퀴옥세인크로스폴리머, 칸데릴라왁스, 폴리아이소부텐, 폴리하이드록시스테아릭애씨드, 레시틴, 에틸헥실팔미테이트, 아이소스테아릭애씨드, 아이소프로필미리스테이트, 글리세릴카프릴레이트, 카프릴릴글라이콜, 폴리글리세릴-3폴리리시놀리에이트, 틴옥사이드",모든 피부 타입,wwk****,2022.04.30,"솔직히 패키지만 보고 구매한거라 너무너무 귀여워요!!
애교살 메이크업 할때 종종 쓸것 같아요!!",5,복합성;민감성;블랙헤드
32,20221015_101410,아이라이너,[잔망 루피 에디션] 삐아 라스트 오토 젤 아이라이너 5종,https://www.oliveyoung.co.kr/store/goods/getGoodsDetail.do?goodsNo=A000000165601&dispCatNo=1000001000200070002&trackingCd&curation&egcode&rccode&egrankcode,삐아,[잔망 루피 에디션] 삐아 라스트 오토 젤 아이라이너 5종,8500,6500,L02 재즈;L08 엔젤;L11 리넨베이지;L12 크림베이지;L13 피넛베이지,"[L02 재즈]
트라이메틸실록시실리케이트, 아이소도데케인, 흑색산화철, 사이클로펜타실록세인, 폴리에틸렌, 마이카, 적색산화철, 합성왁스, 세레신, 황색산화철, 티타늄디옥사이드, 비닐다이메티콘/메티콘실세스퀴옥세인크로스폴리머, 칸데릴라왁스, 폴리아이소부텐, 폴리하이드록시스테아릭애씨드, 레시틴, 에틸헥실팔미테이트, 아이소스테아릭애씨드, 아이소프로필미리스테이트, 글리세릴카프릴레이트, 카프릴릴글라이콜, 폴리글리세릴-3폴리리시놀리에이트, 틴옥사이드",모든 피부 타입,khr07****,2022.10.14,항상 쓰던거라 재구매해용 좋아여 아직 이만한 볼륨 라이너 못봄,5,_alchera_none_
33,20221015_101411,아이라이너,[잔망 루피 에디션] 삐아 라스트 오토 젤 아이라이너 5종,https://www.oliveyoung.co.kr/store/goods/getGoodsDetail.do?goodsNo=A000000165601&dispCatNo=1000001000200070002&trackingCd&curation&egcode&rccode&egrankcode,삐아,[잔망 루피 에디션] 삐아 라스트 오토 젤 아이라이너 5종,8500,6500,L02 재즈;L08 엔젤;L11 리넨베이지;L12 크림베이지;L13 피넛베이지,"[L02 재즈]
트라이메틸실록시실리케이트, 아이소도데케인, 흑색산화철, 사이클로펜타실록세인, 폴리에틸렌, 마이카, 적색산화철, 합성왁스, 세레신, 황색산화철, 티타늄디옥사이드, 비닐다이메티콘/메티콘실세스퀴옥세인크로스폴리머, 칸데릴라왁스, 폴리아이소부텐, 폴리하이드록시스테아릭애씨드, 레시틴, 에틸헥실팔미테이트, 아이소스테아릭애씨드, 아이소프로필미리스테이트, 글리세릴카프릴레이트, 카프릴릴글라이콜, 폴리글리세릴-3폴리리시놀리에이트, 틴옥사이드",모든 피부 타입,lm****,2022.09.26,올영세일하길래 귀여워서 바로 겟했어요 뒤쪽 뒤트임효과 주려고 샀는데 발색? 이 좋진않아요 그냥 긔여워서 산걸로 만족해요 ㅎㅎ,2,_alchera_none_
34,20221015_101412,아이라이너,[잔망 루피 에디션] 삐아 라스트 오토 젤 아이라이너 5종,https://www.oliveyoung.co.kr/store/goods/getGoodsDetail.do?goodsNo=A000000165601&dispCatNo=1000001000200070002&trackingCd&curation&egcode&rccode&egrankcode,삐아,[잔망 루피 에디션] 삐아 라스트 오토 젤 아이라이너 5종,8500,6500,L02 재즈;L08 엔젤;L11 리넨베이지;L12 크림베이지;L13 피넛베이지,"[L02 재즈]
트라이메틸실록시실리케이트, 아이소도데케인, 흑색산화철, 사이클로펜타실록세인, 폴리에틸렌, 마이카, 적색산화철, 합성왁스, 세레신, 황색산화철, 티타늄디옥사이드, 비닐다이메티콘/메티콘실세스퀴옥세인크로스폴리머, 칸데릴라왁스, 폴리아이소부텐, 폴리하이드록시스테아릭애씨드, 레시틴, 에틸헥실팔미테이트, 아이소스테아릭애씨드, 아이소프로필미리스테이트, 글리세릴카프릴레이트, 카프릴릴글라이콜, 폴리글리세릴-3폴리리시놀리에이트, 틴옥사이드",모든 피부 타입,4ever****,2022.08.25,"너무 귀여워요. ㅠㅠ 
약간 멍청한 표정으로 왔는데 그래도 귀여워요

아이라이너도 부드럽게 잘 그려집니다",5,_alchera_none_
35,20221015_101414,아이라이너,[잔망 루피 에디션] 삐아 라스트 오토 젤 아이라이너 5종,https://www.oliveyoung.co.kr/store/goods/getGoodsDetail.do?goodsNo=A000000165601&dispCatNo=1000001000200070002&trackingCd&curation&egcode&rccode&egrankcode,삐아,[잔망 루피 에디션] 삐아 라스트 오토 젤 아이라이너 5종,8500,6500,L02 재즈;L08 엔젤;L11 리넨베이지;L12 크림베이지;L13 피넛베이지,"[L02 재즈]
트라이메틸실록시실리케이트, 아이소도데케인, 흑색산화철, 사이클로펜타실록세인, 폴리에틸렌, 마이카, 적색산화철, 합성왁스, 세레신, 황색산화철, 티타늄디옥사이드, 비닐다이메티콘/메티콘실세스퀴옥세인크로스폴리머, 칸데릴라왁스, 폴리아이소부텐, 폴리하이드록시스테아릭애씨드, 레시틴, 에틸헥실팔미테이트, 아이소스테아릭애씨드, 아이소프로필미리스테이트, 글리세릴카프릴레이트, 카프릴릴글라이콜, 폴리글리세릴-3폴리리시놀리에이트, 틴옥사이드",모든 피부 타입,k202202072****,2022.05.02,"구매 이유가 잔망루피 콜라보 때문이 커서 그런가 젤 형태의 아이라이너는 많이 접해보지 않아서 혹시 붓펜 타입에 비해 뻑뻑하고 잘 안 그려지면 어쩌나 걱정했는데 생각보다 너무 좋아서 놀랐어요!
손에 힘을 주지 않아도 부드럽고 자연스럽게 슥슥 잘 그려지더라고요 ◡̈ 옅게 나올 줄 알고 손에 힘을 많이 주면 너무 두꺼워질 수 있으니 힘조절을 잘 하면서 사용해야 할 것 같아요. 색은 고동색? 진한 브라운? 정말 미묘한 색인데 자연스럽고 예뻐서 너무 마음에 들어요!
루피도 너무 귀여워서 쓸 때마다 기분 좋고 얇고 긴 펜슬 형태라 휴대성도 좋아요! 
처음에는 너무 부드럽게 잘 발리니까 땀 흘리면 번지지는 않을까 걱정했는데 시간 지나도 절대 안 번지더라고요😯🫧 여름에 쓰기도 좋을 것 같아요!
아래 부분에 샤프너가 있어서 필요에 따라 다듬을 수 있는 것도 편해요👍🏻",5,_alchera_none_
36,20221015_101415,아이라이너,[잔망 루피 에디션] 삐아 라스트 오토 젤 아이라이너 5종,https://www.oliveyoung.co.kr/store/goods/getGoodsDetail.do?goodsNo=A000000165601&dispCatNo=1000001000200070002&trackingCd&curation&egcode&rccode&egrankcode,삐아,[잔망 루피 에디션] 삐아 라스트 오토 젤 아이라이너 5종,8500,6500,L02 재즈;L08 엔젤;L11 리넨베이지;L12 크림베이지;L13 피넛베이지,"[L02 재즈]
트라이메틸실록시실리케이트, 아이소도데케인, 흑색산화철, 사이클로펜타실록세인, 폴리에틸렌, 마이카, 적색산화철, 합성왁스, 세레신, 황색산화철, 티타늄디옥사이드, 비닐다이메티콘/메티콘실세스퀴옥세인크로스폴리머, 칸데릴라왁스, 폴리아이소부텐, 폴리하이드록시스테아릭애씨드, 레시틴, 에틸헥실팔미테이트, 아이소스테아릭애씨드, 아이소프로필미리스테이트, 글리세릴카프릴레이트, 카프릴릴글라이콜, 폴리글리세릴-3폴리리시놀리에이트, 틴옥사이드",모든 피부 타입,cur****,2022.10.07,"애굣살에 바르기 좋습니다!!
이뻐요 여리여리한 색감입니다",5,_alchera_none_
37,20221015_101416,아이라이너,[잔망 루피 에디션] 삐아 라스트 오토 젤 아이라이너 5종,https://www.oliveyoung.co.kr/store/goods/getGoodsDetail.do?goodsNo=A000000165601&dispCatNo=1000001000200070002&trackingCd&curation&egcode&rccode&egrankcode,삐아,[잔망 루피 에디션] 삐아 라스트 오토 젤 아이라이너 5종,8500,6500,L02 재즈;L08 엔젤;L11 리넨베이지;L12 크림베이지;L13 피넛베이지,"[L02 재즈]
트라이메틸실록시실리케이트, 아이소도데케인, 흑색산화철, 사이클로펜타실록세인, 폴리에틸렌, 마이카, 적색산화철, 합성왁스, 세레신, 황색산화철, 티타늄디옥사이드, 비닐다이메티콘/메티콘실세스퀴옥세인크로스폴리머, 칸데릴라왁스, 폴리아이소부텐, 폴리하이드록시스테아릭애씨드, 레시틴, 에틸헥실팔미테이트, 아이소스테아릭애씨드, 아이소프로필미리스테이트, 글리세릴카프릴레이트, 카프릴릴글라이콜, 폴리글리세릴-3폴리리시놀리에이트, 틴옥사이드",모든 피부 타입,mary0****,2022.09.27,그냥 루피가 귀여워서 평점 평균은 들어갑니다 저렴한 맛에 잘 산거 같아요,4,_alchera_none_
38,20221015_101417,아이라이너,[잔망 루피 에디션] 삐아 라스트 오토 젤 아이라이너 5종,https://www.oliveyoung.co.kr/store/goods/getGoodsDetail.do?goodsNo=A000000165601&dispCatNo=1000001000200070002&trackingCd&curation&egcode&rccode&egrankcode,삐아,[잔망 루피 에디션] 삐아 라스트 오토 젤 아이라이너 5종,8500,6500,L02 재즈;L08 엔젤;L11 리넨베이지;L12 크림베이지;L13 피넛베이지,"[L02 재즈]
트라이메틸실록시실리케이트, 아이소도데케인, 흑색산화철, 사이클로펜타실록세인, 폴리에틸렌, 마이카, 적색산화철, 합성왁스, 세레신, 황색산화철, 티타늄디옥사이드, 비닐다이메티콘/메티콘실세스퀴옥세인크로스폴리머, 칸데릴라왁스, 폴리아이소부텐, 폴리하이드록시스테아릭애씨드, 레시틴, 에틸헥실팔미테이트, 아이소스테아릭애씨드, 아이소프로필미리스테이트, 글리세릴카프릴레이트, 카프릴릴글라이콜, 폴리글리세릴-3폴리리시놀리에이트, 틴옥사이드",모든 피부 타입,2uN91,2022.09.25,"부드럽고 진해요! 
지속력도 괜찮고 루피고 너무 귀여워요!",5,_alchera_none_
39,20221015_101418,아이라이너,[잔망 루피 에디션] 삐아 라스트 오토 젤 아이라이너 5종,https://www.oliveyoung.co.kr/store/goods/getGoodsDetail.do?goodsNo=A000000165601&dispCatNo=1000001000200070002&trackingCd&curation&egcode&rccode&egrankcode,삐아,[잔망 루피 에디션] 삐아 라스트 오토 젤 아이라이너 5종,8500,6500,L02 재즈;L08 엔젤;L11 리넨베이지;L12 크림베이지;L13 피넛베이지,"[L02 재즈]
트라이메틸실록시실리케이트, 아이소도데케인, 흑색산화철, 사이클로펜타실록세인, 폴리에틸렌, 마이카, 적색산화철, 합성왁스, 세레신, 황색산화철, 티타늄디옥사이드, 비닐다이메티콘/메티콘실세스퀴옥세인크로스폴리머, 칸데릴라왁스, 폴리아이소부텐, 폴리하이드록시스테아릭애씨드, 레시틴, 에틸헥실팔미테이트, 아이소스테아릭애씨드, 아이소프로필미리스테이트, 글리세릴카프릴레이트, 카프릴릴글라이콜, 폴리글리세릴-3폴리리시놀리에이트, 틴옥사이드",모든 피부 타입,7in****,2022.09.21,귀여워서 몇개 더사고 싶어요 ㅜㅜ 발림성 좋고 잘안번지는거 같아요,5,_alchera_none_
40,20221015_101421,아이라이너,[잔망 루피 에디션] 삐아 라스트 오토 젤 아이라이너 5종,https://www.oliveyoung.co.kr/store/goods/getGoodsDetail.do?goodsNo=A000000165601&dispCatNo=1000001000200070002&trackingCd&curation&egcode&rccode&egrankcode,삐아,[잔망 루피 에디션] 삐아 라스트 오토 젤 아이라이너 5종,8500,6500,L02 재즈;L08 엔젤;L11 리넨베이지;L12 크림베이지;L13 피넛베이지,"[L02 재즈]
트라이메틸실록시실리케이트, 아이소도데케인, 흑색산화철, 사이클로펜타실록세인, 폴리에틸렌, 마이카, 적색산화철, 합성왁스, 세레신, 황색산화철, 티타늄디옥사이드, 비닐다이메티콘/메티콘실세스퀴옥세인크로스폴리머, 칸데릴라왁스, 폴리아이소부텐, 폴리하이드록시스테아릭애씨드, 레시틴, 에틸헥실팔미테이트, 아이소스테아릭애씨드, 아이소프로필미리스테이트, 글리세릴카프릴레이트, 카프릴릴글라이콜, 폴리글리세릴-3폴리리시놀리에이트, 틴옥사이드",모든 피부 타입,url****,2022.08.09,"통통한 애교살메이업을 하고싶어서 구매했는데 생각보다 손이 잘 안가는 제품이에오..
제 눈에서는 너무 잘 없어지고(?) 또 바른 직후에는 괜찮은 것 같은데 시간 조금만 지나도 거울을 보면 애교살 자잘한 눈주름에 끼어있더라구요 픽싱력이 약하달까?;;
눈 주름 없는 분들은 괜찮으실지도..",4,_alchera_none_
41,20221015_101423,아이라이너,[잔망 루피 에디션] 삐아 라스트 오토 젤 아이라이너 5종,https://www.oliveyoung.co.kr/store/goods/getGoodsDetail.do?goodsNo=A000000165601&dispCatNo=1000001000200070002&trackingCd&curation&egcode&rccode&egrankcode,삐아,[잔망 루피 에디션] 삐아 라스트 오토 젤 아이라이너 5종,8500,6500,L02 재즈;L08 엔젤;L11 리넨베이지;L12 크림베이지;L13 피넛베이지,"[L02 재즈]
트라이메틸실록시실리케이트, 아이소도데케인, 흑색산화철, 사이클로펜타실록세인, 폴리에틸렌, 마이카, 적색산화철, 합성왁스, 세레신, 황색산화철, 티타늄디옥사이드, 비닐다이메티콘/메티콘실세스퀴옥세인크로스폴리머, 칸데릴라왁스, 폴리아이소부텐, 폴리하이드록시스테아릭애씨드, 레시틴, 에틸헥실팔미테이트, 아이소스테아릭애씨드, 아이소프로필미리스테이트, 글리세릴카프릴레이트, 카프릴릴글라이콜, 폴리글리세릴-3폴리리시놀리에이트, 틴옥사이드",모든 피부 타입,jhu0****,2022.07.09,진짜 안번져서 그게 너무 좋은듯.. 쓰면 바로 두꺼워져서 안좋다고 생각했는데 뒤에 있는걸로 하면 바로 뾰족해져요 바르고 3분정도 지나면 손으로 만지거나 비벼도 번짐없이 좋아요,4,_alchera_none_
42,20221015_101424,아이라이너,[잔망 루피 에디션] 삐아 라스트 오토 젤 아이라이너 5종,https://www.oliveyoung.co.kr/store/goods/getGoodsDetail.do?goodsNo=A000000165601&dispCatNo=1000001000200070002&trackingCd&curation&egcode&rccode&egrankcode,삐아,[잔망 루피 에디션] 삐아 라스트 오토 젤 아이라이너 5종,8500,6500,L02 재즈;L08 엔젤;L11 리넨베이지;L12 크림베이지;L13 피넛베이지,"[L02 재즈]
트라이메틸실록시실리케이트, 아이소도데케인, 흑색산화철, 사이클로펜타실록세인, 폴리에틸렌, 마이카, 적색산화철, 합성왁스, 세레신, 황색산화철, 티타늄디옥사이드, 비닐다이메티콘/메티콘실세스퀴옥세인크로스폴리머, 칸데릴라왁스, 폴리아이소부텐, 폴리하이드록시스테아릭애씨드, 레시틴, 에틸헥실팔미테이트, 아이소스테아릭애씨드, 아이소프로필미리스테이트, 글리세릴카프릴레이트, 카프릴릴글라이콜, 폴리글리세릴-3폴리리시놀리에이트, 틴옥사이드",모든 피부 타입,dragon91****,2022.04.28,"허옇게 줄이 쫙그어질까바 걱정했는데 생각보다 자연스럽게 발색되서 좋아용 살살바르면 자극없이 잘 발려요!
루피너무귀엽네여ㅠㅠ 앞으로도 이런 에디션많이내주세여ㅎㅎ",5,_alchera_none_
43,20221015_101425,아이라이너,[잔망 루피 에디션] 삐아 라스트 오토 젤 아이라이너 5종,https://www.oliveyoung.co.kr/store/goods/getGoodsDetail.do?goodsNo=A000000165601&dispCatNo=1000001000200070002&trackingCd&curation&egcode&rccode&egrankcode,삐아,[잔망 루피 에디션] 삐아 라스트 오토 젤 아이라이너 5종,8500,6500,L02 재즈;L08 엔젤;L11 리넨베이지;L12 크림베이지;L13 피넛베이지,"[L02 재즈]
트라이메틸실록시실리케이트, 아이소도데케인, 흑색산화철, 사이클로펜타실록세인, 폴리에틸렌, 마이카, 적색산화철, 합성왁스, 세레신, 황색산화철, 티타늄디옥사이드, 비닐다이메티콘/메티콘실세스퀴옥세인크로스폴리머, 칸데릴라왁스, 폴리아이소부텐, 폴리하이드록시스테아릭애씨드, 레시틴, 에틸헥실팔미테이트, 아이소스테아릭애씨드, 아이소프로필미리스테이트, 글리세릴카프릴레이트, 카프릴릴글라이콜, 폴리글리세릴-3폴리리시놀리에이트, 틴옥사이드",모든 피부 타입,boeun****,2022.06.02,일단 루피가 너무 귀여워서 안 살 수가 없었고ㅋㅋ 삐아 아이라이너 대체로 만족스러웠던 기억이 있어서 샀습니다 색은 고동색? 꽤 진한 색이고 얇은 라이너가 아니다보니 뭉뚝하게 그려쟈서 꼬리 빼기는 쉽지 않아요 감안하고 샀으니 괜찮지만 얄쌍하게 그리는 라이너를 원하신다면 좀 아쉬울거에요 그리고 제 눈이 그럴 수도 있지만 번짐은 은근 있습니다,4,_alchera_none_
44,20221015_101426,아이라이너,[잔망 루피 에디션] 삐아 라스트 오토 젤 아이라이너 5종,https://www.oliveyoung.co.kr/store/goods/getGoodsDetail.do?goodsNo=A000000165601&dispCatNo=1000001000200070002&trackingCd&curation&egcode&rccode&egrankcode,삐아,[잔망 루피 에디션] 삐아 라스트 오토 젤 아이라이너 5종,8500,6500,L02 재즈;L08 엔젤;L11 리넨베이지;L12 크림베이지;L13 피넛베이지,"[L02 재즈]
트라이메틸실록시실리케이트, 아이소도데케인, 흑색산화철, 사이클로펜타실록세인, 폴리에틸렌, 마이카, 적색산화철, 합성왁스, 세레신, 황색산화철, 티타늄디옥사이드, 비닐다이메티콘/메티콘실세스퀴옥세인크로스폴리머, 칸데릴라왁스, 폴리아이소부텐, 폴리하이드록시스테아릭애씨드, 레시틴, 에틸헥실팔미테이트, 아이소스테아릭애씨드, 아이소프로필미리스테이트, 글리세릴카프릴레이트, 카프릴릴글라이콜, 폴리글리세릴-3폴리리시놀리에이트, 틴옥사이드",모든 피부 타입,gs****,2022.05.04,"언더 속눈썹과 삼각존에 사용하려고 구매했는데 발색이 안되네요ㅠ 눈가가 거뭇한 편이 아닌데도 발색이 너~무 연해서 아쉬워요,,, 발림성은 좋습니다!
참고로 저는 쌩얼이 노란끼가 살짝 있는 편이고 쿠션은 20호, 21호 사용합니다!",3,_alchera_none_
45,20221015_101427,아이라이너,[잔망 루피 에디션] 삐아 라스트 오토 젤 아이라이너 5종,https://www.oliveyoung.co.kr/store/goods/getGoodsDetail.do?goodsNo=A000000165601&dispCatNo=1000001000200070002&trackingCd&curation&egcode&rccode&egrankcode,삐아,[잔망 루피 에디션] 삐아 라스트 오토 젤 아이라이너 5종,8500,6500,L02 재즈;L08 엔젤;L11 리넨베이지;L12 크림베이지;L13 피넛베이지,"[L02 재즈]
트라이메틸실록시실리케이트, 아이소도데케인, 흑색산화철, 사이클로펜타실록세인, 폴리에틸렌, 마이카, 적색산화철, 합성왁스, 세레신, 황색산화철, 티타늄디옥사이드, 비닐다이메티콘/메티콘실세스퀴옥세인크로스폴리머, 칸데릴라왁스, 폴리아이소부텐, 폴리하이드록시스테아릭애씨드, 레시틴, 에틸헥실팔미테이트, 아이소스테아릭애씨드, 아이소프로필미리스테이트, 글리세릴카프릴레이트, 카프릴릴글라이콜, 폴리글리세릴-3폴리리시놀리에이트, 틴옥사이드",모든 피부 타입,11goodlu****,2022.08.14,"선물해줬더니 좋아하네요
여러분도 사면 좋을 거 같아요
아무튼 추천합니다.",5,_alchera_none_
46,20221015_101428,아이라이너,[잔망 루피 에디션] 삐아 라스트 오토 젤 아이라이너 5종,https://www.oliveyoung.co.kr/store/goods/getGoodsDetail.do?goodsNo=A000000165601&dispCatNo=1000001000200070002&trackingCd&curation&egcode&rccode&egrankcode,삐아,[잔망 루피 에디션] 삐아 라스트 오토 젤 아이라이너 5종,8500,6500,L02 재즈;L08 엔젤;L11 리넨베이지;L12 크림베이지;L13 피넛베이지,"[L02 재즈]
트라이메틸실록시실리케이트, 아이소도데케인, 흑색산화철, 사이클로펜타실록세인, 폴리에틸렌, 마이카, 적색산화철, 합성왁스, 세레신, 황색산화철, 티타늄디옥사이드, 비닐다이메티콘/메티콘실세스퀴옥세인크로스폴리머, 칸데릴라왁스, 폴리아이소부텐, 폴리하이드록시스테아릭애씨드, 레시틴, 에틸헥실팔미테이트, 아이소스테아릭애씨드, 아이소프로필미리스테이트, 글리세릴카프릴레이트, 카프릴릴글라이콜, 폴리글리세릴-3폴리리시놀리에이트, 틴옥사이드",모든 피부 타입,2uN91,2022.08.11,부드럽고 약간 두툼하게 잘그려져요! 루피있어서 너무 귀엽 푸 푸픂ㅍ퓨ㅠㅠㅠ,5,_alchera_none_
47,20221015_101429,아이라이너,[잔망 루피 에디션] 삐아 라스트 오토 젤 아이라이너 5종,https://www.oliveyoung.co.kr/store/goods/getGoodsDetail.do?goodsNo=A000000165601&dispCatNo=1000001000200070002&trackingCd&curation&egcode&rccode&egrankcode,삐아,[잔망 루피 에디션] 삐아 라스트 오토 젤 아이라이너 5종,8500,6500,L02 재즈;L08 엔젤;L11 리넨베이지;L12 크림베이지;L13 피넛베이지,"[L02 재즈]
트라이메틸실록시실리케이트, 아이소도데케인, 흑색산화철, 사이클로펜타실록세인, 폴리에틸렌, 마이카, 적색산화철, 합성왁스, 세레신, 황색산화철, 티타늄디옥사이드, 비닐다이메티콘/메티콘실세스퀴옥세인크로스폴리머, 칸데릴라왁스, 폴리아이소부텐, 폴리하이드록시스테아릭애씨드, 레시틴, 에틸헥실팔미테이트, 아이소스테아릭애씨드, 아이소프로필미리스테이트, 글리세릴카프릴레이트, 카프릴릴글라이콜, 폴리글리세릴-3폴리리시놀리에이트, 틴옥사이드",모든 피부 타입,vmflxld****,2022.08.07,눈이 큰 편이라 애교살은 충분해서 그 근처 밝게 마무리하려고 구매했어요,5,_alchera_none_
48,20221015_101430,아이라이너,[잔망 루피 에디션] 삐아 라스트 오토 젤 아이라이너 5종,https://www.oliveyoung.co.kr/store/goods/getGoodsDetail.do?goodsNo=A000000165601&dispCatNo=1000001000200070002&trackingCd&curation&egcode&rccode&egrankcode,삐아,[잔망 루피 에디션] 삐아 라스트 오토 젤 아이라이너 5종,8500,6500,L02 재즈;L08 엔젤;L11 리넨베이지;L12 크림베이지;L13 피넛베이지,"[L02 재즈]
트라이메틸실록시실리케이트, 아이소도데케인, 흑색산화철, 사이클로펜타실록세인, 폴리에틸렌, 마이카, 적색산화철, 합성왁스, 세레신, 황색산화철, 티타늄디옥사이드, 비닐다이메티콘/메티콘실세스퀴옥세인크로스폴리머, 칸데릴라왁스, 폴리아이소부텐, 폴리하이드록시스테아릭애씨드, 레시틴, 에틸헥실팔미테이트, 아이소스테아릭애씨드, 아이소프로필미리스테이트, 글리세릴카프릴레이트, 카프릴릴글라이콜, 폴리글리세릴-3폴리리시놀리에이트, 틴옥사이드",모든 피부 타입,vmflxld****,2022.08.07,잡티 가리는 용으로 구매했는데 잘 번지기도 하고 해서 크게 커버력운 없지만 나쁘지 않아요,5,_alchera_none_
49,20221015_101432,아이라이너,[잔망 루피 에디션] 삐아 라스트 오토 젤 아이라이너 5종,https://www.oliveyoung.co.kr/store/goods/getGoodsDetail.do?goodsNo=A000000165601&dispCatNo=1000001000200070002&trackingCd&curation&egcode&rccode&egrankcode,삐아,[잔망 루피 에디션] 삐아 라스트 오토 젤 아이라이너 5종,8500,6500,L02 재즈;L08 엔젤;L11 리넨베이지;L12 크림베이지;L13 피넛베이지,"[L02 재즈]
트라이메틸실록시실리케이트, 아이소도데케인, 흑색산화철, 사이클로펜타실록세인, 폴리에틸렌, 마이카, 적색산화철, 합성왁스, 세레신, 황색산화철, 티타늄디옥사이드, 비닐다이메티콘/메티콘실세스퀴옥세인크로스폴리머, 칸데릴라왁스, 폴리아이소부텐, 폴리하이드록시스테아릭애씨드, 레시틴, 에틸헥실팔미테이트, 아이소스테아릭애씨드, 아이소프로필미리스테이트, 글리세릴카프릴레이트, 카프릴릴글라이콜, 폴리글리세릴-3폴리리시놀리에이트, 틴옥사이드",모든 피부 타입,jinhee****,2022.07.19,"2개 사려다가 하나는 품절이래서 잔망루피 콜라보를 사게되었는데요
구분도 잘 가고 색도 애교살 부분에 칠하기 좋아요",5,_alchera_none_
50,20221015_101435,아이라이너,[잔망 루피 에디션] 삐아 라스트 오토 젤 아이라이너 5종,https://www.oliveyoung.co.kr/store/goods/getGoodsDetail.do?goodsNo=A000000165601&dispCatNo=1000001000200070002&trackingCd&curation&egcode&rccode&egrankcode,삐아,[잔망 루피 에디션] 삐아 라스트 오토 젤 아이라이너 5종,8500,6500,L02 재즈;L08 엔젤;L11 리넨베이지;L12 크림베이지;L13 피넛베이지,"[L02 재즈]
트라이메틸실록시실리케이트, 아이소도데케인, 흑색산화철, 사이클로펜타실록세인, 폴리에틸렌, 마이카, 적색산화철, 합성왁스, 세레신, 황색산화철, 티타늄디옥사이드, 비닐다이메티콘/메티콘실세스퀴옥세인크로스폴리머, 칸데릴라왁스, 폴리아이소부텐, 폴리하이드록시스테아릭애씨드, 레시틴, 에틸헥실팔미테이트, 아이소스테아릭애씨드, 아이소프로필미리스테이트, 글리세릴카프릴레이트, 카프릴릴글라이콜, 폴리글리세릴-3폴리리시놀리에이트, 틴옥사이드",모든 피부 타입,jisui****,2022.07.18,아주살짝 어두운끼가 있어서 스머징해서 바르면 자연스러워요,5,_alchera_none_
51,20221015_101436,아이라이너,[잔망 루피 에디션] 삐아 라스트 오토 젤 아이라이너 5종,https://www.oliveyoung.co.kr/store/goods/getGoodsDetail.do?goodsNo=A000000165601&dispCatNo=1000001000200070002&trackingCd&curation&egcode&rccode&egrankcode,삐아,[잔망 루피 에디션] 삐아 라스트 오토 젤 아이라이너 5종,8500,6500,L02 재즈;L08 엔젤;L11 리넨베이지;L12 크림베이지;L13 피넛베이지,"[L02 재즈]
트라이메틸실록시실리케이트, 아이소도데케인, 흑색산화철, 사이클로펜타실록세인, 폴리에틸렌, 마이카, 적색산화철, 합성왁스, 세레신, 황색산화철, 티타늄디옥사이드, 비닐다이메티콘/메티콘실세스퀴옥세인크로스폴리머, 칸데릴라왁스, 폴리아이소부텐, 폴리하이드록시스테아릭애씨드, 레시틴, 에틸헥실팔미테이트, 아이소스테아릭애씨드, 아이소프로필미리스테이트, 글리세릴카프릴레이트, 카프릴릴글라이콜, 폴리글리세릴-3폴리리시놀리에이트, 틴옥사이드",모든 피부 타입,jisui****,2022.07.18,펄이 과하지않고 자연스러워서 좋아요. 스틱으로 되어있어서 사용하기 편해요.,5,_alchera_none_
52,20221015_101437,아이라이너,[잔망 루피 에디션] 삐아 라스트 오토 젤 아이라이너 5종,https://www.oliveyoung.co.kr/store/goods/getGoodsDetail.do?goodsNo=A000000165601&dispCatNo=1000001000200070002&trackingCd&curation&egcode&rccode&egrankcode,삐아,[잔망 루피 에디션] 삐아 라스트 오토 젤 아이라이너 5종,8500,6500,L02 재즈;L08 엔젤;L11 리넨베이지;L12 크림베이지;L13 피넛베이지,"[L02 재즈]
트라이메틸실록시실리케이트, 아이소도데케인, 흑색산화철, 사이클로펜타실록세인, 폴리에틸렌, 마이카, 적색산화철, 합성왁스, 세레신, 황색산화철, 티타늄디옥사이드, 비닐다이메티콘/메티콘실세스퀴옥세인크로스폴리머, 칸데릴라왁스, 폴리아이소부텐, 폴리하이드록시스테아릭애씨드, 레시틴, 에틸헥실팔미테이트, 아이소스테아릭애씨드, 아이소프로필미리스테이트, 글리세릴카프릴레이트, 카프릴릴글라이콜, 폴리글리세릴-3폴리리시놀리에이트, 틴옥사이드",모든 피부 타입,jisui****,2022.07.18,자연스러운 메이크업할 때 사용하기 좋아요. 포인트점 찍을 때도 자연스러워요.,5,_alchera_none_
53,20221015_101438,아이라이너,[잔망 루피 에디션] 삐아 라스트 오토 젤 아이라이너 5종,https://www.oliveyoung.co.kr/store/goods/getGoodsDetail.do?goodsNo=A000000165601&dispCatNo=1000001000200070002&trackingCd&curation&egcode&rccode&egrankcode,삐아,[잔망 루피 에디션] 삐아 라스트 오토 젤 아이라이너 5종,8500,6500,L02 재즈;L08 엔젤;L11 리넨베이지;L12 크림베이지;L13 피넛베이지,"[L02 재즈]
트라이메틸실록시실리케이트, 아이소도데케인, 흑색산화철, 사이클로펜타실록세인, 폴리에틸렌, 마이카, 적색산화철, 합성왁스, 세레신, 황색산화철, 티타늄디옥사이드, 비닐다이메티콘/메티콘실세스퀴옥세인크로스폴리머, 칸데릴라왁스, 폴리아이소부텐, 폴리하이드록시스테아릭애씨드, 레시틴, 에틸헥실팔미테이트, 아이소스테아릭애씨드, 아이소프로필미리스테이트, 글리세릴카프릴레이트, 카프릴릴글라이콜, 폴리글리세릴-3폴리리시놀리에이트, 틴옥사이드",모든 피부 타입,fpe****,2022.06.08,사용기한이 꽤 길어서 좋구요 루피 대가리도 귀여워서 맘에 들어용,5,_alchera_none_
54,20221015_101439,아이라이너,[잔망 루피 에디션] 삐아 라스트 오토 젤 아이라이너 5종,https://www.oliveyoung.co.kr/store/goods/getGoodsDetail.do?goodsNo=A000000165601&dispCatNo=1000001000200070002&trackingCd&curation&egcode&rccode&egrankcode,삐아,[잔망 루피 에디션] 삐아 라스트 오토 젤 아이라이너 5종,8500,6500,L02 재즈;L08 엔젤;L11 리넨베이지;L12 크림베이지;L13 피넛베이지,"[L02 재즈]
트라이메틸실록시실리케이트, 아이소도데케인, 흑색산화철, 사이클로펜타실록세인, 폴리에틸렌, 마이카, 적색산화철, 합성왁스, 세레신, 황색산화철, 티타늄디옥사이드, 비닐다이메티콘/메티콘실세스퀴옥세인크로스폴리머, 칸데릴라왁스, 폴리아이소부텐, 폴리하이드록시스테아릭애씨드, 레시틴, 에틸헥실팔미테이트, 아이소스테아릭애씨드, 아이소프로필미리스테이트, 글리세릴카프릴레이트, 카프릴릴글라이콜, 폴리글리세릴-3폴리리시놀리에이트, 틴옥사이드",모든 피부 타입,pyds****,2022.05.27,루피가 귀여워서 샀어요 ! 그냥저냥이고 살짝 번지긴 합니다 !!,5,_alchera_none_
