,timestamp,category,productName,urlProduct,brand,productName.1,price1,price2,Color,ingredients,skinType,username,datePublished,reviewText,score,reviewerSkinType
0,20221016_015813,파우더/팩트,[잔망 루피 에디션] 삐아 라스트 세범 팩트 1종,https://www.oliveyoung.co.kr/store/goods/getGoodsDetail.do?goodsNo=A000000165602&dispCatNo=1000001000200010004&trackingCd&curation&egcode&rccode&egrankcode,삐아,[잔망 루피 에디션] 삐아 라스트 세범 팩트 1종,14000,14000,,"탤크, 폴리메틸실세스퀴옥세인, 다이페닐실록시페닐트라이메티콘, 나일론-12, 합성비즈왁스, 마그네슘미리스테이트, 다이메티콘/비닐다이메티콘크로스폴리머, 카프릴릴글라이콜, 에틸헥실글리세린, 실리카, 토코페롤",모든 피부 타입,슈크림도넛,2022.09.03,"삐아브랜드 노세범이라니 ㅋ
케이스만 핑크핑크만
보고 혹했기도했는데
잔망루피 너무 깜찍 귀엽더라구요
예쁜 케이스에 가격도 착해서
올리브영 온라인에서 바로  구매했는데요

일단 그래도 사용감이좋아야겠죠?
가루타입만 쓰다가 요런 타입은 또 처음인데
사용하기 좀편했어요
가루타입은 워낙 흘리기도하고
날림이 있을수밖에 없는데
삐아 노세범 특이하더라구요?

유분기많은부분에 톡톡 사용하기좋고
사이즈 휴대하기 더욱 좋은 사이즈에요

타브랜드  가루날림이 있는걸
써보니  이것만쓰게되는 ㅋㅋ
여름에  갖고 다니면서  쓰기좋구요
계절특성상 땀도많고 습하다보니
이마라인쪽에 좀많이사용한거같아요

용량도 적지않아서
아직도 많이 남았는데요
한번 구매하면 오래두고
사용할용량입니다  
귀용귀용한 디자인에 노세범  추천드려요",5,건성;웜톤;미백;잡티
1,20221016_015813,파우더/팩트,[잔망 루피 에디션] 삐아 라스트 세범 팩트 1종,https://www.oliveyoung.co.kr/store/goods/getGoodsDetail.do?goodsNo=A000000165602&dispCatNo=1000001000200010004&trackingCd&curation&egcode&rccode&egrankcode,삐아,[잔망 루피 에디션] 삐아 라스트 세범 팩트 1종,14000,14000,,"탤크, 폴리메틸실세스퀴옥세인, 다이페닐실록시페닐트라이메티콘, 나일론-12, 합성비즈왁스, 마그네슘미리스테이트, 다이메티콘/비닐다이메티콘크로스폴리머, 카프릴릴글라이콜, 에틸헥실글리세린, 실리카, 토코페롤",모든 피부 타입,wwk****,2022.04.20,"사실 일단 디자인이 너무너무 귀여워서 샀어요!!
상자 패키지부터 너무너무 귀여운 화장품이에요..
케이스도 핑크색이라 너무 찰떡이라 좋아요!!
평소 피부 화장할때 파우더 처리를 잘 안하는 편인데 귀여워서 살 수밖에 없었어요..ㅎㅎ 눈화장 하기전 유분기를 제거하는 용도로 사용하려구요!! 그리고 아래 위칸으로 퍼프놓는 곳과 파우더가 따로따로 있어서 좋았어요!! 사각 디자인이라 거울도 나름 크게
보이고 가지고 다니기도 딱 좋을 것 같은 디자인 인 것 같아요!! 
입자가 고와 가루날림이 별로 없는 것 같아요!!
여름에 너무 더울때는 유분기 잡아주는 용도로 사용해도 좋을 것 같아요! 뽀송뽀송하고 좋고 피부화장 , 머리 떡졌을때, 눈화장 할 때 등 쓰임이 좋을 것 같아요! 
파우더 필요하신 분들 너무 귀여운 루피파우더 추천해요 ㅎㅎ",5,복합성;민감성;블랙헤드
2,20221016_015813,파우더/팩트,[잔망 루피 에디션] 삐아 라스트 세범 팩트 1종,https://www.oliveyoung.co.kr/store/goods/getGoodsDetail.do?goodsNo=A000000165602&dispCatNo=1000001000200010004&trackingCd&curation&egcode&rccode&egrankcode,삐아,[잔망 루피 에디션] 삐아 라스트 세범 팩트 1종,14000,14000,,"탤크, 폴리메틸실세스퀴옥세인, 다이페닐실록시페닐트라이메티콘, 나일론-12, 합성비즈왁스, 마그네슘미리스테이트, 다이메티콘/비닐다이메티콘크로스폴리머, 카프릴릴글라이콜, 에틸헥실글리세린, 실리카, 토코페롤",모든 피부 타입,또사장,2022.05.26,"진짜 잔망루피 귀여운거 말해뭐해요~ 
말하면입아플정도로 잔망루피에 요즘 빠져서 관련 굿즈들 다 사모으고있는데 너무너무 귀여운 잔망루피와 삐아가 콜라보해서 제품이나ㅏ왔길래 한번 사봤습니다~! 
곧 여름인데 세범팩트 하나쯤은 다 있어야하잖아요
여름에 기름 분출할때 딱 쓰니까 겉면이 매트해ㅐ지면서 딱 부드럽게 되어서 너무 좋았습니다
저는 복합성피부고 딱히 예민하지않은 피부지만 모공이 큰편이에요 그래서 파우더나 세범 잘못쓰면 모공에 껴서 너무보기싫은데
이거는 입자ㅏ가 고와서 끼임이 덜하네요 
잔망루피만 보고 낼름 구매했지만 상품도 꽤나 괜찮은느낌이어서
여러개 구매해놓고 쓸까 생각중이에요 
다음에 콜라ㅏ보끝나면 잔망루피얼굴 더이상 못보니까요ㅠㅠ
많이많이 콜라보해주세요 넘넘 귀여워요",5,트러블성;봄웜톤;각질;모공
3,20221016_015813,파우더/팩트,[잔망 루피 에디션] 삐아 라스트 세범 팩트 1종,https://www.oliveyoung.co.kr/store/goods/getGoodsDetail.do?goodsNo=A000000165602&dispCatNo=1000001000200010004&trackingCd&curation&egcode&rccode&egrankcode,삐아,[잔망 루피 에디션] 삐아 라스트 세범 팩트 1종,14000,14000,,"탤크, 폴리메틸실세스퀴옥세인, 다이페닐실록시페닐트라이메티콘, 나일론-12, 합성비즈왁스, 마그네슘미리스테이트, 다이메티콘/비닐다이메티콘크로스폴리머, 카프릴릴글라이콜, 에틸헥실글리세린, 실리카, 토코페롤",모든 피부 타입,화조녀,2022.04.28,"입자가 엄청 고와서 지금부터 더워지는 여름에 사용하기 좋을것같아요
입자가 고와서 두드렸을때 조금의 답답함도 전혀없고
유분기를 딱 눌러주네요
커버를 하기보단 그냥 유분기 눌러주는 느낌으로만
사용하기에 좋을것같아요
루피 덕후로써 패키지가 귀여워서 구매했는데 
파우치에 쏙 넣어서 다니기 좋은 크기라
휴대성도 만족해요
가성비 괜찮은제품이라 휴대하고다닐 가벼운제품 찾으신다면 추천입니다",4,복합성;쿨톤;각질;모공
4,20221016_015814,파우더/팩트,[잔망 루피 에디션] 삐아 라스트 세범 팩트 1종,https://www.oliveyoung.co.kr/store/goods/getGoodsDetail.do?goodsNo=A000000165602&dispCatNo=1000001000200010004&trackingCd&curation&egcode&rccode&egrankcode,삐아,[잔망 루피 에디션] 삐아 라스트 세범 팩트 1종,14000,14000,,"탤크, 폴리메틸실세스퀴옥세인, 다이페닐실록시페닐트라이메티콘, 나일론-12, 합성비즈왁스, 마그네슘미리스테이트, 다이메티콘/비닐다이메티콘크로스폴리머, 카프릴릴글라이콜, 에틸헥실글리세린, 실리카, 토코페롤",모든 피부 타입,너티,2022.04.27,"한손에 들어오는 크기로
휴대성이 좋습니다
가방에 넣고 다니기 좋아요

유통기한은 3년정도로 엄청 길어요
용량은 7g이에요

케이스가 견고하고 튼튼합니다
거울은 투명필름이 붙어있어서
떼어내면 바로 사용가능해요

칸은 두개로 나뉘어져있고
윗칸은 사각형 모양의 퍼프로 
모서리부분을 이용해 바르기 편합니다
아랫칸은 파우더로 되어있어요

파우더입자가 고운편이라 
가루날림없이 사용가능합니다
사용하기에는 편합니다

그러나 유분기를 잘잡아주진 않는것같습니다
마스크를 쓰고 있는데 습기가차고
유분기가 금세 올라오네요
바를때 너무 얇게 발라져서 
세범기능이 좀 떨어지는것같기도해요
지속력도 안좋고 
여러번 덧발라야 할것같습니다

얼굴보다는
그냥 앞머리에다 쓰는게 나을것같네요

너무 건조하지 않으므로
건성피부가 쓰면 좋을것같아요",1,지성;웜톤;모공;민감성
5,20221016_015815,파우더/팩트,[잔망 루피 에디션] 삐아 라스트 세범 팩트 1종,https://www.oliveyoung.co.kr/store/goods/getGoodsDetail.do?goodsNo=A000000165602&dispCatNo=1000001000200010004&trackingCd&curation&egcode&rccode&egrankcode,삐아,[잔망 루피 에디션] 삐아 라스트 세범 팩트 1종,14000,14000,,"탤크, 폴리메틸실세스퀴옥세인, 다이페닐실록시페닐트라이메티콘, 나일론-12, 합성비즈왁스, 마그네슘미리스테이트, 다이메티콘/비닐다이메티콘크로스폴리머, 카프릴릴글라이콜, 에틸헥실글리세린, 실리카, 토코페롤",모든 피부 타입,dmema6614,2022.06.09,"너무너무 귀여운 잔망루피 사실 주변분들에게도 소문내고다녔답니다ㅎㅎ어찌이런 귀여운 아이템이 나왔는지ㅎㅋㅋㅋ
노세범이라고해서 교복입을 시절에 핫템이었는데  뭔가 추억템 보는 느낌도 들었답니다~~비비까지 바르고 마무리할때 톡톡바르고있어요 여름이라 땀나니 뽀송뽀송하라구요ㅎ
또한 하얀색 가루라서 얼굴도 하얗게 되어보인다구요
디자인이 너무 이쁘니 다들 궁금해하는 제품이기도하지요ㅎㅎ사실 지속력보다는 잔망루피보는맛에 구매했는데 가격도 쎄지않아 부담없이 쓰고있다구요ㅎㅎ어린친구들이 너도나도 갖고싶어하겠단 생각함ㅎㅎ요즘은 귀여운게 트랜드이기도하니깐요ㅎㅎ나름 만족하면서 쓰고있고 마스크벗을때 한번 수정하기좋아요ㅎㅎ하루에 두세번정도ㅎㅎ수정용으로두 굿!!!",5,_alchera_none_
6,20221016_015815,파우더/팩트,[잔망 루피 에디션] 삐아 라스트 세범 팩트 1종,https://www.oliveyoung.co.kr/store/goods/getGoodsDetail.do?goodsNo=A000000165602&dispCatNo=1000001000200010004&trackingCd&curation&egcode&rccode&egrankcode,삐아,[잔망 루피 에디션] 삐아 라스트 세범 팩트 1종,14000,14000,,"탤크, 폴리메틸실세스퀴옥세인, 다이페닐실록시페닐트라이메티콘, 나일론-12, 합성비즈왁스, 마그네슘미리스테이트, 다이메티콘/비닐다이메티콘크로스폴리머, 카프릴릴글라이콜, 에틸헥실글리세린, 실리카, 토코페롤",모든 피부 타입,psb04****,2022.05.05,후기 보니까 파우더의 역할을 제대로 못 한다는 후기를 본 적이 있어서 엄청 고민하면서 샀는데요!! 전 전혀 그렇지 않더라구요 커버랑 유분기를 얼마나 잘 잡아줄지가 굉장히 걱정 되었거든요 근데 유분기도 잘 잡아주고 웜톤이 제 피부 색상과도 나쁘지 않게 맞아서 만족하면서 쓰고 있어요! 그리고 무엇보다 루피 디자인이 너무 귀여워서 보는 사람마다 계속 물어봐요!!ㅎㅎ 귀여운 만큼 기능도 좋아서 너무너무 만족하고 있고 안에 거울이 달려있고 크기도 작아서 주머니에 넣고 다니면서 수시로 얼굴 확인하기 엄청 편해요!! 조금 크기가 작긴 하지만 그래도 전체적인 얼굴은 볼 수 있는 크기니까 만족하면서 사용중입니다!! 정말 너무 예쁘고 좋아요ㅜ,5,중성;웜톤;다크서클;모공
7,20221016_015815,파우더/팩트,[잔망 루피 에디션] 삐아 라스트 세범 팩트 1종,https://www.oliveyoung.co.kr/store/goods/getGoodsDetail.do?goodsNo=A000000165602&dispCatNo=1000001000200010004&trackingCd&curation&egcode&rccode&egrankcode,삐아,[잔망 루피 에디션] 삐아 라스트 세범 팩트 1종,14000,14000,,"탤크, 폴리메틸실세스퀴옥세인, 다이페닐실록시페닐트라이메티콘, 나일론-12, 합성비즈왁스, 마그네슘미리스테이트, 다이메티콘/비닐다이메티콘크로스폴리머, 카프릴릴글라이콜, 에틸헥실글리세린, 실리카, 토코페롤",모든 피부 타입,바흐흑,2022.05.26,"너무 잔망스러워서 사봤어요
기름기 잡아주는 용으로 쓰는 팩트 없는것도 아닌데 ㅠ ㅠ
사이즈도 잔망?스러워서 휴대하긴 엄청 좋아요",5,복합성
8,20221016_015817,파우더/팩트,[잔망 루피 에디션] 삐아 라스트 세범 팩트 1종,https://www.oliveyoung.co.kr/store/goods/getGoodsDetail.do?goodsNo=A000000165602&dispCatNo=1000001000200010004&trackingCd&curation&egcode&rccode&egrankcode,삐아,[잔망 루피 에디션] 삐아 라스트 세범 팩트 1종,14000,14000,,"탤크, 폴리메틸실세스퀴옥세인, 다이페닐실록시페닐트라이메티콘, 나일론-12, 합성비즈왁스, 마그네슘미리스테이트, 다이메티콘/비닐다이메티콘크로스폴리머, 카프릴릴글라이콜, 에틸헥실글리세린, 실리카, 토코페롤",모든 피부 타입,란느,2022.05.18,"원래 건성이긴 하나 루피가 귀엽기도 하고 마스크에 묻는게 싫고 화장 지속력을 위해 구매했어요!
사진은 화장 후 6시간 지나고 찍은건데 이마에 땀 난게 보일런지 모르겠지만 땀이 났음에도 화장이 무너지지 않고 뽀송뽀송 그대로네요 아주 만족합니다!",5,_alchera_none_
9,20221016_015817,파우더/팩트,[잔망 루피 에디션] 삐아 라스트 세범 팩트 1종,https://www.oliveyoung.co.kr/store/goods/getGoodsDetail.do?goodsNo=A000000165602&dispCatNo=1000001000200010004&trackingCd&curation&egcode&rccode&egrankcode,삐아,[잔망 루피 에디션] 삐아 라스트 세범 팩트 1종,14000,14000,,"탤크, 폴리메틸실세스퀴옥세인, 다이페닐실록시페닐트라이메티콘, 나일론-12, 합성비즈왁스, 마그네슘미리스테이트, 다이메티콘/비닐다이메티콘크로스폴리머, 카프릴릴글라이콜, 에틸헥실글리세린, 실리카, 토코페롤",모든 피부 타입,기다려온,2022.04.25,얇게 찍혀서 잘 발라지고 투명으로 발라져서 고정하기 좋아요. 보통 세범만큼 지속력이에요.,3,복합성;쿨톤;각질;모공
10,20221016_015820,파우더/팩트,[잔망 루피 에디션] 삐아 라스트 세범 팩트 1종,https://www.oliveyoung.co.kr/store/goods/getGoodsDetail.do?goodsNo=A000000165602&dispCatNo=1000001000200010004&trackingCd&curation&egcode&rccode&egrankcode,삐아,[잔망 루피 에디션] 삐아 라스트 세범 팩트 1종,14000,14000,,"탤크, 폴리메틸실세스퀴옥세인, 다이페닐실록시페닐트라이메티콘, 나일론-12, 합성비즈왁스, 마그네슘미리스테이트, 다이메티콘/비닐다이메티콘크로스폴리머, 카프릴릴글라이콜, 에틸헥실글리세린, 실리카, 토코페롤",모든 피부 타입,대왕곰돌이,2022.07.03,"예전엔 컬러가 있는 루스파우더 혹은 파우더팩트를 더 많이 썼었는데요. 지금은 그렇게 바르면 베이스가 너무 두꺼워지는 느낌이라 투명한 느낌의 세범 팩트 타입을 선호합니다. 특히 마스크 쓰기시작하면서 파우더처리해주지않으면 습기와 유분에 너무 약한 느낌이고 찝찝해져서, 선크림을 바르더라도 세범팩트로 유분을 정리해주고 있어서 많이 쓰고있습니다. 삐아 제품들은 특별히 가격할인혜택이 많지 않은편이라 올리브영에서 오늘의 특가 또는 금액쿠폰있을때 묶어서 구매하는것이 제일 할인받아 살수 있는것같아요. 루피가 귀여운데 아이가 자기꺼라고 가져갈것같아서 좀 살까말까 고민했었어요. 제품은 다른 세범팩트들과 다른 큰 특징은 잘 모르겠어요. 가루도 고운편이고 유분도 잘 잡힙니다. 그냥 루피가 귀엽고 또 귀엽습니다.",5,_alchera_none_
11,20221016_015821,파우더/팩트,[잔망 루피 에디션] 삐아 라스트 세범 팩트 1종,https://www.oliveyoung.co.kr/store/goods/getGoodsDetail.do?goodsNo=A000000165602&dispCatNo=1000001000200010004&trackingCd&curation&egcode&rccode&egrankcode,삐아,[잔망 루피 에디션] 삐아 라스트 세범 팩트 1종,14000,14000,,"탤크, 폴리메틸실세스퀴옥세인, 다이페닐실록시페닐트라이메티콘, 나일론-12, 합성비즈왁스, 마그네슘미리스테이트, 다이메티콘/비닐다이메티콘크로스폴리머, 카프릴릴글라이콜, 에틸헥실글리세린, 실리카, 토코페롤",모든 피부 타입,dbwjdd****,2022.06.22,"잔망루피!! 가루타입은 어디 놀러갈때 챙겨가면 뚜껑을 여는 순간.. 하얀가루가 나오는가하며 팡팡두들기는 솜? 그거에 너무 많이 발려서 허얘지고ㅠ 그래서 루피 얼굴이 박힌 노세범을 샀어요 ㅋㅋ 고체 타입이라 놀러갈때 가방을 아무리 흔들고 던지고 해도 가루처럼 세지않았어용 ㅋㅋ 근데 고체타입이라 그런지 저는 그렇ㄱㅔ 지속력이나 발림성이 크게 느껴지지않았어요ㅠㅠ.. 유분기 잡아주는것도 잘모르겠어요; 제가 마스크 쓴뒤로 썬크림만 바르고 다니는데앞머리가 있어서 이마 부분에만 눈썹그리기 전에 한번 팡! 하는데 뭔가 팡팡할수록 축축해지는..? (썬크림은 닥터지 연두색! 그 제품 발라요!) 느낌이 들어요ㅠ.ㅠ 그래서 손이 잘안가게되요.. 그냥 여행갈때 세는ㄱㅔ 싫으니 들고가는..?ㅋㅋ 그래도 제 조카들이 루피! 루피! 하면서 좋아했어요..ㅎㅎ 애기들이 가지고 놀아도 불안하지가 않아요..!! 고체 타입이니깐요 ^.^!! 그래도 여행갈때는 아주 편리해요! 가루처럼 세지않으니깐요!!ㅎㅎ 크기도 많이 크지도않고, 음 또 커버력은 그저그래여;; 제가 잘못바른지는 모르겠는데 그냥 티가 안나요;; 그냥 .. 휴지로 기름기 제거해주는 느낌..?ㅋㅋ 귀여우니깐 다 용서가 되지만은 별점은 솔직하게 주는게 좋아서 2개 드립니다..★ 그럼 다음에는 더 좋은 제품 내주시길 바랍니다!",2,_alchera_none_
12,20221016_015823,파우더/팩트,[잔망 루피 에디션] 삐아 라스트 세범 팩트 1종,https://www.oliveyoung.co.kr/store/goods/getGoodsDetail.do?goodsNo=A000000165602&dispCatNo=1000001000200010004&trackingCd&curation&egcode&rccode&egrankcode,삐아,[잔망 루피 에디션] 삐아 라스트 세범 팩트 1종,14000,14000,,"탤크, 폴리메틸실세스퀴옥세인, 다이페닐실록시페닐트라이메티콘, 나일론-12, 합성비즈왁스, 마그네슘미리스테이트, 다이메티콘/비닐다이메티콘크로스폴리머, 카프릴릴글라이콜, 에틸헥실글리세린, 실리카, 토코페롤",모든 피부 타입,홍정희,2022.05.12,사이트에서 오특 특가로 저렴하게 구매했어요 작고 잔망 루피 캐릭터 디자인이 어쩜 너무 귀여워요 입자가 곱고 보송보송 마무리 되며 지속이 오래가요 발림성 밀착력도 만족하구요 향도 거슬리지 않고 무난한 세범 팩트 인거 같아요 재구매 의사 있고 유통기한도 넉넉합니다.,5,_alchera_none_
13,20221016_015823,파우더/팩트,[잔망 루피 에디션] 삐아 라스트 세범 팩트 1종,https://www.oliveyoung.co.kr/store/goods/getGoodsDetail.do?goodsNo=A000000165602&dispCatNo=1000001000200010004&trackingCd&curation&egcode&rccode&egrankcode,삐아,[잔망 루피 에디션] 삐아 라스트 세범 팩트 1종,14000,14000,,"탤크, 폴리메틸실세스퀴옥세인, 다이페닐실록시페닐트라이메티콘, 나일론-12, 합성비즈왁스, 마그네슘미리스테이트, 다이메티콘/비닐다이메티콘크로스폴리머, 카프릴릴글라이콜, 에틸헥실글리세린, 실리카, 토코페롤",모든 피부 타입,난나나난나나,2022.05.31,"리뷰에서 루피 파우치 올리신분이 계셔서
증정품이 루피 파우치인줄 알고 샀는데.. 아니였네요ㅜㅜㅜㅜ
증정품 하나보고 정가에 구매했는데.. 살짝 후회되네요..",2,복합성;웜톤;각질;모공
14,20221016_015824,파우더/팩트,[잔망 루피 에디션] 삐아 라스트 세범 팩트 1종,https://www.oliveyoung.co.kr/store/goods/getGoodsDetail.do?goodsNo=A000000165602&dispCatNo=1000001000200010004&trackingCd&curation&egcode&rccode&egrankcode,삐아,[잔망 루피 에디션] 삐아 라스트 세범 팩트 1종,14000,14000,,"탤크, 폴리메틸실세스퀴옥세인, 다이페닐실록시페닐트라이메티콘, 나일론-12, 합성비즈왁스, 마그네슘미리스테이트, 다이메티콘/비닐다이메티콘크로스폴리머, 카프릴릴글라이콜, 에틸헥실글리세린, 실리카, 토코페롤",모든 피부 타입,안곰양,2022.05.27,"세범팩트는 많지만 루피를 너무 좋아해서 안살수가 없었어요ㅜㅜ 보기만 해도 행복한 루피 세범팩트라 아까워서 한번쓰고  거울만 보는중^^ 세범팩트의 기능은 충분히 하는것 같아요.
루피 좋아하시는분들은 꼭 사세용~ 볼때마다 좋음ㅋ",5,_alchera_none_
15,20221016_015825,파우더/팩트,[잔망 루피 에디션] 삐아 라스트 세범 팩트 1종,https://www.oliveyoung.co.kr/store/goods/getGoodsDetail.do?goodsNo=A000000165602&dispCatNo=1000001000200010004&trackingCd&curation&egcode&rccode&egrankcode,삐아,[잔망 루피 에디션] 삐아 라스트 세범 팩트 1종,14000,14000,,"탤크, 폴리메틸실세스퀴옥세인, 다이페닐실록시페닐트라이메티콘, 나일론-12, 합성비즈왁스, 마그네슘미리스테이트, 다이메티콘/비닐다이메티콘크로스폴리머, 카프릴릴글라이콜, 에틸헥실글리세린, 실리카, 토코페롤",모든 피부 타입,wog****,2022.04.26,"안그래도 루피 좋아하는데,,, 초초초귀여운 패키지 보고 이건 사야돼,,,,하면서 질렀어요☺️☺️ 부피가 작아서 휴대하기 편하고 거울까지 부착되어 있어서 좋아요!! 발림성도 맘에 들어요! 무엇보다 가장 큰 장점은 너무 귀엽다는거,,,,,이거 하나만으로 살 가치 있어요🫶🫶",5,_alchera_none_
16,20221016_015826,파우더/팩트,[잔망 루피 에디션] 삐아 라스트 세범 팩트 1종,https://www.oliveyoung.co.kr/store/goods/getGoodsDetail.do?goodsNo=A000000165602&dispCatNo=1000001000200010004&trackingCd&curation&egcode&rccode&egrankcode,삐아,[잔망 루피 에디션] 삐아 라스트 세범 팩트 1종,14000,14000,,"탤크, 폴리메틸실세스퀴옥세인, 다이페닐실록시페닐트라이메티콘, 나일론-12, 합성비즈왁스, 마그네슘미리스테이트, 다이메티콘/비닐다이메티콘크로스폴리머, 카프릴릴글라이콜, 에틸헥실글리세린, 실리카, 토코페롤",모든 피부 타입,여우한마리,2022.04.20,"가격대도 저렴하네요 
입자가 곱고 밀착력도 좋고 발림성이
얇게발리고 지속력도 좋아요
사이즈가 작아
 휴대성이 편리해서
파우치에 공간덜차지해서 만족합니다",4,_alchera_none_
17,20221016_015828,파우더/팩트,[잔망 루피 에디션] 삐아 라스트 세범 팩트 1종,https://www.oliveyoung.co.kr/store/goods/getGoodsDetail.do?goodsNo=A000000165602&dispCatNo=1000001000200010004&trackingCd&curation&egcode&rccode&egrankcode,삐아,[잔망 루피 에디션] 삐아 라스트 세범 팩트 1종,14000,14000,,"탤크, 폴리메틸실세스퀴옥세인, 다이페닐실록시페닐트라이메티콘, 나일론-12, 합성비즈왁스, 마그네슘미리스테이트, 다이메티콘/비닐다이메티콘크로스폴리머, 카프릴릴글라이콜, 에틸헥실글리세린, 실리카, 토코페롤",모든 피부 타입,khn99****,2022.06.13,"삐아는 가성비있는 브랜드라고 생각해서 애정하는 브랜드입니다. 일단 삐아 립이나 쉐이딩, 쉐도우 등 굉장히 유용하게 쓰고 있고 노세범 팩트가 필요했는데 여러 제품을 찾아보다가 믿고 쓰는 삐아의 제품을 발견하였고 특히 잠망 루피 에디션이라고 되어있어서 케이스도 기존 케이스의 칙칙함과는 다르게 핑크색의 잠망루피가 귀엽게 있어 구매하게 되었네요. 일단 열어보았을 때 쿠션은 굉장히 폭신하고 좋았지만 저는 쿠션으로 바르지 않기 때문에 사용하지는 않을 것 같기만 쿠션도 굉장히 좋아보입니다. 그리고 손으로 입자를 느껴보기 위해 만져보았는데 확실히 입자가 곱고 부드러운 것 같습니다. 다만 가루날림이 심할 것 같은 느낌? 이었는데 어찌되었건 가성비있는 제품에 귀여운 케이스만으로도 살만한 가치가 있고 다른 유명 제품보디 제품력이 좋다고는 못할 것 같네요!",5,_alchera_none_
18,20221016_015829,파우더/팩트,[잔망 루피 에디션] 삐아 라스트 세범 팩트 1종,https://www.oliveyoung.co.kr/store/goods/getGoodsDetail.do?goodsNo=A000000165602&dispCatNo=1000001000200010004&trackingCd&curation&egcode&rccode&egrankcode,삐아,[잔망 루피 에디션] 삐아 라스트 세범 팩트 1종,14000,14000,,"탤크, 폴리메틸실세스퀴옥세인, 다이페닐실록시페닐트라이메티콘, 나일론-12, 합성비즈왁스, 마그네슘미리스테이트, 다이메티콘/비닐다이메티콘크로스폴리머, 카프릴릴글라이콜, 에틸헥실글리세린, 실리카, 토코페롤",모든 피부 타입,kimyuji****,2022.06.05,"먼저쓰던게오래되서잔망루피라바로고민도안하고겟했어요케이스만바뀌었을뿐똑같다!
단점이있다면?오후에는아이라이너번짐이있다
다른브랜드껀안그랬던거같은데느낌상일수도있긴하지만
사각퍼프라꼼꼼히발라주면번짐덜할거에요파우더는원래보송하게마무히감때문에쓰는거니까이정도단점은패~스 
담에는다른브랜드처럼손거울같은거주는행사했음조켓어용
아단점이또있네?처음에열때어떻게여는건지모르고낑낑뎀손잡이부분좀만들어주셨으면좋았을텐데하는 아쉬움이 남아요 손톱으로여셔야해요여러분 그거만빼면 네모지고 이쁘고 딴데꺼랑비교할시간에요고잔망루피구여운거사십시요세일때를노리는것도잊지마시구여
아마자또있어요담에는패키지묶여있게나왔으면좋겠숩니다",5,_alchera_none_
19,20221016_015830,파우더/팩트,[잔망 루피 에디션] 삐아 라스트 세범 팩트 1종,https://www.oliveyoung.co.kr/store/goods/getGoodsDetail.do?goodsNo=A000000165602&dispCatNo=1000001000200010004&trackingCd&curation&egcode&rccode&egrankcode,삐아,[잔망 루피 에디션] 삐아 라스트 세범 팩트 1종,14000,14000,,"탤크, 폴리메틸실세스퀴옥세인, 다이페닐실록시페닐트라이메티콘, 나일론-12, 합성비즈왁스, 마그네슘미리스테이트, 다이메티콘/비닐다이메티콘크로스폴리머, 카프릴릴글라이콜, 에틸헥실글리세린, 실리카, 토코페롤",모든 피부 타입,aldrl****,2022.04.28,"루피때문에 구매했다고 해도 과언이 아니에요..ㅋㅋ 사이트에서는 2만원 이상 구매시 증정품이 있던데 저는 올리브영에서 구매했습니다. 학창시절에 저렴한 가격 때문에 자주 구매했던 삐아가 루피랑 콜라보를 하다니 너무 신기하고 좋고 그래요! 하얀색 둥근 케이스의 파우더를 예전에 썼었을 때, 제품력이 무난해서 꽤 잘 쓴 기억이 있어요 ! 요즘 파우더도 깨지고 해서 요 제품을 픽해서 고르게 되었어요! 루피여도 필요없는 화장품을 쟁이기는 싫었는데 생각보다 콤팩트하구 아담해요! 아 배송올때 에어캡만 겉에 올려주시고 안에 팩트가 뒹굴고 있었어요 ㅠㅠ 혹여나 깨졌을까 노심초사 했는데 다행히 깨지지는 않았어요 ! 핑크핑크하고 손바닥에 쏙 들어와서 너무 귀여워요! 다가오는 여름용으로 추천드리는 제품입니다 ㅎㅎ!",5,_alchera_none_
20,20221016_015833,파우더/팩트,[잔망 루피 에디션] 삐아 라스트 세범 팩트 1종,https://www.oliveyoung.co.kr/store/goods/getGoodsDetail.do?goodsNo=A000000165602&dispCatNo=1000001000200010004&trackingCd&curation&egcode&rccode&egrankcode,삐아,[잔망 루피 에디션] 삐아 라스트 세범 팩트 1종,14000,14000,,"탤크, 폴리메틸실세스퀴옥세인, 다이페닐실록시페닐트라이메티콘, 나일론-12, 합성비즈왁스, 마그네슘미리스테이트, 다이메티콘/비닐다이메티콘크로스폴리머, 카프릴릴글라이콜, 에틸헥실글리세린, 실리카, 토코페롤",모든 피부 타입,djfdoch****,2022.07.26,"유분이 엄청 많으시면 여러번 덧 발라야 뽀송해지는 느낌이고 여러벗 덧 바른다고해서 뜨지도 않고 달걀귀신 마냥 새하얘지지도 않고 뽀송 뽀송해져서 너무 좋은거같아요!!
다만 뽀송팩트를 한다규해도 시간이 지나면 다시 유분이 올라오는데 그때 또 덧발라줘도 다른 파우더 마냥 뜨지도 않고 뽀송하게 마무리해주고 커버력도 어느정도 있어서 만족스럽습니다",5,_alchera_none_
21,20221016_015834,파우더/팩트,[잔망 루피 에디션] 삐아 라스트 세범 팩트 1종,https://www.oliveyoung.co.kr/store/goods/getGoodsDetail.do?goodsNo=A000000165602&dispCatNo=1000001000200010004&trackingCd&curation&egcode&rccode&egrankcode,삐아,[잔망 루피 에디션] 삐아 라스트 세범 팩트 1종,14000,14000,,"탤크, 폴리메틸실세스퀴옥세인, 다이페닐실록시페닐트라이메티콘, 나일론-12, 합성비즈왁스, 마그네슘미리스테이트, 다이메티콘/비닐다이메티콘크로스폴리머, 카프릴릴글라이콜, 에틸헥실글리세린, 실리카, 토코페롤",모든 피부 타입,reh****,2022.05.07,"눈 화장을 하고 나면 아이라인이 맨날 번져있거나, 지워지는게 저의 일상이였는데 , 이걸 사용하고 나서 지워지지가 않아요!! 그리고 입자가 고와서 했는지도 모르게 투명하게 되어 의심이 들었지만 사용해보니 알겠더라고요^^",5,_alchera_none_
22,20221016_015835,파우더/팩트,[잔망 루피 에디션] 삐아 라스트 세범 팩트 1종,https://www.oliveyoung.co.kr/store/goods/getGoodsDetail.do?goodsNo=A000000165602&dispCatNo=1000001000200010004&trackingCd&curation&egcode&rccode&egrankcode,삐아,[잔망 루피 에디션] 삐아 라스트 세범 팩트 1종,14000,14000,,"탤크, 폴리메틸실세스퀴옥세인, 다이페닐실록시페닐트라이메티콘, 나일론-12, 합성비즈왁스, 마그네슘미리스테이트, 다이메티콘/비닐다이메티콘크로스폴리머, 카프릴릴글라이콜, 에틸헥실글리세린, 실리카, 토코페롤",모든 피부 타입,ssub****,2022.08.01,솔직히 제품은 그리 기대하지 않고 케이스가 너무 귀여워서 반해서 샀는데 엄청 뽀송뽀송 하게 유분을 잘 잡아줘서 좋아요! 그러면서 너무 매트하지 않아서 좋아요!,5,_alchera_none_
23,20221016_015837,파우더/팩트,[잔망 루피 에디션] 삐아 라스트 세범 팩트 1종,https://www.oliveyoung.co.kr/store/goods/getGoodsDetail.do?goodsNo=A000000165602&dispCatNo=1000001000200010004&trackingCd&curation&egcode&rccode&egrankcode,삐아,[잔망 루피 에디션] 삐아 라스트 세범 팩트 1종,14000,14000,,"탤크, 폴리메틸실세스퀴옥세인, 다이페닐실록시페닐트라이메티콘, 나일론-12, 합성비즈왁스, 마그네슘미리스테이트, 다이메티콘/비닐다이메티콘크로스폴리머, 카프릴릴글라이콜, 에틸헥실글리세린, 실리카, 토코페롤",모든 피부 타입,맹구랭이,2022.06.30,귀여워서 안살수가 없었습니다 입자가 고운편이라 두루두루 좋아용,5,_alchera_none_
24,20221016_015838,파우더/팩트,[잔망 루피 에디션] 삐아 라스트 세범 팩트 1종,https://www.oliveyoung.co.kr/store/goods/getGoodsDetail.do?goodsNo=A000000165602&dispCatNo=1000001000200010004&trackingCd&curation&egcode&rccode&egrankcode,삐아,[잔망 루피 에디션] 삐아 라스트 세범 팩트 1종,14000,14000,,"탤크, 폴리메틸실세스퀴옥세인, 다이페닐실록시페닐트라이메티콘, 나일론-12, 합성비즈왁스, 마그네슘미리스테이트, 다이메티콘/비닐다이메티콘크로스폴리머, 카프릴릴글라이콜, 에틸헥실글리세린, 실리카, 토코페롤",모든 피부 타입,sunyoun****,2022.06.23,"일단 루피가 너무 귀여워서 다 맘족스럽습니다 
휴대용으로 가자고 다니기도 너무  편하고 귀여워요 
다만 양 조절을 잘 해야합니다 
손으로 한번 쓸어줘야해요 
안그러면 얼굴에 하얀 자국이 남아요ㅠㅠㅜㅜ 
그거 말고는 너무나 만족스럽게 잘 쓰소 있습니다",5,_alchera_none_
25,20221016_015839,파우더/팩트,[잔망 루피 에디션] 삐아 라스트 세범 팩트 1종,https://www.oliveyoung.co.kr/store/goods/getGoodsDetail.do?goodsNo=A000000165602&dispCatNo=1000001000200010004&trackingCd&curation&egcode&rccode&egrankcode,삐아,[잔망 루피 에디션] 삐아 라스트 세범 팩트 1종,14000,14000,,"탤크, 폴리메틸실세스퀴옥세인, 다이페닐실록시페닐트라이메티콘, 나일론-12, 합성비즈왁스, 마그네슘미리스테이트, 다이메티콘/비닐다이메티콘크로스폴리머, 카프릴릴글라이콜, 에틸헥실글리세린, 실리카, 토코페롤",모든 피부 타입,쑤야미,2022.05.02,"입자가 엄청 곱고 지속력도 좋아요! 
크기가 작은게 아쉽지만 잔망루피때문에 샀어요 ㅎㅎ",5,_alchera_none_
26,20221016_015840,파우더/팩트,[잔망 루피 에디션] 삐아 라스트 세범 팩트 1종,https://www.oliveyoung.co.kr/store/goods/getGoodsDetail.do?goodsNo=A000000165602&dispCatNo=1000001000200010004&trackingCd&curation&egcode&rccode&egrankcode,삐아,[잔망 루피 에디션] 삐아 라스트 세범 팩트 1종,14000,14000,,"탤크, 폴리메틸실세스퀴옥세인, 다이페닐실록시페닐트라이메티콘, 나일론-12, 합성비즈왁스, 마그네슘미리스테이트, 다이메티콘/비닐다이메티콘크로스폴리머, 카프릴릴글라이콜, 에틸헥실글리세린, 실리카, 토코페롤",모든 피부 타입,dosel****,2022.04.28,디자인이 귀여워서 샀는데 파우더 입자가 고운 편이라 밀착력도 만족스럽고 좋아요,5,_alchera_none_
27,20221016_015841,파우더/팩트,[잔망 루피 에디션] 삐아 라스트 세범 팩트 1종,https://www.oliveyoung.co.kr/store/goods/getGoodsDetail.do?goodsNo=A000000165602&dispCatNo=1000001000200010004&trackingCd&curation&egcode&rccode&egrankcode,삐아,[잔망 루피 에디션] 삐아 라스트 세범 팩트 1종,14000,14000,,"탤크, 폴리메틸실세스퀴옥세인, 다이페닐실록시페닐트라이메티콘, 나일론-12, 합성비즈왁스, 마그네슘미리스테이트, 다이메티콘/비닐다이메티콘크로스폴리머, 카프릴릴글라이콜, 에틸헥실글리세린, 실리카, 토코페롤",모든 피부 타입,dbwls****,2022.08.11,"막 엄청 지속력 좋고 그런 제품은 아니지만
루피가 귀엽긴 핮니더 ㅋㅋ",5,_alchera_none_
28,20221016_015842,파우더/팩트,[잔망 루피 에디션] 삐아 라스트 세범 팩트 1종,https://www.oliveyoung.co.kr/store/goods/getGoodsDetail.do?goodsNo=A000000165602&dispCatNo=1000001000200010004&trackingCd&curation&egcode&rccode&egrankcode,삐아,[잔망 루피 에디션] 삐아 라스트 세범 팩트 1종,14000,14000,,"탤크, 폴리메틸실세스퀴옥세인, 다이페닐실록시페닐트라이메티콘, 나일론-12, 합성비즈왁스, 마그네슘미리스테이트, 다이메티콘/비닐다이메티콘크로스폴리머, 카프릴릴글라이콜, 에틸헥실글리세린, 실리카, 토코페롤",모든 피부 타입,solmi****,2022.07.29,기대 이상이었던 제품.....귀여운 패키지에 휴대성 좋고 안 뜨고 안 건조하고 좋아요,5,_alchera_none_
29,20221016_015844,파우더/팩트,[잔망 루피 에디션] 삐아 라스트 세범 팩트 1종,https://www.oliveyoung.co.kr/store/goods/getGoodsDetail.do?goodsNo=A000000165602&dispCatNo=1000001000200010004&trackingCd&curation&egcode&rccode&egrankcode,삐아,[잔망 루피 에디션] 삐아 라스트 세범 팩트 1종,14000,14000,,"탤크, 폴리메틸실세스퀴옥세인, 다이페닐실록시페닐트라이메티콘, 나일론-12, 합성비즈왁스, 마그네슘미리스테이트, 다이메티콘/비닐다이메티콘크로스폴리머, 카프릴릴글라이콜, 에틸헥실글리세린, 실리카, 토코페롤",모든 피부 타입,mjmj****,2022.07.20,패키지가 너무 귀여워서 샀는데 제품조 괜찮아요! 여름에 잘 쓰고 있습니다,4,_alchera_none_
30,20221016_015847,파우더/팩트,[잔망 루피 에디션] 삐아 라스트 세범 팩트 1종,https://www.oliveyoung.co.kr/store/goods/getGoodsDetail.do?goodsNo=A000000165602&dispCatNo=1000001000200010004&trackingCd&curation&egcode&rccode&egrankcode,삐아,[잔망 루피 에디션] 삐아 라스트 세범 팩트 1종,14000,14000,,"탤크, 폴리메틸실세스퀴옥세인, 다이페닐실록시페닐트라이메티콘, 나일론-12, 합성비즈왁스, 마그네슘미리스테이트, 다이메티콘/비닐다이메티콘크로스폴리머, 카프릴릴글라이콜, 에틸헥실글리세린, 실리카, 토코페롤",모든 피부 타입,dooly****,2022.07.09,"넘넘 귀여운 루피에다가 만족스러운 사용감까지,, 진짜 최고에요ㅠㅠ",5,_alchera_none_
31,20221016_015848,파우더/팩트,[잔망 루피 에디션] 삐아 라스트 세범 팩트 1종,https://www.oliveyoung.co.kr/store/goods/getGoodsDetail.do?goodsNo=A000000165602&dispCatNo=1000001000200010004&trackingCd&curation&egcode&rccode&egrankcode,삐아,[잔망 루피 에디션] 삐아 라스트 세범 팩트 1종,14000,14000,,"탤크, 폴리메틸실세스퀴옥세인, 다이페닐실록시페닐트라이메티콘, 나일론-12, 합성비즈왁스, 마그네슘미리스테이트, 다이메티콘/비닐다이메티콘크로스폴리머, 카프릴릴글라이콜, 에틸헥실글리세린, 실리카, 토코페롤",모든 피부 타입,k202202072****,2022.06.12,이니스프리꺼 오래 쓰다가 처음으로 삐아 제품 써보는데 입자도 곱고 너무 좋은 것 같아요,5,_alchera_none_
32,20221016_015849,파우더/팩트,[잔망 루피 에디션] 삐아 라스트 세범 팩트 1종,https://www.oliveyoung.co.kr/store/goods/getGoodsDetail.do?goodsNo=A000000165602&dispCatNo=1000001000200010004&trackingCd&curation&egcode&rccode&egrankcode,삐아,[잔망 루피 에디션] 삐아 라스트 세범 팩트 1종,14000,14000,,"탤크, 폴리메틸실세스퀴옥세인, 다이페닐실록시페닐트라이메티콘, 나일론-12, 합성비즈왁스, 마그네슘미리스테이트, 다이메티콘/비닐다이메티콘크로스폴리머, 카프릴릴글라이콜, 에틸헥실글리세린, 실리카, 토코페롤",모든 피부 타입,p900****,2022.06.04,친구 선물로 샀는데 에디션 그림도 맘에 들어하고 엄청 좋아하네여,5,_alchera_none_
33,20221016_015851,파우더/팩트,[잔망 루피 에디션] 삐아 라스트 세범 팩트 1종,https://www.oliveyoung.co.kr/store/goods/getGoodsDetail.do?goodsNo=A000000165602&dispCatNo=1000001000200010004&trackingCd&curation&egcode&rccode&egrankcode,삐아,[잔망 루피 에디션] 삐아 라스트 세범 팩트 1종,14000,14000,,"탤크, 폴리메틸실세스퀴옥세인, 다이페닐실록시페닐트라이메티콘, 나일론-12, 합성비즈왁스, 마그네슘미리스테이트, 다이메티콘/비닐다이메티콘크로스폴리머, 카프릴릴글라이콜, 에틸헥실글리세린, 실리카, 토코페롤",모든 피부 타입,tmdwnsal****,2022.06.03,선물받아서 사용하다가 넘 좋아서 주문했어요! 밀착력 좋아요,5,_alchera_none_
34,20221016_015852,파우더/팩트,[잔망 루피 에디션] 삐아 라스트 세범 팩트 1종,https://www.oliveyoung.co.kr/store/goods/getGoodsDetail.do?goodsNo=A000000165602&dispCatNo=1000001000200010004&trackingCd&curation&egcode&rccode&egrankcode,삐아,[잔망 루피 에디션] 삐아 라스트 세범 팩트 1종,14000,14000,,"탤크, 폴리메틸실세스퀴옥세인, 다이페닐실록시페닐트라이메티콘, 나일론-12, 합성비즈왁스, 마그네슘미리스테이트, 다이메티콘/비닐다이메티콘크로스폴리머, 카프릴릴글라이콜, 에틸헥실글리세린, 실리카, 토코페롤",모든 피부 타입,pjs****,2022.05.17,아직 써보진 않앗지만 작고 요즈 날씨에 쓰기 좋을거갗아서 주문해봣어요,5,_alchera_none_
35,20221016_015853,파우더/팩트,[잔망 루피 에디션] 삐아 라스트 세범 팩트 1종,https://www.oliveyoung.co.kr/store/goods/getGoodsDetail.do?goodsNo=A000000165602&dispCatNo=1000001000200010004&trackingCd&curation&egcode&rccode&egrankcode,삐아,[잔망 루피 에디션] 삐아 라스트 세범 팩트 1종,14000,14000,,"탤크, 폴리메틸실세스퀴옥세인, 다이페닐실록시페닐트라이메티콘, 나일론-12, 합성비즈왁스, 마그네슘미리스테이트, 다이메티콘/비닐다이메티콘크로스폴리머, 카프릴릴글라이콜, 에틸헥실글리세린, 실리카, 토코페롤",모든 피부 타입,haemi****,2022.05.15,너무 귀여운 루피 ㅠㅠㅜ 사실 루피 때문에 샀는데 커버고 좋은 것 같아여,5,_alchera_none_
36,20221016_015854,파우더/팩트,[잔망 루피 에디션] 삐아 라스트 세범 팩트 1종,https://www.oliveyoung.co.kr/store/goods/getGoodsDetail.do?goodsNo=A000000165602&dispCatNo=1000001000200010004&trackingCd&curation&egcode&rccode&egrankcode,삐아,[잔망 루피 에디션] 삐아 라스트 세범 팩트 1종,14000,14000,,"탤크, 폴리메틸실세스퀴옥세인, 다이페닐실록시페닐트라이메티콘, 나일론-12, 합성비즈왁스, 마그네슘미리스테이트, 다이메티콘/비닐다이메티콘크로스폴리머, 카프릴릴글라이콜, 에틸헥실글리세린, 실리카, 토코페롤",모든 피부 타입,theka****,2022.05.13,오특 구경하다가 보자마자 귀여움에 저격당해서 홀린듯이 결제 갈겼습니다..,5,_alchera_none_
37,20221016_015855,파우더/팩트,[잔망 루피 에디션] 삐아 라스트 세범 팩트 1종,https://www.oliveyoung.co.kr/store/goods/getGoodsDetail.do?goodsNo=A000000165602&dispCatNo=1000001000200010004&trackingCd&curation&egcode&rccode&egrankcode,삐아,[잔망 루피 에디션] 삐아 라스트 세범 팩트 1종,14000,14000,,"탤크, 폴리메틸실세스퀴옥세인, 다이페닐실록시페닐트라이메티콘, 나일론-12, 합성비즈왁스, 마그네슘미리스테이트, 다이메티콘/비닐다이메티콘크로스폴리머, 카프릴릴글라이콜, 에틸헥실글리세린, 실리카, 토코페롤",모든 피부 타입,zlat****,2022.05.03,아직 많이 안써봐서 잘 모르겟지만 일단 그냥 일반팩트랑 비슷한거 같아요! 근데 패키지가 너무 취저ㅜㅜ,5,_alchera_none_
38,20221016_015857,파우더/팩트,[잔망 루피 에디션] 삐아 라스트 세범 팩트 1종,https://www.oliveyoung.co.kr/store/goods/getGoodsDetail.do?goodsNo=A000000165602&dispCatNo=1000001000200010004&trackingCd&curation&egcode&rccode&egrankcode,삐아,[잔망 루피 에디션] 삐아 라스트 세범 팩트 1종,14000,14000,,"탤크, 폴리메틸실세스퀴옥세인, 다이페닐실록시페닐트라이메티콘, 나일론-12, 합성비즈왁스, 마그네슘미리스테이트, 다이메티콘/비닐다이메티콘크로스폴리머, 카프릴릴글라이콜, 에틸헥실글리세린, 실리카, 토코페롤",모든 피부 타입,dmsgp****,2022.04.27,잘 받았습니다 잘 쓰도록 하겠습니다 만족해요 good 귀여운,5,_alchera_none_
39,20221016_015858,파우더/팩트,[잔망 루피 에디션] 삐아 라스트 세범 팩트 1종,https://www.oliveyoung.co.kr/store/goods/getGoodsDetail.do?goodsNo=A000000165602&dispCatNo=1000001000200010004&trackingCd&curation&egcode&rccode&egrankcode,삐아,[잔망 루피 에디션] 삐아 라스트 세범 팩트 1종,14000,14000,,"탤크, 폴리메틸실세스퀴옥세인, 다이페닐실록시페닐트라이메티콘, 나일론-12, 합성비즈왁스, 마그네슘미리스테이트, 다이메티콘/비닐다이메티콘크로스폴리머, 카프릴릴글라이콜, 에틸헥실글리세린, 실리카, 토코페롤",모든 피부 타입,yaja****,2022.04.26,패키징도 이쁘고 제품도 좋아요 앞으로도 계속 사용할거 같아요,5,_alchera_none_
