,timestamp,category,productName,urlProduct,brand,productName.1,price1,price2,Color,ingredients,skinType,username,datePublished,reviewText,score,reviewerSkinType
0,20221015_041434,립틴트,[한정] 위시로켓 컬렉션 헤라 센슈얼 프레쉬 누드 틴트 7mL / 2 color,https://www.oliveyoung.co.kr/store/goods/getGoodsDetail.do?goodsNo=A000000160465&dispCatNo=1000001000200060003&trackingCd&curation&egcode&rccode&egrankcode,헤라,[한정] 위시로켓 컬렉션 헤라 센슈얼 프레쉬 누드 틴트 7mL / 2 color,37000,31450,178 위셔;491 스페이시,"정제수, 아이소도데케인, 폴리글리세릴-2트라이아이소스테아레이트, 다이아이소스테아릴말레이트, 펜타에리스리틸테트라아이소스테아레이트, 하이드로제네이티드스타이렌/메틸스타이렌/인덴코폴리머, 부틸렌글라이콜, 하이드로제네이티드폴리아이소부텐, 다이스테아다이모늄헥토라이트, 페닐트라이메티콘, 라우릴피이지-9폴리다이메틸실록시에틸다이메티콘, 1,2-헥산다이올, 펜틸렌글라이콜, 폴리하이드록시스테아릭애씨드, 티타늄디옥사이드 (CI 77891), 헥실라우레이트, 폴리글리세릴-2다이아이소스테아레이트, 세틸피이지/피피지-10/1다이메티콘, 폴리글리세릴-4아이소스테아레이트, 마이크로크리스탈린셀룰로오스, 향료, 암모늄아크릴로일다이메틸타우레이트/브이피코폴리머, 적색산화철, 황색5호, 적색40호, 셀룰로오스검, 적색202호, 청색1호, 흑색산화철, 암모늄아크릴레이트코폴리머, 글리세린, 프로판다이올, 토코페롤, 석류즙, 라즈베리즙, 포도즙, 멘톡시프로판다이올, 카프릴릴글라이콜, 펜타에리스리틸테트라-다이-T-부틸하이드록시하이드로신나메이트",모든 피부,코덕축덕,2021.12.30,"👉🏻헤라 애용자인 🙋🏻‍♀️

👉🏻컬렉션들 너무 이쁘고 귀엽게 뽑는 헤라😲

👉🏻이번에는 방상호 작가와 콜라보레이션해서 만든 
컬렉션이라구 해요 ㅎㅎ

👉🏻저번에 헤라 아이엠 컬렉션 나왔을 때도
헤라 아이엠 블랙쿠션
헤라 아이엠 멀티 팔레트
헤라 아이엠 센슈얼 파우더 매트 421호 에픽
헤라 아이엠 센슈얼 파우더 매트 268 페이브 까지
모두 구매해서 사용 중이구

👉🏻헤라 블랙 파운데이션이랑
헤라 블랙컨실러 스프레드타입
헤라 블랙컨실러 닷타입도
사용 중인만큼 애용중인 브랜드!!!

👉🏻이번에도 위시로켓컬렉션 모두 구매해보았는데
하이라이터 쿠션 틴트 새도우 모두 맘에 들었으나...

👉🏻섀도우는 녹은건지 원지 밀려서 왔더라구요..결국..
교환요청하고 아직 리뷰 못남기는즁...

👉🏻이번 센슈얼 프레쉬 누드 틴트는
아이엠 파우더 매트와는 다른 매트타입이 아닌
누드 타입이라 촉촉한편!!

👉🏻컬러도 누드타입이라 자연스러운 편이에요!!

👉🏻컬렉션 너무 이뻐서 하나씩 모아가는즁..

😍포장도 너무 귀여워요❣",5,복합성;웜톤;각질;다크서클
1,20221015_041434,립틴트,[한정] 위시로켓 컬렉션 헤라 센슈얼 프레쉬 누드 틴트 7mL / 2 color,https://www.oliveyoung.co.kr/store/goods/getGoodsDetail.do?goodsNo=A000000160465&dispCatNo=1000001000200060003&trackingCd&curation&egcode&rccode&egrankcode,헤라,[한정] 위시로켓 컬렉션 헤라 센슈얼 프레쉬 누드 틴트 7mL / 2 color,37000,31450,178 위셔;491 스페이시,"정제수, 아이소도데케인, 폴리글리세릴-2트라이아이소스테아레이트, 다이아이소스테아릴말레이트, 펜타에리스리틸테트라아이소스테아레이트, 하이드로제네이티드스타이렌/메틸스타이렌/인덴코폴리머, 부틸렌글라이콜, 하이드로제네이티드폴리아이소부텐, 다이스테아다이모늄헥토라이트, 페닐트라이메티콘, 라우릴피이지-9폴리다이메틸실록시에틸다이메티콘, 1,2-헥산다이올, 펜틸렌글라이콜, 폴리하이드록시스테아릭애씨드, 티타늄디옥사이드 (CI 77891), 헥실라우레이트, 폴리글리세릴-2다이아이소스테아레이트, 세틸피이지/피피지-10/1다이메티콘, 폴리글리세릴-4아이소스테아레이트, 마이크로크리스탈린셀룰로오스, 향료, 암모늄아크릴로일다이메틸타우레이트/브이피코폴리머, 적색산화철, 황색5호, 적색40호, 셀룰로오스검, 적색202호, 청색1호, 흑색산화철, 암모늄아크릴레이트코폴리머, 글리세린, 프로판다이올, 토코페롤, 석류즙, 라즈베리즙, 포도즙, 멘톡시프로판다이올, 카프릴릴글라이콜, 펜타에리스리틸테트라-다이-T-부틸하이드록시하이드로신나메이트",모든 피부,코덕축덕,2021.12.30,"👉🏻원래 헤라 블랙라인인
헤라 블랙쿠션 
헤라 블랙 컨실러 스프레드타입
헤라 블랙 컨실러 닷타입
헤라 블랙 파운데이션을 사용 중이고
그리고 센슈얼 틴트까지 사용 중이라서

👉🏻이미 헤라 애용하는 중인 사람이에요!!

👉🏻저번에 헤라 아이엠 컬렉션도 풀템으로 질렀는데..
이번 꺼도 너무 귀엽구 이뻐서
위시로켓컬렉션도 풀템 겟!!!!

👉🏻위셔 스페이시 컬러가 둘다 너무 이쁘더라구요 ㅎㅎ

😭섀도우도 구매했는데 상품이 녹은건지 다 밀려서 와서
섀도우만 맴아프지만 교환하기루 했어요 ㅠㅠ

👉🏻둘 다 너무 귀엽지 않나요 ㅠㅠ

👉🏻이번 패키지자체도 너무 귀엽게 나왔더라구요 ㅎㅎ
포장 자체가 세상 귀엽 세상 우주우주해요!!

👉🏻아이엠 컬렉션 때 규매한 센슈얼 파우더 매트 틴트
421에픽, 268페이브도 너무 잘 사용 하구 있는데

👉🏻이번 491스페이시,178위셔도 컬러가 너무 만족 스러워요ㅎㅎ❣ 이번꺼는 누드 타입 컬러!!!",5,복합성;웜톤;각질;다크서클
2,20221015_041435,립틴트,[한정] 위시로켓 컬렉션 헤라 센슈얼 프레쉬 누드 틴트 7mL / 2 color,https://www.oliveyoung.co.kr/store/goods/getGoodsDetail.do?goodsNo=A000000160465&dispCatNo=1000001000200060003&trackingCd&curation&egcode&rccode&egrankcode,헤라,[한정] 위시로켓 컬렉션 헤라 센슈얼 프레쉬 누드 틴트 7mL / 2 color,37000,31450,178 위셔;491 스페이시,"정제수, 아이소도데케인, 폴리글리세릴-2트라이아이소스테아레이트, 다이아이소스테아릴말레이트, 펜타에리스리틸테트라아이소스테아레이트, 하이드로제네이티드스타이렌/메틸스타이렌/인덴코폴리머, 부틸렌글라이콜, 하이드로제네이티드폴리아이소부텐, 다이스테아다이모늄헥토라이트, 페닐트라이메티콘, 라우릴피이지-9폴리다이메틸실록시에틸다이메티콘, 1,2-헥산다이올, 펜틸렌글라이콜, 폴리하이드록시스테아릭애씨드, 티타늄디옥사이드 (CI 77891), 헥실라우레이트, 폴리글리세릴-2다이아이소스테아레이트, 세틸피이지/피피지-10/1다이메티콘, 폴리글리세릴-4아이소스테아레이트, 마이크로크리스탈린셀룰로오스, 향료, 암모늄아크릴로일다이메틸타우레이트/브이피코폴리머, 적색산화철, 황색5호, 적색40호, 셀룰로오스검, 적색202호, 청색1호, 흑색산화철, 암모늄아크릴레이트코폴리머, 글리세린, 프로판다이올, 토코페롤, 석류즙, 라즈베리즙, 포도즙, 멘톡시프로판다이올, 카프릴릴글라이콜, 펜타에리스리틸테트라-다이-T-부틸하이드록시하이드로신나메이트",모든 피부,울라불라불루짱,2021.12.28,"위시로켓 컬렉션 쿠션, 립 2개 모두 구매했습니다 전 헤라덕후라ㅠㅎ나오면 무조건 삽니다 근데 이번꺼 진짜 넘 맘에들어요 단상자 디자인부터 제품 디테일까지!!

센슈얼 프레쉬 누드 틴트라인은 원래도 사용하고있엇는데 새로운 색상 2개 나와서 구매햇어용 
제품이 살짝 투명해서 겉으로도 어떤 색상인지 보여서 좋아요
제형은 부드럽게 발리는 촉촉한 제형이고, 입술에 얹히면 생각보다 더 얇게 발라져서 진짜 추천! 엄청 자연스러운 입술이 되어요 그래서 전 화장안한 얼굴에 더 잘 바르고 있습니다

#위셔 색상은 오렌지빛이 사알짝 도는 톤다운된 누드브라운 색상인데 연하고 자연스러워서 톤에 크게 상관없이 바를 수 있는 컬러에요 누구나 좋아할 색상! 그래도 따지고보면 웜톤이 더 좋아하고 잘어울릴 색상이긴합니다ㅎㅎ🏹🤎지속력은 촉촉타입이라 엄청 오래가진 않고 먹으면 사라지는 정도입니당",5,건성;웜톤;민감성;홍조
3,20221015_041435,립틴트,[한정] 위시로켓 컬렉션 헤라 센슈얼 프레쉬 누드 틴트 7mL / 2 color,https://www.oliveyoung.co.kr/store/goods/getGoodsDetail.do?goodsNo=A000000160465&dispCatNo=1000001000200060003&trackingCd&curation&egcode&rccode&egrankcode,헤라,[한정] 위시로켓 컬렉션 헤라 센슈얼 프레쉬 누드 틴트 7mL / 2 color,37000,31450,178 위셔;491 스페이시,"정제수, 아이소도데케인, 폴리글리세릴-2트라이아이소스테아레이트, 다이아이소스테아릴말레이트, 펜타에리스리틸테트라아이소스테아레이트, 하이드로제네이티드스타이렌/메틸스타이렌/인덴코폴리머, 부틸렌글라이콜, 하이드로제네이티드폴리아이소부텐, 다이스테아다이모늄헥토라이트, 페닐트라이메티콘, 라우릴피이지-9폴리다이메틸실록시에틸다이메티콘, 1,2-헥산다이올, 펜틸렌글라이콜, 폴리하이드록시스테아릭애씨드, 티타늄디옥사이드 (CI 77891), 헥실라우레이트, 폴리글리세릴-2다이아이소스테아레이트, 세틸피이지/피피지-10/1다이메티콘, 폴리글리세릴-4아이소스테아레이트, 마이크로크리스탈린셀룰로오스, 향료, 암모늄아크릴로일다이메틸타우레이트/브이피코폴리머, 적색산화철, 황색5호, 적색40호, 셀룰로오스검, 적색202호, 청색1호, 흑색산화철, 암모늄아크릴레이트코폴리머, 글리세린, 프로판다이올, 토코페롤, 석류즙, 라즈베리즙, 포도즙, 멘톡시프로판다이올, 카프릴릴글라이콜, 펜타에리스리틸테트라-다이-T-부틸하이드록시하이드로신나메이트",모든 피부,울라불라불루짱,2021.12.28,"센슈얼 프레쉬 누드틴트 라인은 제가 평소에도 애정하는 라인이라 이번에 컬렉션으로 새로운 두컬러 나와서 구매했습니당:-)
이번 컬렉션 넘 맘에들어요ㅠㅠ단상자 디자인도 넘 이쁘고 제품 디테일도 넘 좋습니다

이 라인은 촉촉라인인데 묽게 발리고 음파음파 몇번만 하면 바로 입술에 밀착이 잘되어용 촉촉한거 치고 밀착 잘 되는편!!
입술에 편안하게 밀착되어서 넘 좋아요 
근데 지속력은 좋진 않아용 먹으면 사라집니당 그래도 마스크 쓸때 꽤 좋아요! 촉촉이인데 묻어나거나 그러지 않아서!!

색상은 모브빛이 아주 살짝 도는 차분한 로즈색상입니다 제가 진짜 좋아하는 색상ㅠㅠ요즘 많이 보이는 컬러에용 
웜쿨 안따져도되는 뉴트럴한 색상이고 구지 따지자면 살짝 쿨한 느낌이 들긴합니다 여튼 이라인은 진짜 추천!! 꼭 한번 써보세용💚✨",5,건성;웜톤;민감성;홍조
4,20221015_041435,립틴트,[한정] 위시로켓 컬렉션 헤라 센슈얼 프레쉬 누드 틴트 7mL / 2 color,https://www.oliveyoung.co.kr/store/goods/getGoodsDetail.do?goodsNo=A000000160465&dispCatNo=1000001000200060003&trackingCd&curation&egcode&rccode&egrankcode,헤라,[한정] 위시로켓 컬렉션 헤라 센슈얼 프레쉬 누드 틴트 7mL / 2 color,37000,31450,178 위셔;491 스페이시,"정제수, 아이소도데케인, 폴리글리세릴-2트라이아이소스테아레이트, 다이아이소스테아릴말레이트, 펜타에리스리틸테트라아이소스테아레이트, 하이드로제네이티드스타이렌/메틸스타이렌/인덴코폴리머, 부틸렌글라이콜, 하이드로제네이티드폴리아이소부텐, 다이스테아다이모늄헥토라이트, 페닐트라이메티콘, 라우릴피이지-9폴리다이메틸실록시에틸다이메티콘, 1,2-헥산다이올, 펜틸렌글라이콜, 폴리하이드록시스테아릭애씨드, 티타늄디옥사이드 (CI 77891), 헥실라우레이트, 폴리글리세릴-2다이아이소스테아레이트, 세틸피이지/피피지-10/1다이메티콘, 폴리글리세릴-4아이소스테아레이트, 마이크로크리스탈린셀룰로오스, 향료, 암모늄아크릴로일다이메틸타우레이트/브이피코폴리머, 적색산화철, 황색5호, 적색40호, 셀룰로오스검, 적색202호, 청색1호, 흑색산화철, 암모늄아크릴레이트코폴리머, 글리세린, 프로판다이올, 토코페롤, 석류즙, 라즈베리즙, 포도즙, 멘톡시프로판다이올, 카프릴릴글라이콜, 펜타에리스리틸테트라-다이-T-부틸하이드록시하이드로신나메이트",모든 피부,디유니,2022.04.25,"기존 헤라 센슈얼 프레쉬누드에는 이런 차분한 컬러가 없고 좀 쨍하거나 딥한 컬러가 많았는데 요 위시로켓 컬렉션은 mlbb느낌의 컬러들이라 넘 좋았어요!!

약간의 핑크빛도 느껴지는 차분한 핑크베이지 톤이에요💗
사진에서는 좀 더 베이지빛이 많이 느껴졌는데 핑크빛도 돌아서 더 다양하게 활용할 수 있을 것 같아요ㅎㅎ

프레쉬누드답게 착색은 없어서 지속력은 쏘쏘같긴 한데 뭐 먹거나 하지 않는이상 입술 위에서 꽤 오래 유지되더라구여
제형도 로션처럼 부드러운 제형이 입술에 쫀쫀하게 밀착되고 너무 부담스러운 광택도 아니라 자연스럽게 사용가능할것같아요👍🏼

요즘 입술이 건조해서 매트한건 많이 못 바르겠던데 이건 적당히 촉촉하고 색감 제형 다 너무 자연스러워서 내추럴한 틴트 찾으시는 분들 쌩얼틴트로 강추드랴요!!",5,복합성;가을웜톤;잡티;트러블
5,20221015_041435,립틴트,[한정] 위시로켓 컬렉션 헤라 센슈얼 프레쉬 누드 틴트 7mL / 2 color,https://www.oliveyoung.co.kr/store/goods/getGoodsDetail.do?goodsNo=A000000160465&dispCatNo=1000001000200060003&trackingCd&curation&egcode&rccode&egrankcode,헤라,[한정] 위시로켓 컬렉션 헤라 센슈얼 프레쉬 누드 틴트 7mL / 2 color,37000,31450,178 위셔;491 스페이시,"정제수, 아이소도데케인, 폴리글리세릴-2트라이아이소스테아레이트, 다이아이소스테아릴말레이트, 펜타에리스리틸테트라아이소스테아레이트, 하이드로제네이티드스타이렌/메틸스타이렌/인덴코폴리머, 부틸렌글라이콜, 하이드로제네이티드폴리아이소부텐, 다이스테아다이모늄헥토라이트, 페닐트라이메티콘, 라우릴피이지-9폴리다이메틸실록시에틸다이메티콘, 1,2-헥산다이올, 펜틸렌글라이콜, 폴리하이드록시스테아릭애씨드, 티타늄디옥사이드 (CI 77891), 헥실라우레이트, 폴리글리세릴-2다이아이소스테아레이트, 세틸피이지/피피지-10/1다이메티콘, 폴리글리세릴-4아이소스테아레이트, 마이크로크리스탈린셀룰로오스, 향료, 암모늄아크릴로일다이메틸타우레이트/브이피코폴리머, 적색산화철, 황색5호, 적색40호, 셀룰로오스검, 적색202호, 청색1호, 흑색산화철, 암모늄아크릴레이트코폴리머, 글리세린, 프로판다이올, 토코페롤, 석류즙, 라즈베리즙, 포도즙, 멘톡시프로판다이올, 카프릴릴글라이콜, 펜타에리스리틸테트라-다이-T-부틸하이드록시하이드로신나메이트",모든 피부,탱바라기,2022.03.22,"헤라 립은 촉촉해서 좋아요.
매트타입도 촉촉한 편이구요.
틴트는 말할것도 없이 촉촉합니당ㅎ
이번엔 위시로켓 시리즈인데 
처음봤을때 우선 디자인에 반했구요ㅎ
평소에 MLBB한 색상을 좋아하는 편인데 
후기도 좋았고 상세페이지에서 
위셔 색상을 보고는 그냥 바로 질렀어요ㅋㅋ

우선 색상은 상세랑 보기에 똑같았구요.
발림성은 촉촉하고 
꾸덕하게 뭉치지도 않고 아주 좋았구요.
발색도 촉촉히 벽돌색이 돌아서 좋았어요~
지속력이나 착색은 아주조금 아쉬웠어요ㅠㅠ
지속이 별로 오래가지 않아서 
두번 세번 발라보았지만 
지속이 좋지 않았구요.
그럼으로 인해서 착색도 
아주 희미하게 남았어요ㅠㅠ
총평으로는 곽은 이뻤지만 
그게 다다..?ㅠㅠ 
두어달 꾸준히 쓰긴했는데 
두번 사가 어려울것 같긴해요ㅠㅠ
왼쪽 오른쪽 동시에 바른거구요.
오른쪽이 약 15분뒤에 휴지로 훔쳐낸 
착색샷입니당.",5,복합성;웜톤;각질;잡티
6,20221015_041435,립틴트,[한정] 위시로켓 컬렉션 헤라 센슈얼 프레쉬 누드 틴트 7mL / 2 color,https://www.oliveyoung.co.kr/store/goods/getGoodsDetail.do?goodsNo=A000000160465&dispCatNo=1000001000200060003&trackingCd&curation&egcode&rccode&egrankcode,헤라,[한정] 위시로켓 컬렉션 헤라 센슈얼 프레쉬 누드 틴트 7mL / 2 color,37000,31450,178 위셔;491 스페이시,"정제수, 아이소도데케인, 폴리글리세릴-2트라이아이소스테아레이트, 다이아이소스테아릴말레이트, 펜타에리스리틸테트라아이소스테아레이트, 하이드로제네이티드스타이렌/메틸스타이렌/인덴코폴리머, 부틸렌글라이콜, 하이드로제네이티드폴리아이소부텐, 다이스테아다이모늄헥토라이트, 페닐트라이메티콘, 라우릴피이지-9폴리다이메틸실록시에틸다이메티콘, 1,2-헥산다이올, 펜틸렌글라이콜, 폴리하이드록시스테아릭애씨드, 티타늄디옥사이드 (CI 77891), 헥실라우레이트, 폴리글리세릴-2다이아이소스테아레이트, 세틸피이지/피피지-10/1다이메티콘, 폴리글리세릴-4아이소스테아레이트, 마이크로크리스탈린셀룰로오스, 향료, 암모늄아크릴로일다이메틸타우레이트/브이피코폴리머, 적색산화철, 황색5호, 적색40호, 셀룰로오스검, 적색202호, 청색1호, 흑색산화철, 암모늄아크릴레이트코폴리머, 글리세린, 프로판다이올, 토코페롤, 석류즙, 라즈베리즙, 포도즙, 멘톡시프로판다이올, 카프릴릴글라이콜, 펜타에리스리틸테트라-다이-T-부틸하이드록시하이드로신나메이트",모든 피부,채송송,2022.01.05,"491번 스페이시? 컬러는 사실 욕심 안부리고
이 색상 하나만 사야지 마음을 딱 먹고있었는데!
자꾸 품절되길래 같이 질러버렸어요ㅋㅋ
그리고 본디 하나보단 둘이 낫잖아요ㅋ
특별한 스페셜 에디션인데 하나만 있으면
보관해서 볼때 뭔가 좀더 초라해보일 것만
같은 코덕의 마음ㅠㅠ 봄웜톤 진단받은
저로써는 톤다운된 색상보다 약간은 파스텔톤이
잘 어울리지만 좋아하는건 죄다 톤다운 브릭누드베이지, 모브빛 이런 색상이라ㅠ 2가지 전부다
너무 잘 사용할 것 같지만 특히 178번 색상은
더더더 잘쓰게 될 것 같아요ㅋ
색상이 정말 매력적이랍니다ㅋ
립들이 하도 많아서 시간이 지나면 있는지도
모르고 남아있는 새립들이 많지만,
이 컬렉션은 톡톡 튀니까 잊혀지지않고
기억날거같아요 진정한 코덕들은
외출전 립 색 다르고 들고 다니는 립색도
다르고 이것저것 막 바르는 맛이 있죠ㅋㅋ",5,복합성;웜톤;모공;잡티
7,20221015_041435,립틴트,[한정] 위시로켓 컬렉션 헤라 센슈얼 프레쉬 누드 틴트 7mL / 2 color,https://www.oliveyoung.co.kr/store/goods/getGoodsDetail.do?goodsNo=A000000160465&dispCatNo=1000001000200060003&trackingCd&curation&egcode&rccode&egrankcode,헤라,[한정] 위시로켓 컬렉션 헤라 센슈얼 프레쉬 누드 틴트 7mL / 2 color,37000,31450,178 위셔;491 스페이시,"정제수, 아이소도데케인, 폴리글리세릴-2트라이아이소스테아레이트, 다이아이소스테아릴말레이트, 펜타에리스리틸테트라아이소스테아레이트, 하이드로제네이티드스타이렌/메틸스타이렌/인덴코폴리머, 부틸렌글라이콜, 하이드로제네이티드폴리아이소부텐, 다이스테아다이모늄헥토라이트, 페닐트라이메티콘, 라우릴피이지-9폴리다이메틸실록시에틸다이메티콘, 1,2-헥산다이올, 펜틸렌글라이콜, 폴리하이드록시스테아릭애씨드, 티타늄디옥사이드 (CI 77891), 헥실라우레이트, 폴리글리세릴-2다이아이소스테아레이트, 세틸피이지/피피지-10/1다이메티콘, 폴리글리세릴-4아이소스테아레이트, 마이크로크리스탈린셀룰로오스, 향료, 암모늄아크릴로일다이메틸타우레이트/브이피코폴리머, 적색산화철, 황색5호, 적색40호, 셀룰로오스검, 적색202호, 청색1호, 흑색산화철, 암모늄아크릴레이트코폴리머, 글리세린, 프로판다이올, 토코페롤, 석류즙, 라즈베리즙, 포도즙, 멘톡시프로판다이올, 카프릴릴글라이콜, 펜타에리스리틸테트라-다이-T-부틸하이드록시하이드로신나메이트",모든 피부,채송송,2022.01.05,"받자마자 소리 질렀어요ㅋㅋ
패키징 머선일이고? 너무 귀여운거 아닌가요ㅠㅠ
헤라는 엄마들 브랜드는 정말 옛말이지 싶네요ㅋ
이렇게 상콤 발랄한 콜라보가 있다니요
콜라보 아닌가요?ㅋ 모르겠지만 진짜
너무 귀여운 컬렉션이에요ㅋ 색상도
제가 너무 좋아하는 톤다운된 로지,
톤다운된 누드브릭베이지? 그런 느낌쓰인데
케이스는 상콤 발랄 그자체.
어찌 소장하지않을 수 있겠습니까
새해에는 더이상 덕질을 그만둬야지 다짐하며 12월 말일 경 주문한건데 배송은 예정일보다 사흘정도
늦은것같아요ㅋㅋ 그러다보니 새해에 받았네요?
하하 그렇다면 진정한 새해는...구정인거겠죠?
그 전까지 다시 욕구 뿜뿜 불태워줄 로켓이
제 손에 들어와버렸네요 이런.(안타까워?하는 것임)
일단 누드틴트는 포실포실하게 픽싱되는 타입인거
같은데 열심히 잘 써보겠습니다",5,복합성;웜톤;모공;잡티
8,20221015_041436,립틴트,[한정] 위시로켓 컬렉션 헤라 센슈얼 프레쉬 누드 틴트 7mL / 2 color,https://www.oliveyoung.co.kr/store/goods/getGoodsDetail.do?goodsNo=A000000160465&dispCatNo=1000001000200060003&trackingCd&curation&egcode&rccode&egrankcode,헤라,[한정] 위시로켓 컬렉션 헤라 센슈얼 프레쉬 누드 틴트 7mL / 2 color,37000,31450,178 위셔;491 스페이시,"정제수, 아이소도데케인, 폴리글리세릴-2트라이아이소스테아레이트, 다이아이소스테아릴말레이트, 펜타에리스리틸테트라아이소스테아레이트, 하이드로제네이티드스타이렌/메틸스타이렌/인덴코폴리머, 부틸렌글라이콜, 하이드로제네이티드폴리아이소부텐, 다이스테아다이모늄헥토라이트, 페닐트라이메티콘, 라우릴피이지-9폴리다이메틸실록시에틸다이메티콘, 1,2-헥산다이올, 펜틸렌글라이콜, 폴리하이드록시스테아릭애씨드, 티타늄디옥사이드 (CI 77891), 헥실라우레이트, 폴리글리세릴-2다이아이소스테아레이트, 세틸피이지/피피지-10/1다이메티콘, 폴리글리세릴-4아이소스테아레이트, 마이크로크리스탈린셀룰로오스, 향료, 암모늄아크릴로일다이메틸타우레이트/브이피코폴리머, 적색산화철, 황색5호, 적색40호, 셀룰로오스검, 적색202호, 청색1호, 흑색산화철, 암모늄아크릴레이트코폴리머, 글리세린, 프로판다이올, 토코페롤, 석류즙, 라즈베리즙, 포도즙, 멘톡시프로판다이올, 카프릴릴글라이콜, 펜타에리스리틸테트라-다이-T-부틸하이드록시하이드로신나메이트",모든 피부,영앤코덕,2022.08.28,"제형이 너무 궁금해서 사본 제품인데요 흐음 저는 그렇게 좋은 지는 모르겠네요

일단 컬러는 쏘쏘인 거 같아요 저는 여쿨 판정 받았는데 나름 어울리긴 하지만 뭔가 딥하고 뭔가 웜한 느낌이 있어서 그저 그래요

제형도 저는 아주 얇게 착 붙는 느낌일 줄 알았는데 생각보다는 두께감이 있고 틴트라기 보다는 얇은 리퀴드립 느낌이었어요

착색이 있긴 한데 엄청 심하거나 약하지는 않고.. 딱히 예쁘게 착색되는 느낌은 아니었어요

패키지는 귀여운데 내용물만 놓고 보자면 굳이 추천하고 싶지는 않네요",3,_alchera_none_
9,20221015_041436,립틴트,[한정] 위시로켓 컬렉션 헤라 센슈얼 프레쉬 누드 틴트 7mL / 2 color,https://www.oliveyoung.co.kr/store/goods/getGoodsDetail.do?goodsNo=A000000160465&dispCatNo=1000001000200060003&trackingCd&curation&egcode&rccode&egrankcode,헤라,[한정] 위시로켓 컬렉션 헤라 센슈얼 프레쉬 누드 틴트 7mL / 2 color,37000,31450,178 위셔;491 스페이시,"정제수, 아이소도데케인, 폴리글리세릴-2트라이아이소스테아레이트, 다이아이소스테아릴말레이트, 펜타에리스리틸테트라아이소스테아레이트, 하이드로제네이티드스타이렌/메틸스타이렌/인덴코폴리머, 부틸렌글라이콜, 하이드로제네이티드폴리아이소부텐, 다이스테아다이모늄헥토라이트, 페닐트라이메티콘, 라우릴피이지-9폴리다이메틸실록시에틸다이메티콘, 1,2-헥산다이올, 펜틸렌글라이콜, 폴리하이드록시스테아릭애씨드, 티타늄디옥사이드 (CI 77891), 헥실라우레이트, 폴리글리세릴-2다이아이소스테아레이트, 세틸피이지/피피지-10/1다이메티콘, 폴리글리세릴-4아이소스테아레이트, 마이크로크리스탈린셀룰로오스, 향료, 암모늄아크릴로일다이메틸타우레이트/브이피코폴리머, 적색산화철, 황색5호, 적색40호, 셀룰로오스검, 적색202호, 청색1호, 흑색산화철, 암모늄아크릴레이트코폴리머, 글리세린, 프로판다이올, 토코페롤, 석류즙, 라즈베리즙, 포도즙, 멘톡시프로판다이올, 카프릴릴글라이콜, 펜타에리스리틸테트라-다이-T-부틸하이드록시하이드로신나메이트",모든 피부,조봉봉,2022.02.12,발림성이 좋고 촉촉 립이라 마스크에는 묻어남이 있지만 헤라는 못참져!!! 케이스도 귀엽고ㅠㅠㅠ하나씩 하나씩 모아가고 있숩니당,5,건성;웜톤;각질;모공
10,20221015_041440,립틴트,[한정] 위시로켓 컬렉션 헤라 센슈얼 프레쉬 누드 틴트 7mL / 2 color,https://www.oliveyoung.co.kr/store/goods/getGoodsDetail.do?goodsNo=A000000160465&dispCatNo=1000001000200060003&trackingCd&curation&egcode&rccode&egrankcode,헤라,[한정] 위시로켓 컬렉션 헤라 센슈얼 프레쉬 누드 틴트 7mL / 2 color,37000,31450,178 위셔;491 스페이시,"정제수, 아이소도데케인, 폴리글리세릴-2트라이아이소스테아레이트, 다이아이소스테아릴말레이트, 펜타에리스리틸테트라아이소스테아레이트, 하이드로제네이티드스타이렌/메틸스타이렌/인덴코폴리머, 부틸렌글라이콜, 하이드로제네이티드폴리아이소부텐, 다이스테아다이모늄헥토라이트, 페닐트라이메티콘, 라우릴피이지-9폴리다이메틸실록시에틸다이메티콘, 1,2-헥산다이올, 펜틸렌글라이콜, 폴리하이드록시스테아릭애씨드, 티타늄디옥사이드 (CI 77891), 헥실라우레이트, 폴리글리세릴-2다이아이소스테아레이트, 세틸피이지/피피지-10/1다이메티콘, 폴리글리세릴-4아이소스테아레이트, 마이크로크리스탈린셀룰로오스, 향료, 암모늄아크릴로일다이메틸타우레이트/브이피코폴리머, 적색산화철, 황색5호, 적색40호, 셀룰로오스검, 적색202호, 청색1호, 흑색산화철, 암모늄아크릴레이트코폴리머, 글리세린, 프로판다이올, 토코페롤, 석류즙, 라즈베리즙, 포도즙, 멘톡시프로판다이올, 카프릴릴글라이콜, 펜타에리스리틸테트라-다이-T-부틸하이드록시하이드로신나메이트",모든 피부,틴트중독자,2022.03.06,"이거 색감이 진짜 고급스러워요!
제가 한창 벨벳립만 바르고 유행하던시기부터 
저는 촉촉하고 쫀득한 립 제형을 선호 해왔는데요
특히나 헤라 누드립 시리즈는
플럼핑 효과도 살짝 있기 때문에
입술주름도 펴주고  촉촉한 제형인데도
요플레 현상 없이 스무스하게 발라집니다.

그리고 한정판 컬렉션이라서 어플리케이터 뚜껑도 
핫핑크색이라서 엄청 청키하고 힙한 느낌입니당 
완전 제 스타일 ㅜㅜ

근데 이 위시로켓 컬렉션 립색상이 2가지 모두 
하나는 약간 흰끼랑 하나는 미묘한 벽돌색이 포함된 느낌이라서 
색을 소화 할 수 있는 사람이 좀 한정되어 있을 것 같다는
생각을 했습니다🥺

그리고 유리 케이스라 조금 무겁고 파손에 주의해야 한다는 거
그점 빼고는 다 마음에 들었어용 
헤라 누드립 좋아하시는 분들이라면 꼭 사세요!
왜냐면, 색이 흔하지 않게 이쁘거든영",5,_alchera_none_
11,20221015_041440,립틴트,[한정] 위시로켓 컬렉션 헤라 센슈얼 프레쉬 누드 틴트 7mL / 2 color,https://www.oliveyoung.co.kr/store/goods/getGoodsDetail.do?goodsNo=A000000160465&dispCatNo=1000001000200060003&trackingCd&curation&egcode&rccode&egrankcode,헤라,[한정] 위시로켓 컬렉션 헤라 센슈얼 프레쉬 누드 틴트 7mL / 2 color,37000,31450,178 위셔;491 스페이시,"정제수, 아이소도데케인, 폴리글리세릴-2트라이아이소스테아레이트, 다이아이소스테아릴말레이트, 펜타에리스리틸테트라아이소스테아레이트, 하이드로제네이티드스타이렌/메틸스타이렌/인덴코폴리머, 부틸렌글라이콜, 하이드로제네이티드폴리아이소부텐, 다이스테아다이모늄헥토라이트, 페닐트라이메티콘, 라우릴피이지-9폴리다이메틸실록시에틸다이메티콘, 1,2-헥산다이올, 펜틸렌글라이콜, 폴리하이드록시스테아릭애씨드, 티타늄디옥사이드 (CI 77891), 헥실라우레이트, 폴리글리세릴-2다이아이소스테아레이트, 세틸피이지/피피지-10/1다이메티콘, 폴리글리세릴-4아이소스테아레이트, 마이크로크리스탈린셀룰로오스, 향료, 암모늄아크릴로일다이메틸타우레이트/브이피코폴리머, 적색산화철, 황색5호, 적색40호, 셀룰로오스검, 적색202호, 청색1호, 흑색산화철, 암모늄아크릴레이트코폴리머, 글리세린, 프로판다이올, 토코페롤, 석류즙, 라즈베리즙, 포도즙, 멘톡시프로판다이올, 카프릴릴글라이콜, 펜타에리스리틸테트라-다이-T-부틸하이드록시하이드로신나메이트",모든 피부,조봉봉,2022.02.12,어느새 헤라 쳐돌이가 돼가지고…하나씩 야금야금…케이스도 귀엽고 색도 예뻐요!,5,건성;웜톤;각질;모공
12,20221015_041441,립틴트,[한정] 위시로켓 컬렉션 헤라 센슈얼 프레쉬 누드 틴트 7mL / 2 color,https://www.oliveyoung.co.kr/store/goods/getGoodsDetail.do?goodsNo=A000000160465&dispCatNo=1000001000200060003&trackingCd&curation&egcode&rccode&egrankcode,헤라,[한정] 위시로켓 컬렉션 헤라 센슈얼 프레쉬 누드 틴트 7mL / 2 color,37000,31450,178 위셔;491 스페이시,"정제수, 아이소도데케인, 폴리글리세릴-2트라이아이소스테아레이트, 다이아이소스테아릴말레이트, 펜타에리스리틸테트라아이소스테아레이트, 하이드로제네이티드스타이렌/메틸스타이렌/인덴코폴리머, 부틸렌글라이콜, 하이드로제네이티드폴리아이소부텐, 다이스테아다이모늄헥토라이트, 페닐트라이메티콘, 라우릴피이지-9폴리다이메틸실록시에틸다이메티콘, 1,2-헥산다이올, 펜틸렌글라이콜, 폴리하이드록시스테아릭애씨드, 티타늄디옥사이드 (CI 77891), 헥실라우레이트, 폴리글리세릴-2다이아이소스테아레이트, 세틸피이지/피피지-10/1다이메티콘, 폴리글리세릴-4아이소스테아레이트, 마이크로크리스탈린셀룰로오스, 향료, 암모늄아크릴로일다이메틸타우레이트/브이피코폴리머, 적색산화철, 황색5호, 적색40호, 셀룰로오스검, 적색202호, 청색1호, 흑색산화철, 암모늄아크릴레이트코폴리머, 글리세린, 프로판다이올, 토코페롤, 석류즙, 라즈베리즙, 포도즙, 멘톡시프로판다이올, 카프릴릴글라이콜, 펜타에리스리틸테트라-다이-T-부틸하이드록시하이드로신나메이트",모든 피부,tjdbfl****,2022.06.13,"충동구매했으나 만족
장점 
기존 스파이시 누드 글로스의 끈적임이 
이제품에선 없이 산뜻하게 발림
사진이 좀 진하고 탁하게 나왔으나
말린장미 정석 컬러 예쁨
단점 지속력이 길지 않음
손등발색 과 약간 다른 느낌",4,_alchera_none_
13,20221015_041441,립틴트,[한정] 위시로켓 컬렉션 헤라 센슈얼 프레쉬 누드 틴트 7mL / 2 color,https://www.oliveyoung.co.kr/store/goods/getGoodsDetail.do?goodsNo=A000000160465&dispCatNo=1000001000200060003&trackingCd&curation&egcode&rccode&egrankcode,헤라,[한정] 위시로켓 컬렉션 헤라 센슈얼 프레쉬 누드 틴트 7mL / 2 color,37000,31450,178 위셔;491 스페이시,"정제수, 아이소도데케인, 폴리글리세릴-2트라이아이소스테아레이트, 다이아이소스테아릴말레이트, 펜타에리스리틸테트라아이소스테아레이트, 하이드로제네이티드스타이렌/메틸스타이렌/인덴코폴리머, 부틸렌글라이콜, 하이드로제네이티드폴리아이소부텐, 다이스테아다이모늄헥토라이트, 페닐트라이메티콘, 라우릴피이지-9폴리다이메틸실록시에틸다이메티콘, 1,2-헥산다이올, 펜틸렌글라이콜, 폴리하이드록시스테아릭애씨드, 티타늄디옥사이드 (CI 77891), 헥실라우레이트, 폴리글리세릴-2다이아이소스테아레이트, 세틸피이지/피피지-10/1다이메티콘, 폴리글리세릴-4아이소스테아레이트, 마이크로크리스탈린셀룰로오스, 향료, 암모늄아크릴로일다이메틸타우레이트/브이피코폴리머, 적색산화철, 황색5호, 적색40호, 셀룰로오스검, 적색202호, 청색1호, 흑색산화철, 암모늄아크릴레이트코폴리머, 글리세린, 프로판다이올, 토코페롤, 석류즙, 라즈베리즙, 포도즙, 멘톡시프로판다이올, 카프릴릴글라이콜, 펜타에리스리틸테트라-다이-T-부틸하이드록시하이드로신나메이트",모든 피부,헤이jj,2022.10.01,"이것은 약간 웜하게 올라오는 모브마젠타.
겨브가 쓰기에는 헤라특유의 뜨뜻미지근한 컬러지망
그냥 이뻐서 하나 더 샀어요. 

아니 뭐 따뜻한 여자이고싶은날 있자너. 
뜨신놈들중에는 제일 쿨한건 사실.

상사놈들이 뭐라 지껄이던
웃으며 넘겨야하는 날 차분해보이고 아주 좋습니다.",5,민감성;겨울쿨톤;모공;민감성
14,20221015_041441,립틴트,[한정] 위시로켓 컬렉션 헤라 센슈얼 프레쉬 누드 틴트 7mL / 2 color,https://www.oliveyoung.co.kr/store/goods/getGoodsDetail.do?goodsNo=A000000160465&dispCatNo=1000001000200060003&trackingCd&curation&egcode&rccode&egrankcode,헤라,[한정] 위시로켓 컬렉션 헤라 센슈얼 프레쉬 누드 틴트 7mL / 2 color,37000,31450,178 위셔;491 스페이시,"정제수, 아이소도데케인, 폴리글리세릴-2트라이아이소스테아레이트, 다이아이소스테아릴말레이트, 펜타에리스리틸테트라아이소스테아레이트, 하이드로제네이티드스타이렌/메틸스타이렌/인덴코폴리머, 부틸렌글라이콜, 하이드로제네이티드폴리아이소부텐, 다이스테아다이모늄헥토라이트, 페닐트라이메티콘, 라우릴피이지-9폴리다이메틸실록시에틸다이메티콘, 1,2-헥산다이올, 펜틸렌글라이콜, 폴리하이드록시스테아릭애씨드, 티타늄디옥사이드 (CI 77891), 헥실라우레이트, 폴리글리세릴-2다이아이소스테아레이트, 세틸피이지/피피지-10/1다이메티콘, 폴리글리세릴-4아이소스테아레이트, 마이크로크리스탈린셀룰로오스, 향료, 암모늄아크릴로일다이메틸타우레이트/브이피코폴리머, 적색산화철, 황색5호, 적색40호, 셀룰로오스검, 적색202호, 청색1호, 흑색산화철, 암모늄아크릴레이트코폴리머, 글리세린, 프로판다이올, 토코페롤, 석류즙, 라즈베리즙, 포도즙, 멘톡시프로판다이올, 카프릴릴글라이콜, 펜타에리스리틸테트라-다이-T-부틸하이드록시하이드로신나메이트",모든 피부,탱바라기,2022.04.17,"위시로켓 라인 궁금해서 
전부 구매해보았구요.
써본결과 
다른 라인들과 크게 차이는 없지만,
역시 헤라는 헤라입니다.
지속성이 좋고 글로시하면서 색깔이 잘빠졌네요.
헤라립은 특유의 뽑아내는 색 특징이 있는데 
진한 색상은 아니고 약간 색상은 연하지만 
틴트는 꾸덕,립스틱은 선명하게 표현돼요.
암튼 그래서 헤라를 계속 쓰게됩니당",5,복합성;웜톤;각질;잡티
15,20221015_041442,립틴트,[한정] 위시로켓 컬렉션 헤라 센슈얼 프레쉬 누드 틴트 7mL / 2 color,https://www.oliveyoung.co.kr/store/goods/getGoodsDetail.do?goodsNo=A000000160465&dispCatNo=1000001000200060003&trackingCd&curation&egcode&rccode&egrankcode,헤라,[한정] 위시로켓 컬렉션 헤라 센슈얼 프레쉬 누드 틴트 7mL / 2 color,37000,31450,178 위셔;491 스페이시,"정제수, 아이소도데케인, 폴리글리세릴-2트라이아이소스테아레이트, 다이아이소스테아릴말레이트, 펜타에리스리틸테트라아이소스테아레이트, 하이드로제네이티드스타이렌/메틸스타이렌/인덴코폴리머, 부틸렌글라이콜, 하이드로제네이티드폴리아이소부텐, 다이스테아다이모늄헥토라이트, 페닐트라이메티콘, 라우릴피이지-9폴리다이메틸실록시에틸다이메티콘, 1,2-헥산다이올, 펜틸렌글라이콜, 폴리하이드록시스테아릭애씨드, 티타늄디옥사이드 (CI 77891), 헥실라우레이트, 폴리글리세릴-2다이아이소스테아레이트, 세틸피이지/피피지-10/1다이메티콘, 폴리글리세릴-4아이소스테아레이트, 마이크로크리스탈린셀룰로오스, 향료, 암모늄아크릴로일다이메틸타우레이트/브이피코폴리머, 적색산화철, 황색5호, 적색40호, 셀룰로오스검, 적색202호, 청색1호, 흑색산화철, 암모늄아크릴레이트코폴리머, 글리세린, 프로판다이올, 토코페롤, 석류즙, 라즈베리즙, 포도즙, 멘톡시프로판다이올, 카프릴릴글라이콜, 펜타에리스리틸테트라-다이-T-부틸하이드록시하이드로신나메이트",모든 피부,모멜리,2022.01.23,헤라 립 제품은 글로스만 써보다가 이런 틴트는 처음 구매했는데 왜 헤라헤라 하는지 알거같더라구요 발림성이 정말 맘에 들었는데 글로시한 제형이 아니지만 각질부각도 별로 없고 엄청 가볍고 산뜻하게 발렸어요 그리고 향도 호불호갈리거나 그럴 향도 아니고 은은하게 좋은 향이었습니다 색감도 쿨톤분들 쓰시기 딱 좋은 정말 예쁜 핑크색이에요 글로스 쓸때도 좋다고 느끼긴했는데 이거 처음 써보고 앞으로 립은 헤라꺼다! 이렇게 생각이 들 정도로 만족스럽웠습니다 다른 립들보다 지속력도 오래가고 바른 듯 안바른듯한 그 느낌이 정말 좋았어요 그리고 콜라보로 나온 제품이라 케이스도 핑크뚜껑에 글씨체도 좀 힙해지고 해서 쓸데없이 화장품 외관도 어느정도 중요시하는 저로써는 진짜 만족스러운 제품이었습니다 고민하시는 분들 바로 달려가시길~~,5,_alchera_none_
16,20221015_041443,립틴트,[한정] 위시로켓 컬렉션 헤라 센슈얼 프레쉬 누드 틴트 7mL / 2 color,https://www.oliveyoung.co.kr/store/goods/getGoodsDetail.do?goodsNo=A000000160465&dispCatNo=1000001000200060003&trackingCd&curation&egcode&rccode&egrankcode,헤라,[한정] 위시로켓 컬렉션 헤라 센슈얼 프레쉬 누드 틴트 7mL / 2 color,37000,31450,178 위셔;491 스페이시,"정제수, 아이소도데케인, 폴리글리세릴-2트라이아이소스테아레이트, 다이아이소스테아릴말레이트, 펜타에리스리틸테트라아이소스테아레이트, 하이드로제네이티드스타이렌/메틸스타이렌/인덴코폴리머, 부틸렌글라이콜, 하이드로제네이티드폴리아이소부텐, 다이스테아다이모늄헥토라이트, 페닐트라이메티콘, 라우릴피이지-9폴리다이메틸실록시에틸다이메티콘, 1,2-헥산다이올, 펜틸렌글라이콜, 폴리하이드록시스테아릭애씨드, 티타늄디옥사이드 (CI 77891), 헥실라우레이트, 폴리글리세릴-2다이아이소스테아레이트, 세틸피이지/피피지-10/1다이메티콘, 폴리글리세릴-4아이소스테아레이트, 마이크로크리스탈린셀룰로오스, 향료, 암모늄아크릴로일다이메틸타우레이트/브이피코폴리머, 적색산화철, 황색5호, 적색40호, 셀룰로오스검, 적색202호, 청색1호, 흑색산화철, 암모늄아크릴레이트코폴리머, 글리세린, 프로판다이올, 토코페롤, 석류즙, 라즈베리즙, 포도즙, 멘톡시프로판다이올, 카프릴릴글라이콜, 펜타에리스리틸테트라-다이-T-부틸하이드록시하이드로신나메이트",모든 피부,snow2,2022.08.26,왜 이렇게 싸게 파는건가 했더니 유통기한이 길진 않네요 23년 여름까지에요 빨리 빨리 써야겠어요 색은 예쁩니다!,5,복합성;가을웜톤;다크서클;미백
17,20221015_041444,립틴트,[한정] 위시로켓 컬렉션 헤라 센슈얼 프레쉬 누드 틴트 7mL / 2 color,https://www.oliveyoung.co.kr/store/goods/getGoodsDetail.do?goodsNo=A000000160465&dispCatNo=1000001000200060003&trackingCd&curation&egcode&rccode&egrankcode,헤라,[한정] 위시로켓 컬렉션 헤라 센슈얼 프레쉬 누드 틴트 7mL / 2 color,37000,31450,178 위셔;491 스페이시,"정제수, 아이소도데케인, 폴리글리세릴-2트라이아이소스테아레이트, 다이아이소스테아릴말레이트, 펜타에리스리틸테트라아이소스테아레이트, 하이드로제네이티드스타이렌/메틸스타이렌/인덴코폴리머, 부틸렌글라이콜, 하이드로제네이티드폴리아이소부텐, 다이스테아다이모늄헥토라이트, 페닐트라이메티콘, 라우릴피이지-9폴리다이메틸실록시에틸다이메티콘, 1,2-헥산다이올, 펜틸렌글라이콜, 폴리하이드록시스테아릭애씨드, 티타늄디옥사이드 (CI 77891), 헥실라우레이트, 폴리글리세릴-2다이아이소스테아레이트, 세틸피이지/피피지-10/1다이메티콘, 폴리글리세릴-4아이소스테아레이트, 마이크로크리스탈린셀룰로오스, 향료, 암모늄아크릴로일다이메틸타우레이트/브이피코폴리머, 적색산화철, 황색5호, 적색40호, 셀룰로오스검, 적색202호, 청색1호, 흑색산화철, 암모늄아크릴레이트코폴리머, 글리세린, 프로판다이올, 토코페롤, 석류즙, 라즈베리즙, 포도즙, 멘톡시프로판다이올, 카프릴릴글라이콜, 펜타에리스리틸테트라-다이-T-부틸하이드록시하이드로신나메이트",모든 피부,QueenLin,2021.12.31,"올영 후기없이 헤라라 믿고산 제품이에요
역시 색 발림 향 디자인다예뻐여
콜로바많이해줘여~!",5,_alchera_none_
18,20221015_041445,립틴트,[한정] 위시로켓 컬렉션 헤라 센슈얼 프레쉬 누드 틴트 7mL / 2 color,https://www.oliveyoung.co.kr/store/goods/getGoodsDetail.do?goodsNo=A000000160465&dispCatNo=1000001000200060003&trackingCd&curation&egcode&rccode&egrankcode,헤라,[한정] 위시로켓 컬렉션 헤라 센슈얼 프레쉬 누드 틴트 7mL / 2 color,37000,31450,178 위셔;491 스페이시,"정제수, 아이소도데케인, 폴리글리세릴-2트라이아이소스테아레이트, 다이아이소스테아릴말레이트, 펜타에리스리틸테트라아이소스테아레이트, 하이드로제네이티드스타이렌/메틸스타이렌/인덴코폴리머, 부틸렌글라이콜, 하이드로제네이티드폴리아이소부텐, 다이스테아다이모늄헥토라이트, 페닐트라이메티콘, 라우릴피이지-9폴리다이메틸실록시에틸다이메티콘, 1,2-헥산다이올, 펜틸렌글라이콜, 폴리하이드록시스테아릭애씨드, 티타늄디옥사이드 (CI 77891), 헥실라우레이트, 폴리글리세릴-2다이아이소스테아레이트, 세틸피이지/피피지-10/1다이메티콘, 폴리글리세릴-4아이소스테아레이트, 마이크로크리스탈린셀룰로오스, 향료, 암모늄아크릴로일다이메틸타우레이트/브이피코폴리머, 적색산화철, 황색5호, 적색40호, 셀룰로오스검, 적색202호, 청색1호, 흑색산화철, 암모늄아크릴레이트코폴리머, 글리세린, 프로판다이올, 토코페롤, 석류즙, 라즈베리즙, 포도즙, 멘톡시프로판다이올, 카프릴릴글라이콜, 펜타에리스리틸테트라-다이-T-부틸하이드록시하이드로신나메이트",모든 피부,dbsalwj****,2022.08.16,"헤라 브랜드 립은 처음써보는데 촉촉하네요
까무잡잡한 편이라 걱정했는데 누디코랄 자연스럽게 바륵 너무 좋네요
유통기한은 23년9월까지 1년 정도입니다",5,_alchera_none_
19,20221015_041446,립틴트,[한정] 위시로켓 컬렉션 헤라 센슈얼 프레쉬 누드 틴트 7mL / 2 color,https://www.oliveyoung.co.kr/store/goods/getGoodsDetail.do?goodsNo=A000000160465&dispCatNo=1000001000200060003&trackingCd&curation&egcode&rccode&egrankcode,헤라,[한정] 위시로켓 컬렉션 헤라 센슈얼 프레쉬 누드 틴트 7mL / 2 color,37000,31450,178 위셔;491 스페이시,"정제수, 아이소도데케인, 폴리글리세릴-2트라이아이소스테아레이트, 다이아이소스테아릴말레이트, 펜타에리스리틸테트라아이소스테아레이트, 하이드로제네이티드스타이렌/메틸스타이렌/인덴코폴리머, 부틸렌글라이콜, 하이드로제네이티드폴리아이소부텐, 다이스테아다이모늄헥토라이트, 페닐트라이메티콘, 라우릴피이지-9폴리다이메틸실록시에틸다이메티콘, 1,2-헥산다이올, 펜틸렌글라이콜, 폴리하이드록시스테아릭애씨드, 티타늄디옥사이드 (CI 77891), 헥실라우레이트, 폴리글리세릴-2다이아이소스테아레이트, 세틸피이지/피피지-10/1다이메티콘, 폴리글리세릴-4아이소스테아레이트, 마이크로크리스탈린셀룰로오스, 향료, 암모늄아크릴로일다이메틸타우레이트/브이피코폴리머, 적색산화철, 황색5호, 적색40호, 셀룰로오스검, 적색202호, 청색1호, 흑색산화철, 암모늄아크릴레이트코폴리머, 글리세린, 프로판다이올, 토코페롤, 석류즙, 라즈베리즙, 포도즙, 멘톡시프로판다이올, 카프릴릴글라이콜, 펜타에리스리틸테트라-다이-T-부틸하이드록시하이드로신나메이트",모든 피부,sunye****,2021.12.31,아직 써보지는 않았지만 제가 선택한 색이  잘 쓰일것같아 쿠션구매하면서 사은품받으려고 선택한건데 잘 한 것 같아요ㅎㅎ,5,_alchera_none_
20,20221015_041449,립틴트,[한정] 위시로켓 컬렉션 헤라 센슈얼 프레쉬 누드 틴트 7mL / 2 color,https://www.oliveyoung.co.kr/store/goods/getGoodsDetail.do?goodsNo=A000000160465&dispCatNo=1000001000200060003&trackingCd&curation&egcode&rccode&egrankcode,헤라,[한정] 위시로켓 컬렉션 헤라 센슈얼 프레쉬 누드 틴트 7mL / 2 color,37000,31450,178 위셔;491 스페이시,"정제수, 아이소도데케인, 폴리글리세릴-2트라이아이소스테아레이트, 다이아이소스테아릴말레이트, 펜타에리스리틸테트라아이소스테아레이트, 하이드로제네이티드스타이렌/메틸스타이렌/인덴코폴리머, 부틸렌글라이콜, 하이드로제네이티드폴리아이소부텐, 다이스테아다이모늄헥토라이트, 페닐트라이메티콘, 라우릴피이지-9폴리다이메틸실록시에틸다이메티콘, 1,2-헥산다이올, 펜틸렌글라이콜, 폴리하이드록시스테아릭애씨드, 티타늄디옥사이드 (CI 77891), 헥실라우레이트, 폴리글리세릴-2다이아이소스테아레이트, 세틸피이지/피피지-10/1다이메티콘, 폴리글리세릴-4아이소스테아레이트, 마이크로크리스탈린셀룰로오스, 향료, 암모늄아크릴로일다이메틸타우레이트/브이피코폴리머, 적색산화철, 황색5호, 적색40호, 셀룰로오스검, 적색202호, 청색1호, 흑색산화철, 암모늄아크릴레이트코폴리머, 글리세린, 프로판다이올, 토코페롤, 석류즙, 라즈베리즙, 포도즙, 멘톡시프로판다이올, 카프릴릴글라이콜, 펜타에리스리틸테트라-다이-T-부틸하이드록시하이드로신나메이트",모든 피부,bell****,2021.12.30,촉촉하지만.. 색상이 진짜 저한테는 토인 색상이에요ㅠㅠ 이정도일줄 몰랐어요.. 엄청 하얀분들이나 색깔올라올거같아요,3,_alchera_none_
21,20221015_041450,립틴트,[한정] 위시로켓 컬렉션 헤라 센슈얼 프레쉬 누드 틴트 7mL / 2 color,https://www.oliveyoung.co.kr/store/goods/getGoodsDetail.do?goodsNo=A000000160465&dispCatNo=1000001000200060003&trackingCd&curation&egcode&rccode&egrankcode,헤라,[한정] 위시로켓 컬렉션 헤라 센슈얼 프레쉬 누드 틴트 7mL / 2 color,37000,31450,178 위셔;491 스페이시,"정제수, 아이소도데케인, 폴리글리세릴-2트라이아이소스테아레이트, 다이아이소스테아릴말레이트, 펜타에리스리틸테트라아이소스테아레이트, 하이드로제네이티드스타이렌/메틸스타이렌/인덴코폴리머, 부틸렌글라이콜, 하이드로제네이티드폴리아이소부텐, 다이스테아다이모늄헥토라이트, 페닐트라이메티콘, 라우릴피이지-9폴리다이메틸실록시에틸다이메티콘, 1,2-헥산다이올, 펜틸렌글라이콜, 폴리하이드록시스테아릭애씨드, 티타늄디옥사이드 (CI 77891), 헥실라우레이트, 폴리글리세릴-2다이아이소스테아레이트, 세틸피이지/피피지-10/1다이메티콘, 폴리글리세릴-4아이소스테아레이트, 마이크로크리스탈린셀룰로오스, 향료, 암모늄아크릴로일다이메틸타우레이트/브이피코폴리머, 적색산화철, 황색5호, 적색40호, 셀룰로오스검, 적색202호, 청색1호, 흑색산화철, 암모늄아크릴레이트코폴리머, 글리세린, 프로판다이올, 토코페롤, 석류즙, 라즈베리즙, 포도즙, 멘톡시프로판다이올, 카프릴릴글라이콜, 펜타에리스리틸테트라-다이-T-부틸하이드록시하이드로신나메이트",모든 피부,조은하루,2022.09.02,케이스랑 색이 정말 이뻐요. 유리 케이스느낌이라 무거운게 좀 아쉽지만 파우치에 넣고다니면 이뻐서 기분이 좋급니다,5,_alchera_none_
22,20221015_041452,립틴트,[한정] 위시로켓 컬렉션 헤라 센슈얼 프레쉬 누드 틴트 7mL / 2 color,https://www.oliveyoung.co.kr/store/goods/getGoodsDetail.do?goodsNo=A000000160465&dispCatNo=1000001000200060003&trackingCd&curation&egcode&rccode&egrankcode,헤라,[한정] 위시로켓 컬렉션 헤라 센슈얼 프레쉬 누드 틴트 7mL / 2 color,37000,31450,178 위셔;491 스페이시,"정제수, 아이소도데케인, 폴리글리세릴-2트라이아이소스테아레이트, 다이아이소스테아릴말레이트, 펜타에리스리틸테트라아이소스테아레이트, 하이드로제네이티드스타이렌/메틸스타이렌/인덴코폴리머, 부틸렌글라이콜, 하이드로제네이티드폴리아이소부텐, 다이스테아다이모늄헥토라이트, 페닐트라이메티콘, 라우릴피이지-9폴리다이메틸실록시에틸다이메티콘, 1,2-헥산다이올, 펜틸렌글라이콜, 폴리하이드록시스테아릭애씨드, 티타늄디옥사이드 (CI 77891), 헥실라우레이트, 폴리글리세릴-2다이아이소스테아레이트, 세틸피이지/피피지-10/1다이메티콘, 폴리글리세릴-4아이소스테아레이트, 마이크로크리스탈린셀룰로오스, 향료, 암모늄아크릴로일다이메틸타우레이트/브이피코폴리머, 적색산화철, 황색5호, 적색40호, 셀룰로오스검, 적색202호, 청색1호, 흑색산화철, 암모늄아크릴레이트코폴리머, 글리세린, 프로판다이올, 토코페롤, 석류즙, 라즈베리즙, 포도즙, 멘톡시프로판다이올, 카프릴릴글라이콜, 펜타에리스리틸테트라-다이-T-부틸하이드록시하이드로신나메이트",모든 피부,bjjetzop****,2022.06.10,패키지 귀여워용 ㅠㅠㅠㅠ 누드립할때 넘 조아용 분위기 쩔어유 색도 제가 생각한 그 색이라 넘 좋습니당,5,_alchera_none_
23,20221015_041453,립틴트,[한정] 위시로켓 컬렉션 헤라 센슈얼 프레쉬 누드 틴트 7mL / 2 color,https://www.oliveyoung.co.kr/store/goods/getGoodsDetail.do?goodsNo=A000000160465&dispCatNo=1000001000200060003&trackingCd&curation&egcode&rccode&egrankcode,헤라,[한정] 위시로켓 컬렉션 헤라 센슈얼 프레쉬 누드 틴트 7mL / 2 color,37000,31450,178 위셔;491 스페이시,"정제수, 아이소도데케인, 폴리글리세릴-2트라이아이소스테아레이트, 다이아이소스테아릴말레이트, 펜타에리스리틸테트라아이소스테아레이트, 하이드로제네이티드스타이렌/메틸스타이렌/인덴코폴리머, 부틸렌글라이콜, 하이드로제네이티드폴리아이소부텐, 다이스테아다이모늄헥토라이트, 페닐트라이메티콘, 라우릴피이지-9폴리다이메틸실록시에틸다이메티콘, 1,2-헥산다이올, 펜틸렌글라이콜, 폴리하이드록시스테아릭애씨드, 티타늄디옥사이드 (CI 77891), 헥실라우레이트, 폴리글리세릴-2다이아이소스테아레이트, 세틸피이지/피피지-10/1다이메티콘, 폴리글리세릴-4아이소스테아레이트, 마이크로크리스탈린셀룰로오스, 향료, 암모늄아크릴로일다이메틸타우레이트/브이피코폴리머, 적색산화철, 황색5호, 적색40호, 셀룰로오스검, 적색202호, 청색1호, 흑색산화철, 암모늄아크릴레이트코폴리머, 글리세린, 프로판다이올, 토코페롤, 석류즙, 라즈베리즙, 포도즙, 멘톡시프로판다이올, 카프릴릴글라이콜, 펜타에리스리틸테트라-다이-T-부틸하이드록시하이드로신나메이트",모든 피부,zero****,2022.01.13,"저주보는 유튜버님(미스터리님)소개로 오직 색상만 보고 질렀습니다!!! 
원래 매트한 제형을 선호하지만 발라보니 색상이 너무 이쁘고 적당히 촉촉하니 아주 만족합니다^_^",5,_alchera_none_
24,20221015_041454,립틴트,[한정] 위시로켓 컬렉션 헤라 센슈얼 프레쉬 누드 틴트 7mL / 2 color,https://www.oliveyoung.co.kr/store/goods/getGoodsDetail.do?goodsNo=A000000160465&dispCatNo=1000001000200060003&trackingCd&curation&egcode&rccode&egrankcode,헤라,[한정] 위시로켓 컬렉션 헤라 센슈얼 프레쉬 누드 틴트 7mL / 2 color,37000,31450,178 위셔;491 스페이시,"정제수, 아이소도데케인, 폴리글리세릴-2트라이아이소스테아레이트, 다이아이소스테아릴말레이트, 펜타에리스리틸테트라아이소스테아레이트, 하이드로제네이티드스타이렌/메틸스타이렌/인덴코폴리머, 부틸렌글라이콜, 하이드로제네이티드폴리아이소부텐, 다이스테아다이모늄헥토라이트, 페닐트라이메티콘, 라우릴피이지-9폴리다이메틸실록시에틸다이메티콘, 1,2-헥산다이올, 펜틸렌글라이콜, 폴리하이드록시스테아릭애씨드, 티타늄디옥사이드 (CI 77891), 헥실라우레이트, 폴리글리세릴-2다이아이소스테아레이트, 세틸피이지/피피지-10/1다이메티콘, 폴리글리세릴-4아이소스테아레이트, 마이크로크리스탈린셀룰로오스, 향료, 암모늄아크릴로일다이메틸타우레이트/브이피코폴리머, 적색산화철, 황색5호, 적색40호, 셀룰로오스검, 적색202호, 청색1호, 흑색산화철, 암모늄아크릴레이트코폴리머, 글리세린, 프로판다이올, 토코페롤, 석류즙, 라즈베리즙, 포도즙, 멘톡시프로판다이올, 카프릴릴글라이콜, 펜타에리스리틸테트라-다이-T-부틸하이드록시하이드로신나메이트",모든 피부,vvjun****,2022.03.25,"너무 튀지도, 누디하지도 않게 무난하게 쓰기 정말 좋아요~",4,_alchera_none_
25,20221015_041455,립틴트,[한정] 위시로켓 컬렉션 헤라 센슈얼 프레쉬 누드 틴트 7mL / 2 color,https://www.oliveyoung.co.kr/store/goods/getGoodsDetail.do?goodsNo=A000000160465&dispCatNo=1000001000200060003&trackingCd&curation&egcode&rccode&egrankcode,헤라,[한정] 위시로켓 컬렉션 헤라 센슈얼 프레쉬 누드 틴트 7mL / 2 color,37000,31450,178 위셔;491 스페이시,"정제수, 아이소도데케인, 폴리글리세릴-2트라이아이소스테아레이트, 다이아이소스테아릴말레이트, 펜타에리스리틸테트라아이소스테아레이트, 하이드로제네이티드스타이렌/메틸스타이렌/인덴코폴리머, 부틸렌글라이콜, 하이드로제네이티드폴리아이소부텐, 다이스테아다이모늄헥토라이트, 페닐트라이메티콘, 라우릴피이지-9폴리다이메틸실록시에틸다이메티콘, 1,2-헥산다이올, 펜틸렌글라이콜, 폴리하이드록시스테아릭애씨드, 티타늄디옥사이드 (CI 77891), 헥실라우레이트, 폴리글리세릴-2다이아이소스테아레이트, 세틸피이지/피피지-10/1다이메티콘, 폴리글리세릴-4아이소스테아레이트, 마이크로크리스탈린셀룰로오스, 향료, 암모늄아크릴로일다이메틸타우레이트/브이피코폴리머, 적색산화철, 황색5호, 적색40호, 셀룰로오스검, 적색202호, 청색1호, 흑색산화철, 암모늄아크릴레이트코폴리머, 글리세린, 프로판다이올, 토코페롤, 석류즙, 라즈베리즙, 포도즙, 멘톡시프로판다이올, 카프릴릴글라이콜, 펜타에리스리틸테트라-다이-T-부틸하이드록시하이드로신나메이트",모든 피부,kimjiea****,2022.01.31,촉촉립으로 너무좋아오 향도좋고 발림성 색 너무 만족합니다,5,_alchera_none_
26,20221015_041455,립틴트,[한정] 위시로켓 컬렉션 헤라 센슈얼 프레쉬 누드 틴트 7mL / 2 color,https://www.oliveyoung.co.kr/store/goods/getGoodsDetail.do?goodsNo=A000000160465&dispCatNo=1000001000200060003&trackingCd&curation&egcode&rccode&egrankcode,헤라,[한정] 위시로켓 컬렉션 헤라 센슈얼 프레쉬 누드 틴트 7mL / 2 color,37000,31450,178 위셔;491 스페이시,"정제수, 아이소도데케인, 폴리글리세릴-2트라이아이소스테아레이트, 다이아이소스테아릴말레이트, 펜타에리스리틸테트라아이소스테아레이트, 하이드로제네이티드스타이렌/메틸스타이렌/인덴코폴리머, 부틸렌글라이콜, 하이드로제네이티드폴리아이소부텐, 다이스테아다이모늄헥토라이트, 페닐트라이메티콘, 라우릴피이지-9폴리다이메틸실록시에틸다이메티콘, 1,2-헥산다이올, 펜틸렌글라이콜, 폴리하이드록시스테아릭애씨드, 티타늄디옥사이드 (CI 77891), 헥실라우레이트, 폴리글리세릴-2다이아이소스테아레이트, 세틸피이지/피피지-10/1다이메티콘, 폴리글리세릴-4아이소스테아레이트, 마이크로크리스탈린셀룰로오스, 향료, 암모늄아크릴로일다이메틸타우레이트/브이피코폴리머, 적색산화철, 황색5호, 적색40호, 셀룰로오스검, 적색202호, 청색1호, 흑색산화철, 암모늄아크릴레이트코폴리머, 글리세린, 프로판다이올, 토코페롤, 석류즙, 라즈베리즙, 포도즙, 멘톡시프로판다이올, 카프릴릴글라이콜, 펜타에리스리틸테트라-다이-T-부틸하이드록시하이드로신나메이트",모든 피부,별다서,2022.01.24,가을 웜톤인데 색상 넘 예쁘고 질감이나 지속력도 괜찮아요 이 틴트 라인이 다 좋더라고요,5,복합성
