,timestamp,category,productName,urlProduct,brand,productName.1,price1,price2,Color,ingredients,skinType,username,datePublished,reviewText,score,reviewerSkinType
0,20221015_040746,립틴트,[한정판] 바비브라운 엑스트라 립 틴트 러브 에디션,https://www.oliveyoung.co.kr/store/goods/getGoodsDetail.do?goodsNo=A000000162141&dispCatNo=1000001000200060003&trackingCd&curation&egcode&rccode&egrankcode,바비브라운,[한정판] 바비브라운 엑스트라 립 틴트 러브 에디션,46000,36800,(품절) 베어핑크;(품절) 베어넥타,"하이드로제네이티드폴리아이소부텐,피토스테릴/이소스테아릴/세틸/스테아릴/베헤닐다이머디리놀리에이트,폴리글리세릴-10데카아이소스테아레이트,마이크로크리스탈린왁스,피토스테릴/옥틸도데실라우로일글루타메이트,합성왁스,세테아릴알코올,옥틸도데칸올,카프릴릭/카프릭트라이글리세라이드,옥틸도데실네오펜타노에이트,폴리에틸렌,카카오씨버터,바바수씨오일,호호바씨오일,아보카도오일,올리브오일,스쿠알란,올리브오일불검화물,에틸렌/프로필렌코폴리머,하이드로제네이티드올리브오일,솔비탄올리에이트,토코페릴아세테이트,아스코빌팔미테이트,토코페롤,펜타에리스리틸테트라-다이-t-부틸하이드록시하이드로신나메이트,리날룰,시트랄,리모넨,향료,[+/- 마이카,티타늄디옥사이드,적색산화철,황색산화철,흑색산화철,적색223호,적색202호 레이크,청동가루,구리가루,등색201호,적색104호의(1) 레이크,황색5호 레이크,청색1호 레이크,적색218호,적색202호,적색201호,적색227호 레이크,비스머스옥시클로라이드,망가니즈바이올렛,적색103호의(1) 레이크,황색4호 레이크,적색226호 레이크]
제공된 성분은 동일 제품이라도 경우에 따라 변경될 수 있습니다. 최신정보는 제품 포장의 성분을 참고하시거나 본사 고객관리지원팀으로 연락 부탁 드립니다.",모든 피부,사랑해무야,2022.04.13,"하나 친구 선물해주고 너무 잘 쓰고 있는 거 같아서 제것도 마저 샀습니다. 제가 써본 건 멜론,누드,넥타 이렇게 3가지인데... 멜론은 바른지 얼마 안되어서 진분홍색이 올라오고요. 누드는 분홍기운이 덜하긴 한데 이것도 결국 분홍색이 됩니다. 넥타는 그나마 누드보다는 분홍기운이 덜한 거 같습니다. 바비브라운에서 정말 코랄이나 누드 립틴트를 내놨으면 하는 바람이 있어요. 제가 써본 건 고작 3가지 컬러지만... 립틴트 중에서 그나마 핑크나 레드가 아닌 색을 고른 건데 그럼에도 다 하나같이 기승전 핑크가 되는 게 매우 아쉽습니다. 지금 우리나라에서 출시되는 컬러림밤 몇 개 써보면 보습력은 좀 아쉬워도 기승전 핑크는 옛일이거든요. 바비브라운에서도 제발 기승전 핑크 기운에서 벗어났으면 하는 바람입니다. 베어넥타는 러브 에디션 한정에서만 볼 수 있는 컬러라고 해서 무척 기대했으나 바르면 서서히 특유의 핑크 기운이 올라와서 아쉽습니다.",4,약건성;가을웜톤;모공;미백
1,20221015_040746,립틴트,[한정판] 바비브라운 엑스트라 립 틴트 러브 에디션,https://www.oliveyoung.co.kr/store/goods/getGoodsDetail.do?goodsNo=A000000162141&dispCatNo=1000001000200060003&trackingCd&curation&egcode&rccode&egrankcode,바비브라운,[한정판] 바비브라운 엑스트라 립 틴트 러브 에디션,46000,36800,(품절) 베어핑크;(품절) 베어넥타,"하이드로제네이티드폴리아이소부텐,피토스테릴/이소스테아릴/세틸/스테아릴/베헤닐다이머디리놀리에이트,폴리글리세릴-10데카아이소스테아레이트,마이크로크리스탈린왁스,피토스테릴/옥틸도데실라우로일글루타메이트,합성왁스,세테아릴알코올,옥틸도데칸올,카프릴릭/카프릭트라이글리세라이드,옥틸도데실네오펜타노에이트,폴리에틸렌,카카오씨버터,바바수씨오일,호호바씨오일,아보카도오일,올리브오일,스쿠알란,올리브오일불검화물,에틸렌/프로필렌코폴리머,하이드로제네이티드올리브오일,솔비탄올리에이트,토코페릴아세테이트,아스코빌팔미테이트,토코페롤,펜타에리스리틸테트라-다이-t-부틸하이드록시하이드로신나메이트,리날룰,시트랄,리모넨,향료,[+/- 마이카,티타늄디옥사이드,적색산화철,황색산화철,흑색산화철,적색223호,적색202호 레이크,청동가루,구리가루,등색201호,적색104호의(1) 레이크,황색5호 레이크,청색1호 레이크,적색218호,적색202호,적색201호,적색227호 레이크,비스머스옥시클로라이드,망가니즈바이올렛,적색103호의(1) 레이크,황색4호 레이크,적색226호 레이크]
제공된 성분은 동일 제품이라도 경우에 따라 변경될 수 있습니다. 최신정보는 제품 포장의 성분을 참고하시거나 본사 고객관리지원팀으로 연락 부탁 드립니다.",모든 피부,꼬리별달,2022.05.09,"💗 제가 사고나니까 바로 1+1 행사를 하네요ㅠㅠ 정말 슬프지만 또 사면 되죠… 이제 마스크도 슬슬 벗고 다니고 기분 전환할 겸 해서 구매했는데 완전 대만족이에여!!!ㅎㅎ 입술이 워낙 건조해서 매트한 립은 이제 못 바르겠고 촉촉한데 발색이 예쁜 제품을 찾다보니 바비브라운이 적격이더라고요!!😍 

💗 발림성이 되게 부드럽고 끈적임 없이 되게 입술이 촉촉해져요!! 그리고 무엇보다 발색이 되게 예뻐요!! 꾸안꾸 필수템이라는 게 무슨 말인지 정확하게 알게 됐어요ㅋㅋ 진짜 연한 색상을 찾고 있어서 제일 연해보이는 베어핑크로 구매했는데 진짜 자연스러운 핑크색이 나와용 👍 

💗 지속력도 꽤 괜찮은 편인 거 같아요!! 가격대가 비싸긴 하지만 진짜 1+1 행사할 때 원하는 색상 많이 쟁여두고 싶네영!!ㅎㅎ 앞으로 자주 자주 구매할 거 같아요🤩 완전 추천합니당👏",5,복합성;웜톤;각질;모공
2,20221015_040746,립틴트,[한정판] 바비브라운 엑스트라 립 틴트 러브 에디션,https://www.oliveyoung.co.kr/store/goods/getGoodsDetail.do?goodsNo=A000000162141&dispCatNo=1000001000200060003&trackingCd&curation&egcode&rccode&egrankcode,바비브라운,[한정판] 바비브라운 엑스트라 립 틴트 러브 에디션,46000,36800,(품절) 베어핑크;(품절) 베어넥타,"하이드로제네이티드폴리아이소부텐,피토스테릴/이소스테아릴/세틸/스테아릴/베헤닐다이머디리놀리에이트,폴리글리세릴-10데카아이소스테아레이트,마이크로크리스탈린왁스,피토스테릴/옥틸도데실라우로일글루타메이트,합성왁스,세테아릴알코올,옥틸도데칸올,카프릴릭/카프릭트라이글리세라이드,옥틸도데실네오펜타노에이트,폴리에틸렌,카카오씨버터,바바수씨오일,호호바씨오일,아보카도오일,올리브오일,스쿠알란,올리브오일불검화물,에틸렌/프로필렌코폴리머,하이드로제네이티드올리브오일,솔비탄올리에이트,토코페릴아세테이트,아스코빌팔미테이트,토코페롤,펜타에리스리틸테트라-다이-t-부틸하이드록시하이드로신나메이트,리날룰,시트랄,리모넨,향료,[+/- 마이카,티타늄디옥사이드,적색산화철,황색산화철,흑색산화철,적색223호,적색202호 레이크,청동가루,구리가루,등색201호,적색104호의(1) 레이크,황색5호 레이크,청색1호 레이크,적색218호,적색202호,적색201호,적색227호 레이크,비스머스옥시클로라이드,망가니즈바이올렛,적색103호의(1) 레이크,황색4호 레이크,적색226호 레이크]
제공된 성분은 동일 제품이라도 경우에 따라 변경될 수 있습니다. 최신정보는 제품 포장의 성분을 참고하시거나 본사 고객관리지원팀으로 연락 부탁 드립니다.",모든 피부,꼬리별달,2022.08.27,"💗 제가 사고나니까 바로 1+1 행사를 해서 정말 속상했지만 제품 자체는 정말 너무 좋았어요!!!! 기분 전환할 겸 해서 구매했는데 완전 대만족이에요!!!ㅎㅎ 입술이 워낙 건조해서 매트한 립은 이제 못 바르겠고 촉촉한데 발색이 예쁜 제품을 찾다보니 바비브라운이 적격이더라고요!!😍 

💗 발림성이 되게 부드럽고 끈적임 없이 되게 입술이 촉촉해져요!! 그리고 무엇보다 발색이 되게 예뻐요!! 꾸안꾸 필수템이라는 게 무슨 말인지 정확하게 알게 됐어요ㅋㅋ 진짜 연한 색상을 찾고 있어서 제일 연해보이는 베어핑크로 구매했는데 진짜 자연스러운 핑크색이 나와용 👍 

💗 지속력도 꽤 괜찮은 편인 거 같아요!! 가격대가 비싸긴 하지만 진짜 1+1 행사할 때 원하는 색상 많이 쟁여두고 싶네영!!ㅎㅎ 앞으로 자주 자주 구매할 거 같아요🤩 완전 추천합니당👏",5,복합성;웜톤;각질;모공
3,20221015_040747,립틴트,[한정판] 바비브라운 엑스트라 립 틴트 러브 에디션,https://www.oliveyoung.co.kr/store/goods/getGoodsDetail.do?goodsNo=A000000162141&dispCatNo=1000001000200060003&trackingCd&curation&egcode&rccode&egrankcode,바비브라운,[한정판] 바비브라운 엑스트라 립 틴트 러브 에디션,46000,36800,(품절) 베어핑크;(품절) 베어넥타,"하이드로제네이티드폴리아이소부텐,피토스테릴/이소스테아릴/세틸/스테아릴/베헤닐다이머디리놀리에이트,폴리글리세릴-10데카아이소스테아레이트,마이크로크리스탈린왁스,피토스테릴/옥틸도데실라우로일글루타메이트,합성왁스,세테아릴알코올,옥틸도데칸올,카프릴릭/카프릭트라이글리세라이드,옥틸도데실네오펜타노에이트,폴리에틸렌,카카오씨버터,바바수씨오일,호호바씨오일,아보카도오일,올리브오일,스쿠알란,올리브오일불검화물,에틸렌/프로필렌코폴리머,하이드로제네이티드올리브오일,솔비탄올리에이트,토코페릴아세테이트,아스코빌팔미테이트,토코페롤,펜타에리스리틸테트라-다이-t-부틸하이드록시하이드로신나메이트,리날룰,시트랄,리모넨,향료,[+/- 마이카,티타늄디옥사이드,적색산화철,황색산화철,흑색산화철,적색223호,적색202호 레이크,청동가루,구리가루,등색201호,적색104호의(1) 레이크,황색5호 레이크,청색1호 레이크,적색218호,적색202호,적색201호,적색227호 레이크,비스머스옥시클로라이드,망가니즈바이올렛,적색103호의(1) 레이크,황색4호 레이크,적색226호 레이크]
제공된 성분은 동일 제품이라도 경우에 따라 변경될 수 있습니다. 최신정보는 제품 포장의 성분을 참고하시거나 본사 고객관리지원팀으로 연락 부탁 드립니다.",모든 피부,사랑해무야,2022.04.06,"코로나 이후에 마스크와 한몸이 되다 보니, 마스크 속의 습하고 건조한 환경 내에서 입술 상태가 얼마나 안 좋아지는지 체감을 하였습니다. 해서 립밤만 주야장천 바르자니 스틱 타입의 립밤은 생각보다 보습력이 떨어지고 단지형 용기에 들어있는 꾸덕한 립밤은 코팅감으로 답답함만 더해졌을 뿐 썩 만족스러운 제품이 없었습니다. 그러다 친구에게 선물로 바비브라운 제품을 받았고 이후로 이 제품만을 쓰고 있는데요- 러브 에디션으로 '베어넥타' 한정색상을 만나볼 수 있어서 아니 살 수 없었습니다. 평소 베어누드와 베어멜론을 바르는데 딱 중간색감입니다. 베어누드도 막상 바르면 옅게나마 산호색과 말간 핑크빛이 올라오는데 이 제품도 처음 발랐을 때 원래 입술색과 크게 차이 없지만 색이 미묘하게 올라오면서 입술을 예쁘게 만들어줍니다. 무엇보다 스틱 타입에서 볼 수 없는 보습력과 입술을 불리지 않고 촉촉하게만 해준다는 점에서 꼭 이 제품 추천합니다/.",4,약건성;가을웜톤;모공;미백
4,20221015_040747,립틴트,[한정판] 바비브라운 엑스트라 립 틴트 러브 에디션,https://www.oliveyoung.co.kr/store/goods/getGoodsDetail.do?goodsNo=A000000162141&dispCatNo=1000001000200060003&trackingCd&curation&egcode&rccode&egrankcode,바비브라운,[한정판] 바비브라운 엑스트라 립 틴트 러브 에디션,46000,36800,(품절) 베어핑크;(품절) 베어넥타,"하이드로제네이티드폴리아이소부텐,피토스테릴/이소스테아릴/세틸/스테아릴/베헤닐다이머디리놀리에이트,폴리글리세릴-10데카아이소스테아레이트,마이크로크리스탈린왁스,피토스테릴/옥틸도데실라우로일글루타메이트,합성왁스,세테아릴알코올,옥틸도데칸올,카프릴릭/카프릭트라이글리세라이드,옥틸도데실네오펜타노에이트,폴리에틸렌,카카오씨버터,바바수씨오일,호호바씨오일,아보카도오일,올리브오일,스쿠알란,올리브오일불검화물,에틸렌/프로필렌코폴리머,하이드로제네이티드올리브오일,솔비탄올리에이트,토코페릴아세테이트,아스코빌팔미테이트,토코페롤,펜타에리스리틸테트라-다이-t-부틸하이드록시하이드로신나메이트,리날룰,시트랄,리모넨,향료,[+/- 마이카,티타늄디옥사이드,적색산화철,황색산화철,흑색산화철,적색223호,적색202호 레이크,청동가루,구리가루,등색201호,적색104호의(1) 레이크,황색5호 레이크,청색1호 레이크,적색218호,적색202호,적색201호,적색227호 레이크,비스머스옥시클로라이드,망가니즈바이올렛,적색103호의(1) 레이크,황색4호 레이크,적색226호 레이크]
제공된 성분은 동일 제품이라도 경우에 따라 변경될 수 있습니다. 최신정보는 제품 포장의 성분을 참고하시거나 본사 고객관리지원팀으로 연락 부탁 드립니다.",모든 피부,졔린,2022.03.30,"• 22호 뉴트럴톤 • 베어넥타

기존에 베어 라즈베리와 베어 핑크컬러를 써봤기때문에 베어 넥타로 Pick! 해보았습니다 😙 핑크핑크한 케이스에 하트 포인트가 너무 귀엽고 발색자체도 코랄코랄하니 넘나 봄스럽 🌸 뭐.. 바비브라운 립밤은 말해뭐해 너무 좋죠 〰️ 한정판 도장깨기 Keep going 하겠습니다 후훟

• 발림성 : 끈적임 하나도 없고 엄청 쫀쫀촉촉하고 스무스하니 기분 좋게 발림
• 착색 : 틴트가 아닌 립밤이다보니까 착색은 없는 편이지만 또 아예 없은 건 아님
• 지속력 : 아무래도 립밤이다보니 컬러에 대한 지속력은 낮은 편이지만 수분 지속력은 높은 편

[ 립밤은 무.조.건 보비브라운이다 ]

외출 시 무조건 챙기는 바비브라운 립밤 ,, 새로운 패키지와 컬러로 한정판 나올 때마다 구매하는 편인데 올리브영에서는 쿠폰과 세일덕에 합리적인 가격으로 구매할 수 있어서 너무 행복합니닿ㅎ 🙂",5,건성;쿨톤;각질;다크서클
5,20221015_040747,립틴트,[한정판] 바비브라운 엑스트라 립 틴트 러브 에디션,https://www.oliveyoung.co.kr/store/goods/getGoodsDetail.do?goodsNo=A000000162141&dispCatNo=1000001000200060003&trackingCd&curation&egcode&rccode&egrankcode,바비브라운,[한정판] 바비브라운 엑스트라 립 틴트 러브 에디션,46000,36800,(품절) 베어핑크;(품절) 베어넥타,"하이드로제네이티드폴리아이소부텐,피토스테릴/이소스테아릴/세틸/스테아릴/베헤닐다이머디리놀리에이트,폴리글리세릴-10데카아이소스테아레이트,마이크로크리스탈린왁스,피토스테릴/옥틸도데실라우로일글루타메이트,합성왁스,세테아릴알코올,옥틸도데칸올,카프릴릭/카프릭트라이글리세라이드,옥틸도데실네오펜타노에이트,폴리에틸렌,카카오씨버터,바바수씨오일,호호바씨오일,아보카도오일,올리브오일,스쿠알란,올리브오일불검화물,에틸렌/프로필렌코폴리머,하이드로제네이티드올리브오일,솔비탄올리에이트,토코페릴아세테이트,아스코빌팔미테이트,토코페롤,펜타에리스리틸테트라-다이-t-부틸하이드록시하이드로신나메이트,리날룰,시트랄,리모넨,향료,[+/- 마이카,티타늄디옥사이드,적색산화철,황색산화철,흑색산화철,적색223호,적색202호 레이크,청동가루,구리가루,등색201호,적색104호의(1) 레이크,황색5호 레이크,청색1호 레이크,적색218호,적색202호,적색201호,적색227호 레이크,비스머스옥시클로라이드,망가니즈바이올렛,적색103호의(1) 레이크,황색4호 레이크,적색226호 레이크]
제공된 성분은 동일 제품이라도 경우에 따라 변경될 수 있습니다. 최신정보는 제품 포장의 성분을 참고하시거나 본사 고객관리지원팀으로 연락 부탁 드립니다.",모든 피부,flyin****,2022.08.16,"요즘 화장을 잘 안하지만 입술은 촉촉하게 유지하기위해서 틴트를 구매했어요 
한정판이고 디자인도 너무 이뻐서 눈이 가는데 자주 쏠드아웃되서 판매 가능해 지면 마음이 너무 다급해 지곤 합니다

러브 컬렉션은 그냥 보기만 해도 마음이 달달해져서 바르면  달콤할것 같지만 그렇진 않다
약간 글로시한 느낌에 엄청 핑크 핑크하지 않지만 두세번 덧바르면 핑크 컬러가 나는거 같기도 하다
입술이 너무 코팅이 되는 느낌은 부담스러운데 딱 적당히 보습이 되고 적당히 발색이 되는 정도라 생기 있어 보인다 
매트한 느낌을 싫어 하는 살람이 사용하면 좋을것 같다 
디자인도 흔지 않은 핑크 컬러라 너무 마음에 들고  하트 하트 러블리 하트 마크가  바비브라운 포인트 이기도 하다 
매일 아껴쓰지만  그렇다고 중요한날 쓰기에는 기능면에서도 떨어지지 않아 강추한다",5,건성;쿨톤;블랙헤드;잡티
6,20221015_040748,립틴트,[한정판] 바비브라운 엑스트라 립 틴트 러브 에디션,https://www.oliveyoung.co.kr/store/goods/getGoodsDetail.do?goodsNo=A000000162141&dispCatNo=1000001000200060003&trackingCd&curation&egcode&rccode&egrankcode,바비브라운,[한정판] 바비브라운 엑스트라 립 틴트 러브 에디션,46000,36800,(품절) 베어핑크;(품절) 베어넥타,"하이드로제네이티드폴리아이소부텐,피토스테릴/이소스테아릴/세틸/스테아릴/베헤닐다이머디리놀리에이트,폴리글리세릴-10데카아이소스테아레이트,마이크로크리스탈린왁스,피토스테릴/옥틸도데실라우로일글루타메이트,합성왁스,세테아릴알코올,옥틸도데칸올,카프릴릭/카프릭트라이글리세라이드,옥틸도데실네오펜타노에이트,폴리에틸렌,카카오씨버터,바바수씨오일,호호바씨오일,아보카도오일,올리브오일,스쿠알란,올리브오일불검화물,에틸렌/프로필렌코폴리머,하이드로제네이티드올리브오일,솔비탄올리에이트,토코페릴아세테이트,아스코빌팔미테이트,토코페롤,펜타에리스리틸테트라-다이-t-부틸하이드록시하이드로신나메이트,리날룰,시트랄,리모넨,향료,[+/- 마이카,티타늄디옥사이드,적색산화철,황색산화철,흑색산화철,적색223호,적색202호 레이크,청동가루,구리가루,등색201호,적색104호의(1) 레이크,황색5호 레이크,청색1호 레이크,적색218호,적색202호,적색201호,적색227호 레이크,비스머스옥시클로라이드,망가니즈바이올렛,적색103호의(1) 레이크,황색4호 레이크,적색226호 레이크]
제공된 성분은 동일 제품이라도 경우에 따라 변경될 수 있습니다. 최신정보는 제품 포장의 성분을 참고하시거나 본사 고객관리지원팀으로 연락 부탁 드립니다.",모든 피부,kass****,2022.02.07,베어누드를 다 써가서 좀 더 밝아보이는 베어넥타를 구매해봤는데요 역시나 디* 립글로우 코랄색상이랑 똑같아요 본통은 주황빛인데 막상 바르면 형광핑크가 되어버리는ㅜㅠ 차*틴트랑도 비슷하다고 볼수있네요 유통기한은 2023년12월1일까지로 생각보다는 짧에요,4,복합성;웜톤;민감성;블랙헤드
7,20221015_040749,립틴트,[한정판] 바비브라운 엑스트라 립 틴트 러브 에디션,https://www.oliveyoung.co.kr/store/goods/getGoodsDetail.do?goodsNo=A000000162141&dispCatNo=1000001000200060003&trackingCd&curation&egcode&rccode&egrankcode,바비브라운,[한정판] 바비브라운 엑스트라 립 틴트 러브 에디션,46000,36800,(품절) 베어핑크;(품절) 베어넥타,"하이드로제네이티드폴리아이소부텐,피토스테릴/이소스테아릴/세틸/스테아릴/베헤닐다이머디리놀리에이트,폴리글리세릴-10데카아이소스테아레이트,마이크로크리스탈린왁스,피토스테릴/옥틸도데실라우로일글루타메이트,합성왁스,세테아릴알코올,옥틸도데칸올,카프릴릭/카프릭트라이글리세라이드,옥틸도데실네오펜타노에이트,폴리에틸렌,카카오씨버터,바바수씨오일,호호바씨오일,아보카도오일,올리브오일,스쿠알란,올리브오일불검화물,에틸렌/프로필렌코폴리머,하이드로제네이티드올리브오일,솔비탄올리에이트,토코페릴아세테이트,아스코빌팔미테이트,토코페롤,펜타에리스리틸테트라-다이-t-부틸하이드록시하이드로신나메이트,리날룰,시트랄,리모넨,향료,[+/- 마이카,티타늄디옥사이드,적색산화철,황색산화철,흑색산화철,적색223호,적색202호 레이크,청동가루,구리가루,등색201호,적색104호의(1) 레이크,황색5호 레이크,청색1호 레이크,적색218호,적색202호,적색201호,적색227호 레이크,비스머스옥시클로라이드,망가니즈바이올렛,적색103호의(1) 레이크,황색4호 레이크,적색226호 레이크]
제공된 성분은 동일 제품이라도 경우에 따라 변경될 수 있습니다. 최신정보는 제품 포장의 성분을 참고하시거나 본사 고객관리지원팀으로 연락 부탁 드립니다.",모든 피부,잭슨누나,2022.02.09,"항상 사용하는 립 틴트입니다
공병이 적어도 10통은 될 것 같은데 늘 베어멜론 사용하다 조금 더 연한 색인것 같아 세일할 때 구매하게 되었어요 
발림성 지속력 정말 좋고 촉촉하게 입술을 유지해줘요 
진짜 강추강추합니다",5,_alchera_none_
8,20221015_040750,립틴트,[한정판] 바비브라운 엑스트라 립 틴트 러브 에디션,https://www.oliveyoung.co.kr/store/goods/getGoodsDetail.do?goodsNo=A000000162141&dispCatNo=1000001000200060003&trackingCd&curation&egcode&rccode&egrankcode,바비브라운,[한정판] 바비브라운 엑스트라 립 틴트 러브 에디션,46000,36800,(품절) 베어핑크;(품절) 베어넥타,"하이드로제네이티드폴리아이소부텐,피토스테릴/이소스테아릴/세틸/스테아릴/베헤닐다이머디리놀리에이트,폴리글리세릴-10데카아이소스테아레이트,마이크로크리스탈린왁스,피토스테릴/옥틸도데실라우로일글루타메이트,합성왁스,세테아릴알코올,옥틸도데칸올,카프릴릭/카프릭트라이글리세라이드,옥틸도데실네오펜타노에이트,폴리에틸렌,카카오씨버터,바바수씨오일,호호바씨오일,아보카도오일,올리브오일,스쿠알란,올리브오일불검화물,에틸렌/프로필렌코폴리머,하이드로제네이티드올리브오일,솔비탄올리에이트,토코페릴아세테이트,아스코빌팔미테이트,토코페롤,펜타에리스리틸테트라-다이-t-부틸하이드록시하이드로신나메이트,리날룰,시트랄,리모넨,향료,[+/- 마이카,티타늄디옥사이드,적색산화철,황색산화철,흑색산화철,적색223호,적색202호 레이크,청동가루,구리가루,등색201호,적색104호의(1) 레이크,황색5호 레이크,청색1호 레이크,적색218호,적색202호,적색201호,적색227호 레이크,비스머스옥시클로라이드,망가니즈바이올렛,적색103호의(1) 레이크,황색4호 레이크,적색226호 레이크]
제공된 성분은 동일 제품이라도 경우에 따라 변경될 수 있습니다. 최신정보는 제품 포장의 성분을 참고하시거나 본사 고객관리지원팀으로 연락 부탁 드립니다.",모든 피부,swqu****,2022.04.27,발림성도 좋고 수분감도 좋은편이고 지속력은 보통이상입니다. 다만 색상이 제가 생각했던 것 보다 붉은 편이고 바르고나면 수분감 있게 촉촉하긴한데 좀 더 반짝이는 느낌이 있으면 좋을 것 같다는 생각입니다.,3,_alchera_none_
9,20221015_040751,립틴트,[한정판] 바비브라운 엑스트라 립 틴트 러브 에디션,https://www.oliveyoung.co.kr/store/goods/getGoodsDetail.do?goodsNo=A000000162141&dispCatNo=1000001000200060003&trackingCd&curation&egcode&rccode&egrankcode,바비브라운,[한정판] 바비브라운 엑스트라 립 틴트 러브 에디션,46000,36800,(품절) 베어핑크;(품절) 베어넥타,"하이드로제네이티드폴리아이소부텐,피토스테릴/이소스테아릴/세틸/스테아릴/베헤닐다이머디리놀리에이트,폴리글리세릴-10데카아이소스테아레이트,마이크로크리스탈린왁스,피토스테릴/옥틸도데실라우로일글루타메이트,합성왁스,세테아릴알코올,옥틸도데칸올,카프릴릭/카프릭트라이글리세라이드,옥틸도데실네오펜타노에이트,폴리에틸렌,카카오씨버터,바바수씨오일,호호바씨오일,아보카도오일,올리브오일,스쿠알란,올리브오일불검화물,에틸렌/프로필렌코폴리머,하이드로제네이티드올리브오일,솔비탄올리에이트,토코페릴아세테이트,아스코빌팔미테이트,토코페롤,펜타에리스리틸테트라-다이-t-부틸하이드록시하이드로신나메이트,리날룰,시트랄,리모넨,향료,[+/- 마이카,티타늄디옥사이드,적색산화철,황색산화철,흑색산화철,적색223호,적색202호 레이크,청동가루,구리가루,등색201호,적색104호의(1) 레이크,황색5호 레이크,청색1호 레이크,적색218호,적색202호,적색201호,적색227호 레이크,비스머스옥시클로라이드,망가니즈바이올렛,적색103호의(1) 레이크,황색4호 레이크,적색226호 레이크]
제공된 성분은 동일 제품이라도 경우에 따라 변경될 수 있습니다. 최신정보는 제품 포장의 성분을 참고하시거나 본사 고객관리지원팀으로 연락 부탁 드립니다.",모든 피부,sunn****,2022.03.24,"코로나 시국으로 마스크를 계속 써야만 하는 상황에서도 립 제품에 대한 욕심이 끊이질 않아 구매했습니다.
마스크 때문이 아니더라도 평소에 화장을 짙게 하는 편이 아니라 썬크림, 아이브로우 정도만 했을 때 립스틱이나 립틴트를 바르면 뭔가 언발란스한 느낌이 들어서 평소 립밥 형태의 제품을 선호하는데 자연스럽게 발색이 되기 때문에 겨울철에 립 보습을 지키면서도 자연스러운 혈색이 돌게 해주는 제품입니다.
케이스도 위 아래 모두 핑크색으로 기본 제품에 비해 특별한 느낌이 들어서 주변 사람들 기념일에 가볍게 선물하기 좋은 아이템인것 같습니다.
평소 입술색이 연하고 건조한 편인 저한테 처음 바르면 별로 티가 나지 않는데 두번 정도 덧바른 뒤에 시간이 지나면 자연스럽게 발색이 올라오면서 건조함도 잡아줘서 편하게 바르기 좋은 제품입니다.",5,_alchera_none_
10,20221015_040755,립틴트,[한정판] 바비브라운 엑스트라 립 틴트 러브 에디션,https://www.oliveyoung.co.kr/store/goods/getGoodsDetail.do?goodsNo=A000000162141&dispCatNo=1000001000200060003&trackingCd&curation&egcode&rccode&egrankcode,바비브라운,[한정판] 바비브라운 엑스트라 립 틴트 러브 에디션,46000,36800,(품절) 베어핑크;(품절) 베어넥타,"하이드로제네이티드폴리아이소부텐,피토스테릴/이소스테아릴/세틸/스테아릴/베헤닐다이머디리놀리에이트,폴리글리세릴-10데카아이소스테아레이트,마이크로크리스탈린왁스,피토스테릴/옥틸도데실라우로일글루타메이트,합성왁스,세테아릴알코올,옥틸도데칸올,카프릴릭/카프릭트라이글리세라이드,옥틸도데실네오펜타노에이트,폴리에틸렌,카카오씨버터,바바수씨오일,호호바씨오일,아보카도오일,올리브오일,스쿠알란,올리브오일불검화물,에틸렌/프로필렌코폴리머,하이드로제네이티드올리브오일,솔비탄올리에이트,토코페릴아세테이트,아스코빌팔미테이트,토코페롤,펜타에리스리틸테트라-다이-t-부틸하이드록시하이드로신나메이트,리날룰,시트랄,리모넨,향료,[+/- 마이카,티타늄디옥사이드,적색산화철,황색산화철,흑색산화철,적색223호,적색202호 레이크,청동가루,구리가루,등색201호,적색104호의(1) 레이크,황색5호 레이크,청색1호 레이크,적색218호,적색202호,적색201호,적색227호 레이크,비스머스옥시클로라이드,망가니즈바이올렛,적색103호의(1) 레이크,황색4호 레이크,적색226호 레이크]
제공된 성분은 동일 제품이라도 경우에 따라 변경될 수 있습니다. 최신정보는 제품 포장의 성분을 참고하시거나 본사 고객관리지원팀으로 연락 부탁 드립니다.",모든 피부,커피쓰다,2022.02.12,늘 사던건데 이번엔 러브 에디션으로 사서 뭔가 새롭네요 늘 흰 케이스 쓰다가 기분전환 되고 좋아요 베어핑크는 늘 쓰던거라 계속 재구매 하면서 5년도 넘게 써온 립밤이라 두말할거 없구요 가격대가 있긴한데 포인트랑 쿠폰써서 사서 더 싸게 구매해서 기분 좋습니다,5,_alchera_none_
11,20221015_040756,립틴트,[한정판] 바비브라운 엑스트라 립 틴트 러브 에디션,https://www.oliveyoung.co.kr/store/goods/getGoodsDetail.do?goodsNo=A000000162141&dispCatNo=1000001000200060003&trackingCd&curation&egcode&rccode&egrankcode,바비브라운,[한정판] 바비브라운 엑스트라 립 틴트 러브 에디션,46000,36800,(품절) 베어핑크;(품절) 베어넥타,"하이드로제네이티드폴리아이소부텐,피토스테릴/이소스테아릴/세틸/스테아릴/베헤닐다이머디리놀리에이트,폴리글리세릴-10데카아이소스테아레이트,마이크로크리스탈린왁스,피토스테릴/옥틸도데실라우로일글루타메이트,합성왁스,세테아릴알코올,옥틸도데칸올,카프릴릭/카프릭트라이글리세라이드,옥틸도데실네오펜타노에이트,폴리에틸렌,카카오씨버터,바바수씨오일,호호바씨오일,아보카도오일,올리브오일,스쿠알란,올리브오일불검화물,에틸렌/프로필렌코폴리머,하이드로제네이티드올리브오일,솔비탄올리에이트,토코페릴아세테이트,아스코빌팔미테이트,토코페롤,펜타에리스리틸테트라-다이-t-부틸하이드록시하이드로신나메이트,리날룰,시트랄,리모넨,향료,[+/- 마이카,티타늄디옥사이드,적색산화철,황색산화철,흑색산화철,적색223호,적색202호 레이크,청동가루,구리가루,등색201호,적색104호의(1) 레이크,황색5호 레이크,청색1호 레이크,적색218호,적색202호,적색201호,적색227호 레이크,비스머스옥시클로라이드,망가니즈바이올렛,적색103호의(1) 레이크,황색4호 레이크,적색226호 레이크]
제공된 성분은 동일 제품이라도 경우에 따라 변경될 수 있습니다. 최신정보는 제품 포장의 성분을 참고하시거나 본사 고객관리지원팀으로 연락 부탁 드립니다.",모든 피부,kds19****,2022.07.26,발림성은 부드럽고 좋아요! 케이스도 예뻐서 젛아용~!! 기름지지 않아요!,5,_alchera_none_
12,20221015_040757,립틴트,[한정판] 바비브라운 엑스트라 립 틴트 러브 에디션,https://www.oliveyoung.co.kr/store/goods/getGoodsDetail.do?goodsNo=A000000162141&dispCatNo=1000001000200060003&trackingCd&curation&egcode&rccode&egrankcode,바비브라운,[한정판] 바비브라운 엑스트라 립 틴트 러브 에디션,46000,36800,(품절) 베어핑크;(품절) 베어넥타,"하이드로제네이티드폴리아이소부텐,피토스테릴/이소스테아릴/세틸/스테아릴/베헤닐다이머디리놀리에이트,폴리글리세릴-10데카아이소스테아레이트,마이크로크리스탈린왁스,피토스테릴/옥틸도데실라우로일글루타메이트,합성왁스,세테아릴알코올,옥틸도데칸올,카프릴릭/카프릭트라이글리세라이드,옥틸도데실네오펜타노에이트,폴리에틸렌,카카오씨버터,바바수씨오일,호호바씨오일,아보카도오일,올리브오일,스쿠알란,올리브오일불검화물,에틸렌/프로필렌코폴리머,하이드로제네이티드올리브오일,솔비탄올리에이트,토코페릴아세테이트,아스코빌팔미테이트,토코페롤,펜타에리스리틸테트라-다이-t-부틸하이드록시하이드로신나메이트,리날룰,시트랄,리모넨,향료,[+/- 마이카,티타늄디옥사이드,적색산화철,황색산화철,흑색산화철,적색223호,적색202호 레이크,청동가루,구리가루,등색201호,적색104호의(1) 레이크,황색5호 레이크,청색1호 레이크,적색218호,적색202호,적색201호,적색227호 레이크,비스머스옥시클로라이드,망가니즈바이올렛,적색103호의(1) 레이크,황색4호 레이크,적색226호 레이크]
제공된 성분은 동일 제품이라도 경우에 따라 변경될 수 있습니다. 최신정보는 제품 포장의 성분을 참고하시거나 본사 고객관리지원팀으로 연락 부탁 드립니다.",모든 피부,hh39****,2022.05.17,"바비브라운립밤
좋아요
계속구매해서
쓰고있습니다ㅎ 만족",5,_alchera_none_
13,20221015_040758,립틴트,[한정판] 바비브라운 엑스트라 립 틴트 러브 에디션,https://www.oliveyoung.co.kr/store/goods/getGoodsDetail.do?goodsNo=A000000162141&dispCatNo=1000001000200060003&trackingCd&curation&egcode&rccode&egrankcode,바비브라운,[한정판] 바비브라운 엑스트라 립 틴트 러브 에디션,46000,36800,(품절) 베어핑크;(품절) 베어넥타,"하이드로제네이티드폴리아이소부텐,피토스테릴/이소스테아릴/세틸/스테아릴/베헤닐다이머디리놀리에이트,폴리글리세릴-10데카아이소스테아레이트,마이크로크리스탈린왁스,피토스테릴/옥틸도데실라우로일글루타메이트,합성왁스,세테아릴알코올,옥틸도데칸올,카프릴릭/카프릭트라이글리세라이드,옥틸도데실네오펜타노에이트,폴리에틸렌,카카오씨버터,바바수씨오일,호호바씨오일,아보카도오일,올리브오일,스쿠알란,올리브오일불검화물,에틸렌/프로필렌코폴리머,하이드로제네이티드올리브오일,솔비탄올리에이트,토코페릴아세테이트,아스코빌팔미테이트,토코페롤,펜타에리스리틸테트라-다이-t-부틸하이드록시하이드로신나메이트,리날룰,시트랄,리모넨,향료,[+/- 마이카,티타늄디옥사이드,적색산화철,황색산화철,흑색산화철,적색223호,적색202호 레이크,청동가루,구리가루,등색201호,적색104호의(1) 레이크,황색5호 레이크,청색1호 레이크,적색218호,적색202호,적색201호,적색227호 레이크,비스머스옥시클로라이드,망가니즈바이올렛,적색103호의(1) 레이크,황색4호 레이크,적색226호 레이크]
제공된 성분은 동일 제품이라도 경우에 따라 변경될 수 있습니다. 최신정보는 제품 포장의 성분을 참고하시거나 본사 고객관리지원팀으로 연락 부탁 드립니다.",모든 피부,커피쓰다,2022.04.25,늘 재구매 하는 립밤이에요 일단 무향에 바르면 자연스럽고 보습도 잘됩니다,5,_alchera_none_
14,20221015_040759,립틴트,[한정판] 바비브라운 엑스트라 립 틴트 러브 에디션,https://www.oliveyoung.co.kr/store/goods/getGoodsDetail.do?goodsNo=A000000162141&dispCatNo=1000001000200060003&trackingCd&curation&egcode&rccode&egrankcode,바비브라운,[한정판] 바비브라운 엑스트라 립 틴트 러브 에디션,46000,36800,(품절) 베어핑크;(품절) 베어넥타,"하이드로제네이티드폴리아이소부텐,피토스테릴/이소스테아릴/세틸/스테아릴/베헤닐다이머디리놀리에이트,폴리글리세릴-10데카아이소스테아레이트,마이크로크리스탈린왁스,피토스테릴/옥틸도데실라우로일글루타메이트,합성왁스,세테아릴알코올,옥틸도데칸올,카프릴릭/카프릭트라이글리세라이드,옥틸도데실네오펜타노에이트,폴리에틸렌,카카오씨버터,바바수씨오일,호호바씨오일,아보카도오일,올리브오일,스쿠알란,올리브오일불검화물,에틸렌/프로필렌코폴리머,하이드로제네이티드올리브오일,솔비탄올리에이트,토코페릴아세테이트,아스코빌팔미테이트,토코페롤,펜타에리스리틸테트라-다이-t-부틸하이드록시하이드로신나메이트,리날룰,시트랄,리모넨,향료,[+/- 마이카,티타늄디옥사이드,적색산화철,황색산화철,흑색산화철,적색223호,적색202호 레이크,청동가루,구리가루,등색201호,적색104호의(1) 레이크,황색5호 레이크,청색1호 레이크,적색218호,적색202호,적색201호,적색227호 레이크,비스머스옥시클로라이드,망가니즈바이올렛,적색103호의(1) 레이크,황색4호 레이크,적색226호 레이크]
제공된 성분은 동일 제품이라도 경우에 따라 변경될 수 있습니다. 최신정보는 제품 포장의 성분을 참고하시거나 본사 고객관리지원팀으로 연락 부탁 드립니다.",모든 피부,yjlee****,2022.04.03,"라즈베리 n통째 쓰고 있는데, 베어핑크는 윤기와 보습만 줘서 가볍게 쓱쓱 손이 자주가요. 그래서 통장이 텅장이 되기 쉽습니다(???) 발림성도 아주 좋고 지속력도 적당해서 저는 솔직히 D사의 립보다 보비브라운께 더 좋아용",5,_alchera_none_
15,20221015_040800,립틴트,[한정판] 바비브라운 엑스트라 립 틴트 러브 에디션,https://www.oliveyoung.co.kr/store/goods/getGoodsDetail.do?goodsNo=A000000162141&dispCatNo=1000001000200060003&trackingCd&curation&egcode&rccode&egrankcode,바비브라운,[한정판] 바비브라운 엑스트라 립 틴트 러브 에디션,46000,36800,(품절) 베어핑크;(품절) 베어넥타,"하이드로제네이티드폴리아이소부텐,피토스테릴/이소스테아릴/세틸/스테아릴/베헤닐다이머디리놀리에이트,폴리글리세릴-10데카아이소스테아레이트,마이크로크리스탈린왁스,피토스테릴/옥틸도데실라우로일글루타메이트,합성왁스,세테아릴알코올,옥틸도데칸올,카프릴릭/카프릭트라이글리세라이드,옥틸도데실네오펜타노에이트,폴리에틸렌,카카오씨버터,바바수씨오일,호호바씨오일,아보카도오일,올리브오일,스쿠알란,올리브오일불검화물,에틸렌/프로필렌코폴리머,하이드로제네이티드올리브오일,솔비탄올리에이트,토코페릴아세테이트,아스코빌팔미테이트,토코페롤,펜타에리스리틸테트라-다이-t-부틸하이드록시하이드로신나메이트,리날룰,시트랄,리모넨,향료,[+/- 마이카,티타늄디옥사이드,적색산화철,황색산화철,흑색산화철,적색223호,적색202호 레이크,청동가루,구리가루,등색201호,적색104호의(1) 레이크,황색5호 레이크,청색1호 레이크,적색218호,적색202호,적색201호,적색227호 레이크,비스머스옥시클로라이드,망가니즈바이올렛,적색103호의(1) 레이크,황색4호 레이크,적색226호 레이크]
제공된 성분은 동일 제품이라도 경우에 따라 변경될 수 있습니다. 최신정보는 제품 포장의 성분을 참고하시거나 본사 고객관리지원팀으로 연락 부탁 드립니다.",모든 피부,duddldm****,2022.03.19,아....실물로 온 패키지는 요술공주 미미 패키지임...그렇다고 썩 좋은 내용물도 아닌..아니 좋긴 좋은데...그냥 모랄까...과거로 돌아가서 과거의 나 결제 말리고 싶음...,3,_alchera_none_
16,20221015_040802,립틴트,[한정판] 바비브라운 엑스트라 립 틴트 러브 에디션,https://www.oliveyoung.co.kr/store/goods/getGoodsDetail.do?goodsNo=A000000162141&dispCatNo=1000001000200060003&trackingCd&curation&egcode&rccode&egrankcode,바비브라운,[한정판] 바비브라운 엑스트라 립 틴트 러브 에디션,46000,36800,(품절) 베어핑크;(품절) 베어넥타,"하이드로제네이티드폴리아이소부텐,피토스테릴/이소스테아릴/세틸/스테아릴/베헤닐다이머디리놀리에이트,폴리글리세릴-10데카아이소스테아레이트,마이크로크리스탈린왁스,피토스테릴/옥틸도데실라우로일글루타메이트,합성왁스,세테아릴알코올,옥틸도데칸올,카프릴릭/카프릭트라이글리세라이드,옥틸도데실네오펜타노에이트,폴리에틸렌,카카오씨버터,바바수씨오일,호호바씨오일,아보카도오일,올리브오일,스쿠알란,올리브오일불검화물,에틸렌/프로필렌코폴리머,하이드로제네이티드올리브오일,솔비탄올리에이트,토코페릴아세테이트,아스코빌팔미테이트,토코페롤,펜타에리스리틸테트라-다이-t-부틸하이드록시하이드로신나메이트,리날룰,시트랄,리모넨,향료,[+/- 마이카,티타늄디옥사이드,적색산화철,황색산화철,흑색산화철,적색223호,적색202호 레이크,청동가루,구리가루,등색201호,적색104호의(1) 레이크,황색5호 레이크,청색1호 레이크,적색218호,적색202호,적색201호,적색227호 레이크,비스머스옥시클로라이드,망가니즈바이올렛,적색103호의(1) 레이크,황색4호 레이크,적색226호 레이크]
제공된 성분은 동일 제품이라도 경우에 따라 변경될 수 있습니다. 최신정보는 제품 포장의 성분을 참고하시거나 본사 고객관리지원팀으로 연락 부탁 드립니다.",모든 피부,chaste****,2022.04.14,"후배 선물로 구매했어요
색상 예쁘고 고퀄이에여
틴트중에서 발림성 좋은 편이구요",5,_alchera_none_
17,20221015_040803,립틴트,[한정판] 바비브라운 엑스트라 립 틴트 러브 에디션,https://www.oliveyoung.co.kr/store/goods/getGoodsDetail.do?goodsNo=A000000162141&dispCatNo=1000001000200060003&trackingCd&curation&egcode&rccode&egrankcode,바비브라운,[한정판] 바비브라운 엑스트라 립 틴트 러브 에디션,46000,36800,(품절) 베어핑크;(품절) 베어넥타,"하이드로제네이티드폴리아이소부텐,피토스테릴/이소스테아릴/세틸/스테아릴/베헤닐다이머디리놀리에이트,폴리글리세릴-10데카아이소스테아레이트,마이크로크리스탈린왁스,피토스테릴/옥틸도데실라우로일글루타메이트,합성왁스,세테아릴알코올,옥틸도데칸올,카프릴릭/카프릭트라이글리세라이드,옥틸도데실네오펜타노에이트,폴리에틸렌,카카오씨버터,바바수씨오일,호호바씨오일,아보카도오일,올리브오일,스쿠알란,올리브오일불검화물,에틸렌/프로필렌코폴리머,하이드로제네이티드올리브오일,솔비탄올리에이트,토코페릴아세테이트,아스코빌팔미테이트,토코페롤,펜타에리스리틸테트라-다이-t-부틸하이드록시하이드로신나메이트,리날룰,시트랄,리모넨,향료,[+/- 마이카,티타늄디옥사이드,적색산화철,황색산화철,흑색산화철,적색223호,적색202호 레이크,청동가루,구리가루,등색201호,적색104호의(1) 레이크,황색5호 레이크,청색1호 레이크,적색218호,적색202호,적색201호,적색227호 레이크,비스머스옥시클로라이드,망가니즈바이올렛,적색103호의(1) 레이크,황색4호 레이크,적색226호 레이크]
제공된 성분은 동일 제품이라도 경우에 따라 변경될 수 있습니다. 최신정보는 제품 포장의 성분을 참고하시거나 본사 고객관리지원팀으로 연락 부탁 드립니다.",모든 피부,eune7****,2022.03.07,한정판이라 구하기 힘들었는데 구매하게 되어 좋았고 향도 좋아요,5,_alchera_none_
