,timestamp,category,productName,urlProduct,brand,productName.1,price1,price2,Color,ingredients,skinType,username,datePublished,reviewText,score,reviewerSkinType
0,20221016_024259,프라이버/베이스,MAC 라이트풀 C+ 코랄 틴티드 프라이머 기획(+매직 래디언스 픽서 2.5ml 포함),https://www.oliveyoung.co.kr/store/goods/getGoodsDetail.do?goodsNo=A000000162985&dispCatNo=1000001000200010003&trackingCd&curation&egcode&rccode&egrankcode,맥,MAC 라이트풀 C+ 코랄 틴티드 프라이머 기획(+매직 래디언스 픽서 2.5ml 포함),55000,55000,틴티드 프라이머 세트,<라이트풀 C + 코랄 그라스 틴티드 프라이머 SPF 45/PA ++++>,모든 피부타입,만월,2022.06.14,"😘 피부 표현이 너무 좋아요 😍

🙆‍♀️ 좋은점 🙆‍♀️

✔️ 백탁현상 없고 발림성이 너무 좋아요!! 🐥 
오히려 피부가 기름지지도 않고 자연광이였고 흡수가 싹되면 뽀송해여!! 근데 뽀송하다고 건조하진않아요!! 진짜신기 ㅎㅎ 💗 화장도 잘먹고 ㅎㅎ 기능은 완전 구웃 👍

✔️ 휴대성이 좋아요 ㅎㅎ 사이즈가 미니미니 해서 휴대성이 정말좋네요!

✔️  모공이랑 톤보정 효과 최고!!! 메이크업 지속력도 좋아지고 참...비싼만큼 좋네요 ....인정

🙅‍♀️ 아쉬운점 🙅‍♀️

✔️ 너.....어...무 비싸욤 ㅠㅠㅠㅠ용량대비 비싼거같아요진짜....ㅠㅠㅠㅠㅠ...받고 헉 왤케 작아...하고 놀랏어여..ㅠㅠㅠㅠㅠ 손가락만한거같네욤 ㅠㅜ금방쓸까봐 아껴쓰던지 할거같아요 ㅠㅜㅜ 헝헝

✔️ 사은품...픽서...ㅎㅎ 증정용으로 같이주는건데..향수 샘플처럼 생겼어요 완전 작음...놀랏어어..ㅎ허허...

💐재구매는 할거같아요...근데..넘 비싸서 할인하고 쿠폰써서 그럴때살거같아요 ㅠㅠ 넘나 비싼느낌... ㅜㅜ 그건 좀 아쉬워용 4계절 내내 써도 무방할거가타욤!!🙆‍♀️",5,민감성;겨울쿨톤;각질;모공
1,20221016_024300,프라이버/베이스,MAC 라이트풀 C+ 코랄 틴티드 프라이머 기획(+매직 래디언스 픽서 2.5ml 포함),https://www.oliveyoung.co.kr/store/goods/getGoodsDetail.do?goodsNo=A000000162985&dispCatNo=1000001000200010003&trackingCd&curation&egcode&rccode&egrankcode,맥,MAC 라이트풀 C+ 코랄 틴티드 프라이머 기획(+매직 래디언스 픽서 2.5ml 포함),55000,55000,틴티드 프라이머 세트,<라이트풀 C + 코랄 그라스 틴티드 프라이머 SPF 45/PA ++++>,모든 피부타입,토진,2022.03.21,"탑리뷰어 쿠폰으로 저렴하게 이용해볼 수 있어서 좋았어요.

제가 기대했던건 자연스러운 톤업효과와, 다크닝을 줄여주는 기능이었는데, 결과적으로는 만족스러웠어요!

촉촉하게 발리는 타입이고, 양이 좀 많이 올라갔다고해서 밀림이나 백탁이 있지는 않았어요. 다만 마스크속에서 마찰되는 턱 쪽은 아주 미세하게 밀려서 덩어리지는게 생기긴 했는데, 이건 이 제품만의 문제가 아닌 것 같아서 크게 불편하지는 않았어요. 심하지도 않았구요.

톤업은 정말 자연스럽게 반톤정도 되는 것 같고, 잔여감이 많이 남지 않아서 유분 걱정하시는 분들도 괜찮게 쓰실 수 있을 것 같아요. 
베이스는 양조절이 중요해서, 얼마나 두껍게 발랐냐에 따라 다르겠지만 얇게 바르는편인 저는 가볍고 얇은 메이크업 베이스용으로 손색이 없었던 것 같아요.

하지만 화장품을 정말 좋아하시는 분들이 아니라면 이 비용으로 다른 메이크업 베이스를 쓰시는 걸 추천드려요🥲 가성비를 찾긴 어려운 제품이라..!",4,건성;쿨톤;모공;미백
2,20221016_024300,프라이버/베이스,MAC 라이트풀 C+ 코랄 틴티드 프라이머 기획(+매직 래디언스 픽서 2.5ml 포함),https://www.oliveyoung.co.kr/store/goods/getGoodsDetail.do?goodsNo=A000000162985&dispCatNo=1000001000200010003&trackingCd&curation&egcode&rccode&egrankcode,맥,MAC 라이트풀 C+ 코랄 틴티드 프라이머 기획(+매직 래디언스 픽서 2.5ml 포함),55000,55000,틴티드 프라이머 세트,<라이트풀 C + 코랄 그라스 틴티드 프라이머 SPF 45/PA ++++>,모든 피부타입,pinkyrian,2022.06.13,"백화점에서 보고 사볼까 하다가 이런 제품이 집에 많아서 
고민하고 또 고민하다가 주문 했어요 
피부표현이 일단 예쁘게 잘 되네요 ♥️
2년 연속 백화점 넘버 원 베이스라고 하니 
기대감으로 개봉한 뒤 사용해보았네여 :))

✅ 톤업효고ㅏ
톤업 효과 되는 것중에 젤 싫은게
허옇게 뜨는 거... 진짜 최악인데요 
피부에 잘 맞게 예쁘게 피부 표현이 되요 
✅ 수분감
수분감과 밀착력이 우수해서 
만족스러운 피부표현이 되네여 
✅ 로즈 톤업 
저는 붉은 피부에 흰 피부에요 
예쁘게 메컵이 되요 
색상 매우 맘에 들어요 매우 💚
✅ 브라이트닝
비타민 씨 유토체가 함유된 포뮬러가 
피부광체와 잡티로 피부가 어두워 지는 것을 
커버한다고 해요 
💙💙💙 별 하트 다섯개

맥을 갠적으로 좋아하는데요 
톤보정 피부표현이 예쁘게 되는 것에 만족하는 
상품이였습니다",5,건성;쿨톤;미백;민감성
3,20221016_024300,프라이버/베이스,MAC 라이트풀 C+ 코랄 틴티드 프라이머 기획(+매직 래디언스 픽서 2.5ml 포함),https://www.oliveyoung.co.kr/store/goods/getGoodsDetail.do?goodsNo=A000000162985&dispCatNo=1000001000200010003&trackingCd&curation&egcode&rccode&egrankcode,맥,MAC 라이트풀 C+ 코랄 틴티드 프라이머 기획(+매직 래디언스 픽서 2.5ml 포함),55000,55000,틴티드 프라이머 세트,<라이트풀 C + 코랄 그라스 틴티드 프라이머 SPF 45/PA ++++>,모든 피부타입,린공쥬,2022.05.14,"너무 좋은 베이스 ㅠ 이제 이거 없으면 메이크업을 못해요 진짜 ㅠㅜ 

처음에 맥 매장에서 파운데이션 발라주시면서 이 제품을 먼저 바르고 발라주셨는데 광이 촤르르 나면서 그날따라 파운데이선이 착붙어서 피부 표현이 너무너무 이쁘게 되었더라구요 ! 물론 전문가시니까 그런것도 있지만 ! 정작 파운데이션 사러 가놓고 이 제품 사서 왔어용 

그러고 집에서 혼자 할때도 원래 파운데이션만 발랐을때보다  이 프라이머를 바르고 바르니 진짜 잘 안무너지고 광도 나고 
파운데이션이 겉돌지 않고 피부랑 한몸처럼 잘 붙어있어요 !!

썬크림 효과도 있어서 여름에 가볍게 근처나갈때 톤업 느낌으로 바르고 나갈때도 있어요 !

이번에 리뉴얼 되어서 달라진점은 더 써봐야 알겠지만 통이 더 이뻐서 맘에드네여 ㅎㅎ

6통째 사용중이고 필수템이에여 정말",5,건성;웜톤;모공;홍조
4,20221016_024300,프라이버/베이스,MAC 라이트풀 C+ 코랄 틴티드 프라이머 기획(+매직 래디언스 픽서 2.5ml 포함),https://www.oliveyoung.co.kr/store/goods/getGoodsDetail.do?goodsNo=A000000162985&dispCatNo=1000001000200010003&trackingCd&curation&egcode&rccode&egrankcode,맥,MAC 라이트풀 C+ 코랄 틴티드 프라이머 기획(+매직 래디언스 픽서 2.5ml 포함),55000,55000,틴티드 프라이머 세트,<라이트풀 C + 코랄 그라스 틴티드 프라이머 SPF 45/PA ++++>,모든 피부타입,말여사,2022.10.13,좋아요 추천드려요 만족합니다 매번쓰는제품 입니다 추천드려요,5,건성;웜톤;미백;잡티
5,20221016_024301,프라이버/베이스,MAC 라이트풀 C+ 코랄 틴티드 프라이머 기획(+매직 래디언스 픽서 2.5ml 포함),https://www.oliveyoung.co.kr/store/goods/getGoodsDetail.do?goodsNo=A000000162985&dispCatNo=1000001000200010003&trackingCd&curation&egcode&rccode&egrankcode,맥,MAC 라이트풀 C+ 코랄 틴티드 프라이머 기획(+매직 래디언스 픽서 2.5ml 포함),55000,55000,틴티드 프라이머 세트,<라이트풀 C + 코랄 그라스 틴티드 프라이머 SPF 45/PA ++++>,모든 피부타입,AGNES,2022.10.10,"핑크빛으로 톤업되는 프라이머인데 얼굴에 예쁜 광이 돌게 만들어주고 자외선차단지수가 높아서 대만족입니다.
이 제품 하나만 단독으로 사용해도 좋은데 커버력은 없지만 피부가 좋아보이게 해줍니다.
다음 단계의 메이크업을 잘 받게 해주는 효과가 좋아요.",5,건성;웜톤;미백;잡티
6,20221016_024301,프라이버/베이스,MAC 라이트풀 C+ 코랄 틴티드 프라이머 기획(+매직 래디언스 픽서 2.5ml 포함),https://www.oliveyoung.co.kr/store/goods/getGoodsDetail.do?goodsNo=A000000162985&dispCatNo=1000001000200010003&trackingCd&curation&egcode&rccode&egrankcode,맥,MAC 라이트풀 C+ 코랄 틴티드 프라이머 기획(+매직 래디언스 픽서 2.5ml 포함),55000,55000,틴티드 프라이머 세트,<라이트풀 C + 코랄 그라스 틴티드 프라이머 SPF 45/PA ++++>,모든 피부타입,린공쥬,2022.08.24,이거 없으면 파운데이션 바르면 마무리가 너무 마음에 안들어요 ㅠ 진짜 이쁘고 착붙 마무리 가능해져요,5,건성;웜톤;모공;홍조
7,20221016_024301,프라이버/베이스,MAC 라이트풀 C+ 코랄 틴티드 프라이머 기획(+매직 래디언스 픽서 2.5ml 포함),https://www.oliveyoung.co.kr/store/goods/getGoodsDetail.do?goodsNo=A000000162985&dispCatNo=1000001000200010003&trackingCd&curation&egcode&rccode&egrankcode,맥,MAC 라이트풀 C+ 코랄 틴티드 프라이머 기획(+매직 래디언스 픽서 2.5ml 포함),55000,55000,틴티드 프라이머 세트,<라이트풀 C + 코랄 그라스 틴티드 프라이머 SPF 45/PA ++++>,모든 피부타입,캄소나,2022.06.04,"1. 제형 : 실제로 보면 코랄 아니고 완전 핑크색이에요!
주르륵 흐르지만 마냥 물같지는 않은 콧물 제형이고요,
쫀득함이 있어서 메이크업 베이스로 쓰기 좋아요.

근데 메이쿠업 올리기 직전에 쓰는 제품인만큼 양조절이 필수입니다! 욕심 부리면 흡수가 잘 안되고 피부표면에 겉돌아서 오히려 화장도 다 밀리고 하얗게 뜰 수 있어요. 얇게 얇게 잘 펴발라줘야 합니당.

2. 피부 표현력 : 엄청 광 나보이게 해주는 촉촉이 제품인데요!
얘는 촉촉한 파데랑 궁합이 더 쩔더라고요. 이 위에 매트한 제품을 올리면 사실 큰 메리트는 안 느껴졌고요!

촉촉한 쿠션이랑 같이 쓰면 시너지 효과가 나서 피부과 갔다 온 부자처럼(?) ㅋㅋㅋ 윤광이 진짜 예쁘고 피부가 건강해보여요. 모공도 완전 100%는 아니지만 잘 메우는 편이고요. 무너짐도 안 바른 것보다는 잘 잡아줘요.",5,지성;웜톤;각질;모공
8,20221016_024302,프라이버/베이스,MAC 라이트풀 C+ 코랄 틴티드 프라이머 기획(+매직 래디언스 픽서 2.5ml 포함),https://www.oliveyoung.co.kr/store/goods/getGoodsDetail.do?goodsNo=A000000162985&dispCatNo=1000001000200010003&trackingCd&curation&egcode&rccode&egrankcode,맥,MAC 라이트풀 C+ 코랄 틴티드 프라이머 기획(+매직 래디언스 픽서 2.5ml 포함),55000,55000,틴티드 프라이머 세트,<라이트풀 C + 코랄 그라스 틴티드 프라이머 SPF 45/PA ++++>,모든 피부타입,꿍꽁꿍,2022.03.13,"맥 프라이머 써보고싶었는데 때마침 리뉴얼됐다 그러고 세일도 하길래 바로 구매했어요. 적립금까지해서 사서 엄청 싸게샀어요ㅎㅎ 그게 제일 만족스러운…
생각보다 크기가 엄청 작아서 놀랐어요ㅋㅋ 후기 찾아보고 작은건 알고있었는데 이 정도로 작을줄이야… 심지어 저 작은 상자 안에 사은품까지 같이 들어있으니 더 작겠죠…?ㅎㅎ 오래 쓰고 싶어서 확확 과감하게는 못쓸것같아요… 저는 매일 화장하는편은 아니라 톤업되는 선크림처럼 쓰고싶어서 구매해봤는데 그런 부분에선 마음에 들었어요. 뭔가 챡 붙는게 피부톤이랑 결이 정돈되는 느낌? 이것만 바르던지 아님 이거 바르고 컨실러만 조금 써준다던지 할 것 같아요. 촉촉하니 잘 발리는게 마음에 들었습니다. 근데 개인적으로는 사은품으로 픽서 구성보다 맥 프라이머 작은걸 하나 더 얹어주면 어떨까 싶은…ㅎㅎ",5,건성;쿨톤;각질;민감성
9,20221016_024303,프라이버/베이스,MAC 라이트풀 C+ 코랄 틴티드 프라이머 기획(+매직 래디언스 픽서 2.5ml 포함),https://www.oliveyoung.co.kr/store/goods/getGoodsDetail.do?goodsNo=A000000162985&dispCatNo=1000001000200010003&trackingCd&curation&egcode&rccode&egrankcode,맥,MAC 라이트풀 C+ 코랄 틴티드 프라이머 기획(+매직 래디언스 픽서 2.5ml 포함),55000,55000,틴티드 프라이머 세트,<라이트풀 C + 코랄 그라스 틴티드 프라이머 SPF 45/PA ++++>,모든 피부타입,잠시만여,2022.09.05,"발림성과 흡수력이 너무 좋아서 화장할때 정말 편해요! 
브러쉬로 안바르고 그냥 손으로 얇게 펴 바르고 그 위에 파데 발랐는데 뭉치거나 들뜨지 않아요!
저는 피부가 약간 어두운 편이라서 너무 톤업이 되면 얼굴만 뜬 느낌이라서 이런 베이스는 살짝만 바르면서 양 조절 하는게 가장 중요한데 이 제품은 입구도 좁고 제가 조절 하기 어렵지 않아서 좋아요. 

톤 보정이 되니까 이마랑 볼 부분 피부 표현이 균일하게 되니까 더 깔끔해 보여요. 아침에 나갈때 바르고 화장하니까 오후까지도 수정 화장을 안해도 괜찮더라구요. 
다만 이마 쪽에만 약간 기름이 올라옵니다ㅜㅜ 촉촉한 제형은 아니라서 피부가 건조하신 분들은 특히 요즘 날씨에 쓰기에는 좀 건조할 수 있을것 같아요. 
수분크림이나 오일을 같이 발라줘야 촉촉하게 유지가 될것 같아요. 같이 온 미스트는 크기가 너무 쁘띠해서 당황스러우면서도 귀엽네요ㅎㅎㅎ",5,_alchera_none_
10,20221016_024305,프라이버/베이스,MAC 라이트풀 C+ 코랄 틴티드 프라이머 기획(+매직 래디언스 픽서 2.5ml 포함),https://www.oliveyoung.co.kr/store/goods/getGoodsDetail.do?goodsNo=A000000162985&dispCatNo=1000001000200010003&trackingCd&curation&egcode&rccode&egrankcode,맥,MAC 라이트풀 C+ 코랄 틴티드 프라이머 기획(+매직 래디언스 픽서 2.5ml 포함),55000,55000,틴티드 프라이머 세트,<라이트풀 C + 코랄 그라스 틴티드 프라이머 SPF 45/PA ++++>,모든 피부타입,먐먀미,2022.05.16,"✨구매계기
후기를 보면 안살래야 안살 수가 없습니다,, 그리고 유튜브로 본 맥 직원분들이 설명을 너무 맛깔나게 하셔서 사고싶은 욕구가 안생길 수가 없었습니다 ㅋㅋㅋ
✨톤업 
사실 톤업이 엄청 잘 된다고 후기를 봤는데 사실은,, 잘 모르겠어요,, 기대하면서 처음 발라보고 나서 엥? 내가 뭘 잘못봤나 이게 톤업이 된거라고? 생각할 정도로 톤업은 엥 스러웠어요,,ㅠ 
✨촉촉함
사실 촉촉한건 잘 모르겠어요! 그냥 수분부족형 지성분들? 정도에겐 잘 맞을 것 같고 건조하신분들이라면 이거 하나로는 한계를 느낄 수 있었어요 마무리감이 오히려 산뜻한 편이였습니다 
✨파운데이션 궁합 
역시 프라이머는 프라이머다보니 그 역할은 인정입니다! 그렇게 수분감이 넘치는것도 아닌데 베이스로 바르고 파데를 올리면 확실히 달라요 지속력도 오래 가고 훨씬 촉촉하게 표현됩니다",3,복합성;겨울쿨톤;모공;미백
11,20221016_024305,프라이버/베이스,MAC 라이트풀 C+ 코랄 틴티드 프라이머 기획(+매직 래디언스 픽서 2.5ml 포함),https://www.oliveyoung.co.kr/store/goods/getGoodsDetail.do?goodsNo=A000000162985&dispCatNo=1000001000200010003&trackingCd&curation&egcode&rccode&egrankcode,맥,MAC 라이트풀 C+ 코랄 틴티드 프라이머 기획(+매직 래디언스 픽서 2.5ml 포함),55000,55000,틴티드 프라이머 세트,<라이트풀 C + 코랄 그라스 틴티드 프라이머 SPF 45/PA ++++>,모든 피부타입,쏘니흥민,2022.06.16,유튜브 보다가 호기심에 세일할때 샀는데 쿠션 바르기전에 바르면 피부표현 반짝하게 돼용! 가격이 좀 있어서 멈칫하지만 이거 다 쓰면 또 주문할거에용!!,5,지성;웜톤;다크서클;미백
12,20221016_024306,프라이버/베이스,MAC 라이트풀 C+ 코랄 틴티드 프라이머 기획(+매직 래디언스 픽서 2.5ml 포함),https://www.oliveyoung.co.kr/store/goods/getGoodsDetail.do?goodsNo=A000000162985&dispCatNo=1000001000200010003&trackingCd&curation&egcode&rccode&egrankcode,맥,MAC 라이트풀 C+ 코랄 틴티드 프라이머 기획(+매직 래디언스 픽서 2.5ml 포함),55000,55000,틴티드 프라이머 세트,<라이트풀 C + 코랄 그라스 틴티드 프라이머 SPF 45/PA ++++>,모든 피부타입,jooyoung****,2022.03.16,"피부타입 : 복합성(단,여름엔 기름폭발,여드름은✖️)

친구한테 생일선물로 3만원 짜리 올리브영 기프티콘을 선물받았었어요!!그래서 오랫동안 뭘 살지 고민하다가 이왕 좋은 선물 받은거 평소에 비싸서 못 쓰는걸로 사고 싶었어요!!맥에서 나오는 메이크업 제품중에서 립 말고 베이스도 괜찮다고 들어와서 검색하던중에 프라이머추천글이 정말 많더라구요..그래서 프라이머를 사기로 결심했습니다!!근데ㅠㅠ제가 살려고 하는 프라이머는 품절이라ㅠ다른걸 찾다가 이 제품을 구매했습니다!케이스는 다르지만 비슷하겠지뭐(??)하면서 샀음😘

👀제형
처음에 뭣도 모르고 짜는데 걍 물처럼 주르륵 흘러서 당황;;하지만 물처럼 묽어서 놀란거 적응하니까 아뭇것도 아니었음

👀무게감
제형이 워낙 물이라서 피부에 뭘 발랐다는 느낌이 없음!

👀발림성
처음에 기초 다하고 이마부터 발랐는데 생각보다 광이 돌아서 놀람;;약간 안끈적거리는 썬크림 바르는 느낌?이렇게 비싼건 처음 써봐서 원래 이렇게 번들거리는게 인기많다는거에 놀람😳그런데 바를땐 번들거리는거 같더니 막상 다 흡수시키니까 너무 이쁜광이됨!!역시 맥이다!!

👀커버력
없음
걍 개 촉촉하고 개 맑고 투명한 톤없크림임
커버는 쿠션으로 하십셔

👀지속력
사실 맨처음애 광이 이쁜거 빼고 뭐지?별 효과가 없는데?라고 생각함
아침 8시에 바르고 저녁 8시에 집에와서 보니까 세상에…..밀림이 없었음ㄷㄷ
미바왕쿠션을 너무 많이 사서 어쩔수 없이 쓰는데 이거 쓰면서 이렇게 피부가 자연스러웠던적이 없음 진짜 짱이다
복합성인에ㅜ여름엔 지성되는 개피부라 조끔 걱정이지만 겨울에는 이거만한게ㅜ없다는걸 겨울 다가고 알게되다니…ㅠㅠ지성도 좋고 건성한테는 진짜 추천 너무 이쁜피부됩니다..ㅠ😭😔

😎✌️
총평 : 사십셔 꼭 사십셔 20년 인생 이런 베이스는 처음
          우리 예쁜피부만들게 도와주신 맥선생에게 감사하며 씁시다!!

#프라이머#맥#베이스#지성#복합성#건성",5,민감성;민감성;블랙헤드
13,20221016_024306,프라이버/베이스,MAC 라이트풀 C+ 코랄 틴티드 프라이머 기획(+매직 래디언스 픽서 2.5ml 포함),https://www.oliveyoung.co.kr/store/goods/getGoodsDetail.do?goodsNo=A000000162985&dispCatNo=1000001000200010003&trackingCd&curation&egcode&rccode&egrankcode,맥,MAC 라이트풀 C+ 코랄 틴티드 프라이머 기획(+매직 래디언스 픽서 2.5ml 포함),55000,55000,틴티드 프라이머 세트,<라이트풀 C + 코랄 그라스 틴티드 프라이머 SPF 45/PA ++++>,모든 피부타입,진아총촐,2022.07.19,선물한거라 리뉴얼 된거로 좋은거 해주고 싶어서 구입했어요 저는 그전제품을 그대로 쓰고 있는데 과하지않게 자연스러운 광이 잘나는데 리뉴얼된건 더 좋다고 선물받으신분이 엄청 좋아하시네요,5,건성;웜톤;각질;민감성
14,20221016_024306,프라이버/베이스,MAC 라이트풀 C+ 코랄 틴티드 프라이머 기획(+매직 래디언스 픽서 2.5ml 포함),https://www.oliveyoung.co.kr/store/goods/getGoodsDetail.do?goodsNo=A000000162985&dispCatNo=1000001000200010003&trackingCd&curation&egcode&rccode&egrankcode,맥,MAC 라이트풀 C+ 코랄 틴티드 프라이머 기획(+매직 래디언스 픽서 2.5ml 포함),55000,55000,틴티드 프라이머 세트,<라이트풀 C + 코랄 그라스 틴티드 프라이머 SPF 45/PA ++++>,모든 피부타입,쭈니글스,2022.03.21,"피부톤도자연스럽게밝아지면서,촉촉하고
핑크빛으로~예뻐여",5,복합성;모공;블랙헤드
15,20221016_024307,프라이버/베이스,MAC 라이트풀 C+ 코랄 틴티드 프라이머 기획(+매직 래디언스 픽서 2.5ml 포함),https://www.oliveyoung.co.kr/store/goods/getGoodsDetail.do?goodsNo=A000000162985&dispCatNo=1000001000200010003&trackingCd&curation&egcode&rccode&egrankcode,맥,MAC 라이트풀 C+ 코랄 틴티드 프라이머 기획(+매직 래디언스 픽서 2.5ml 포함),55000,55000,틴티드 프라이머 세트,<라이트풀 C + 코랄 그라스 틴티드 프라이머 SPF 45/PA ++++>,모든 피부타입,햅삐튜,2022.04.14,음 솔직히 기대 많이 하고 샀는데… 생각보다 만족스럽지가 않아요 ㅠㅠ 힝.. 재구매는 안 할 거 같네요… 양 생각보다 작으니 참고,4,_alchera_none_
16,20221016_024308,프라이버/베이스,MAC 라이트풀 C+ 코랄 틴티드 프라이머 기획(+매직 래디언스 픽서 2.5ml 포함),https://www.oliveyoung.co.kr/store/goods/getGoodsDetail.do?goodsNo=A000000162985&dispCatNo=1000001000200010003&trackingCd&curation&egcode&rccode&egrankcode,맥,MAC 라이트풀 C+ 코랄 틴티드 프라이머 기획(+매직 래디언스 픽서 2.5ml 포함),55000,55000,틴티드 프라이머 세트,<라이트풀 C + 코랄 그라스 틴티드 프라이머 SPF 45/PA ++++>,모든 피부타입,gotnr****,2022.10.02,"백화점에서 구매 해서 사용하다가 픽스 기획이라 추석 전에 주문해서 19일에 받았어요 
근데 샘플 픽서는 완전히 깨져 있네요 ㅠㅠ 
촉촉하긴 해요….",4,_alchera_none_
17,20221016_024309,프라이버/베이스,MAC 라이트풀 C+ 코랄 틴티드 프라이머 기획(+매직 래디언스 픽서 2.5ml 포함),https://www.oliveyoung.co.kr/store/goods/getGoodsDetail.do?goodsNo=A000000162985&dispCatNo=1000001000200010003&trackingCd&curation&egcode&rccode&egrankcode,맥,MAC 라이트풀 C+ 코랄 틴티드 프라이머 기획(+매직 래디언스 픽서 2.5ml 포함),55000,55000,틴티드 프라이머 세트,<라이트풀 C + 코랄 그라스 틴티드 프라이머 SPF 45/PA ++++>,모든 피부타입,eunji****,2022.09.28,"프라이머 필요해서 사보았어용. 저는 건성피부인데, 건성피부에 사용하기에 딱 좋아요. 화장하기전에 항상 저는 사용하는편이에요~ 상품의 발림성은 쉽게 잘 발려져서 좋습니다. 수분감은 촉촉한편이라 건성피부인 저는 아주 만족하고 잘 사용하고있습니다. 가을,겨울에 바르기 좋은편인것같구요 프라이머와 베이스를 바르기전과 후가 다른편이라 항상 저는 프라이머와 베이스 둘중 하나는 구매해서 사용하는 편이에요~ 화장할때 화사해보여서 좋은것같아요. 그리고 바르면 흡수가 잘되서 너무 좋더라구용! 밀착력도 좋은편이에요~ 다만 지속력이 조금 떨어지는것같아요 ㅠㅠ 피부에 광을낼때 사용하면 좋은 제품인것같아요~ 그래서 지속력이 살짝떨어지는것같아요 저는 재구매의사 있습니당! 피부가 화사해보여요",4,_alchera_none_
18,20221016_024310,프라이버/베이스,MAC 라이트풀 C+ 코랄 틴티드 프라이머 기획(+매직 래디언스 픽서 2.5ml 포함),https://www.oliveyoung.co.kr/store/goods/getGoodsDetail.do?goodsNo=A000000162985&dispCatNo=1000001000200010003&trackingCd&curation&egcode&rccode&egrankcode,맥,MAC 라이트풀 C+ 코랄 틴티드 프라이머 기획(+매직 래디언스 픽서 2.5ml 포함),55000,55000,틴티드 프라이머 세트,<라이트풀 C + 코랄 그라스 틴티드 프라이머 SPF 45/PA ++++>,모든 피부타입,티티니니,2022.03.15,"라이트풀C로 베이스제품 정착한지는 좀 되었는데
비싼만큼 좋은 것 같으면서도
가격이 조금만 더 착했으면.. 하는 생각은 늘 하게 되네요. 
제품 크기도(용량) 작습니다.
그래도 이걸 사게되네요 … ㅎㅎ",5,건성;웜톤;주름;탄력
19,20221016_024311,프라이버/베이스,MAC 라이트풀 C+ 코랄 틴티드 프라이머 기획(+매직 래디언스 픽서 2.5ml 포함),https://www.oliveyoung.co.kr/store/goods/getGoodsDetail.do?goodsNo=A000000162985&dispCatNo=1000001000200010003&trackingCd&curation&egcode&rccode&egrankcode,맥,MAC 라이트풀 C+ 코랄 틴티드 프라이머 기획(+매직 래디언스 픽서 2.5ml 포함),55000,55000,틴티드 프라이머 세트,<라이트풀 C + 코랄 그라스 틴티드 프라이머 SPF 45/PA ++++>,모든 피부타입,smj0****,2022.04.02,"맥 라인은 저랑 그냥 너무 잘 맞습니다.... 이것도 너무 잘 맞아요 진짜 우연히 썼다가 모든 라인 다 맥으로 바꿨어요 이거 진짜 모든 피부톤에 잘 맞고 피부톤마다 양 조절 잘 해서 쓰시면 문제 없을 거 같아요 화사하게 핑크빛으로 밝아지는 느낌이고 굉장히 촉촉해서 이거 기초로 바르고 다른 화장품 올리면 정말 잘 흡수돼요 지속력도 괜찮은 편이라서 너무 많이 바르기 귀찮은 날에는 기본 선크림이랑 이거 흡수 잘 시켜서 나가도 피부톤 너무 좋아보이더라구요
모공 가려주거나 그런건 딱히 없는거 같아요 그냥 딱 기초 화장품 라인 느낌? 촉촉하고 톤보정 화사하게 해줘서 다른 화장품 잘 흡수되게 해주는 느낌입니다 여름에는 바르기 살짝 무겁다고 생각이 되긴 하는데 이거보다 더 가벼우면 각질 올라올 거 같아요 건조해서..
단종되지 않는 이상 이건 영원히 쓸 거 같아요",5,_alchera_none_
20,20221016_024314,프라이버/베이스,MAC 라이트풀 C+ 코랄 틴티드 프라이머 기획(+매직 래디언스 픽서 2.5ml 포함),https://www.oliveyoung.co.kr/store/goods/getGoodsDetail.do?goodsNo=A000000162985&dispCatNo=1000001000200010003&trackingCd&curation&egcode&rccode&egrankcode,맥,MAC 라이트풀 C+ 코랄 틴티드 프라이머 기획(+매직 래디언스 픽서 2.5ml 포함),55000,55000,틴티드 프라이머 세트,<라이트풀 C + 코랄 그라스 틴티드 프라이머 SPF 45/PA ++++>,모든 피부타입,tmdgml****,2022.10.13,발랐을땐 엥?? 싶었는데 화장하고 집 오면 다른게 느껴져요 바른거 안바른거 차이 많이 나서 재구매할것같아요 역시 맥,5,_alchera_none_
21,20221016_024315,프라이버/베이스,MAC 라이트풀 C+ 코랄 틴티드 프라이머 기획(+매직 래디언스 픽서 2.5ml 포함),https://www.oliveyoung.co.kr/store/goods/getGoodsDetail.do?goodsNo=A000000162985&dispCatNo=1000001000200010003&trackingCd&curation&egcode&rccode&egrankcode,맥,MAC 라이트풀 C+ 코랄 틴티드 프라이머 기획(+매직 래디언스 픽서 2.5ml 포함),55000,55000,틴티드 프라이머 세트,<라이트풀 C + 코랄 그라스 틴티드 프라이머 SPF 45/PA ++++>,모든 피부타입,tls****,2022.08.19,"** 구매 한달 후 다시 리뷰합니다

일단 메베 역할은 톡톡히 합니다.
촉촉하게 발리면서 메베역할 해주니까
윤광 메컵하는 저로써는 아주 좋아요
원래 메베나 선크림은 엄청 듬뿍 쓰는 편인데
용량이.... 넘모.. 하........

가격대비 용량이 적어서
또 사야하나... 너무 고민되는 제품입니다... ㅠㅠ",5,_alchera_none_
22,20221016_024316,프라이버/베이스,MAC 라이트풀 C+ 코랄 틴티드 프라이머 기획(+매직 래디언스 픽서 2.5ml 포함),https://www.oliveyoung.co.kr/store/goods/getGoodsDetail.do?goodsNo=A000000162985&dispCatNo=1000001000200010003&trackingCd&curation&egcode&rccode&egrankcode,맥,MAC 라이트풀 C+ 코랄 틴티드 프라이머 기획(+매직 래디언스 픽서 2.5ml 포함),55000,55000,틴티드 프라이머 세트,<라이트풀 C + 코랄 그라스 틴티드 프라이머 SPF 45/PA ++++>,모든 피부타입,bidan****,2022.05.03,"이전 제품부터 계속 써와서 안살 이유가 없었어요.
사실 아침에 바쁘면 베이스까지 어떻게 챙겨서 화장하나 싶어 처음에는 관심이 안갔는데 그냥 선크림이다 생각하고 바르자 해서 시작했던게 이제는 꾸준히 쓰게 되네요. 이거 하나로 프라이머와 톤보정까지 되니 오히려 게으르고 관리 잘못하는 제게는 남자들 올인원화장품 같은 역할을 해줘요. 간편하고 좋아요.
다만 아쉬운 점은 모든 사람이 느끼는 가성비죠. 사이즈가 진짜 작아요. 그래서 비싸다 느끼게 될 수밖에 없어요. 처음에는 어느정도 양으로 써야 할지 몰랐는데 써보니 확실히 파운데이션 보다는 적은 양으로 얼굴에 바르게 되니 처음 예상했던것 보다는 오래 쓰는거 같아요. 나름 양조절하는 요령도 생기게 되더라고요. 또 적립금과 프리미엄할인 쿠폰 버프 쓰면 살만 합니다.",5,_alchera_none_
23,20221016_024317,프라이버/베이스,MAC 라이트풀 C+ 코랄 틴티드 프라이머 기획(+매직 래디언스 픽서 2.5ml 포함),https://www.oliveyoung.co.kr/store/goods/getGoodsDetail.do?goodsNo=A000000162985&dispCatNo=1000001000200010003&trackingCd&curation&egcode&rccode&egrankcode,맥,MAC 라이트풀 C+ 코랄 틴티드 프라이머 기획(+매직 래디언스 픽서 2.5ml 포함),55000,55000,틴티드 프라이머 세트,<라이트풀 C + 코랄 그라스 틴티드 프라이머 SPF 45/PA ++++>,모든 피부타입,aqjk****,2022.03.09,"제품의 외관은 일반 립스틱 길이와 유사한 크기예요.
향기는 약간 꽃 향기가 나는 것 같고
완전 촉촉한데 오일느낌이 약간 있어요.
은은한 광이 나는 것 같아요.
제형은 굉장히 묽고
색상은 약간 핑크끼가 도는 살구색 파운데이션 색상인데
바르면 화사하게 비교적 투명하면서 흰 빛깔로 발려요.",5,_alchera_none_
24,20221016_024319,프라이버/베이스,MAC 라이트풀 C+ 코랄 틴티드 프라이머 기획(+매직 래디언스 픽서 2.5ml 포함),https://www.oliveyoung.co.kr/store/goods/getGoodsDetail.do?goodsNo=A000000162985&dispCatNo=1000001000200010003&trackingCd&curation&egcode&rccode&egrankcode,맥,MAC 라이트풀 C+ 코랄 틴티드 프라이머 기획(+매직 래디언스 픽서 2.5ml 포함),55000,55000,틴티드 프라이머 세트,<라이트풀 C + 코랄 그라스 틴티드 프라이머 SPF 45/PA ++++>,모든 피부타입,leeje****,2022.09.24,아주 아주 잘 쓰고 있습니다. 만족합니다. 고맙습니다^^,5,_alchera_none_
25,20221016_024320,프라이버/베이스,MAC 라이트풀 C+ 코랄 틴티드 프라이머 기획(+매직 래디언스 픽서 2.5ml 포함),https://www.oliveyoung.co.kr/store/goods/getGoodsDetail.do?goodsNo=A000000162985&dispCatNo=1000001000200010003&trackingCd&curation&egcode&rccode&egrankcode,맥,MAC 라이트풀 C+ 코랄 틴티드 프라이머 기획(+매직 래디언스 픽서 2.5ml 포함),55000,55000,틴티드 프라이머 세트,<라이트풀 C + 코랄 그라스 틴티드 프라이머 SPF 45/PA ++++>,모든 피부타입,dkfma****,2022.06.06,제형이 묽어서 바르기 쉽고 촉촉해서 뜨거나 하지 않아요 톤업효과는 거의 없습니다.ᐟ,5,_alchera_none_
26,20221016_024321,프라이버/베이스,MAC 라이트풀 C+ 코랄 틴티드 프라이머 기획(+매직 래디언스 픽서 2.5ml 포함),https://www.oliveyoung.co.kr/store/goods/getGoodsDetail.do?goodsNo=A000000162985&dispCatNo=1000001000200010003&trackingCd&curation&egcode&rccode&egrankcode,맥,MAC 라이트풀 C+ 코랄 틴티드 프라이머 기획(+매직 래디언스 픽서 2.5ml 포함),55000,55000,틴티드 프라이머 세트,<라이트풀 C + 코랄 그라스 틴티드 프라이머 SPF 45/PA ++++>,모든 피부타입,mm****,2022.04.13,날씨는 점점 따뜻해지고 꽃놀이도 가고 밝은 이 세상에서 제 얼굴만은 너무나 칙칙하더군요 ㅠㅠ 평소 피부가 건강하고 좋은데 이상하게 안색은 뭔가 칙칙해진 느낌적인 느낌? 그래서 어떻게 해야할지를 몰라서 이리저리 검색하던 중에 파운데이션은 더 밝게는 못하겠고 베이스를 조금 밝게 하면 어떨까해서 프라이머+선크림 기능이 있는 제품들을 찾게 되었어요. 검색을 하다보니 맥 라이트풀 c 코랄 틴티드 프라이머가 되게 인기가 많고 리뷰가 좋더라구요. 광고도 물론 있겠지만 이렇게 많은 사람들이 만족하고 쓰고 있다면 좋은 제품이라는 결론에 ㅋㅋ 다달아서 한번 사용해봤구요. 적당히 윤기있으면서 살짝 밝게 톤보정이 되고 무엇보다도 메이크업 지속력이 매우 좋아서 사용하는데 너무나 만족합니다 ㅎ 이닦고 와서 제 피부를 확인해보니 물 닿은 곳 빼고는 다 밀착해서 잘 붙어있어요 ㅎㅎ 추천드립니다,5,_alchera_none_
27,20221016_024322,프라이버/베이스,MAC 라이트풀 C+ 코랄 틴티드 프라이머 기획(+매직 래디언스 픽서 2.5ml 포함),https://www.oliveyoung.co.kr/store/goods/getGoodsDetail.do?goodsNo=A000000162985&dispCatNo=1000001000200010003&trackingCd&curation&egcode&rccode&egrankcode,맥,MAC 라이트풀 C+ 코랄 틴티드 프라이머 기획(+매직 래디언스 픽서 2.5ml 포함),55000,55000,틴티드 프라이머 세트,<라이트풀 C + 코랄 그라스 틴티드 프라이머 SPF 45/PA ++++>,모든 피부타입,yeejin****,2022.03.26,유튜브로 톤업제품 찾다가 알게 됐습니다! 여러 유튜버들도 많이 추천하길래 주문했는게 만족해요!색상도 약간 로즈빛이 돌아서 웜톤 분들도 화사하게 피부톤 맞출 수 있어서 좋습니다! 요즘 파데 프리 메이크업으로 틴티드 제품들 많이 나왔는데 간혹 톤업 선크림이나 톤업 크림 같은 경우 발림성이 뻑뻑하거나 바른 후에 건조해지는 제품들도 있는데 맥 틴티드 프라이머는 발림성도 부드럽고 바른 후에도 건조함이 크게 느껴지지 않았어요! 여기에 메이크업 하면 밀착력이 더 좋은 거 같고 은은하게 광도 비칩니다! 패키지가 리뉴얼 되어서 기존 제품 아닌 줄 알고 엄청난 써칭을 했습니다...🤣🤣🤣기존 메탈 패키지의 틴티드 프라이머 사용하시던 분들이나 그 패키지로 제품을 알고 계시던 분들 패키지 바뀐 거 참고하세요😆,5,_alchera_none_
28,20221016_024323,프라이버/베이스,MAC 라이트풀 C+ 코랄 틴티드 프라이머 기획(+매직 래디언스 픽서 2.5ml 포함),https://www.oliveyoung.co.kr/store/goods/getGoodsDetail.do?goodsNo=A000000162985&dispCatNo=1000001000200010003&trackingCd&curation&egcode&rccode&egrankcode,맥,MAC 라이트풀 C+ 코랄 틴티드 프라이머 기획(+매직 래디언스 픽서 2.5ml 포함),55000,55000,틴티드 프라이머 세트,<라이트풀 C + 코랄 그라스 틴티드 프라이머 SPF 45/PA ++++>,모든 피부타입,ksy****,2022.03.10,계속 쭉 사용하고 있는 제품인데 이번에 여기서 세일을 해서 저렴하게 구입을 할수 있었습니다. 그리고 픽서까지 세트구성이라 아주 만족합니다 . 픽서 제품은 처음 써보는거라 어떨지 궁금했는데 촉촉함도 오래 유지가 되고 좋은거 같습니다 . 그리고 본제품은 바르고 나면 피부가 좀더 화사해 보이는 효과가 있습니다 . 제가 이제품을 계속해서 사용하는 이유는 주름이 펴져 보이는 효과가 있어서 입니다 . 제품을 사용하지 읺았을 때보다 사용하면 눈가 주름이 좀 없어 보이는 효과가 있더라구요 . 그렇다고 주름이 없어지는건 아니고 발랐을때의 보여지는 효과입니다 . 아무래도 점 점더 주름에 신경이 쓰이는 나이다 보니 그런 점을 보게 되더라구요 . 향은 그리 좋은건 아니지만 그래도 그렇게 강한 향은 아니라서 크게 거부감이 있지는 않습니다 .,5,_alchera_none_
29,20221016_024324,프라이버/베이스,MAC 라이트풀 C+ 코랄 틴티드 프라이머 기획(+매직 래디언스 픽서 2.5ml 포함),https://www.oliveyoung.co.kr/store/goods/getGoodsDetail.do?goodsNo=A000000162985&dispCatNo=1000001000200010003&trackingCd&curation&egcode&rccode&egrankcode,맥,MAC 라이트풀 C+ 코랄 틴티드 프라이머 기획(+매직 래디언스 픽서 2.5ml 포함),55000,55000,틴티드 프라이머 세트,<라이트풀 C + 코랄 그라스 틴티드 프라이머 SPF 45/PA ++++>,모든 피부타입,ywj84****,2022.08.29,"기존 사용하던 제품에서 리뉴얼되어 나온제품 같더라고요 
얇게 가볍게 바르기에
너무 좋은제품입니다",5,_alchera_none_
30,20221016_024327,프라이버/베이스,MAC 라이트풀 C+ 코랄 틴티드 프라이머 기획(+매직 래디언스 픽서 2.5ml 포함),https://www.oliveyoung.co.kr/store/goods/getGoodsDetail.do?goodsNo=A000000162985&dispCatNo=1000001000200010003&trackingCd&curation&egcode&rccode&egrankcode,맥,MAC 라이트풀 C+ 코랄 틴티드 프라이머 기획(+매직 래디언스 픽서 2.5ml 포함),55000,55000,틴티드 프라이머 세트,<라이트풀 C + 코랄 그라스 틴티드 프라이머 SPF 45/PA ++++>,모든 피부타입,sysj****,2022.08.26,제형이 묽어서 촉촉하고 더 자연스럽게 밀착이 잘 되는 것 같아요.,5,_alchera_none_
31,20221016_024328,프라이버/베이스,MAC 라이트풀 C+ 코랄 틴티드 프라이머 기획(+매직 래디언스 픽서 2.5ml 포함),https://www.oliveyoung.co.kr/store/goods/getGoodsDetail.do?goodsNo=A000000162985&dispCatNo=1000001000200010003&trackingCd&curation&egcode&rccode&egrankcode,맥,MAC 라이트풀 C+ 코랄 틴티드 프라이머 기획(+매직 래디언스 픽서 2.5ml 포함),55000,55000,틴티드 프라이머 세트,<라이트풀 C + 코랄 그라스 틴티드 프라이머 SPF 45/PA ++++>,모든 피부타입,오,2022.08.18,놀랍도록 작습니다..!ㅠ 하지만 제품은 넘 맘에 들어요..,5,_alchera_none_
32,20221016_024330,프라이버/베이스,MAC 라이트풀 C+ 코랄 틴티드 프라이머 기획(+매직 래디언스 픽서 2.5ml 포함),https://www.oliveyoung.co.kr/store/goods/getGoodsDetail.do?goodsNo=A000000162985&dispCatNo=1000001000200010003&trackingCd&curation&egcode&rccode&egrankcode,맥,MAC 라이트풀 C+ 코랄 틴티드 프라이머 기획(+매직 래디언스 픽서 2.5ml 포함),55000,55000,틴티드 프라이머 세트,<라이트풀 C + 코랄 그라스 틴티드 프라이머 SPF 45/PA ++++>,모든 피부타입,kimx****,2022.06.11,"재구매 아이템이에요~~~ 
썬크림 대용으로 쓰고 있어요~~~,~<",5,_alchera_none_
33,20221016_024331,프라이버/베이스,MAC 라이트풀 C+ 코랄 틴티드 프라이머 기획(+매직 래디언스 픽서 2.5ml 포함),https://www.oliveyoung.co.kr/store/goods/getGoodsDetail.do?goodsNo=A000000162985&dispCatNo=1000001000200010003&trackingCd&curation&egcode&rccode&egrankcode,맥,MAC 라이트풀 C+ 코랄 틴티드 프라이머 기획(+매직 래디언스 픽서 2.5ml 포함),55000,55000,틴티드 프라이머 세트,<라이트풀 C + 코랄 그라스 틴티드 프라이머 SPF 45/PA ++++>,모든 피부타입,redli****,2022.06.04,"많이 기대했는데 생각보다 톤업이 확 밝아지는 것도 아닌 것같아요 그래도 가볍게 여름에 쓰게 괜찮을 것 같습니다
수분감이 좋아서 촉촉하고 밀착력도 좋긴한데 여름에 자주 덧발라야 할 것 같아요",4,_alchera_none_
34,20221016_024332,프라이버/베이스,MAC 라이트풀 C+ 코랄 틴티드 프라이머 기획(+매직 래디언스 픽서 2.5ml 포함),https://www.oliveyoung.co.kr/store/goods/getGoodsDetail.do?goodsNo=A000000162985&dispCatNo=1000001000200010003&trackingCd&curation&egcode&rccode&egrankcode,맥,MAC 라이트풀 C+ 코랄 틴티드 프라이머 기획(+매직 래디언스 픽서 2.5ml 포함),55000,55000,틴티드 프라이머 세트,<라이트풀 C + 코랄 그라스 틴티드 프라이머 SPF 45/PA ++++>,모든 피부타입,wa****,2022.05.10,"착한가격에 잘 구매했어요~
부드럽고 촉촉하게 발려지고~ 
얼굴이. 촉촉광~좋아요",5,_alchera_none_
35,20221016_024333,프라이버/베이스,MAC 라이트풀 C+ 코랄 틴티드 프라이머 기획(+매직 래디언스 픽서 2.5ml 포함),https://www.oliveyoung.co.kr/store/goods/getGoodsDetail.do?goodsNo=A000000162985&dispCatNo=1000001000200010003&trackingCd&curation&egcode&rccode&egrankcode,맥,MAC 라이트풀 C+ 코랄 틴티드 프라이머 기획(+매직 래디언스 픽서 2.5ml 포함),55000,55000,틴티드 프라이머 세트,<라이트풀 C + 코랄 그라스 틴티드 프라이머 SPF 45/PA ++++>,모든 피부타입,sesl****,2022.04.30,픽서도 주고 맥 제품 좋아해서 구매했는데 조금 묽은 타입이여서 얇게 잘 발려서 좋아요,5,_alchera_none_
36,20221016_024334,프라이버/베이스,MAC 라이트풀 C+ 코랄 틴티드 프라이머 기획(+매직 래디언스 픽서 2.5ml 포함),https://www.oliveyoung.co.kr/store/goods/getGoodsDetail.do?goodsNo=A000000162985&dispCatNo=1000001000200010003&trackingCd&curation&egcode&rccode&egrankcode,맥,MAC 라이트풀 C+ 코랄 틴티드 프라이머 기획(+매직 래디언스 픽서 2.5ml 포함),55000,55000,틴티드 프라이머 세트,<라이트풀 C + 코랄 그라스 틴티드 프라이머 SPF 45/PA ++++>,모든 피부타입,꿈둥보노,2022.03.22,"생각보다 크기가 작아서 놀랐지만, 그만큼 소량을 발라도 되는 걸 이해하는데 오래 걸리지 않아서 잘 쓰고 있어요 얼굴 전체보다는 밝아지기 원하는 부분 위주로 발라요",5,_alchera_none_
37,20221016_024335,프라이버/베이스,MAC 라이트풀 C+ 코랄 틴티드 프라이머 기획(+매직 래디언스 픽서 2.5ml 포함),https://www.oliveyoung.co.kr/store/goods/getGoodsDetail.do?goodsNo=A000000162985&dispCatNo=1000001000200010003&trackingCd&curation&egcode&rccode&egrankcode,맥,MAC 라이트풀 C+ 코랄 틴티드 프라이머 기획(+매직 래디언스 픽서 2.5ml 포함),55000,55000,틴티드 프라이머 세트,<라이트풀 C + 코랄 그라스 틴티드 프라이머 SPF 45/PA ++++>,모든 피부타입,rainy****,2022.07.29,맥에서 메이크업받고 좋아서 구매했어요 올영에서 맥제픔살 수 있러서 넘 좋아요,5,_alchera_none_
38,20221016_024336,프라이버/베이스,MAC 라이트풀 C+ 코랄 틴티드 프라이머 기획(+매직 래디언스 픽서 2.5ml 포함),https://www.oliveyoung.co.kr/store/goods/getGoodsDetail.do?goodsNo=A000000162985&dispCatNo=1000001000200010003&trackingCd&curation&egcode&rccode&egrankcode,맥,MAC 라이트풀 C+ 코랄 틴티드 프라이머 기획(+매직 래디언스 픽서 2.5ml 포함),55000,55000,틴티드 프라이머 세트,<라이트풀 C + 코랄 그라스 틴티드 프라이머 SPF 45/PA ++++>,모든 피부타입,good****,2022.07.27,올영에 맥제품 팔아서 넘나 좋아요! 기획 상품이라 더 좋네요~ 잘 쓰고 있어요,5,_alchera_none_
39,20221016_024337,프라이버/베이스,MAC 라이트풀 C+ 코랄 틴티드 프라이머 기획(+매직 래디언스 픽서 2.5ml 포함),https://www.oliveyoung.co.kr/store/goods/getGoodsDetail.do?goodsNo=A000000162985&dispCatNo=1000001000200010003&trackingCd&curation&egcode&rccode&egrankcode,맥,MAC 라이트풀 C+ 코랄 틴티드 프라이머 기획(+매직 래디언스 픽서 2.5ml 포함),55000,55000,틴티드 프라이머 세트,<라이트풀 C + 코랄 그라스 틴티드 프라이머 SPF 45/PA ++++>,모든 피부타입,tls****,2022.07.03,"가격만큼은 못하는듯..
선크림 기능보다 프라이머 기능을 더 기대하며 구매한건데 바를때 결따라서 제대로 못바르면 프라이머 기능 1도 못함요.... 이걸 다시 또 사야하나... 고민이 꽤 되는 제품이에요",4,_alchera_none_
40,20221016_024340,프라이버/베이스,MAC 라이트풀 C+ 코랄 틴티드 프라이머 기획(+매직 래디언스 픽서 2.5ml 포함),https://www.oliveyoung.co.kr/store/goods/getGoodsDetail.do?goodsNo=A000000162985&dispCatNo=1000001000200010003&trackingCd&curation&egcode&rccode&egrankcode,맥,MAC 라이트풀 C+ 코랄 틴티드 프라이머 기획(+매직 래디언스 픽서 2.5ml 포함),55000,55000,틴티드 프라이머 세트,<라이트풀 C + 코랄 그라스 틴티드 프라이머 SPF 45/PA ++++>,모든 피부타입,애터미,2022.07.03,"좋다고들 해서 써보고 싶어 주문했어요
사용후 완전 만족합니다",5,복합성;웜톤;모공;민감성
41,20221016_024341,프라이버/베이스,MAC 라이트풀 C+ 코랄 틴티드 프라이머 기획(+매직 래디언스 픽서 2.5ml 포함),https://www.oliveyoung.co.kr/store/goods/getGoodsDetail.do?goodsNo=A000000162985&dispCatNo=1000001000200010003&trackingCd&curation&egcode&rccode&egrankcode,맥,MAC 라이트풀 C+ 코랄 틴티드 프라이머 기획(+매직 래디언스 픽서 2.5ml 포함),55000,55000,틴티드 프라이머 세트,<라이트풀 C + 코랄 그라스 틴티드 프라이머 SPF 45/PA ++++>,모든 피부타입,sana****,2022.06.12,프라이머 잘 안써서 몰랐는데 사용해보니까 왜 쓰는지 알겠어요 쓴날 안쓴날 피부화장 먹는게 달라요! 앞으로도 사용할듯요,5,_alchera_none_
42,20221016_024342,프라이버/베이스,MAC 라이트풀 C+ 코랄 틴티드 프라이머 기획(+매직 래디언스 픽서 2.5ml 포함),https://www.oliveyoung.co.kr/store/goods/getGoodsDetail.do?goodsNo=A000000162985&dispCatNo=1000001000200010003&trackingCd&curation&egcode&rccode&egrankcode,맥,MAC 라이트풀 C+ 코랄 틴티드 프라이머 기획(+매직 래디언스 픽서 2.5ml 포함),55000,55000,틴티드 프라이머 세트,<라이트풀 C + 코랄 그라스 틴티드 프라이머 SPF 45/PA ++++>,모든 피부타입,ever****,2022.06.10,워낙 좋다는 말을 많이 들어서 가대하며 구매했어요 얼마나 양조절을 해야하는지 좀 어렵긴 한데 톤을 균일하게 잡아주는 거 같긴 해요 피부 컨디션이 더 올라온 상태에서 하면 광이 잘 돌지 않을까 싶어요!! 파데랑 잘 섞어서 활용해봐야겠어요,4,_alchera_none_
43,20221016_024343,프라이버/베이스,MAC 라이트풀 C+ 코랄 틴티드 프라이머 기획(+매직 래디언스 픽서 2.5ml 포함),https://www.oliveyoung.co.kr/store/goods/getGoodsDetail.do?goodsNo=A000000162985&dispCatNo=1000001000200010003&trackingCd&curation&egcode&rccode&egrankcode,맥,MAC 라이트풀 C+ 코랄 틴티드 프라이머 기획(+매직 래디언스 픽서 2.5ml 포함),55000,55000,틴티드 프라이머 세트,<라이트풀 C + 코랄 그라스 틴티드 프라이머 SPF 45/PA ++++>,모든 피부타입,gym****,2022.06.03,코랄계열만 써보다 핑크구입해봤어요. 베이스로 쓰기 좋아요.베이스하고 파운데이션하는게 아무래도 피부표현하기 좋아서 계속 쓰는중입니다,4,_alchera_none_
44,20221016_024344,프라이버/베이스,MAC 라이트풀 C+ 코랄 틴티드 프라이머 기획(+매직 래디언스 픽서 2.5ml 포함),https://www.oliveyoung.co.kr/store/goods/getGoodsDetail.do?goodsNo=A000000162985&dispCatNo=1000001000200010003&trackingCd&curation&egcode&rccode&egrankcode,맥,MAC 라이트풀 C+ 코랄 틴티드 프라이머 기획(+매직 래디언스 픽서 2.5ml 포함),55000,55000,틴티드 프라이머 세트,<라이트풀 C + 코랄 그라스 틴티드 프라이머 SPF 45/PA ++++>,모든 피부타입,bsk****,2022.06.02,"저만 지속력 약하다고 느끼나요
아직 대안을 못찾아 계속 구매하고 있습니다만",5,_alchera_none_
45,20221016_024345,프라이버/베이스,MAC 라이트풀 C+ 코랄 틴티드 프라이머 기획(+매직 래디언스 픽서 2.5ml 포함),https://www.oliveyoung.co.kr/store/goods/getGoodsDetail.do?goodsNo=A000000162985&dispCatNo=1000001000200010003&trackingCd&curation&egcode&rccode&egrankcode,맥,MAC 라이트풀 C+ 코랄 틴티드 프라이머 기획(+매직 래디언스 픽서 2.5ml 포함),55000,55000,틴티드 프라이머 세트,<라이트풀 C + 코랄 그라스 틴티드 프라이머 SPF 45/PA ++++>,모든 피부타입,kokoko****,2022.04.10,"파운데이션 전에 선크림, 베이스 목적으로 샀어요. 안맞는 파데도 착붙파데로 만든다는 말에 혹해서^^
결론은 안쓰던 파데 쓰는중요,,
파데의 질감때문에 (무겁거나 가벼움)때문에 못쓰던 파데는 이 베이스라면 살릴 수 있을것같아요.
다만 컬러 안맞는 파데면~ 버리세요 ㅎ",5,_alchera_none_
46,20221016_024346,프라이버/베이스,MAC 라이트풀 C+ 코랄 틴티드 프라이머 기획(+매직 래디언스 픽서 2.5ml 포함),https://www.oliveyoung.co.kr/store/goods/getGoodsDetail.do?goodsNo=A000000162985&dispCatNo=1000001000200010003&trackingCd&curation&egcode&rccode&egrankcode,맥,MAC 라이트풀 C+ 코랄 틴티드 프라이머 기획(+매직 래디언스 픽서 2.5ml 포함),55000,55000,틴티드 프라이머 세트,<라이트풀 C + 코랄 그라스 틴티드 프라이머 SPF 45/PA ++++>,모든 피부타입,ming****,2022.03.18,항상 쓰던 프라이머라 올리브영 세일에 맞춰서 픽서도 같아 진행해서 구매했어욤,5,_alchera_none_
47,20221016_024348,프라이버/베이스,MAC 라이트풀 C+ 코랄 틴티드 프라이머 기획(+매직 래디언스 픽서 2.5ml 포함),https://www.oliveyoung.co.kr/store/goods/getGoodsDetail.do?goodsNo=A000000162985&dispCatNo=1000001000200010003&trackingCd&curation&egcode&rccode&egrankcode,맥,MAC 라이트풀 C+ 코랄 틴티드 프라이머 기획(+매직 래디언스 픽서 2.5ml 포함),55000,55000,틴티드 프라이머 세트,<라이트풀 C + 코랄 그라스 틴티드 프라이머 SPF 45/PA ++++>,모든 피부타입,mirr****,2022.03.16,"세트구성 아주 조금 컷으면 하는 바램이있어요 
벌써 두번째 사용하는 제품으로 좋아요",5,_alchera_none_
48,20221016_024349,프라이버/베이스,MAC 라이트풀 C+ 코랄 틴티드 프라이머 기획(+매직 래디언스 픽서 2.5ml 포함),https://www.oliveyoung.co.kr/store/goods/getGoodsDetail.do?goodsNo=A000000162985&dispCatNo=1000001000200010003&trackingCd&curation&egcode&rccode&egrankcode,맥,MAC 라이트풀 C+ 코랄 틴티드 프라이머 기획(+매직 래디언스 픽서 2.5ml 포함),55000,55000,틴티드 프라이머 세트,<라이트풀 C + 코랄 그라스 틴티드 프라이머 SPF 45/PA ++++>,모든 피부타입,khyoung****,2022.03.11,수분감도 있고 쫀쫀해 보이고 프라이머 기능에 선크림 기능까지 애정템이네요,5,_alchera_none_
49,20221016_024350,프라이버/베이스,MAC 라이트풀 C+ 코랄 틴티드 프라이머 기획(+매직 래디언스 픽서 2.5ml 포함),https://www.oliveyoung.co.kr/store/goods/getGoodsDetail.do?goodsNo=A000000162985&dispCatNo=1000001000200010003&trackingCd&curation&egcode&rccode&egrankcode,맥,MAC 라이트풀 C+ 코랄 틴티드 프라이머 기획(+매직 래디언스 픽서 2.5ml 포함),55000,55000,틴티드 프라이머 세트,<라이트풀 C + 코랄 그라스 틴티드 프라이머 SPF 45/PA ++++>,모든 피부타입,xorud****,2022.07.15,지복합성 다 쓰기 좋고 성분이 착한건지 여드름이나 이런 것이 나진 않네요,5,_alchera_none_
50,20221016_024353,프라이버/베이스,MAC 라이트풀 C+ 코랄 틴티드 프라이머 기획(+매직 래디언스 픽서 2.5ml 포함),https://www.oliveyoung.co.kr/store/goods/getGoodsDetail.do?goodsNo=A000000162985&dispCatNo=1000001000200010003&trackingCd&curation&egcode&rccode&egrankcode,맥,MAC 라이트풀 C+ 코랄 틴티드 프라이머 기획(+매직 래디언스 픽서 2.5ml 포함),55000,55000,틴티드 프라이머 세트,<라이트풀 C + 코랄 그라스 틴티드 프라이머 SPF 45/PA ++++>,모든 피부타입,qlcn****,2022.06.29,용량이 적지만 그래도 지속력이나 피부 표현감은 뛰어나서 놀랬어요 프라이머 값을 하네요,5,_alchera_none_
51,20221016_024354,프라이버/베이스,MAC 라이트풀 C+ 코랄 틴티드 프라이머 기획(+매직 래디언스 픽서 2.5ml 포함),https://www.oliveyoung.co.kr/store/goods/getGoodsDetail.do?goodsNo=A000000162985&dispCatNo=1000001000200010003&trackingCd&curation&egcode&rccode&egrankcode,맥,MAC 라이트풀 C+ 코랄 틴티드 프라이머 기획(+매직 래디언스 픽서 2.5ml 포함),55000,55000,틴티드 프라이머 세트,<라이트풀 C + 코랄 그라스 틴티드 프라이머 SPF 45/PA ++++>,모든 피부타입,dlacog****,2022.06.08,"촉촉한데화장할때 밀리지도않고
좋은거같아여~ 
답답하지않아서 조아요~",4,_alchera_none_
52,20221016_024355,프라이버/베이스,MAC 라이트풀 C+ 코랄 틴티드 프라이머 기획(+매직 래디언스 픽서 2.5ml 포함),https://www.oliveyoung.co.kr/store/goods/getGoodsDetail.do?goodsNo=A000000162985&dispCatNo=1000001000200010003&trackingCd&curation&egcode&rccode&egrankcode,맥,MAC 라이트풀 C+ 코랄 틴티드 프라이머 기획(+매직 래디언스 픽서 2.5ml 포함),55000,55000,틴티드 프라이머 세트,<라이트풀 C + 코랄 그라스 틴티드 프라이머 SPF 45/PA ++++>,모든 피부타입,wnsdyd****,2022.05.25,아는 언니에게 선물해준건데 만족해 하더라구요 ㅎㅎ저도 기회되면 사고싶네요,4,_alchera_none_
53,20221016_024356,프라이버/베이스,MAC 라이트풀 C+ 코랄 틴티드 프라이머 기획(+매직 래디언스 픽서 2.5ml 포함),https://www.oliveyoung.co.kr/store/goods/getGoodsDetail.do?goodsNo=A000000162985&dispCatNo=1000001000200010003&trackingCd&curation&egcode&rccode&egrankcode,맥,MAC 라이트풀 C+ 코랄 틴티드 프라이머 기획(+매직 래디언스 픽서 2.5ml 포함),55000,55000,틴티드 프라이머 세트,<라이트풀 C + 코랄 그라스 틴티드 프라이머 SPF 45/PA ++++>,모든 피부타입,tmddo****,2022.05.20,좋아요. ㅋㅋ베이스 로. 핑크빛으로   좋아요 ㅎㅎ피부표현,4,_alchera_none_
54,20221016_024357,프라이버/베이스,MAC 라이트풀 C+ 코랄 틴티드 프라이머 기획(+매직 래디언스 픽서 2.5ml 포함),https://www.oliveyoung.co.kr/store/goods/getGoodsDetail.do?goodsNo=A000000162985&dispCatNo=1000001000200010003&trackingCd&curation&egcode&rccode&egrankcode,맥,MAC 라이트풀 C+ 코랄 틴티드 프라이머 기획(+매직 래디언스 픽서 2.5ml 포함),55000,55000,틴티드 프라이머 세트,<라이트풀 C + 코랄 그라스 틴티드 프라이머 SPF 45/PA ++++>,모든 피부타입,소보소보,2022.05.06,"부드럽게 발리고 뭉침이 없어요.
색상이 화사하고 엄청 촉촉하진 않아도 촉촉한 편입니다.",5,_alchera_none_
55,20221016_024359,프라이버/베이스,MAC 라이트풀 C+ 코랄 틴티드 프라이머 기획(+매직 래디언스 픽서 2.5ml 포함),https://www.oliveyoung.co.kr/store/goods/getGoodsDetail.do?goodsNo=A000000162985&dispCatNo=1000001000200010003&trackingCd&curation&egcode&rccode&egrankcode,맥,MAC 라이트풀 C+ 코랄 틴티드 프라이머 기획(+매직 래디언스 픽서 2.5ml 포함),55000,55000,틴티드 프라이머 세트,<라이트풀 C + 코랄 그라스 틴티드 프라이머 SPF 45/PA ++++>,모든 피부타입,thdu****,2022.04.30,화장하기 전에 바르고 화장하니까 더 촉촉하게 잘 먹는 것 같아요,5,_alchera_none_
56,20221016_024400,프라이버/베이스,MAC 라이트풀 C+ 코랄 틴티드 프라이머 기획(+매직 래디언스 픽서 2.5ml 포함),https://www.oliveyoung.co.kr/store/goods/getGoodsDetail.do?goodsNo=A000000162985&dispCatNo=1000001000200010003&trackingCd&curation&egcode&rccode&egrankcode,맥,MAC 라이트풀 C+ 코랄 틴티드 프라이머 기획(+매직 래디언스 픽서 2.5ml 포함),55000,55000,틴티드 프라이머 세트,<라이트풀 C + 코랄 그라스 틴티드 프라이머 SPF 45/PA ++++>,모든 피부타입,dmsrud****,2022.03.23,마스크를 써서 그런지 지속력이 좋은건 모르겠네요 ㅠ 프라이머 역할도 기대했는데 모공끼임이 생기네요…촉촉하게 톤보정을 원하시는 분은 괜찮을 거같네요~,3,_alchera_none_
57,20221016_024401,프라이버/베이스,MAC 라이트풀 C+ 코랄 틴티드 프라이머 기획(+매직 래디언스 픽서 2.5ml 포함),https://www.oliveyoung.co.kr/store/goods/getGoodsDetail.do?goodsNo=A000000162985&dispCatNo=1000001000200010003&trackingCd&curation&egcode&rccode&egrankcode,맥,MAC 라이트풀 C+ 코랄 틴티드 프라이머 기획(+매직 래디언스 픽서 2.5ml 포함),55000,55000,틴티드 프라이머 세트,<라이트풀 C + 코랄 그라스 틴티드 프라이머 SPF 45/PA ++++>,모든 피부타입,rhe****,2022.03.18,진짜  촉촉한 피부를 좋아하는 분이 아니면 굳이..? 싶은 제품이에요. 톤보정도 애매한 수준이라 베이스프리에 사용할 제품이 아니고 너무 촉촉해서 밀착력에 도움이 안돼서 파운데이션이 피부에 오래 붙어있게 도와주는 제품도 아니에요.,2,_alchera_none_
58,20221016_024402,프라이버/베이스,MAC 라이트풀 C+ 코랄 틴티드 프라이머 기획(+매직 래디언스 픽서 2.5ml 포함),https://www.oliveyoung.co.kr/store/goods/getGoodsDetail.do?goodsNo=A000000162985&dispCatNo=1000001000200010003&trackingCd&curation&egcode&rccode&egrankcode,맥,MAC 라이트풀 C+ 코랄 틴티드 프라이머 기획(+매직 래디언스 픽서 2.5ml 포함),55000,55000,틴티드 프라이머 세트,<라이트풀 C + 코랄 그라스 틴티드 프라이머 SPF 45/PA ++++>,모든 피부타입,girl****,2022.03.16,촉촉하고 발림성 좋고 얼굴이 화사해 보여서 샀어요. 그런데 생각만큼 지속력이 오래 가지 못해서 조금 아쉬워요. 대신 얼굴이 건조한건 아니라서 그점은 좋아요! 참고하시면 될거같아요.,4,_alchera_none_
59,20221016_024403,프라이버/베이스,MAC 라이트풀 C+ 코랄 틴티드 프라이머 기획(+매직 래디언스 픽서 2.5ml 포함),https://www.oliveyoung.co.kr/store/goods/getGoodsDetail.do?goodsNo=A000000162985&dispCatNo=1000001000200010003&trackingCd&curation&egcode&rccode&egrankcode,맥,MAC 라이트풀 C+ 코랄 틴티드 프라이머 기획(+매직 래디언스 픽서 2.5ml 포함),55000,55000,틴티드 프라이머 세트,<라이트풀 C + 코랄 그라스 틴티드 프라이머 SPF 45/PA ++++>,모든 피부타입,lupcy****,2022.03.10,맥 틴티드 프라이머 사려고했는데 딱 세일하길래 좋은 가격으로 샀어요. 처음 써보는데 되게 촉촉하고 역시 사람들이 많이 쓰는 이유를 알거같아용 톤 보정도 살짝 되는거 같고 재구매의사 있어요,5,_alchera_none_
60,20221016_024406,프라이버/베이스,MAC 라이트풀 C+ 코랄 틴티드 프라이머 기획(+매직 래디언스 픽서 2.5ml 포함),https://www.oliveyoung.co.kr/store/goods/getGoodsDetail.do?goodsNo=A000000162985&dispCatNo=1000001000200010003&trackingCd&curation&egcode&rccode&egrankcode,맥,MAC 라이트풀 C+ 코랄 틴티드 프라이머 기획(+매직 래디언스 픽서 2.5ml 포함),55000,55000,틴티드 프라이머 세트,<라이트풀 C + 코랄 그라스 틴티드 프라이머 SPF 45/PA ++++>,모든 피부타입,bs****,2022.04.13,맥 틴티드 프라이머는 정말 말모죠 3년째 꾸준히 사용중이구요 언제나 대만족입니다,5,_alchera_none_
61,20221016_024407,프라이버/베이스,MAC 라이트풀 C+ 코랄 틴티드 프라이머 기획(+매직 래디언스 픽서 2.5ml 포함),https://www.oliveyoung.co.kr/store/goods/getGoodsDetail.do?goodsNo=A000000162985&dispCatNo=1000001000200010003&trackingCd&curation&egcode&rccode&egrankcode,맥,MAC 라이트풀 C+ 코랄 틴티드 프라이머 기획(+매직 래디언스 픽서 2.5ml 포함),55000,55000,틴티드 프라이머 세트,<라이트풀 C + 코랄 그라스 틴티드 프라이머 SPF 45/PA ++++>,모든 피부타입,s2553****,2022.03.28,"핑크 베이스여서 노란색 톤 입장에서 너무 만족합니다.
그리고 지속력 좋아서 마스크 시국에 지워지지 않아서 만족",5,_alchera_none_
62,20221016_024408,프라이버/베이스,MAC 라이트풀 C+ 코랄 틴티드 프라이머 기획(+매직 래디언스 픽서 2.5ml 포함),https://www.oliveyoung.co.kr/store/goods/getGoodsDetail.do?goodsNo=A000000162985&dispCatNo=1000001000200010003&trackingCd&curation&egcode&rccode&egrankcode,맥,MAC 라이트풀 C+ 코랄 틴티드 프라이머 기획(+매직 래디언스 픽서 2.5ml 포함),55000,55000,틴티드 프라이머 세트,<라이트풀 C + 코랄 그라스 틴티드 프라이머 SPF 45/PA ++++>,모든 피부타입,심라이,2022.03.22,"촉촉 프라이머로 오랜동안 스테디셀러인 맥 제품인데, 이번에 기획으로 너무 잘 구입했네요!!! 좋아요~",5,복합성;겨울쿨톤;각질;모공
63,20221016_024409,프라이버/베이스,MAC 라이트풀 C+ 코랄 틴티드 프라이머 기획(+매직 래디언스 픽서 2.5ml 포함),https://www.oliveyoung.co.kr/store/goods/getGoodsDetail.do?goodsNo=A000000162985&dispCatNo=1000001000200010003&trackingCd&curation&egcode&rccode&egrankcode,맥,MAC 라이트풀 C+ 코랄 틴티드 프라이머 기획(+매직 래디언스 픽서 2.5ml 포함),55000,55000,틴티드 프라이머 세트,<라이트풀 C + 코랄 그라스 틴티드 프라이머 SPF 45/PA ++++>,모든 피부타입,qkrdbr****,2022.03.21,바르고 나니 화장이 좀더 잘 먹는것 같아요 ㅎㅎㅎ 앞으로 종종 쓸려구요 ㅎㅎ,5,_alchera_none_
64,20221016_024410,프라이버/베이스,MAC 라이트풀 C+ 코랄 틴티드 프라이머 기획(+매직 래디언스 픽서 2.5ml 포함),https://www.oliveyoung.co.kr/store/goods/getGoodsDetail.do?goodsNo=A000000162985&dispCatNo=1000001000200010003&trackingCd&curation&egcode&rccode&egrankcode,맥,MAC 라이트풀 C+ 코랄 틴티드 프라이머 기획(+매직 래디언스 픽서 2.5ml 포함),55000,55000,틴티드 프라이머 세트,<라이트풀 C + 코랄 그라스 틴티드 프라이머 SPF 45/PA ++++>,모든 피부타입,sweetl****,2022.03.15,제가 계속 이쁘고 지속력좋은 베이스ㅡ뉴 찾고있언흐ㅡㅡㅡㅢㅣ,5,_alchera_none_
