,timestamp,category,productName,urlProduct,brand,productName.1,price1,price2,Color,ingredients,skinType,username,datePublished,reviewText,score,reviewerSkinType
0,20221015_125507,아이브로우,MAC 벨룩스 브로우 라이너,https://www.oliveyoung.co.kr/store/goods/getGoodsDetail.do?goodsNo=A000000123928&dispCatNo=1000001000200070004&trackingCd&curation&egcode&rccode&egrankcode,맥,MAC 벨룩스 브로우 라이너,37000,37000,딥 브루넷;(품절) 브루넷,"디메치콘/디비닐디메치콘/실세스퀴옥산크로스폴리머, 실리카, 폴리메칠메타크릴레이트, 카올린, 베헤녹시피이지-10디메치콘, 합성플루오르플로고파이트, 펜틸렌글라이콜, 카프릴릴글라이콜, 트리에칠시트레이트, 토코페롤, 글리세린, 에칠헥실글리세린, 알진, 마그네슘알루미늄실리케이트, 소듐폴리아크릴레이트, 카프릴하이드록사믹애씨드, [+/- 마이카, 티타늄디옥사이드, 적색산화철, 황색산화철, 흑색산화철, 알루미늄가루, 비스머스옥시클로라이드 , 청색1호 레이크, 카민, 크로뮴하이드록사이드그린, 크로뮴옥사이드그린, 페릭암모늄페로시아나이드, 페릭페로시아나이드 , 망가니즈바이올렛, 울트라마린 , 황색4호 레이크]",모든 피부 타입,Des1gnT0uch,2021.03.29,"MAC에서 나온 벨룩스 브로우  라이너입니다
최근까지 가성비 제품들 위주로 사용했었습니다
MAC이 유명한다는건 알았지만 실 사용은 처음입니다
이왕 구매하는거 립스틱이랑 아이 쉐도우도 같이 구매했어요
코로나 시대에 아기 키운다고 고생한 제게 주는 선물입니다
솔직히 밖에 나갈일이 없어서 당장 쓸일은 없지만
화장대가 예뻐지니 기분이 좋아요 ^^
MAC 제품들은 기본적으로 디자인이 과하지 않고 차분한거 같습니다
가끔 과한 제품들도 있긴 하지만요 ㅎㅎㅎ
전 오토 타입보다 이 타입이 오히려 더 편한거 같아요
색상도 평범한 동양인인 제 피부에 잘 어울려요
솔직히 타사에서 나온 좀더 저렴한 제품들보다
와 엄첨 좋다는 아니지만
전 만족합니다",5,복합성;쿨톤;각질;모공
1,20221015_125507,아이브로우,MAC 벨룩스 브로우 라이너,https://www.oliveyoung.co.kr/store/goods/getGoodsDetail.do?goodsNo=A000000123928&dispCatNo=1000001000200070004&trackingCd&curation&egcode&rccode&egrankcode,맥,MAC 벨룩스 브로우 라이너,37000,37000,딥 브루넷;(품절) 브루넷,"디메치콘/디비닐디메치콘/실세스퀴옥산크로스폴리머, 실리카, 폴리메칠메타크릴레이트, 카올린, 베헤녹시피이지-10디메치콘, 합성플루오르플로고파이트, 펜틸렌글라이콜, 카프릴릴글라이콜, 트리에칠시트레이트, 토코페롤, 글리세린, 에칠헥실글리세린, 알진, 마그네슘알루미늄실리케이트, 소듐폴리아크릴레이트, 카프릴하이드록사믹애씨드, [+/- 마이카, 티타늄디옥사이드, 적색산화철, 황색산화철, 흑색산화철, 알루미늄가루, 비스머스옥시클로라이드 , 청색1호 레이크, 카민, 크로뮴하이드록사이드그린, 크로뮴옥사이드그린, 페릭암모늄페로시아나이드, 페릭페로시아나이드 , 망가니즈바이올렛, 울트라마린 , 황색4호 레이크]",모든 피부 타입,HYONIA,2022.05.09,"역시 맥이네요, 크레파스 칠하는것처럼 엄청부드럽게 잘발리고 발색력이 짱짱해요..! 개인적으로 깎아서 사용하는 브로우펜슬 타입을 좋아하는 지라 매우 만족스러웠습니다.
*좋은점
- 짱짱한 발색력! 코팅된듯한 느낌이아니라 정말 크레용칠하는것처럼 부드럽게 발리고 발색이 짱짱해요
- 뒤에 내장된 스크루저? 같은 브러쉬가 있어서 제품 사용하다가 뭉쳤을때 펴발라주기 너무 편리했어요
*아쉬운점
- 컬러들이 다 쏠드아웃되어있어서 하나 구매했는데, 화면과는 좀다르게 갈색 빛이 많이나더라구요~ 한국인 머리컬러와 비슷한 자연스러운 갈색인줄알았는데, 그건아니라서 약간 아쉬웠습니다. 좀더 다양한컬러의 재고가 확보되었으면 좋겠고, 화면과 실제컬러가 너무 다른것 같아요 ㅜㅜ 올리브영 내에 설명이 다소 부족한것 같습니다.",5,복합성;쿨톤;모공
2,20221015_125508,아이브로우,MAC 벨룩스 브로우 라이너,https://www.oliveyoung.co.kr/store/goods/getGoodsDetail.do?goodsNo=A000000123928&dispCatNo=1000001000200070004&trackingCd&curation&egcode&rccode&egrankcode,맥,MAC 벨룩스 브로우 라이너,37000,37000,딥 브루넷;(품절) 브루넷,"디메치콘/디비닐디메치콘/실세스퀴옥산크로스폴리머, 실리카, 폴리메칠메타크릴레이트, 카올린, 베헤녹시피이지-10디메치콘, 합성플루오르플로고파이트, 펜틸렌글라이콜, 카프릴릴글라이콜, 트리에칠시트레이트, 토코페롤, 글리세린, 에칠헥실글리세린, 알진, 마그네슘알루미늄실리케이트, 소듐폴리아크릴레이트, 카프릴하이드록사믹애씨드, [+/- 마이카, 티타늄디옥사이드, 적색산화철, 황색산화철, 흑색산화철, 알루미늄가루, 비스머스옥시클로라이드 , 청색1호 레이크, 카민, 크로뮴하이드록사이드그린, 크로뮴옥사이드그린, 페릭암모늄페로시아나이드, 페릭페로시아나이드 , 망가니즈바이올렛, 울트라마린 , 황색4호 레이크]",모든 피부 타입,진곰,2022.05.21,"딥 브루넷 색상외엔 품절이였지만 제 머리는 갈색으로 염색한 상태라 그냥 구입
원래 모발 자체도 검은색에 가까운 흑갈색이고 눈썹은 그냥 진한 검은색이라 아이브로우 카라를 써도 밝은색보다는 어두운 색이 잘 어울리는 편

일단 발색이 정말 잘되는 제품임
가끔 아이브로우 잘못 구입하면 힘을 줘서 그려야 색이 보이는데 그렇게 화장하면 눈썹쪽 피부에 자극이 생겨서 좋지 않았음ㅠㅠ
이 제품은 힘 들이지 않고도 발색이 잘 되는편이고 힘을 주는 정도에 따라 색상의 진함이 조절되는편이였음(넓게 그리기, 얇게 그리기도 각도에 따라 조절 가능)
색상은 다크브라운~초코브라운 사이의 느낌임
맥 제품이라 가격이 저렴하지는 않지만 초보, 저같은 똥손이 바쁜 시간에 막 쓰기에는 괜찮은 제품

다만 워터프루프가 아니라서 너무 잘 지워짐
단독으로 사용하기 보다는 다른 제품과 함께 사용할 것 같고 여름보다 겨울에 애용할듯함ㅠㅠ",5,복합성;웜톤;각질;다크서클
3,20221015_125508,아이브로우,MAC 벨룩스 브로우 라이너,https://www.oliveyoung.co.kr/store/goods/getGoodsDetail.do?goodsNo=A000000123928&dispCatNo=1000001000200070004&trackingCd&curation&egcode&rccode&egrankcode,맥,MAC 벨룩스 브로우 라이너,37000,37000,딥 브루넷;(품절) 브루넷,"디메치콘/디비닐디메치콘/실세스퀴옥산크로스폴리머, 실리카, 폴리메칠메타크릴레이트, 카올린, 베헤녹시피이지-10디메치콘, 합성플루오르플로고파이트, 펜틸렌글라이콜, 카프릴릴글라이콜, 트리에칠시트레이트, 토코페롤, 글리세린, 에칠헥실글리세린, 알진, 마그네슘알루미늄실리케이트, 소듐폴리아크릴레이트, 카프릴하이드록사믹애씨드, [+/- 마이카, 티타늄디옥사이드, 적색산화철, 황색산화철, 흑색산화철, 알루미늄가루, 비스머스옥시클로라이드 , 청색1호 레이크, 카민, 크로뮴하이드록사이드그린, 크로뮴옥사이드그린, 페릭암모늄페로시아나이드, 페릭페로시아나이드 , 망가니즈바이올렛, 울트라마린 , 황색4호 레이크]",모든 피부 타입,희젤,2022.04.10,원래 아이브로우는 돌려서 나오는 오토형식을 사용했는데 색상이 품절이기도 해서 이번에는 펜슬형식인걸로 사봤어요! 오토형식은 편하긴한데 생각보다 빨리 닳더라구요ㅠ 펜슬형식은 깍아야하는게 귀찮아서 살 생각을 안했는데 구입하고 사용해보니까 넘 부드럽고 좋더라구요ㅠ 오토형식보다 심 자체가 더 두꺼워서 더 오래사용할 수 있을 것 같기도 하구요! 딥브루넷 색상은 까만색에 가까운 고동색인 색상이에요. 어두운 머리색상에 잘 맞을 것 같아요! 슥슥 눈썹라인따라 그리고 뒷부분 스크류 브러쉬로 눈썹결을 정리하면 깔끔하게 완성되더라구요~! 발림성이 부드러워서 눈썹 그리기 초보자들도 쉽게 사용하실 수 있을 것 같아요~! 저는 따로 아이브로우 마스카라는 사용하진 않지만 머리색 밝으신분이 딥브루넷 사용하시고 이질감이 느껴지시면 아이브로우 마스카라도 추천드려요~!,5,건성;쿨톤;민감성;잡티
4,20221015_125508,아이브로우,MAC 벨룩스 브로우 라이너,https://www.oliveyoung.co.kr/store/goods/getGoodsDetail.do?goodsNo=A000000123928&dispCatNo=1000001000200070004&trackingCd&curation&egcode&rccode&egrankcode,맥,MAC 벨룩스 브로우 라이너,37000,37000,딥 브루넷;(품절) 브루넷,"디메치콘/디비닐디메치콘/실세스퀴옥산크로스폴리머, 실리카, 폴리메칠메타크릴레이트, 카올린, 베헤녹시피이지-10디메치콘, 합성플루오르플로고파이트, 펜틸렌글라이콜, 카프릴릴글라이콜, 트리에칠시트레이트, 토코페롤, 글리세린, 에칠헥실글리세린, 알진, 마그네슘알루미늄실리케이트, 소듐폴리아크릴레이트, 카프릴하이드록사믹애씨드, [+/- 마이카, 티타늄디옥사이드, 적색산화철, 황색산화철, 흑색산화철, 알루미늄가루, 비스머스옥시클로라이드 , 청색1호 레이크, 카민, 크로뮴하이드록사이드그린, 크로뮴옥사이드그린, 페릭암모늄페로시아나이드, 페릭페로시아나이드 , 망가니즈바이올렛, 울트라마린 , 황색4호 레이크]",모든 피부 타입,리뷰왕도전중,2021.10.21,"장점
1. 평이 좋은 그 MAC 브로우 라이너!!
맥이 평이 좋아서 큰 맘 먹고 구매해봤는데 부드럽게 잘 그려지고 발색도 너무 잘 되서 좋습니다. 
(왜 MAC 브로우 라이너가 유명한지랑 평이 좋은 지 사용해보니 확실히 채감할 수 있음)

2. 부드러운 발림성!!
타 브랜드의 저렴한 버전부터 다양한 가격대의 브로우 라이너를 사용해봤지만 브로우를 그릴 때 아프지도 않고 벨벳처럼 부드러운 풍부한 파우더 질감의 포뮬러로 브로우를 내가 원하는 모양으로 정말 너무 잘 그려져서 놀랐고 초보자들도 쉽게 그릴 수 있는 제품인 것 같아요.

단점
1. 가격적인 메리트
역시 MAC이여서 그런지 타 브랜드에 비해 브로우 라이너의 가격이 비싸다는 점이 있다. 
(할인율이라도 좀 컸으면 좋겠음)

2. 올리브영 홈페이지에는 4가지 색상이 소개되어 잇지만 실제로 구매할 수 있는 색상은 3가지 색상(레드헤드, 브루넷, 딥 브루넷)이다.
3.",5,복합성;쿨톤;각질;미백
5,20221015_125509,아이브로우,MAC 벨룩스 브로우 라이너,https://www.oliveyoung.co.kr/store/goods/getGoodsDetail.do?goodsNo=A000000123928&dispCatNo=1000001000200070004&trackingCd&curation&egcode&rccode&egrankcode,맥,MAC 벨룩스 브로우 라이너,37000,37000,딥 브루넷;(품절) 브루넷,"디메치콘/디비닐디메치콘/실세스퀴옥산크로스폴리머, 실리카, 폴리메칠메타크릴레이트, 카올린, 베헤녹시피이지-10디메치콘, 합성플루오르플로고파이트, 펜틸렌글라이콜, 카프릴릴글라이콜, 트리에칠시트레이트, 토코페롤, 글리세린, 에칠헥실글리세린, 알진, 마그네슘알루미늄실리케이트, 소듐폴리아크릴레이트, 카프릴하이드록사믹애씨드, [+/- 마이카, 티타늄디옥사이드, 적색산화철, 황색산화철, 흑색산화철, 알루미늄가루, 비스머스옥시클로라이드 , 청색1호 레이크, 카민, 크로뮴하이드록사이드그린, 크로뮴옥사이드그린, 페릭암모늄페로시아나이드, 페릭페로시아나이드 , 망가니즈바이올렛, 울트라마린 , 황색4호 레이크]",모든 피부 타입,융이야,2022.06.07,"맥 아이브로우는 처음 사용해봅니다!
리뷰보고 발색에 대해서 갈색이라는 평이 많아서 걱정이 많았지만 만족스러운 색입니다! 색이 다양하지 않은게 아쉽긴 했지만요ㅜㅜ

발림성은 엄청 부드러워요. 발색이 잘 안되서 힘을 많이 줘야 하는 제품들을 썻었는데 이 제품은 그렇지 않고 엄청 발색이 잘 되구 힘조절에 따리 진하기를 다르게 할 수 있어요.

아쉬운점은 지속력인데 진하게 지속되지는 않아서 아쉽긴해요.. 연하게 쓸거긴 하지만 앞으로 어떻게 될지 모르니까유 ㅎㅎ

저는 연필타입으로 깎아서 사용하는게 좋아서 이 제품으로 구매했는데 오토 좋아하시는 분은 오토 사용하는 것 도 좋을 것 같아요.

뒤에 브러쉬가 있어서 좀 진하다 싶으면 털어낼 수 있어서 좋아요 ㅎㅎ
전에 쓰던거는 없어서 불편했는데 아주 좋네요 ㅎㅎ

추천합니다! 요번에 세일할 때 구매하세요!",4,건성;웜톤;각질;블랙헤드
6,20221015_125509,아이브로우,MAC 벨룩스 브로우 라이너,https://www.oliveyoung.co.kr/store/goods/getGoodsDetail.do?goodsNo=A000000123928&dispCatNo=1000001000200070004&trackingCd&curation&egcode&rccode&egrankcode,맥,MAC 벨룩스 브로우 라이너,37000,37000,딥 브루넷;(품절) 브루넷,"디메치콘/디비닐디메치콘/실세스퀴옥산크로스폴리머, 실리카, 폴리메칠메타크릴레이트, 카올린, 베헤녹시피이지-10디메치콘, 합성플루오르플로고파이트, 펜틸렌글라이콜, 카프릴릴글라이콜, 트리에칠시트레이트, 토코페롤, 글리세린, 에칠헥실글리세린, 알진, 마그네슘알루미늄실리케이트, 소듐폴리아크릴레이트, 카프릴하이드록사믹애씨드, [+/- 마이카, 티타늄디옥사이드, 적색산화철, 황색산화철, 흑색산화철, 알루미늄가루, 비스머스옥시클로라이드 , 청색1호 레이크, 카민, 크로뮴하이드록사이드그린, 크로뮴옥사이드그린, 페릭암모늄페로시아나이드, 페릭페로시아나이드 , 망가니즈바이올렛, 울트라마린 , 황색4호 레이크]",모든 피부 타입,민공,2021.03.05,"mac디자인 깔끔하고 좋네요.
발림성도 굉장히 좋아요.
그런데 물 닿자마자 지워집니다~~!
구매하실 분들은 아셨으면해서요!
배송도 빠르고 잘 쓸게요!!",5,복합성;웜톤;모공;블랙헤드
7,20221015_125510,아이브로우,MAC 벨룩스 브로우 라이너,https://www.oliveyoung.co.kr/store/goods/getGoodsDetail.do?goodsNo=A000000123928&dispCatNo=1000001000200070004&trackingCd&curation&egcode&rccode&egrankcode,맥,MAC 벨룩스 브로우 라이너,37000,37000,딥 브루넷;(품절) 브루넷,"디메치콘/디비닐디메치콘/실세스퀴옥산크로스폴리머, 실리카, 폴리메칠메타크릴레이트, 카올린, 베헤녹시피이지-10디메치콘, 합성플루오르플로고파이트, 펜틸렌글라이콜, 카프릴릴글라이콜, 트리에칠시트레이트, 토코페롤, 글리세린, 에칠헥실글리세린, 알진, 마그네슘알루미늄실리케이트, 소듐폴리아크릴레이트, 카프릴하이드록사믹애씨드, [+/- 마이카, 티타늄디옥사이드, 적색산화철, 황색산화철, 흑색산화철, 알루미늄가루, 비스머스옥시클로라이드 , 청색1호 레이크, 카민, 크로뮴하이드록사이드그린, 크로뮴옥사이드그린, 페릭암모늄페로시아나이드, 페릭페로시아나이드 , 망가니즈바이올렛, 울트라마린 , 황색4호 레이크]",모든 피부 타입,은나와라뚝따닥,2021.07.12,와우 너무잘샀어요 색이 고를수있는게 2개뿐이었어서 흠 최대한 머리색에 가까운걸로 골라봤는데 어머 딱이내요 ㅎㅎㅎ 연필깎이로 깎는 그런 펜슬인데 희한하게 사각사각 거리지않고 부드러워서 피부가 아프지않아서 좋아요! 힘들여 그리지않아도 매끄럽게 잘 그려지고요 또 너무진하게 그려진다거나 넘 흐릿해서 힘 빡  주고 그려야한다거나 그런게 없어요 그냥 초보들도 똥손들도 얼마든지 편하게  샥샥 그릴수있어요 (저똥손ㅋㅋㅋ) 반대편 스크류 브러시도 검정색이라 좀더 위생적으로 보여져요 흰색이면 갈색 얼룩이 물들잖아요 그럼 지저분해보이는데 검정이라 좋고 또 펜슬길이도 꽤 쓸만해요 넘 맘에듭니다! 기존 쓰던 샤넬 브로우펜슬만큼 좋습니다!,5,건성;웜톤;모공;미백
8,20221015_125510,아이브로우,MAC 벨룩스 브로우 라이너,https://www.oliveyoung.co.kr/store/goods/getGoodsDetail.do?goodsNo=A000000123928&dispCatNo=1000001000200070004&trackingCd&curation&egcode&rccode&egrankcode,맥,MAC 벨룩스 브로우 라이너,37000,37000,딥 브루넷;(품절) 브루넷,"디메치콘/디비닐디메치콘/실세스퀴옥산크로스폴리머, 실리카, 폴리메칠메타크릴레이트, 카올린, 베헤녹시피이지-10디메치콘, 합성플루오르플로고파이트, 펜틸렌글라이콜, 카프릴릴글라이콜, 트리에칠시트레이트, 토코페롤, 글리세린, 에칠헥실글리세린, 알진, 마그네슘알루미늄실리케이트, 소듐폴리아크릴레이트, 카프릴하이드록사믹애씨드, [+/- 마이카, 티타늄디옥사이드, 적색산화철, 황색산화철, 흑색산화철, 알루미늄가루, 비스머스옥시클로라이드 , 청색1호 레이크, 카민, 크로뮴하이드록사이드그린, 크로뮴옥사이드그린, 페릭암모늄페로시아나이드, 페릭페로시아나이드 , 망가니즈바이올렛, 울트라마린 , 황색4호 레이크]",모든 피부 타입,yeontani,2021.05.10,"1. 우선 올리브영 배송이 요새 왜 점점 더 느려지는지 모르겠네요 애초에 발송이 너무 늦어요 오늘드림이나 픽업을 이용하게 하려는건지…5월 3일에 주문했는데 10일에 받았습니다
2. 제품 자체는 부드럽게 잘 그려지면서도 그렇다고 해서 발색이 너무 진하거나 그러진 않아서 특별한 기술 없이 사용하기에 좋아요 장점이라면 펜슬이라 가격대비 용량이 많다는 것이고 단점이라며는 샤프너가 따로 필요한 것이겠지요 그래도 뭐 샤프너 굳이 맥 제품 사용 안해도 되니까 괜찮아요
3: 저는 자연모입니다 진한 고동색 정도의 머리색이구요 우리나라는 아무래도 눈썹을 진하게 하는 편이 아니다보니 자연모에도 어느정도 잘 어우러지는 갈색입니다",5,복합성;웜톤;미백;주름
9,20221015_125511,아이브로우,MAC 벨룩스 브로우 라이너,https://www.oliveyoung.co.kr/store/goods/getGoodsDetail.do?goodsNo=A000000123928&dispCatNo=1000001000200070004&trackingCd&curation&egcode&rccode&egrankcode,맥,MAC 벨룩스 브로우 라이너,37000,37000,딥 브루넷;(품절) 브루넷,"디메치콘/디비닐디메치콘/실세스퀴옥산크로스폴리머, 실리카, 폴리메칠메타크릴레이트, 카올린, 베헤녹시피이지-10디메치콘, 합성플루오르플로고파이트, 펜틸렌글라이콜, 카프릴릴글라이콜, 트리에칠시트레이트, 토코페롤, 글리세린, 에칠헥실글리세린, 알진, 마그네슘알루미늄실리케이트, 소듐폴리아크릴레이트, 카프릴하이드록사믹애씨드, [+/- 마이카, 티타늄디옥사이드, 적색산화철, 황색산화철, 흑색산화철, 알루미늄가루, 비스머스옥시클로라이드 , 청색1호 레이크, 카민, 크로뮴하이드록사이드그린, 크로뮴옥사이드그린, 페릭암모늄페로시아나이드, 페릭페로시아나이드 , 망가니즈바이올렛, 울트라마린 , 황색4호 레이크]",모든 피부 타입,솜솜코,2021.03.23,아이브로우 유목민이라 이것저것 써봤다가 오토 타입은 좀 금방 쓰는 것같아서 펜슬 샀는데 괜찮네요. 지속력도 괜찮은 것같아요. 맥 아이브로우 펜슬이 후기가 좋고 가격도 괜찮은 것 같아서 사봤는데 만족합니다.,5,복합성;웜톤
10,20221015_125515,아이브로우,MAC 벨룩스 브로우 라이너,https://www.oliveyoung.co.kr/store/goods/getGoodsDetail.do?goodsNo=A000000123928&dispCatNo=1000001000200070004&trackingCd&curation&egcode&rccode&egrankcode,맥,MAC 벨룩스 브로우 라이너,37000,37000,딥 브루넷;(품절) 브루넷,"디메치콘/디비닐디메치콘/실세스퀴옥산크로스폴리머, 실리카, 폴리메칠메타크릴레이트, 카올린, 베헤녹시피이지-10디메치콘, 합성플루오르플로고파이트, 펜틸렌글라이콜, 카프릴릴글라이콜, 트리에칠시트레이트, 토코페롤, 글리세린, 에칠헥실글리세린, 알진, 마그네슘알루미늄실리케이트, 소듐폴리아크릴레이트, 카프릴하이드록사믹애씨드, [+/- 마이카, 티타늄디옥사이드, 적색산화철, 황색산화철, 흑색산화철, 알루미늄가루, 비스머스옥시클로라이드 , 청색1호 레이크, 카민, 크로뮴하이드록사이드그린, 크로뮴옥사이드그린, 페릭암모늄페로시아나이드, 페릭페로시아나이드 , 망가니즈바이올렛, 울트라마린 , 황색4호 레이크]",모든 피부 타입,후키샤랑해,2020.12.10,"맥이 평이좋아서 구매했고, 아이브로우 유목민이라 .. 엄청나게 비싼건 사기싫어서 이걸로 구매. 사용했던 클ㅇㅇ은 좀 떡지는 감이있음 (발색이 잘되깅하지만) 연필제형은 깎기귀찮겠지만 용량이라던가 원하는 심으로 만들면돼서 디테일함에선 좋을듯",5,복합성;쿨톤;민감성;트러블
11,20221015_125517,아이브로우,MAC 벨룩스 브로우 라이너,https://www.oliveyoung.co.kr/store/goods/getGoodsDetail.do?goodsNo=A000000123928&dispCatNo=1000001000200070004&trackingCd&curation&egcode&rccode&egrankcode,맥,MAC 벨룩스 브로우 라이너,37000,37000,딥 브루넷;(품절) 브루넷,"디메치콘/디비닐디메치콘/실세스퀴옥산크로스폴리머, 실리카, 폴리메칠메타크릴레이트, 카올린, 베헤녹시피이지-10디메치콘, 합성플루오르플로고파이트, 펜틸렌글라이콜, 카프릴릴글라이콜, 트리에칠시트레이트, 토코페롤, 글리세린, 에칠헥실글리세린, 알진, 마그네슘알루미늄실리케이트, 소듐폴리아크릴레이트, 카프릴하이드록사믹애씨드, [+/- 마이카, 티타늄디옥사이드, 적색산화철, 황색산화철, 흑색산화철, 알루미늄가루, 비스머스옥시클로라이드 , 청색1호 레이크, 카민, 크로뮴하이드록사이드그린, 크로뮴옥사이드그린, 페릭암모늄페로시아나이드, 페릭페로시아나이드 , 망가니즈바이올렛, 울트라마린 , 황색4호 레이크]",모든 피부 타입,콩콩콩이,2020.06.06,"색상은 염색모일땐 밝은 스트로베리 블론드를 사용했고 현재 브루넷으로 사용 중인데 ,,어두운 모발에 적당하게 잘맞는 것 같아요~ 가격대가 있지만 쉽게 잘그려지고 발색력도 꽤 조아요!  펜슬깍이로 깍으면 잘부서져서 칼로 길게 깍는 방법을 추천드립니다~~",4,_alchera_none_
12,20221015_125518,아이브로우,MAC 벨룩스 브로우 라이너,https://www.oliveyoung.co.kr/store/goods/getGoodsDetail.do?goodsNo=A000000123928&dispCatNo=1000001000200070004&trackingCd&curation&egcode&rccode&egrankcode,맥,MAC 벨룩스 브로우 라이너,37000,37000,딥 브루넷;(품절) 브루넷,"디메치콘/디비닐디메치콘/실세스퀴옥산크로스폴리머, 실리카, 폴리메칠메타크릴레이트, 카올린, 베헤녹시피이지-10디메치콘, 합성플루오르플로고파이트, 펜틸렌글라이콜, 카프릴릴글라이콜, 트리에칠시트레이트, 토코페롤, 글리세린, 에칠헥실글리세린, 알진, 마그네슘알루미늄실리케이트, 소듐폴리아크릴레이트, 카프릴하이드록사믹애씨드, [+/- 마이카, 티타늄디옥사이드, 적색산화철, 황색산화철, 흑색산화철, 알루미늄가루, 비스머스옥시클로라이드 , 청색1호 레이크, 카민, 크로뮴하이드록사이드그린, 크로뮴옥사이드그린, 페릭암모늄페로시아나이드, 페릭페로시아나이드 , 망가니즈바이올렛, 울트라마린 , 황색4호 레이크]",모든 피부 타입,bang****,2020.04.13,맥 제제품 좋아요 .. 잘 지어지지않고 지솏력 좋습니다,5,건성;쿨톤;각질;블랙헤드
13,20221015_125518,아이브로우,MAC 벨룩스 브로우 라이너,https://www.oliveyoung.co.kr/store/goods/getGoodsDetail.do?goodsNo=A000000123928&dispCatNo=1000001000200070004&trackingCd&curation&egcode&rccode&egrankcode,맥,MAC 벨룩스 브로우 라이너,37000,37000,딥 브루넷;(품절) 브루넷,"디메치콘/디비닐디메치콘/실세스퀴옥산크로스폴리머, 실리카, 폴리메칠메타크릴레이트, 카올린, 베헤녹시피이지-10디메치콘, 합성플루오르플로고파이트, 펜틸렌글라이콜, 카프릴릴글라이콜, 트리에칠시트레이트, 토코페롤, 글리세린, 에칠헥실글리세린, 알진, 마그네슘알루미늄실리케이트, 소듐폴리아크릴레이트, 카프릴하이드록사믹애씨드, [+/- 마이카, 티타늄디옥사이드, 적색산화철, 황색산화철, 흑색산화철, 알루미늄가루, 비스머스옥시클로라이드 , 청색1호 레이크, 카민, 크로뮴하이드록사이드그린, 크로뮴옥사이드그린, 페릭암모늄페로시아나이드, 페릭페로시아나이드 , 망가니즈바이올렛, 울트라마린 , 황색4호 레이크]",모든 피부 타입,yangpd****,2020.04.01,사용하기 너무 쉬운 아니템 눈썹 이쁘게 그려져용,5,복합성;웜톤;모공;미백
14,20221015_125520,아이브로우,MAC 벨룩스 브로우 라이너,https://www.oliveyoung.co.kr/store/goods/getGoodsDetail.do?goodsNo=A000000123928&dispCatNo=1000001000200070004&trackingCd&curation&egcode&rccode&egrankcode,맥,MAC 벨룩스 브로우 라이너,37000,37000,딥 브루넷;(품절) 브루넷,"디메치콘/디비닐디메치콘/실세스퀴옥산크로스폴리머, 실리카, 폴리메칠메타크릴레이트, 카올린, 베헤녹시피이지-10디메치콘, 합성플루오르플로고파이트, 펜틸렌글라이콜, 카프릴릴글라이콜, 트리에칠시트레이트, 토코페롤, 글리세린, 에칠헥실글리세린, 알진, 마그네슘알루미늄실리케이트, 소듐폴리아크릴레이트, 카프릴하이드록사믹애씨드, [+/- 마이카, 티타늄디옥사이드, 적색산화철, 황색산화철, 흑색산화철, 알루미늄가루, 비스머스옥시클로라이드 , 청색1호 레이크, 카민, 크로뮴하이드록사이드그린, 크로뮴옥사이드그린, 페릭암모늄페로시아나이드, 페릭페로시아나이드 , 망가니즈바이올렛, 울트라마린 , 황색4호 레이크]",모든 피부 타입,ery****,2020.05.27,제가생각한색상보다 다소밝은부분이 있지만 자연스러운색이라 문제없습니다 부드럽게잘그려지고 편합니다발색도잘되고요 근데맥제품이랑다른몇개 더구입했지만 올브에서증정품은 앵꼼게 넣어주셔서 부끄러웠습니다,5,_alchera_none_
15,20221015_125521,아이브로우,MAC 벨룩스 브로우 라이너,https://www.oliveyoung.co.kr/store/goods/getGoodsDetail.do?goodsNo=A000000123928&dispCatNo=1000001000200070004&trackingCd&curation&egcode&rccode&egrankcode,맥,MAC 벨룩스 브로우 라이너,37000,37000,딥 브루넷;(품절) 브루넷,"디메치콘/디비닐디메치콘/실세스퀴옥산크로스폴리머, 실리카, 폴리메칠메타크릴레이트, 카올린, 베헤녹시피이지-10디메치콘, 합성플루오르플로고파이트, 펜틸렌글라이콜, 카프릴릴글라이콜, 트리에칠시트레이트, 토코페롤, 글리세린, 에칠헥실글리세린, 알진, 마그네슘알루미늄실리케이트, 소듐폴리아크릴레이트, 카프릴하이드록사믹애씨드, [+/- 마이카, 티타늄디옥사이드, 적색산화철, 황색산화철, 흑색산화철, 알루미늄가루, 비스머스옥시클로라이드 , 청색1호 레이크, 카민, 크로뮴하이드록사이드그린, 크로뮴옥사이드그린, 페릭암모늄페로시아나이드, 페릭페로시아나이드 , 망가니즈바이올렛, 울트라마린 , 황색4호 레이크]",모든 피부 타입,oti****,2020.04.16,"꾸준히 사용하고 있는 제품이라 맘에 들어요.
소프트 제형이라 자주 부러지는 단점은 있어요.
그래서 좀 빨리 짧아지는. ㅜㅜ",5,_alchera_none_
16,20221015_125523,아이브로우,MAC 벨룩스 브로우 라이너,https://www.oliveyoung.co.kr/store/goods/getGoodsDetail.do?goodsNo=A000000123928&dispCatNo=1000001000200070004&trackingCd&curation&egcode&rccode&egrankcode,맥,MAC 벨룩스 브로우 라이너,37000,37000,딥 브루넷;(품절) 브루넷,"디메치콘/디비닐디메치콘/실세스퀴옥산크로스폴리머, 실리카, 폴리메칠메타크릴레이트, 카올린, 베헤녹시피이지-10디메치콘, 합성플루오르플로고파이트, 펜틸렌글라이콜, 카프릴릴글라이콜, 트리에칠시트레이트, 토코페롤, 글리세린, 에칠헥실글리세린, 알진, 마그네슘알루미늄실리케이트, 소듐폴리아크릴레이트, 카프릴하이드록사믹애씨드, [+/- 마이카, 티타늄디옥사이드, 적색산화철, 황색산화철, 흑색산화철, 알루미늄가루, 비스머스옥시클로라이드 , 청색1호 레이크, 카민, 크로뮴하이드록사이드그린, 크로뮴옥사이드그린, 페릭암모늄페로시아나이드, 페릭페로시아나이드 , 망가니즈바이올렛, 울트라마린 , 황색4호 레이크]",모든 피부 타입,kha1****,2019.12.12,매번 사용하던 제품인데 저렴하게 잘 구입했습니다 앞으로도 계속 이용하겠습니다 앞머리에 사용해도 좋은거 같습니다,5,_alchera_none_
17,20221015_125524,아이브로우,MAC 벨룩스 브로우 라이너,https://www.oliveyoung.co.kr/store/goods/getGoodsDetail.do?goodsNo=A000000123928&dispCatNo=1000001000200070004&trackingCd&curation&egcode&rccode&egrankcode,맥,MAC 벨룩스 브로우 라이너,37000,37000,딥 브루넷;(품절) 브루넷,"디메치콘/디비닐디메치콘/실세스퀴옥산크로스폴리머, 실리카, 폴리메칠메타크릴레이트, 카올린, 베헤녹시피이지-10디메치콘, 합성플루오르플로고파이트, 펜틸렌글라이콜, 카프릴릴글라이콜, 트리에칠시트레이트, 토코페롤, 글리세린, 에칠헥실글리세린, 알진, 마그네슘알루미늄실리케이트, 소듐폴리아크릴레이트, 카프릴하이드록사믹애씨드, [+/- 마이카, 티타늄디옥사이드, 적색산화철, 황색산화철, 흑색산화철, 알루미늄가루, 비스머스옥시클로라이드 , 청색1호 레이크, 카민, 크로뮴하이드록사이드그린, 크로뮴옥사이드그린, 페릭암모늄페로시아나이드, 페릭페로시아나이드 , 망가니즈바이올렛, 울트라마린 , 황색4호 레이크]",모든 피부 타입,mis****,2021.10.06,맥 브로우 좋아요 만족합니다. 발색 마음에 듭니다 배송 빠르고 굿,5,_alchera_none_
18,20221015_125526,아이브로우,MAC 벨룩스 브로우 라이너,https://www.oliveyoung.co.kr/store/goods/getGoodsDetail.do?goodsNo=A000000123928&dispCatNo=1000001000200070004&trackingCd&curation&egcode&rccode&egrankcode,맥,MAC 벨룩스 브로우 라이너,37000,37000,딥 브루넷;(품절) 브루넷,"디메치콘/디비닐디메치콘/실세스퀴옥산크로스폴리머, 실리카, 폴리메칠메타크릴레이트, 카올린, 베헤녹시피이지-10디메치콘, 합성플루오르플로고파이트, 펜틸렌글라이콜, 카프릴릴글라이콜, 트리에칠시트레이트, 토코페롤, 글리세린, 에칠헥실글리세린, 알진, 마그네슘알루미늄실리케이트, 소듐폴리아크릴레이트, 카프릴하이드록사믹애씨드, [+/- 마이카, 티타늄디옥사이드, 적색산화철, 황색산화철, 흑색산화철, 알루미늄가루, 비스머스옥시클로라이드 , 청색1호 레이크, 카민, 크로뮴하이드록사이드그린, 크로뮴옥사이드그린, 페릭암모늄페로시아나이드, 페릭페로시아나이드 , 망가니즈바이올렛, 울트라마린 , 황색4호 레이크]",모든 피부 타입,sd****,2020.05.04,"2년여전부터 쭉 쓰던거에요 ,, 항상 백화점매장가서 구매했는데 올영에서 쉽게 구매할 수 있어서 좋네요. 염색머리든 검은머리든 다 자연스럽게 잘어울려요 ! 인생브로우입니다",5,_alchera_none_
19,20221015_125527,아이브로우,MAC 벨룩스 브로우 라이너,https://www.oliveyoung.co.kr/store/goods/getGoodsDetail.do?goodsNo=A000000123928&dispCatNo=1000001000200070004&trackingCd&curation&egcode&rccode&egrankcode,맥,MAC 벨룩스 브로우 라이너,37000,37000,딥 브루넷;(품절) 브루넷,"디메치콘/디비닐디메치콘/실세스퀴옥산크로스폴리머, 실리카, 폴리메칠메타크릴레이트, 카올린, 베헤녹시피이지-10디메치콘, 합성플루오르플로고파이트, 펜틸렌글라이콜, 카프릴릴글라이콜, 트리에칠시트레이트, 토코페롤, 글리세린, 에칠헥실글리세린, 알진, 마그네슘알루미늄실리케이트, 소듐폴리아크릴레이트, 카프릴하이드록사믹애씨드, [+/- 마이카, 티타늄디옥사이드, 적색산화철, 황색산화철, 흑색산화철, 알루미늄가루, 비스머스옥시클로라이드 , 청색1호 레이크, 카민, 크로뮴하이드록사이드그린, 크로뮴옥사이드그린, 페릭암모늄페로시아나이드, 페릭페로시아나이드 , 망가니즈바이올렛, 울트라마린 , 황색4호 레이크]",모든 피부 타입,cholon****,2019.10.12,"방금 받았고 아직 사용전이예요. 기대됩니당
브러시가 뒤에 있어서 간편할 것 같아요",5,_alchera_none_
20,20221015_125531,아이브로우,MAC 벨룩스 브로우 라이너,https://www.oliveyoung.co.kr/store/goods/getGoodsDetail.do?goodsNo=A000000123928&dispCatNo=1000001000200070004&trackingCd&curation&egcode&rccode&egrankcode,맥,MAC 벨룩스 브로우 라이너,37000,37000,딥 브루넷;(품절) 브루넷,"디메치콘/디비닐디메치콘/실세스퀴옥산크로스폴리머, 실리카, 폴리메칠메타크릴레이트, 카올린, 베헤녹시피이지-10디메치콘, 합성플루오르플로고파이트, 펜틸렌글라이콜, 카프릴릴글라이콜, 트리에칠시트레이트, 토코페롤, 글리세린, 에칠헥실글리세린, 알진, 마그네슘알루미늄실리케이트, 소듐폴리아크릴레이트, 카프릴하이드록사믹애씨드, [+/- 마이카, 티타늄디옥사이드, 적색산화철, 황색산화철, 흑색산화철, 알루미늄가루, 비스머스옥시클로라이드 , 청색1호 레이크, 카민, 크로뮴하이드록사이드그린, 크로뮴옥사이드그린, 페릭암모늄페로시아나이드, 페릭페로시아나이드 , 망가니즈바이올렛, 울트라마린 , 황색4호 레이크]",모든 피부 타입,bbanggu****,2019.07.04,"첨에 이거 쓰다가 중간에 클리오 파우더리 펜슬로
옮겨갔었는데
다시 돌아왔어요
역시 좋아요 
색도 다양해서 선택의 폭도 넓고
두가지 색을 사서 앞ㆍ뒤 이렇게 써도 되고
깍아쓰는 펜슬이라 빨리 닳긴하는데
그건 깍아쓰는건 다 그렇고 ㅎㅎ
파우더리해서 잘 안 지워집니다 ^^",5,_alchera_none_
21,20221015_125532,아이브로우,MAC 벨룩스 브로우 라이너,https://www.oliveyoung.co.kr/store/goods/getGoodsDetail.do?goodsNo=A000000123928&dispCatNo=1000001000200070004&trackingCd&curation&egcode&rccode&egrankcode,맥,MAC 벨룩스 브로우 라이너,37000,37000,딥 브루넷;(품절) 브루넷,"디메치콘/디비닐디메치콘/실세스퀴옥산크로스폴리머, 실리카, 폴리메칠메타크릴레이트, 카올린, 베헤녹시피이지-10디메치콘, 합성플루오르플로고파이트, 펜틸렌글라이콜, 카프릴릴글라이콜, 트리에칠시트레이트, 토코페롤, 글리세린, 에칠헥실글리세린, 알진, 마그네슘알루미늄실리케이트, 소듐폴리아크릴레이트, 카프릴하이드록사믹애씨드, [+/- 마이카, 티타늄디옥사이드, 적색산화철, 황색산화철, 흑색산화철, 알루미늄가루, 비스머스옥시클로라이드 , 청색1호 레이크, 카민, 크로뮴하이드록사이드그린, 크로뮴옥사이드그린, 페릭암모늄페로시아나이드, 페릭페로시아나이드 , 망가니즈바이올렛, 울트라마린 , 황색4호 레이크]",모든 피부 타입,seo****,2021.05.27,늘 쓰는거 올리브영이서 팔지 몰랐네요 ㅎㅎ덕분에 저렴하게 잘 샀어요 ㅋㅋㅋ 너무 좋으지요 ㅎ,5,_alchera_none_
22,20221015_125533,아이브로우,MAC 벨룩스 브로우 라이너,https://www.oliveyoung.co.kr/store/goods/getGoodsDetail.do?goodsNo=A000000123928&dispCatNo=1000001000200070004&trackingCd&curation&egcode&rccode&egrankcode,맥,MAC 벨룩스 브로우 라이너,37000,37000,딥 브루넷;(품절) 브루넷,"디메치콘/디비닐디메치콘/실세스퀴옥산크로스폴리머, 실리카, 폴리메칠메타크릴레이트, 카올린, 베헤녹시피이지-10디메치콘, 합성플루오르플로고파이트, 펜틸렌글라이콜, 카프릴릴글라이콜, 트리에칠시트레이트, 토코페롤, 글리세린, 에칠헥실글리세린, 알진, 마그네슘알루미늄실리케이트, 소듐폴리아크릴레이트, 카프릴하이드록사믹애씨드, [+/- 마이카, 티타늄디옥사이드, 적색산화철, 황색산화철, 흑색산화철, 알루미늄가루, 비스머스옥시클로라이드 , 청색1호 레이크, 카민, 크로뮴하이드록사이드그린, 크로뮴옥사이드그린, 페릭암모늄페로시아나이드, 페릭페로시아나이드 , 망가니즈바이올렛, 울트라마린 , 황색4호 레이크]",모든 피부 타입,wkdud0****,2021.03.16,색 너무 이뻐요 고민했ㄴ느데 브루넷 사길잘한듯 ㅎ,5,_alchera_none_
23,20221015_125535,아이브로우,MAC 벨룩스 브로우 라이너,https://www.oliveyoung.co.kr/store/goods/getGoodsDetail.do?goodsNo=A000000123928&dispCatNo=1000001000200070004&trackingCd&curation&egcode&rccode&egrankcode,맥,MAC 벨룩스 브로우 라이너,37000,37000,딥 브루넷;(품절) 브루넷,"디메치콘/디비닐디메치콘/실세스퀴옥산크로스폴리머, 실리카, 폴리메칠메타크릴레이트, 카올린, 베헤녹시피이지-10디메치콘, 합성플루오르플로고파이트, 펜틸렌글라이콜, 카프릴릴글라이콜, 트리에칠시트레이트, 토코페롤, 글리세린, 에칠헥실글리세린, 알진, 마그네슘알루미늄실리케이트, 소듐폴리아크릴레이트, 카프릴하이드록사믹애씨드, [+/- 마이카, 티타늄디옥사이드, 적색산화철, 황색산화철, 흑색산화철, 알루미늄가루, 비스머스옥시클로라이드 , 청색1호 레이크, 카민, 크로뮴하이드록사이드그린, 크로뮴옥사이드그린, 페릭암모늄페로시아나이드, 페릭페로시아나이드 , 망가니즈바이올렛, 울트라마린 , 황색4호 레이크]",모든 피부 타입,minseo****,2020.12.13,엄마가 매번 쓰시는 건데 한국인들이 쓰기 좋은 것 같아요!!,3,_alchera_none_
24,20221015_125536,아이브로우,MAC 벨룩스 브로우 라이너,https://www.oliveyoung.co.kr/store/goods/getGoodsDetail.do?goodsNo=A000000123928&dispCatNo=1000001000200070004&trackingCd&curation&egcode&rccode&egrankcode,맥,MAC 벨룩스 브로우 라이너,37000,37000,딥 브루넷;(품절) 브루넷,"디메치콘/디비닐디메치콘/실세스퀴옥산크로스폴리머, 실리카, 폴리메칠메타크릴레이트, 카올린, 베헤녹시피이지-10디메치콘, 합성플루오르플로고파이트, 펜틸렌글라이콜, 카프릴릴글라이콜, 트리에칠시트레이트, 토코페롤, 글리세린, 에칠헥실글리세린, 알진, 마그네슘알루미늄실리케이트, 소듐폴리아크릴레이트, 카프릴하이드록사믹애씨드, [+/- 마이카, 티타늄디옥사이드, 적색산화철, 황색산화철, 흑색산화철, 알루미늄가루, 비스머스옥시클로라이드 , 청색1호 레이크, 카민, 크로뮴하이드록사이드그린, 크로뮴옥사이드그린, 페릭암모늄페로시아나이드, 페릭페로시아나이드 , 망가니즈바이올렛, 울트라마린 , 황색4호 레이크]",모든 피부 타입,kha1****,2020.10.13,지속성 그리고 색감이 가장 마음에 들었어요. 그게 최고인것같아요,5,_alchera_none_
25,20221015_125537,아이브로우,MAC 벨룩스 브로우 라이너,https://www.oliveyoung.co.kr/store/goods/getGoodsDetail.do?goodsNo=A000000123928&dispCatNo=1000001000200070004&trackingCd&curation&egcode&rccode&egrankcode,맥,MAC 벨룩스 브로우 라이너,37000,37000,딥 브루넷;(품절) 브루넷,"디메치콘/디비닐디메치콘/실세스퀴옥산크로스폴리머, 실리카, 폴리메칠메타크릴레이트, 카올린, 베헤녹시피이지-10디메치콘, 합성플루오르플로고파이트, 펜틸렌글라이콜, 카프릴릴글라이콜, 트리에칠시트레이트, 토코페롤, 글리세린, 에칠헥실글리세린, 알진, 마그네슘알루미늄실리케이트, 소듐폴리아크릴레이트, 카프릴하이드록사믹애씨드, [+/- 마이카, 티타늄디옥사이드, 적색산화철, 황색산화철, 흑색산화철, 알루미늄가루, 비스머스옥시클로라이드 , 청색1호 레이크, 카민, 크로뮴하이드록사이드그린, 크로뮴옥사이드그린, 페릭암모늄페로시아나이드, 페릭페로시아나이드 , 망가니즈바이올렛, 울트라마린 , 황색4호 레이크]",모든 피부 타입,btni****,2020.02.27,"색상도 튀지 않고, 부드럽게 잘 그려지면서 자연스러워요",5,_alchera_none_
26,20221015_125538,아이브로우,MAC 벨룩스 브로우 라이너,https://www.oliveyoung.co.kr/store/goods/getGoodsDetail.do?goodsNo=A000000123928&dispCatNo=1000001000200070004&trackingCd&curation&egcode&rccode&egrankcode,맥,MAC 벨룩스 브로우 라이너,37000,37000,딥 브루넷;(품절) 브루넷,"디메치콘/디비닐디메치콘/실세스퀴옥산크로스폴리머, 실리카, 폴리메칠메타크릴레이트, 카올린, 베헤녹시피이지-10디메치콘, 합성플루오르플로고파이트, 펜틸렌글라이콜, 카프릴릴글라이콜, 트리에칠시트레이트, 토코페롤, 글리세린, 에칠헥실글리세린, 알진, 마그네슘알루미늄실리케이트, 소듐폴리아크릴레이트, 카프릴하이드록사믹애씨드, [+/- 마이카, 티타늄디옥사이드, 적색산화철, 황색산화철, 흑색산화철, 알루미늄가루, 비스머스옥시클로라이드 , 청색1호 레이크, 카민, 크로뮴하이드록사이드그린, 크로뮴옥사이드그린, 페릭암모늄페로시아나이드, 페릭페로시아나이드 , 망가니즈바이올렛, 울트라마린 , 황색4호 레이크]",모든 피부 타입,bbanggu****,2019.07.04,"역시 맥입니다
다른거 쓰다가 다시 돌아왔어요ㅎㅎ
파우더리해서 잘 안 지워지고
발색도 잘 되고
색도 다양해서 선택의 폭도 넓고
잘 그려져서 편합니다 ㅎㅎ",5,_alchera_none_
27,20221015_125540,아이브로우,MAC 벨룩스 브로우 라이너,https://www.oliveyoung.co.kr/store/goods/getGoodsDetail.do?goodsNo=A000000123928&dispCatNo=1000001000200070004&trackingCd&curation&egcode&rccode&egrankcode,맥,MAC 벨룩스 브로우 라이너,37000,37000,딥 브루넷;(품절) 브루넷,"디메치콘/디비닐디메치콘/실세스퀴옥산크로스폴리머, 실리카, 폴리메칠메타크릴레이트, 카올린, 베헤녹시피이지-10디메치콘, 합성플루오르플로고파이트, 펜틸렌글라이콜, 카프릴릴글라이콜, 트리에칠시트레이트, 토코페롤, 글리세린, 에칠헥실글리세린, 알진, 마그네슘알루미늄실리케이트, 소듐폴리아크릴레이트, 카프릴하이드록사믹애씨드, [+/- 마이카, 티타늄디옥사이드, 적색산화철, 황색산화철, 흑색산화철, 알루미늄가루, 비스머스옥시클로라이드 , 청색1호 레이크, 카민, 크로뮴하이드록사이드그린, 크로뮴옥사이드그린, 페릭암모늄페로시아나이드, 페릭페로시아나이드 , 망가니즈바이올렛, 울트라마린 , 황색4호 레이크]",모든 피부 타입,fhwm****,2022.04.16,"뭉치는게 적고 색도 자연스러워 맘에 들어요
아주 잘 쓰고 있네요:)",5,_alchera_none_
28,20221015_125541,아이브로우,MAC 벨룩스 브로우 라이너,https://www.oliveyoung.co.kr/store/goods/getGoodsDetail.do?goodsNo=A000000123928&dispCatNo=1000001000200070004&trackingCd&curation&egcode&rccode&egrankcode,맥,MAC 벨룩스 브로우 라이너,37000,37000,딥 브루넷;(품절) 브루넷,"디메치콘/디비닐디메치콘/실세스퀴옥산크로스폴리머, 실리카, 폴리메칠메타크릴레이트, 카올린, 베헤녹시피이지-10디메치콘, 합성플루오르플로고파이트, 펜틸렌글라이콜, 카프릴릴글라이콜, 트리에칠시트레이트, 토코페롤, 글리세린, 에칠헥실글리세린, 알진, 마그네슘알루미늄실리케이트, 소듐폴리아크릴레이트, 카프릴하이드록사믹애씨드, [+/- 마이카, 티타늄디옥사이드, 적색산화철, 황색산화철, 흑색산화철, 알루미늄가루, 비스머스옥시클로라이드 , 청색1호 레이크, 카민, 크로뮴하이드록사이드그린, 크로뮴옥사이드그린, 페릭암모늄페로시아나이드, 페릭페로시아나이드 , 망가니즈바이올렛, 울트라마린 , 황색4호 레이크]",모든 피부 타입,애공이누나,2022.04.07,"늘쓰던건데 이번에 색상바꿨어요 
올영에서 첫구매인데 배송도빠르고 괜찮은거 같아요",5,_alchera_none_
29,20221015_125542,아이브로우,MAC 벨룩스 브로우 라이너,https://www.oliveyoung.co.kr/store/goods/getGoodsDetail.do?goodsNo=A000000123928&dispCatNo=1000001000200070004&trackingCd&curation&egcode&rccode&egrankcode,맥,MAC 벨룩스 브로우 라이너,37000,37000,딥 브루넷;(품절) 브루넷,"디메치콘/디비닐디메치콘/실세스퀴옥산크로스폴리머, 실리카, 폴리메칠메타크릴레이트, 카올린, 베헤녹시피이지-10디메치콘, 합성플루오르플로고파이트, 펜틸렌글라이콜, 카프릴릴글라이콜, 트리에칠시트레이트, 토코페롤, 글리세린, 에칠헥실글리세린, 알진, 마그네슘알루미늄실리케이트, 소듐폴리아크릴레이트, 카프릴하이드록사믹애씨드, [+/- 마이카, 티타늄디옥사이드, 적색산화철, 황색산화철, 흑색산화철, 알루미늄가루, 비스머스옥시클로라이드 , 청색1호 레이크, 카민, 크로뮴하이드록사이드그린, 크로뮴옥사이드그린, 페릭암모늄페로시아나이드, 페릭페로시아나이드 , 망가니즈바이올렛, 울트라마린 , 황색4호 레이크]",모든 피부 타입,hanah1****,2022.04.05,Mac의 브로우 라이너를 벨루스로 구입했다. 색이 좋았으며 디자인이 좋았다.,5,_alchera_none_
30,20221015_125546,아이브로우,MAC 벨룩스 브로우 라이너,https://www.oliveyoung.co.kr/store/goods/getGoodsDetail.do?goodsNo=A000000123928&dispCatNo=1000001000200070004&trackingCd&curation&egcode&rccode&egrankcode,맥,MAC 벨룩스 브로우 라이너,37000,37000,딥 브루넷;(품절) 브루넷,"디메치콘/디비닐디메치콘/실세스퀴옥산크로스폴리머, 실리카, 폴리메칠메타크릴레이트, 카올린, 베헤녹시피이지-10디메치콘, 합성플루오르플로고파이트, 펜틸렌글라이콜, 카프릴릴글라이콜, 트리에칠시트레이트, 토코페롤, 글리세린, 에칠헥실글리세린, 알진, 마그네슘알루미늄실리케이트, 소듐폴리아크릴레이트, 카프릴하이드록사믹애씨드, [+/- 마이카, 티타늄디옥사이드, 적색산화철, 황색산화철, 흑색산화철, 알루미늄가루, 비스머스옥시클로라이드 , 청색1호 레이크, 카민, 크로뮴하이드록사이드그린, 크로뮴옥사이드그린, 페릭암모늄페로시아나이드, 페릭페로시아나이드 , 망가니즈바이올렛, 울트라마린 , 황색4호 레이크]",모든 피부 타입,올영둥이,2022.03.13,"발림성 아주 좋아요 잘 그려지구요
금방 지워지는 느낌이 없지 않아 있지만
피부 파우더리하게 해주면 괜찮아요",5,_alchera_none_
31,20221015_125547,아이브로우,MAC 벨룩스 브로우 라이너,https://www.oliveyoung.co.kr/store/goods/getGoodsDetail.do?goodsNo=A000000123928&dispCatNo=1000001000200070004&trackingCd&curation&egcode&rccode&egrankcode,맥,MAC 벨룩스 브로우 라이너,37000,37000,딥 브루넷;(품절) 브루넷,"디메치콘/디비닐디메치콘/실세스퀴옥산크로스폴리머, 실리카, 폴리메칠메타크릴레이트, 카올린, 베헤녹시피이지-10디메치콘, 합성플루오르플로고파이트, 펜틸렌글라이콜, 카프릴릴글라이콜, 트리에칠시트레이트, 토코페롤, 글리세린, 에칠헥실글리세린, 알진, 마그네슘알루미늄실리케이트, 소듐폴리아크릴레이트, 카프릴하이드록사믹애씨드, [+/- 마이카, 티타늄디옥사이드, 적색산화철, 황색산화철, 흑색산화철, 알루미늄가루, 비스머스옥시클로라이드 , 청색1호 레이크, 카민, 크로뮴하이드록사이드그린, 크로뮴옥사이드그린, 페릭암모늄페로시아나이드, 페릭페로시아나이드 , 망가니즈바이올렛, 울트라마린 , 황색4호 레이크]",모든 피부 타입,tmf****,2021.10.18,부드러워서 잘 발리구 좋네요 그리기도 쉬운거 같아요 ^.^,5,_alchera_none_
32,20221015_125548,아이브로우,MAC 벨룩스 브로우 라이너,https://www.oliveyoung.co.kr/store/goods/getGoodsDetail.do?goodsNo=A000000123928&dispCatNo=1000001000200070004&trackingCd&curation&egcode&rccode&egrankcode,맥,MAC 벨룩스 브로우 라이너,37000,37000,딥 브루넷;(품절) 브루넷,"디메치콘/디비닐디메치콘/실세스퀴옥산크로스폴리머, 실리카, 폴리메칠메타크릴레이트, 카올린, 베헤녹시피이지-10디메치콘, 합성플루오르플로고파이트, 펜틸렌글라이콜, 카프릴릴글라이콜, 트리에칠시트레이트, 토코페롤, 글리세린, 에칠헥실글리세린, 알진, 마그네슘알루미늄실리케이트, 소듐폴리아크릴레이트, 카프릴하이드록사믹애씨드, [+/- 마이카, 티타늄디옥사이드, 적색산화철, 황색산화철, 흑색산화철, 알루미늄가루, 비스머스옥시클로라이드 , 청색1호 레이크, 카민, 크로뮴하이드록사이드그린, 크로뮴옥사이드그린, 페릭암모늄페로시아나이드, 페릭페로시아나이드 , 망가니즈바이올렛, 울트라마린 , 황색4호 레이크]",모든 피부 타입,wls270****,2021.02.16,"색감도 

사용하기도

너무 좋아요.

맥이라서 더 좋구요~~",5,_alchera_none_
33,20221015_125550,아이브로우,MAC 벨룩스 브로우 라이너,https://www.oliveyoung.co.kr/store/goods/getGoodsDetail.do?goodsNo=A000000123928&dispCatNo=1000001000200070004&trackingCd&curation&egcode&rccode&egrankcode,맥,MAC 벨룩스 브로우 라이너,37000,37000,딥 브루넷;(품절) 브루넷,"디메치콘/디비닐디메치콘/실세스퀴옥산크로스폴리머, 실리카, 폴리메칠메타크릴레이트, 카올린, 베헤녹시피이지-10디메치콘, 합성플루오르플로고파이트, 펜틸렌글라이콜, 카프릴릴글라이콜, 트리에칠시트레이트, 토코페롤, 글리세린, 에칠헥실글리세린, 알진, 마그네슘알루미늄실리케이트, 소듐폴리아크릴레이트, 카프릴하이드록사믹애씨드, [+/- 마이카, 티타늄디옥사이드, 적색산화철, 황색산화철, 흑색산화철, 알루미늄가루, 비스머스옥시클로라이드 , 청색1호 레이크, 카민, 크로뮴하이드록사이드그린, 크로뮴옥사이드그린, 페릭암모늄페로시아나이드, 페릭페로시아나이드 , 망가니즈바이올렛, 울트라마린 , 황색4호 레이크]",모든 피부 타입,bee****,2021.02.11,이거 완전 좋아요. 잘 지워지지도 않고요. 색감도 이쁩니다,3,_alchera_none_
