,timestamp,category,productName,urlProduct,brand,productName.1,price1,price2,Color,ingredients,skinType,username,datePublished,reviewText,score,reviewerSkinType
0,20221015_113231,아이브로우,MAC 아이 브로우 빅 부스트 파이버 젤,https://www.oliveyoung.co.kr/store/goods/getGoodsDetail.do?goodsNo=A000000141273&dispCatNo=1000001000200070004&trackingCd&curation&egcode&rccode&egrankcode,맥,MAC 아이 브로우 빅 부스트 파이버 젤,36000,36000,브루넷;스트러트,"하이드로제네이티드폴리아이소부텐,마이크로크리스탈린왁스,파라핀,폴리에틸렌,메틸메타크릴레이트크로스폴리머,다이아이소스테아릴말레이트,칸데릴라왁스추출물,나일론-6,다이스테아다이모늄헥토라이트,글리세릴디이소스테아레이트,비즈왁스,다이메티콘,나일론-66,알루미늄하이드록사이드,덱스트린미리스테이트,실리카,펜틸렌글라이콜,에탄올,토코페롤,페녹시에탄올,[+/- 마이카,티타늄디옥사이드,적색산화철,황색산화철,흑색산화철,알루미늄가루,비스머스옥시클로라이드,청색1호,청색1호 레이크,청동가루,카민,크로뮴하이드록사이드그린,크로뮴옥사이드그린,페릭암모늄페로시아나이드,페릭페로시아나이드,망가니즈바이올렛,울트라마린,황색4호,황색4호 레이크][ILN46317]
제공된 성분은 동일 제품이라도 경우에 따라 변경될 수 있습니다. 최신정보는 제품 포장의 성분을 참고하시거나 본사 고객관리지원팀으로 연락 부탁 드립니다.",모든 피부 타입,Ella엘라,2021.02.15,"맥의 브로우마스카라는 처음 접해봅니다.
기대했던 것보다 더 좋아서 마음에 들어요.
저는 눈썹모 앞머리 정리용으로 구매했는데, 용도에 딱맞습니다.
색상과 발림성 그리고 고정력까지 삼박자가 두루두루 좋네요.

🐥좋은점
1. 어플리케이터가 작아서 바르기가 편해요. 눈두덩이에 뭍을 걱정 노노! 초보자가 사용하기에도 괜찮습니다.
2. 색상이 자연스러워서 눈썹모 앞머리 정리용으로 적합해요.
3. 액의 양이 적당히 조절되어 나와서 좋아요.
4. 미세한 파이버가 함유되어있어서 눈썹이 풍성해보여요.
5. 케이스도 견고하고 튼튼해보입니다.
6. 픽싱능력도 괜찮아요. 무엇보다 워터프루프 기능이 맘에들어요. 지속력이 짱짱합니다.

🐥아쉬운점
저는없습니다. 🥲",5,복합성;쿨톤;모공;민감성
1,20221015_113232,아이브로우,MAC 아이 브로우 빅 부스트 파이버 젤,https://www.oliveyoung.co.kr/store/goods/getGoodsDetail.do?goodsNo=A000000141273&dispCatNo=1000001000200070004&trackingCd&curation&egcode&rccode&egrankcode,맥,MAC 아이 브로우 빅 부스트 파이버 젤,36000,36000,브루넷;스트러트,"하이드로제네이티드폴리아이소부텐,마이크로크리스탈린왁스,파라핀,폴리에틸렌,메틸메타크릴레이트크로스폴리머,다이아이소스테아릴말레이트,칸데릴라왁스추출물,나일론-6,다이스테아다이모늄헥토라이트,글리세릴디이소스테아레이트,비즈왁스,다이메티콘,나일론-66,알루미늄하이드록사이드,덱스트린미리스테이트,실리카,펜틸렌글라이콜,에탄올,토코페롤,페녹시에탄올,[+/- 마이카,티타늄디옥사이드,적색산화철,황색산화철,흑색산화철,알루미늄가루,비스머스옥시클로라이드,청색1호,청색1호 레이크,청동가루,카민,크로뮴하이드록사이드그린,크로뮴옥사이드그린,페릭암모늄페로시아나이드,페릭페로시아나이드,망가니즈바이올렛,울트라마린,황색4호,황색4호 레이크][ILN46317]
제공된 성분은 동일 제품이라도 경우에 따라 변경될 수 있습니다. 최신정보는 제품 포장의 성분을 참고하시거나 본사 고객관리지원팀으로 연락 부탁 드립니다.",모든 피부 타입,민공,2021.03.28,"맥 아이브로우 사고 아이브로우 마스카라도 필요해서 
MAC 아이브로우 빅 부스트 파이버 젤도 구매해봤네요.
여럿 브로우마스카라 써봤는데 이건 아직 한번밖에 안 써봐서 그런지 좀 더 익숙해질 필요가 있네요.
지속력은 좋아요. 그런데 좀 더 발색이 잘 도ㅣ면 좋을 것 같아요. 아니면 아직 솔에 덜 묻어서 그런가 싶기도하고,
믿고 쓰는 mac이니까 더 사용해볼게요.
일단 세일해서 저렴하게 산 건 좋았어요.
배송도 빨랐습니다.
솔이 두껍지 않아서 섬세한 표현하기엔 좋습니다
키스미 아이브로우 마스카라 써왔는데 그건 간편하다면 이건 더 세심한 표현이 가능 할 것 같네요~~!",5,복합성;웜톤;모공;블랙헤드
2,20221015_113232,아이브로우,MAC 아이 브로우 빅 부스트 파이버 젤,https://www.oliveyoung.co.kr/store/goods/getGoodsDetail.do?goodsNo=A000000141273&dispCatNo=1000001000200070004&trackingCd&curation&egcode&rccode&egrankcode,맥,MAC 아이 브로우 빅 부스트 파이버 젤,36000,36000,브루넷;스트러트,"하이드로제네이티드폴리아이소부텐,마이크로크리스탈린왁스,파라핀,폴리에틸렌,메틸메타크릴레이트크로스폴리머,다이아이소스테아릴말레이트,칸데릴라왁스추출물,나일론-6,다이스테아다이모늄헥토라이트,글리세릴디이소스테아레이트,비즈왁스,다이메티콘,나일론-66,알루미늄하이드록사이드,덱스트린미리스테이트,실리카,펜틸렌글라이콜,에탄올,토코페롤,페녹시에탄올,[+/- 마이카,티타늄디옥사이드,적색산화철,황색산화철,흑색산화철,알루미늄가루,비스머스옥시클로라이드,청색1호,청색1호 레이크,청동가루,카민,크로뮴하이드록사이드그린,크로뮴옥사이드그린,페릭암모늄페로시아나이드,페릭페로시아나이드,망가니즈바이올렛,울트라마린,황색4호,황색4호 레이크][ILN46317]
제공된 성분은 동일 제품이라도 경우에 따라 변경될 수 있습니다. 최신정보는 제품 포장의 성분을 참고하시거나 본사 고객관리지원팀으로 연락 부탁 드립니다.",모든 피부 타입,블루밍플라워,2022.07.20,너무너무 좋아서 세일기간에 항상 쟁여두고 사용하는 ㅔ품이예요,5,건성;웜톤;주름;트러블
3,20221015_113233,아이브로우,MAC 아이 브로우 빅 부스트 파이버 젤,https://www.oliveyoung.co.kr/store/goods/getGoodsDetail.do?goodsNo=A000000141273&dispCatNo=1000001000200070004&trackingCd&curation&egcode&rccode&egrankcode,맥,MAC 아이 브로우 빅 부스트 파이버 젤,36000,36000,브루넷;스트러트,"하이드로제네이티드폴리아이소부텐,마이크로크리스탈린왁스,파라핀,폴리에틸렌,메틸메타크릴레이트크로스폴리머,다이아이소스테아릴말레이트,칸데릴라왁스추출물,나일론-6,다이스테아다이모늄헥토라이트,글리세릴디이소스테아레이트,비즈왁스,다이메티콘,나일론-66,알루미늄하이드록사이드,덱스트린미리스테이트,실리카,펜틸렌글라이콜,에탄올,토코페롤,페녹시에탄올,[+/- 마이카,티타늄디옥사이드,적색산화철,황색산화철,흑색산화철,알루미늄가루,비스머스옥시클로라이드,청색1호,청색1호 레이크,청동가루,카민,크로뮴하이드록사이드그린,크로뮴옥사이드그린,페릭암모늄페로시아나이드,페릭페로시아나이드,망가니즈바이올렛,울트라마린,황색4호,황색4호 레이크][ILN46317]
제공된 성분은 동일 제품이라도 경우에 따라 변경될 수 있습니다. 최신정보는 제품 포장의 성분을 참고하시거나 본사 고객관리지원팀으로 연락 부탁 드립니다.",모든 피부 타입,Jess,2021.03.06,"매번 사려고 봤을 때마다 품절이 떠서,, 재고 있을 때 바로 샀어요. 
뭉치지 않고 쓰기 좋아요. 솔(?) 부분이 작아서 초보자도 쓰기 좋구요. 
그냥 아이브로우만 했을 때보다도 지속력도 훨 좋습니다.
세일도 해서 잘 산 것 같아요!",5,복합성;웜톤;모공;민감성
4,20221015_113234,아이브로우,MAC 아이 브로우 빅 부스트 파이버 젤,https://www.oliveyoung.co.kr/store/goods/getGoodsDetail.do?goodsNo=A000000141273&dispCatNo=1000001000200070004&trackingCd&curation&egcode&rccode&egrankcode,맥,MAC 아이 브로우 빅 부스트 파이버 젤,36000,36000,브루넷;스트러트,"하이드로제네이티드폴리아이소부텐,마이크로크리스탈린왁스,파라핀,폴리에틸렌,메틸메타크릴레이트크로스폴리머,다이아이소스테아릴말레이트,칸데릴라왁스추출물,나일론-6,다이스테아다이모늄헥토라이트,글리세릴디이소스테아레이트,비즈왁스,다이메티콘,나일론-66,알루미늄하이드록사이드,덱스트린미리스테이트,실리카,펜틸렌글라이콜,에탄올,토코페롤,페녹시에탄올,[+/- 마이카,티타늄디옥사이드,적색산화철,황색산화철,흑색산화철,알루미늄가루,비스머스옥시클로라이드,청색1호,청색1호 레이크,청동가루,카민,크로뮴하이드록사이드그린,크로뮴옥사이드그린,페릭암모늄페로시아나이드,페릭페로시아나이드,망가니즈바이올렛,울트라마린,황색4호,황색4호 레이크][ILN46317]
제공된 성분은 동일 제품이라도 경우에 따라 변경될 수 있습니다. 최신정보는 제품 포장의 성분을 참고하시거나 본사 고객관리지원팀으로 연락 부탁 드립니다.",모든 피부 타입,올영기차,2022.05.20,눈썹 숱이 별로 없어서 눈썹 그린 후에도 이거로 덫칠해줘야해요,5,복합성;웜톤;모공;블랙헤드
5,20221015_113235,아이브로우,MAC 아이 브로우 빅 부스트 파이버 젤,https://www.oliveyoung.co.kr/store/goods/getGoodsDetail.do?goodsNo=A000000141273&dispCatNo=1000001000200070004&trackingCd&curation&egcode&rccode&egrankcode,맥,MAC 아이 브로우 빅 부스트 파이버 젤,36000,36000,브루넷;스트러트,"하이드로제네이티드폴리아이소부텐,마이크로크리스탈린왁스,파라핀,폴리에틸렌,메틸메타크릴레이트크로스폴리머,다이아이소스테아릴말레이트,칸데릴라왁스추출물,나일론-6,다이스테아다이모늄헥토라이트,글리세릴디이소스테아레이트,비즈왁스,다이메티콘,나일론-66,알루미늄하이드록사이드,덱스트린미리스테이트,실리카,펜틸렌글라이콜,에탄올,토코페롤,페녹시에탄올,[+/- 마이카,티타늄디옥사이드,적색산화철,황색산화철,흑색산화철,알루미늄가루,비스머스옥시클로라이드,청색1호,청색1호 레이크,청동가루,카민,크로뮴하이드록사이드그린,크로뮴옥사이드그린,페릭암모늄페로시아나이드,페릭페로시아나이드,망가니즈바이올렛,울트라마린,황색4호,황색4호 레이크][ILN46317]
제공된 성분은 동일 제품이라도 경우에 따라 변경될 수 있습니다. 최신정보는 제품 포장의 성분을 참고하시거나 본사 고객관리지원팀으로 연락 부탁 드립니다.",모든 피부 타입,votu****,2022.03.14,"이번에
늘쓰던 제품을 세일해서 아부 아주 저렴하게  구매했어요
자주 세일 하진않지만 이런 혜택이있어서 매우 만족합니다 사고나서 바로 품절 되었지만 ㅎㅎ 만족 하구요 다시 세일 해서 또 사고 싶네요 원래 다른 컬러로 이용 할려고 했다가 쓰던거 또 쓰는게 좋을거같아서 썼어요 매우 만족합니다 .색깔은 빨간끼가 염색 컬러에 맞게 붉은게 
돌지않는 브라운컬러구요 염색하신 분한테 매우 잘 어울릴거같아요 뭉치지 않고 자연스럽게 발려서 매우 만족 하는 컬러 입니다. 펜슬도 나와서 맥제품이라 믿고 쓰는거같아요
올리브영에서 좋은 가격에 세일 해서  잘 사용 할거같아요 포장도 이쁘게 되있었고 다른제품 고를때도 저렴하게 나왔으면 좋겠네요 ㅎㅎ 맥제품은 원래 잘 써서 그런지 워터 프루프 제품이라 아이라인도 매우 좋아요  나중에는 아이라인도 사고싶네요",5,_alchera_none_
6,20221015_113236,아이브로우,MAC 아이 브로우 빅 부스트 파이버 젤,https://www.oliveyoung.co.kr/store/goods/getGoodsDetail.do?goodsNo=A000000141273&dispCatNo=1000001000200070004&trackingCd&curation&egcode&rccode&egrankcode,맥,MAC 아이 브로우 빅 부스트 파이버 젤,36000,36000,브루넷;스트러트,"하이드로제네이티드폴리아이소부텐,마이크로크리스탈린왁스,파라핀,폴리에틸렌,메틸메타크릴레이트크로스폴리머,다이아이소스테아릴말레이트,칸데릴라왁스추출물,나일론-6,다이스테아다이모늄헥토라이트,글리세릴디이소스테아레이트,비즈왁스,다이메티콘,나일론-66,알루미늄하이드록사이드,덱스트린미리스테이트,실리카,펜틸렌글라이콜,에탄올,토코페롤,페녹시에탄올,[+/- 마이카,티타늄디옥사이드,적색산화철,황색산화철,흑색산화철,알루미늄가루,비스머스옥시클로라이드,청색1호,청색1호 레이크,청동가루,카민,크로뮴하이드록사이드그린,크로뮴옥사이드그린,페릭암모늄페로시아나이드,페릭페로시아나이드,망가니즈바이올렛,울트라마린,황색4호,황색4호 레이크][ILN46317]
제공된 성분은 동일 제품이라도 경우에 따라 변경될 수 있습니다. 최신정보는 제품 포장의 성분을 참고하시거나 본사 고객관리지원팀으로 연락 부탁 드립니다.",모든 피부 타입,대박,2022.07.17,ㅁㄷㆍㅇ치이 있어서  좀 그러네오.자연스러운 눈썹포ㅡ현에는 강추,5,복합성;웜톤;모공;잡티
7,20221015_113237,아이브로우,MAC 아이 브로우 빅 부스트 파이버 젤,https://www.oliveyoung.co.kr/store/goods/getGoodsDetail.do?goodsNo=A000000141273&dispCatNo=1000001000200070004&trackingCd&curation&egcode&rccode&egrankcode,맥,MAC 아이 브로우 빅 부스트 파이버 젤,36000,36000,브루넷;스트러트,"하이드로제네이티드폴리아이소부텐,마이크로크리스탈린왁스,파라핀,폴리에틸렌,메틸메타크릴레이트크로스폴리머,다이아이소스테아릴말레이트,칸데릴라왁스추출물,나일론-6,다이스테아다이모늄헥토라이트,글리세릴디이소스테아레이트,비즈왁스,다이메티콘,나일론-66,알루미늄하이드록사이드,덱스트린미리스테이트,실리카,펜틸렌글라이콜,에탄올,토코페롤,페녹시에탄올,[+/- 마이카,티타늄디옥사이드,적색산화철,황색산화철,흑색산화철,알루미늄가루,비스머스옥시클로라이드,청색1호,청색1호 레이크,청동가루,카민,크로뮴하이드록사이드그린,크로뮴옥사이드그린,페릭암모늄페로시아나이드,페릭페로시아나이드,망가니즈바이올렛,울트라마린,황색4호,황색4호 레이크][ILN46317]
제공된 성분은 동일 제품이라도 경우에 따라 변경될 수 있습니다. 최신정보는 제품 포장의 성분을 참고하시거나 본사 고객관리지원팀으로 연락 부탁 드립니다.",모든 피부 타입,natsu,2021.07.26,"색상: 자연 갈색이나 블랙머리에 잘 어울리는 색같아요. 붉은끼가 없어서 더 마음에 들어오. 발색은 용기에서 보이는 색보다 어두워서 밝은 염색모나 탈색모에는 비추해요. 발색도 투명한 편이라 제 눈썹색과 자연스럽게 섞여요. 
지속력: 기대하지 않았는데 아침에 바르고 나가면 저녁까지 잘 남아있어서 덧바를 필요가 없어요.
클렌징: 클렌징 오일과 밤 사용하는데 깔끔하게 지워져요. 따로 전용 클렌저를 구매할 필요가 없어요. 

올리브영 세일때 구매하면 가격대비 괜찮은것 같아요. 전에 에뛰드와 키스미 제품 썼었는데 그것보다 훨씬 자연스러워서 좋아요.",4,_alchera_none_
8,20221015_113239,아이브로우,MAC 아이 브로우 빅 부스트 파이버 젤,https://www.oliveyoung.co.kr/store/goods/getGoodsDetail.do?goodsNo=A000000141273&dispCatNo=1000001000200070004&trackingCd&curation&egcode&rccode&egrankcode,맥,MAC 아이 브로우 빅 부스트 파이버 젤,36000,36000,브루넷;스트러트,"하이드로제네이티드폴리아이소부텐,마이크로크리스탈린왁스,파라핀,폴리에틸렌,메틸메타크릴레이트크로스폴리머,다이아이소스테아릴말레이트,칸데릴라왁스추출물,나일론-6,다이스테아다이모늄헥토라이트,글리세릴디이소스테아레이트,비즈왁스,다이메티콘,나일론-66,알루미늄하이드록사이드,덱스트린미리스테이트,실리카,펜틸렌글라이콜,에탄올,토코페롤,페녹시에탄올,[+/- 마이카,티타늄디옥사이드,적색산화철,황색산화철,흑색산화철,알루미늄가루,비스머스옥시클로라이드,청색1호,청색1호 레이크,청동가루,카민,크로뮴하이드록사이드그린,크로뮴옥사이드그린,페릭암모늄페로시아나이드,페릭페로시아나이드,망가니즈바이올렛,울트라마린,황색4호,황색4호 레이크][ILN46317]
제공된 성분은 동일 제품이라도 경우에 따라 변경될 수 있습니다. 최신정보는 제품 포장의 성분을 참고하시거나 본사 고객관리지원팀으로 연락 부탁 드립니다.",모든 피부 타입,kc****,2021.06.09,"색감이 너무 예뻤습니다. 아이브로우는 발림성이 좋아야 하는데 쉽게 부드럽게 그려지면서도 뭉그러지지 않고 유지되어 사용감이 편했습니다. 지속력도 우수해서 종일 수정하지 않아도 되는 정도였습니다. 발색력도 화면 그대로라 쿠션 바른 위에
사용해도 잘 그려졌어요. 지워지는 것도 저녁에 세안할때 쉽게 지워져서 관리하기는 편했습니다. 무엇보다 사진 그대로의 색상이 연출되어 기대이상 마음에 들었습니다. 화장을 처음 하는 분들도 쉽게 사용하기 좋은 상품이라 추천하고 싶습니다. 가격 부담 있지만 그만큼 색감이 좋고 발림성이나 유지력에서 품질이 우수했습니다.",5,_alchera_none_
9,20221015_113240,아이브로우,MAC 아이 브로우 빅 부스트 파이버 젤,https://www.oliveyoung.co.kr/store/goods/getGoodsDetail.do?goodsNo=A000000141273&dispCatNo=1000001000200070004&trackingCd&curation&egcode&rccode&egrankcode,맥,MAC 아이 브로우 빅 부스트 파이버 젤,36000,36000,브루넷;스트러트,"하이드로제네이티드폴리아이소부텐,마이크로크리스탈린왁스,파라핀,폴리에틸렌,메틸메타크릴레이트크로스폴리머,다이아이소스테아릴말레이트,칸데릴라왁스추출물,나일론-6,다이스테아다이모늄헥토라이트,글리세릴디이소스테아레이트,비즈왁스,다이메티콘,나일론-66,알루미늄하이드록사이드,덱스트린미리스테이트,실리카,펜틸렌글라이콜,에탄올,토코페롤,페녹시에탄올,[+/- 마이카,티타늄디옥사이드,적색산화철,황색산화철,흑색산화철,알루미늄가루,비스머스옥시클로라이드,청색1호,청색1호 레이크,청동가루,카민,크로뮴하이드록사이드그린,크로뮴옥사이드그린,페릭암모늄페로시아나이드,페릭페로시아나이드,망가니즈바이올렛,울트라마린,황색4호,황색4호 레이크][ILN46317]
제공된 성분은 동일 제품이라도 경우에 따라 변경될 수 있습니다. 최신정보는 제품 포장의 성분을 참고하시거나 본사 고객관리지원팀으로 연락 부탁 드립니다.",모든 피부 타입,iwin****,2022.09.05,정말 위 눈썹이 광택이 나면서 자연스러운 브라운 결정돈  좋습니다. 가격은 비싸지만 만족도는 큰 제품이예요.,5,_alchera_none_
10,20221015_113245,아이브로우,MAC 아이 브로우 빅 부스트 파이버 젤,https://www.oliveyoung.co.kr/store/goods/getGoodsDetail.do?goodsNo=A000000141273&dispCatNo=1000001000200070004&trackingCd&curation&egcode&rccode&egrankcode,맥,MAC 아이 브로우 빅 부스트 파이버 젤,36000,36000,브루넷;스트러트,"하이드로제네이티드폴리아이소부텐,마이크로크리스탈린왁스,파라핀,폴리에틸렌,메틸메타크릴레이트크로스폴리머,다이아이소스테아릴말레이트,칸데릴라왁스추출물,나일론-6,다이스테아다이모늄헥토라이트,글리세릴디이소스테아레이트,비즈왁스,다이메티콘,나일론-66,알루미늄하이드록사이드,덱스트린미리스테이트,실리카,펜틸렌글라이콜,에탄올,토코페롤,페녹시에탄올,[+/- 마이카,티타늄디옥사이드,적색산화철,황색산화철,흑색산화철,알루미늄가루,비스머스옥시클로라이드,청색1호,청색1호 레이크,청동가루,카민,크로뮴하이드록사이드그린,크로뮴옥사이드그린,페릭암모늄페로시아나이드,페릭페로시아나이드,망가니즈바이올렛,울트라마린,황색4호,황색4호 레이크][ILN46317]
제공된 성분은 동일 제품이라도 경우에 따라 변경될 수 있습니다. 최신정보는 제품 포장의 성분을 참고하시거나 본사 고객관리지원팀으로 연락 부탁 드립니다.",모든 피부 타입,율리앙,2022.03.19,"수많은 브로우 제품들을 써봤는데, 이상품만한게 없어서 20살때부터 9년간 써왔어요! 진짜 컬러도 발림성도 무난무난하게 메이크업하기 좋은 제품이에요. 브로우이 고민되신다면 추천입니다!",4,_alchera_none_
11,20221015_113247,아이브로우,MAC 아이 브로우 빅 부스트 파이버 젤,https://www.oliveyoung.co.kr/store/goods/getGoodsDetail.do?goodsNo=A000000141273&dispCatNo=1000001000200070004&trackingCd&curation&egcode&rccode&egrankcode,맥,MAC 아이 브로우 빅 부스트 파이버 젤,36000,36000,브루넷;스트러트,"하이드로제네이티드폴리아이소부텐,마이크로크리스탈린왁스,파라핀,폴리에틸렌,메틸메타크릴레이트크로스폴리머,다이아이소스테아릴말레이트,칸데릴라왁스추출물,나일론-6,다이스테아다이모늄헥토라이트,글리세릴디이소스테아레이트,비즈왁스,다이메티콘,나일론-66,알루미늄하이드록사이드,덱스트린미리스테이트,실리카,펜틸렌글라이콜,에탄올,토코페롤,페녹시에탄올,[+/- 마이카,티타늄디옥사이드,적색산화철,황색산화철,흑색산화철,알루미늄가루,비스머스옥시클로라이드,청색1호,청색1호 레이크,청동가루,카민,크로뮴하이드록사이드그린,크로뮴옥사이드그린,페릭암모늄페로시아나이드,페릭페로시아나이드,망가니즈바이올렛,울트라마린,황색4호,황색4호 레이크][ILN46317]
제공된 성분은 동일 제품이라도 경우에 따라 변경될 수 있습니다. 최신정보는 제품 포장의 성분을 참고하시거나 본사 고객관리지원팀으로 연락 부탁 드립니다.",모든 피부 타입,lynn****,2021.03.06,올영 세일로 득템했어요! 배송도 금방오네요ㅎㅎ,5,_alchera_none_
12,20221015_113248,아이브로우,MAC 아이 브로우 빅 부스트 파이버 젤,https://www.oliveyoung.co.kr/store/goods/getGoodsDetail.do?goodsNo=A000000141273&dispCatNo=1000001000200070004&trackingCd&curation&egcode&rccode&egrankcode,맥,MAC 아이 브로우 빅 부스트 파이버 젤,36000,36000,브루넷;스트러트,"하이드로제네이티드폴리아이소부텐,마이크로크리스탈린왁스,파라핀,폴리에틸렌,메틸메타크릴레이트크로스폴리머,다이아이소스테아릴말레이트,칸데릴라왁스추출물,나일론-6,다이스테아다이모늄헥토라이트,글리세릴디이소스테아레이트,비즈왁스,다이메티콘,나일론-66,알루미늄하이드록사이드,덱스트린미리스테이트,실리카,펜틸렌글라이콜,에탄올,토코페롤,페녹시에탄올,[+/- 마이카,티타늄디옥사이드,적색산화철,황색산화철,흑색산화철,알루미늄가루,비스머스옥시클로라이드,청색1호,청색1호 레이크,청동가루,카민,크로뮴하이드록사이드그린,크로뮴옥사이드그린,페릭암모늄페로시아나이드,페릭페로시아나이드,망가니즈바이올렛,울트라마린,황색4호,황색4호 레이크][ILN46317]
제공된 성분은 동일 제품이라도 경우에 따라 변경될 수 있습니다. 최신정보는 제품 포장의 성분을 참고하시거나 본사 고객관리지원팀으로 연락 부탁 드립니다.",모든 피부 타입,wanted****,2022.07.02,브로우펜과는 또 다른 눈썹 결 살리기엔 이 제품이 훨씬 좋더라고요. 조금 더 또렷하고 단정하게 화장하기 좋습니다.,5,_alchera_none_
13,20221015_113249,아이브로우,MAC 아이 브로우 빅 부스트 파이버 젤,https://www.oliveyoung.co.kr/store/goods/getGoodsDetail.do?goodsNo=A000000141273&dispCatNo=1000001000200070004&trackingCd&curation&egcode&rccode&egrankcode,맥,MAC 아이 브로우 빅 부스트 파이버 젤,36000,36000,브루넷;스트러트,"하이드로제네이티드폴리아이소부텐,마이크로크리스탈린왁스,파라핀,폴리에틸렌,메틸메타크릴레이트크로스폴리머,다이아이소스테아릴말레이트,칸데릴라왁스추출물,나일론-6,다이스테아다이모늄헥토라이트,글리세릴디이소스테아레이트,비즈왁스,다이메티콘,나일론-66,알루미늄하이드록사이드,덱스트린미리스테이트,실리카,펜틸렌글라이콜,에탄올,토코페롤,페녹시에탄올,[+/- 마이카,티타늄디옥사이드,적색산화철,황색산화철,흑색산화철,알루미늄가루,비스머스옥시클로라이드,청색1호,청색1호 레이크,청동가루,카민,크로뮴하이드록사이드그린,크로뮴옥사이드그린,페릭암모늄페로시아나이드,페릭페로시아나이드,망가니즈바이올렛,울트라마린,황색4호,황색4호 레이크][ILN46317]
제공된 성분은 동일 제품이라도 경우에 따라 변경될 수 있습니다. 최신정보는 제품 포장의 성분을 참고하시거나 본사 고객관리지원팀으로 연락 부탁 드립니다.",모든 피부 타입,pje****,2021.04.03,리뷰보고 질렀는데 색이 너무 진하지 않아 숯검댕이 되지않고 무엇보다도 고정력이 좋아서 만족합니다,5,_alchera_none_
14,20221015_113251,아이브로우,MAC 아이 브로우 빅 부스트 파이버 젤,https://www.oliveyoung.co.kr/store/goods/getGoodsDetail.do?goodsNo=A000000141273&dispCatNo=1000001000200070004&trackingCd&curation&egcode&rccode&egrankcode,맥,MAC 아이 브로우 빅 부스트 파이버 젤,36000,36000,브루넷;스트러트,"하이드로제네이티드폴리아이소부텐,마이크로크리스탈린왁스,파라핀,폴리에틸렌,메틸메타크릴레이트크로스폴리머,다이아이소스테아릴말레이트,칸데릴라왁스추출물,나일론-6,다이스테아다이모늄헥토라이트,글리세릴디이소스테아레이트,비즈왁스,다이메티콘,나일론-66,알루미늄하이드록사이드,덱스트린미리스테이트,실리카,펜틸렌글라이콜,에탄올,토코페롤,페녹시에탄올,[+/- 마이카,티타늄디옥사이드,적색산화철,황색산화철,흑색산화철,알루미늄가루,비스머스옥시클로라이드,청색1호,청색1호 레이크,청동가루,카민,크로뮴하이드록사이드그린,크로뮴옥사이드그린,페릭암모늄페로시아나이드,페릭페로시아나이드,망가니즈바이올렛,울트라마린,황색4호,황색4호 레이크][ILN46317]
제공된 성분은 동일 제품이라도 경우에 따라 변경될 수 있습니다. 최신정보는 제품 포장의 성분을 참고하시거나 본사 고객관리지원팀으로 연락 부탁 드립니다.",모든 피부 타입,jheu****,2022.04.08,컬러가 너무 맘에 들어요. 눈썹 결정돈도 잘됩니다. 다만 뭉치지 않으려면 요령이 필요하네요,5,_alchera_none_
15,20221015_113252,아이브로우,MAC 아이 브로우 빅 부스트 파이버 젤,https://www.oliveyoung.co.kr/store/goods/getGoodsDetail.do?goodsNo=A000000141273&dispCatNo=1000001000200070004&trackingCd&curation&egcode&rccode&egrankcode,맥,MAC 아이 브로우 빅 부스트 파이버 젤,36000,36000,브루넷;스트러트,"하이드로제네이티드폴리아이소부텐,마이크로크리스탈린왁스,파라핀,폴리에틸렌,메틸메타크릴레이트크로스폴리머,다이아이소스테아릴말레이트,칸데릴라왁스추출물,나일론-6,다이스테아다이모늄헥토라이트,글리세릴디이소스테아레이트,비즈왁스,다이메티콘,나일론-66,알루미늄하이드록사이드,덱스트린미리스테이트,실리카,펜틸렌글라이콜,에탄올,토코페롤,페녹시에탄올,[+/- 마이카,티타늄디옥사이드,적색산화철,황색산화철,흑색산화철,알루미늄가루,비스머스옥시클로라이드,청색1호,청색1호 레이크,청동가루,카민,크로뮴하이드록사이드그린,크로뮴옥사이드그린,페릭암모늄페로시아나이드,페릭페로시아나이드,망가니즈바이올렛,울트라마린,황색4호,황색4호 레이크][ILN46317]
제공된 성분은 동일 제품이라도 경우에 따라 변경될 수 있습니다. 최신정보는 제품 포장의 성분을 참고하시거나 본사 고객관리지원팀으로 연락 부탁 드립니다.",모든 피부 타입,도로로롱,2022.02.13,"추천 받아서 사용 해봤어요 메이크업 할 때 나쁘지 않았어요,",5,_alchera_none_
16,20221015_113253,아이브로우,MAC 아이 브로우 빅 부스트 파이버 젤,https://www.oliveyoung.co.kr/store/goods/getGoodsDetail.do?goodsNo=A000000141273&dispCatNo=1000001000200070004&trackingCd&curation&egcode&rccode&egrankcode,맥,MAC 아이 브로우 빅 부스트 파이버 젤,36000,36000,브루넷;스트러트,"하이드로제네이티드폴리아이소부텐,마이크로크리스탈린왁스,파라핀,폴리에틸렌,메틸메타크릴레이트크로스폴리머,다이아이소스테아릴말레이트,칸데릴라왁스추출물,나일론-6,다이스테아다이모늄헥토라이트,글리세릴디이소스테아레이트,비즈왁스,다이메티콘,나일론-66,알루미늄하이드록사이드,덱스트린미리스테이트,실리카,펜틸렌글라이콜,에탄올,토코페롤,페녹시에탄올,[+/- 마이카,티타늄디옥사이드,적색산화철,황색산화철,흑색산화철,알루미늄가루,비스머스옥시클로라이드,청색1호,청색1호 레이크,청동가루,카민,크로뮴하이드록사이드그린,크로뮴옥사이드그린,페릭암모늄페로시아나이드,페릭페로시아나이드,망가니즈바이올렛,울트라마린,황색4호,황색4호 레이크][ILN46317]
제공된 성분은 동일 제품이라도 경우에 따라 변경될 수 있습니다. 최신정보는 제품 포장의 성분을 참고하시거나 본사 고객관리지원팀으로 연락 부탁 드립니다.",모든 피부 타입,char****,2021.12.02,음 다른 국산 제품에 비해 월등히 좋은 부분은 잘 모르겠지만 불편함 없이 쓰니 좋은제품이갰죠?,3,_alchera_none_
17,20221015_113255,아이브로우,MAC 아이 브로우 빅 부스트 파이버 젤,https://www.oliveyoung.co.kr/store/goods/getGoodsDetail.do?goodsNo=A000000141273&dispCatNo=1000001000200070004&trackingCd&curation&egcode&rccode&egrankcode,맥,MAC 아이 브로우 빅 부스트 파이버 젤,36000,36000,브루넷;스트러트,"하이드로제네이티드폴리아이소부텐,마이크로크리스탈린왁스,파라핀,폴리에틸렌,메틸메타크릴레이트크로스폴리머,다이아이소스테아릴말레이트,칸데릴라왁스추출물,나일론-6,다이스테아다이모늄헥토라이트,글리세릴디이소스테아레이트,비즈왁스,다이메티콘,나일론-66,알루미늄하이드록사이드,덱스트린미리스테이트,실리카,펜틸렌글라이콜,에탄올,토코페롤,페녹시에탄올,[+/- 마이카,티타늄디옥사이드,적색산화철,황색산화철,흑색산화철,알루미늄가루,비스머스옥시클로라이드,청색1호,청색1호 레이크,청동가루,카민,크로뮴하이드록사이드그린,크로뮴옥사이드그린,페릭암모늄페로시아나이드,페릭페로시아나이드,망가니즈바이올렛,울트라마린,황색4호,황색4호 레이크][ILN46317]
제공된 성분은 동일 제품이라도 경우에 따라 변경될 수 있습니다. 최신정보는 제품 포장의 성분을 참고하시거나 본사 고객관리지원팀으로 연락 부탁 드립니다.",모든 피부 타입,치즈타르트,2021.08.22,파이버 덕분에 자연스럽고 풍성한 눈썹을 연출할 수 있어요!,5,_alchera_none_
18,20221015_113256,아이브로우,MAC 아이 브로우 빅 부스트 파이버 젤,https://www.oliveyoung.co.kr/store/goods/getGoodsDetail.do?goodsNo=A000000141273&dispCatNo=1000001000200070004&trackingCd&curation&egcode&rccode&egrankcode,맥,MAC 아이 브로우 빅 부스트 파이버 젤,36000,36000,브루넷;스트러트,"하이드로제네이티드폴리아이소부텐,마이크로크리스탈린왁스,파라핀,폴리에틸렌,메틸메타크릴레이트크로스폴리머,다이아이소스테아릴말레이트,칸데릴라왁스추출물,나일론-6,다이스테아다이모늄헥토라이트,글리세릴디이소스테아레이트,비즈왁스,다이메티콘,나일론-66,알루미늄하이드록사이드,덱스트린미리스테이트,실리카,펜틸렌글라이콜,에탄올,토코페롤,페녹시에탄올,[+/- 마이카,티타늄디옥사이드,적색산화철,황색산화철,흑색산화철,알루미늄가루,비스머스옥시클로라이드,청색1호,청색1호 레이크,청동가루,카민,크로뮴하이드록사이드그린,크로뮴옥사이드그린,페릭암모늄페로시아나이드,페릭페로시아나이드,망가니즈바이올렛,울트라마린,황색4호,황색4호 레이크][ILN46317]
제공된 성분은 동일 제품이라도 경우에 따라 변경될 수 있습니다. 최신정보는 제품 포장의 성분을 참고하시거나 본사 고객관리지원팀으로 연락 부탁 드립니다.",모든 피부 타입,shzla****,2021.06.23,"늘 쓰던제품인데
올리브영에서 구입하니 
더 저렴하게 샀어용!",5,_alchera_none_
19,20221015_113257,아이브로우,MAC 아이 브로우 빅 부스트 파이버 젤,https://www.oliveyoung.co.kr/store/goods/getGoodsDetail.do?goodsNo=A000000141273&dispCatNo=1000001000200070004&trackingCd&curation&egcode&rccode&egrankcode,맥,MAC 아이 브로우 빅 부스트 파이버 젤,36000,36000,브루넷;스트러트,"하이드로제네이티드폴리아이소부텐,마이크로크리스탈린왁스,파라핀,폴리에틸렌,메틸메타크릴레이트크로스폴리머,다이아이소스테아릴말레이트,칸데릴라왁스추출물,나일론-6,다이스테아다이모늄헥토라이트,글리세릴디이소스테아레이트,비즈왁스,다이메티콘,나일론-66,알루미늄하이드록사이드,덱스트린미리스테이트,실리카,펜틸렌글라이콜,에탄올,토코페롤,페녹시에탄올,[+/- 마이카,티타늄디옥사이드,적색산화철,황색산화철,흑색산화철,알루미늄가루,비스머스옥시클로라이드,청색1호,청색1호 레이크,청동가루,카민,크로뮴하이드록사이드그린,크로뮴옥사이드그린,페릭암모늄페로시아나이드,페릭페로시아나이드,망가니즈바이올렛,울트라마린,황색4호,황색4호 레이크][ILN46317]
제공된 성분은 동일 제품이라도 경우에 따라 변경될 수 있습니다. 최신정보는 제품 포장의 성분을 참고하시거나 본사 고객관리지원팀으로 연락 부탁 드립니다.",모든 피부 타입,iris****,2021.03.26,첨에 양 조절을 못해서 눈썹이 짱구 눈썹처럼 진했는데 양 조절 잘 하니 눈썹이 이뻐져요,5,_alchera_none_
20,20221015_113301,아이브로우,MAC 아이 브로우 빅 부스트 파이버 젤,https://www.oliveyoung.co.kr/store/goods/getGoodsDetail.do?goodsNo=A000000141273&dispCatNo=1000001000200070004&trackingCd&curation&egcode&rccode&egrankcode,맥,MAC 아이 브로우 빅 부스트 파이버 젤,36000,36000,브루넷;스트러트,"하이드로제네이티드폴리아이소부텐,마이크로크리스탈린왁스,파라핀,폴리에틸렌,메틸메타크릴레이트크로스폴리머,다이아이소스테아릴말레이트,칸데릴라왁스추출물,나일론-6,다이스테아다이모늄헥토라이트,글리세릴디이소스테아레이트,비즈왁스,다이메티콘,나일론-66,알루미늄하이드록사이드,덱스트린미리스테이트,실리카,펜틸렌글라이콜,에탄올,토코페롤,페녹시에탄올,[+/- 마이카,티타늄디옥사이드,적색산화철,황색산화철,흑색산화철,알루미늄가루,비스머스옥시클로라이드,청색1호,청색1호 레이크,청동가루,카민,크로뮴하이드록사이드그린,크로뮴옥사이드그린,페릭암모늄페로시아나이드,페릭페로시아나이드,망가니즈바이올렛,울트라마린,황색4호,황색4호 레이크][ILN46317]
제공된 성분은 동일 제품이라도 경우에 따라 변경될 수 있습니다. 최신정보는 제품 포장의 성분을 참고하시거나 본사 고객관리지원팀으로 연락 부탁 드립니다.",모든 피부 타입,sinae****,2021.03.26,언니꺼 몰래 써보고 좋아서 저도 샀어요 아직 안써봤는데 새거는 좋겠죠 ㅋㅋ,5,_alchera_none_
21,20221015_113302,아이브로우,MAC 아이 브로우 빅 부스트 파이버 젤,https://www.oliveyoung.co.kr/store/goods/getGoodsDetail.do?goodsNo=A000000141273&dispCatNo=1000001000200070004&trackingCd&curation&egcode&rccode&egrankcode,맥,MAC 아이 브로우 빅 부스트 파이버 젤,36000,36000,브루넷;스트러트,"하이드로제네이티드폴리아이소부텐,마이크로크리스탈린왁스,파라핀,폴리에틸렌,메틸메타크릴레이트크로스폴리머,다이아이소스테아릴말레이트,칸데릴라왁스추출물,나일론-6,다이스테아다이모늄헥토라이트,글리세릴디이소스테아레이트,비즈왁스,다이메티콘,나일론-66,알루미늄하이드록사이드,덱스트린미리스테이트,실리카,펜틸렌글라이콜,에탄올,토코페롤,페녹시에탄올,[+/- 마이카,티타늄디옥사이드,적색산화철,황색산화철,흑색산화철,알루미늄가루,비스머스옥시클로라이드,청색1호,청색1호 레이크,청동가루,카민,크로뮴하이드록사이드그린,크로뮴옥사이드그린,페릭암모늄페로시아나이드,페릭페로시아나이드,망가니즈바이올렛,울트라마린,황색4호,황색4호 레이크][ILN46317]
제공된 성분은 동일 제품이라도 경우에 따라 변경될 수 있습니다. 최신정보는 제품 포장의 성분을 참고하시거나 본사 고객관리지원팀으로 연락 부탁 드립니다.",모든 피부 타입,가을동화,2020.10.22,항상 사용하는 제품 인데 세일까지 해줘서 득템 ㅋ,5,_alchera_none_
