,timestamp,category,productName,urlProduct,brand,productName.1,price1,price2,Color,ingredients,skinType,username,datePublished,reviewText,score,reviewerSkinType
0,20221016_030625,파우더/팩트,MAC 엑스트라 디멘션 스킨피니쉬,https://www.oliveyoung.co.kr/store/goods/getGoodsDetail.do?goodsNo=A000000123499&dispCatNo=1000001000200010004&trackingCd&curation&egcode&rccode&egrankcode,맥,MAC 엑스트라 디멘션 스킨피니쉬,57000,57000,비밍 블러쉬;(품절) 쇼 골드,"마이카, 세테아릴에칠헥사노에이트, C12-20애씨드피이지-8에스터, 에이치디아이/트리메칠올헥실락톤크로스폴리머, 글리세린, 스쿠알란, 카라기난추출물, 에칠헥실글리세린, 디칼슘포스페이트, 카프릴릴글라이콜, 폴리소르베이트80, 1,2-헥산디올, 실리카, 합성플루오르플로고파이트, 틴옥사이드, [+/- 적색산화철, 흑색산화철, 황색산화철, 티타늄디옥사이드, 비스머스옥시클로라이드 , 청색1호, 카민, 망가니즈바이올렛, 울트라마린 , 황색4호] [ILN38363] 제공된 성분은 동일 제품이라도 경우에 따라 변경될 수 있습니다. 최신정보는 제품 포장의 성분을 참고하시거나 본사 고객관리지원팀으로 연락 부탁 드립니다.",모든 피부 타입,싹이난감자,2021.11.21,"신민아 하이라이터로 유명한 맥의 비밍 블러쉬를 구매해봤습니다. 신민아 배우님이 이 하이라이터를 바르고 인터뷰 하시는 영상을 보면 도저히 구매를 안 할래야 안 할 수가 없죠. 그 영상을 보고 나서 바로 올리브영에 접속해서 장바구니에 넣었는데 입고가 조금 씩만 되는 건지 재고가 간당간당 하길래 뭐 더 찾아보고 고민해볼 새도 없이 바로 질러 버렸답니다.

제품을 받아 보고 나서 팬색만 보고서도 ‘아, 이건 진짜다’ 싶은 제품은 맥의 비밍 블러쉬가 처음이었어요. 정말 여느 유명 노래 가사처럼 말 그대로 Shining, Shimmering, Spelndid 해서 눈길을 사로 잡더라고요. 손가락으로 한 번 쓱 문댔을 때 그 부드러움 덕분에 손가락 마디에서도 뭉친 구석 하나 없이 휘황찬란하게 빛나는데 그게 황금불상 같은 광이 아니라 뽀득뽀득하게 잘 닦인 트로피가 빛을 받았을 때 반짝 빛나는 그런 광이 난다 해야 하나요. 거기에 복숭아색이 베이스로 깔린 느낌? 그리고 한 번 바르면 밀착이 잘 되어서 지속력이 여타 로드샵 브랜드 하이라이터와 비교할 수가 없어요. 인생 하이라이터 등극했습니다. 후회없는 지름이었어요.",5,건성;웜톤;각질;모공
1,20221016_030625,파우더/팩트,MAC 엑스트라 디멘션 스킨피니쉬,https://www.oliveyoung.co.kr/store/goods/getGoodsDetail.do?goodsNo=A000000123499&dispCatNo=1000001000200010004&trackingCd&curation&egcode&rccode&egrankcode,맥,MAC 엑스트라 디멘션 스킨피니쉬,57000,57000,비밍 블러쉬;(품절) 쇼 골드,"마이카, 세테아릴에칠헥사노에이트, C12-20애씨드피이지-8에스터, 에이치디아이/트리메칠올헥실락톤크로스폴리머, 글리세린, 스쿠알란, 카라기난추출물, 에칠헥실글리세린, 디칼슘포스페이트, 카프릴릴글라이콜, 폴리소르베이트80, 1,2-헥산디올, 실리카, 합성플루오르플로고파이트, 틴옥사이드, [+/- 적색산화철, 흑색산화철, 황색산화철, 티타늄디옥사이드, 비스머스옥시클로라이드 , 청색1호, 카민, 망가니즈바이올렛, 울트라마린 , 황색4호] [ILN38363] 제공된 성분은 동일 제품이라도 경우에 따라 변경될 수 있습니다. 최신정보는 제품 포장의 성분을 참고하시거나 본사 고객관리지원팀으로 연락 부탁 드립니다.",모든 피부 타입,화장품에진심인편,2021.05.05,"여배우 하이라이터로 유명한 비밍블러쉬를 드디어 사봤습니다! 금동불상된다, 겉은 핑크인데 발라보면 너무 골드펄이다 이런 후기들을 많이 봐서 선뜻 사기 망설여졌지만 너무 잘 쓰고 있어요~ 
저는 22호 쓰는 피부인데 비밍블러쉬가 소프트앤젠틀보다는 확실히 금빛이 많이 돌아서 비밍블러쉬는 콧대보다는 볼 위주로 바르고, 소프트앤젠틀은 콧대나 턱에 바르고 있어요~
비밍블러쉬를 단독으로 쓰기 버겁다하시는 분들은 블러셔랑 섞어쓰면 좋을거 같아유! 볼이 차올라보이면서 피부표현이 넘 맘에 듭니다.. 모공, 요철이 있는 피부인데 생각보다 부각이 되지 않는 점도 만족스러웠습니다❣",5,복합성;웜톤;모공;피지과다
2,20221016_030625,파우더/팩트,MAC 엑스트라 디멘션 스킨피니쉬,https://www.oliveyoung.co.kr/store/goods/getGoodsDetail.do?goodsNo=A000000123499&dispCatNo=1000001000200010004&trackingCd&curation&egcode&rccode&egrankcode,맥,MAC 엑스트라 디멘션 스킨피니쉬,57000,57000,비밍 블러쉬;(품절) 쇼 골드,"마이카, 세테아릴에칠헥사노에이트, C12-20애씨드피이지-8에스터, 에이치디아이/트리메칠올헥실락톤크로스폴리머, 글리세린, 스쿠알란, 카라기난추출물, 에칠헥실글리세린, 디칼슘포스페이트, 카프릴릴글라이콜, 폴리소르베이트80, 1,2-헥산디올, 실리카, 합성플루오르플로고파이트, 틴옥사이드, [+/- 적색산화철, 흑색산화철, 황색산화철, 티타늄디옥사이드, 비스머스옥시클로라이드 , 청색1호, 카민, 망가니즈바이올렛, 울트라마린 , 황색4호] [ILN38363] 제공된 성분은 동일 제품이라도 경우에 따라 변경될 수 있습니다. 최신정보는 제품 포장의 성분을 참고하시거나 본사 고객관리지원팀으로 연락 부탁 드립니다.",모든 피부 타입,다유니,2021.04.02,"우와 맥 하이라이터 좋은줄은.  알고  있었는데 이렇게까지 좋을즐은 상상도 못했어요!!!  전에 한참 신민아 배우님이 쓰고 나오신 이후로. 품절까지 될 정도로 인기있었던 맥 하이라이터 비밍블러쉬 한번 사봤는데 정말 인기있는 제품은 이유가 있구나라는  생각을 가지게 해준 하이라이터 제품 입니다  
화장 다하고 마지막 단계에서 하이라이터 쌰악 발라주고. 나갔는데 햇빛에 반사 되면서 엄청 고급스러운 광이 돌아요!!! 
정말 너무 좋습니다..  이거 올려준 날에는 만나는 사람들마다 하이라이터 뭐냐고 물어보고 장난아니었어요 ㅎ
맥 할인 하고 있길래 구매 해봤는데 너무 너무 만족스러워요💕",5,건성;쿨톤;민감성;트러블
3,20221016_030625,파우더/팩트,MAC 엑스트라 디멘션 스킨피니쉬,https://www.oliveyoung.co.kr/store/goods/getGoodsDetail.do?goodsNo=A000000123499&dispCatNo=1000001000200010004&trackingCd&curation&egcode&rccode&egrankcode,맥,MAC 엑스트라 디멘션 스킨피니쉬,57000,57000,비밍 블러쉬;(품절) 쇼 골드,"마이카, 세테아릴에칠헥사노에이트, C12-20애씨드피이지-8에스터, 에이치디아이/트리메칠올헥실락톤크로스폴리머, 글리세린, 스쿠알란, 카라기난추출물, 에칠헥실글리세린, 디칼슘포스페이트, 카프릴릴글라이콜, 폴리소르베이트80, 1,2-헥산디올, 실리카, 합성플루오르플로고파이트, 틴옥사이드, [+/- 적색산화철, 흑색산화철, 황색산화철, 티타늄디옥사이드, 비스머스옥시클로라이드 , 청색1호, 카민, 망가니즈바이올렛, 울트라마린 , 황색4호] [ILN38363] 제공된 성분은 동일 제품이라도 경우에 따라 변경될 수 있습니다. 최신정보는 제품 포장의 성분을 참고하시거나 본사 고객관리지원팀으로 연락 부탁 드립니다.",모든 피부 타입,김탱구리,2021.11.01,"원래 하이라이터 잘 하지 않았는데 
한살 한살 먹으면서 흠ㅋㅎ.. 세워야겠더라구요ㅋㅋ
그리고 잘 하지않는 이유중에 하나가 
요철때문에 지속시간이 오래되면 금방 떠서 
모공끼임으로 이어지거나 그로인해 피부가 
굉장히 안좋아져서 그냥 안했는데.
맥 할인도 들어가고 쿠폰도 있고해서 
진짜 그냥 별생각없이 산거 였어요ㅋㅋ
근데 손가락에 슥 터치해보니 너무 부드럽게 발리고 
입자 라고 할것도 없는 진짜 부드러운 텍스처에요.
가볍게 묻어나는데,한번만 터칭해줘도 
콧대가 살아나겠더라구요.
따로 브러쉬가 필요없는거 같아요.
골드빛이 확실하게 자리잡아서 콧대가 장난아니네요.
뭔가 시상식 정도는 가줘야 할 골드빛이에요ㅋㅋ
그래서 진짜 한번으로 두손가락에 노나서 
소량으로 톡톡!만 해줘도 충분히 콧대 살아날것 같습니다.
지속력도 반나절정도 요철없이 잘 살아있네요~
오래 쓸것 같아요~",5,복합성;웜톤;민감성;블랙헤드
4,20221016_030625,파우더/팩트,MAC 엑스트라 디멘션 스킨피니쉬,https://www.oliveyoung.co.kr/store/goods/getGoodsDetail.do?goodsNo=A000000123499&dispCatNo=1000001000200010004&trackingCd&curation&egcode&rccode&egrankcode,맥,MAC 엑스트라 디멘션 스킨피니쉬,57000,57000,비밍 블러쉬;(품절) 쇼 골드,"마이카, 세테아릴에칠헥사노에이트, C12-20애씨드피이지-8에스터, 에이치디아이/트리메칠올헥실락톤크로스폴리머, 글리세린, 스쿠알란, 카라기난추출물, 에칠헥실글리세린, 디칼슘포스페이트, 카프릴릴글라이콜, 폴리소르베이트80, 1,2-헥산디올, 실리카, 합성플루오르플로고파이트, 틴옥사이드, [+/- 적색산화철, 흑색산화철, 황색산화철, 티타늄디옥사이드, 비스머스옥시클로라이드 , 청색1호, 카민, 망가니즈바이올렛, 울트라마린 , 황색4호] [ILN38363] 제공된 성분은 동일 제품이라도 경우에 따라 변경될 수 있습니다. 최신정보는 제품 포장의 성분을 참고하시거나 본사 고객관리지원팀으로 연락 부탁 드립니다.",모든 피부 타입,민다,2021.04.04,"솔직히 처음 딱 발색해봤을 때 생각보다 입자가 큰 것 같아서 얼굴에 너무 티나는 건가 싶었는데, 시간이 점점 지날수록 예쁘게 표현되는 아이템이었어요!! 빛을 받으면 은은하게 핑크빛이 뿜뿜하고, 빛이 없으면 살며시 숨는 그런 매력이 있어요! 외출 하기 전에는 입자가 굵어보였지만 시간 좀 지나면 내 피부에 자연스러워지고 투명해져서 진짜 살짝살짝 포인트가 되는 꿀템인 것 같습니다. 매일매일 슥슥 발라도 될 것 같아요!!",5,지성;웜톤;각질;모공
5,20221016_030626,파우더/팩트,MAC 엑스트라 디멘션 스킨피니쉬,https://www.oliveyoung.co.kr/store/goods/getGoodsDetail.do?goodsNo=A000000123499&dispCatNo=1000001000200010004&trackingCd&curation&egcode&rccode&egrankcode,맥,MAC 엑스트라 디멘션 스킨피니쉬,57000,57000,비밍 블러쉬;(품절) 쇼 골드,"마이카, 세테아릴에칠헥사노에이트, C12-20애씨드피이지-8에스터, 에이치디아이/트리메칠올헥실락톤크로스폴리머, 글리세린, 스쿠알란, 카라기난추출물, 에칠헥실글리세린, 디칼슘포스페이트, 카프릴릴글라이콜, 폴리소르베이트80, 1,2-헥산디올, 실리카, 합성플루오르플로고파이트, 틴옥사이드, [+/- 적색산화철, 흑색산화철, 황색산화철, 티타늄디옥사이드, 비스머스옥시클로라이드 , 청색1호, 카민, 망가니즈바이올렛, 울트라마린 , 황색4호] [ILN38363] 제공된 성분은 동일 제품이라도 경우에 따라 변경될 수 있습니다. 최신정보는 제품 포장의 성분을 참고하시거나 본사 고객관리지원팀으로 연락 부탁 드립니다.",모든 피부 타입,ddon,2020.09.17,"지인들 추천으로 맥 스킨피니쉬 하이라이터를 처음 구매해보는데요, 일단 입자가 곱고 발림성이 좋아요. 비밍블러쉬 색상이 실제로 봤을 때에는 핑크빛이 돌아서 웜톤인 나한테 맞을까 걱정했는데, 바르면 고급스러운 골드 빛으로 연출 돼요. 그래서 웜톤인 저한테도 잘 맞더라구요! 아마 하이라이터는 이걸로 정착하게 될 것 같네요! 사진으로 찍었을 때에는 색상이 제대로 표현이 안되어서 실제와 가장 가까운 느낌을 데려왔습니다~ 웜톤분들께 도움이 되었길 바라요",5,건성;웜톤;미백;민감성
6,20221016_030626,파우더/팩트,MAC 엑스트라 디멘션 스킨피니쉬,https://www.oliveyoung.co.kr/store/goods/getGoodsDetail.do?goodsNo=A000000123499&dispCatNo=1000001000200010004&trackingCd&curation&egcode&rccode&egrankcode,맥,MAC 엑스트라 디멘션 스킨피니쉬,57000,57000,비밍 블러쉬;(품절) 쇼 골드,"마이카, 세테아릴에칠헥사노에이트, C12-20애씨드피이지-8에스터, 에이치디아이/트리메칠올헥실락톤크로스폴리머, 글리세린, 스쿠알란, 카라기난추출물, 에칠헥실글리세린, 디칼슘포스페이트, 카프릴릴글라이콜, 폴리소르베이트80, 1,2-헥산디올, 실리카, 합성플루오르플로고파이트, 틴옥사이드, [+/- 적색산화철, 흑색산화철, 황색산화철, 티타늄디옥사이드, 비스머스옥시클로라이드 , 청색1호, 카민, 망가니즈바이올렛, 울트라마린 , 황색4호] [ILN38363] 제공된 성분은 동일 제품이라도 경우에 따라 변경될 수 있습니다. 최신정보는 제품 포장의 성분을 참고하시거나 본사 고객관리지원팀으로 연락 부탁 드립니다.",모든 피부 타입,요거트다내꺼,2022.02.21,"예전부터 사고싶었던 하이라이터예요
기존에 맥 오로라, 소프트앤젠틀 제품을 하이라이터로 사용했었는데 오로라는 자연스럽다기보다는 양 조절 실패하면 엄청 티나는 제품이지만 그래도 한번씩 쓰기 좋았고, 소프트앤젠틀은 진짜 자연스럽고 우아해서 데일리로 써요 ㅎㅎ
그러다가 비밍블러쉬를 새롭게 사봤는데 진짜 너무 예쁜것 같아요!!!

자연스러운 핑크톤의 하이라이터라서 콧대, 눈썹 위, 이마라인에 얇게 쓱 쓸어주면 생기있어보이기까지 해요 ㅎㅎ
너무너무 맘에 듭니다
요즘은 소프트앤젠틀보다 이걸 훨씬 자주 사용하고 있어요

하이라이터가 별거 아닌듯해도 아주 가볍게 쓸어줘도 얼굴이 확실히 입체적으로 보이는 것 같아서 늘 사용하는 단계예요!
특히 하이라이터는 맥이 최고이고,, 하나쯤 써볼만해요 ㅎㅎ
봄여름에 비밍블러쉬 넘 예쁠 것 같네요",5,민감성;여름쿨톤;민감성;트러블
7,20221016_030626,파우더/팩트,MAC 엑스트라 디멘션 스킨피니쉬,https://www.oliveyoung.co.kr/store/goods/getGoodsDetail.do?goodsNo=A000000123499&dispCatNo=1000001000200010004&trackingCd&curation&egcode&rccode&egrankcode,맥,MAC 엑스트라 디멘션 스킨피니쉬,57000,57000,비밍 블러쉬;(품절) 쇼 골드,"마이카, 세테아릴에칠헥사노에이트, C12-20애씨드피이지-8에스터, 에이치디아이/트리메칠올헥실락톤크로스폴리머, 글리세린, 스쿠알란, 카라기난추출물, 에칠헥실글리세린, 디칼슘포스페이트, 카프릴릴글라이콜, 폴리소르베이트80, 1,2-헥산디올, 실리카, 합성플루오르플로고파이트, 틴옥사이드, [+/- 적색산화철, 흑색산화철, 황색산화철, 티타늄디옥사이드, 비스머스옥시클로라이드 , 청색1호, 카민, 망가니즈바이올렛, 울트라마린 , 황색4호] [ILN38363] 제공된 성분은 동일 제품이라도 경우에 따라 변경될 수 있습니다. 최신정보는 제품 포장의 성분을 참고하시거나 본사 고객관리지원팀으로 연락 부탁 드립니다.",모든 피부 타입,루이,2020.05.16,유명하다고해서 샀는데 펜티뷰티 허슬라베이비와 거의 흡사해요. 위에가 팬티뷰티 밑에가 맥 맥이좀더 핑크빛이도는 느낌~,4,복합성;웜톤;각질;모공
8,20221016_030626,파우더/팩트,MAC 엑스트라 디멘션 스킨피니쉬,https://www.oliveyoung.co.kr/store/goods/getGoodsDetail.do?goodsNo=A000000123499&dispCatNo=1000001000200010004&trackingCd&curation&egcode&rccode&egrankcode,맥,MAC 엑스트라 디멘션 스킨피니쉬,57000,57000,비밍 블러쉬;(품절) 쇼 골드,"마이카, 세테아릴에칠헥사노에이트, C12-20애씨드피이지-8에스터, 에이치디아이/트리메칠올헥실락톤크로스폴리머, 글리세린, 스쿠알란, 카라기난추출물, 에칠헥실글리세린, 디칼슘포스페이트, 카프릴릴글라이콜, 폴리소르베이트80, 1,2-헥산디올, 실리카, 합성플루오르플로고파이트, 틴옥사이드, [+/- 적색산화철, 흑색산화철, 황색산화철, 티타늄디옥사이드, 비스머스옥시클로라이드 , 청색1호, 카민, 망가니즈바이올렛, 울트라마린 , 황색4호] [ILN38363] 제공된 성분은 동일 제품이라도 경우에 따라 변경될 수 있습니다. 최신정보는 제품 포장의 성분을 참고하시거나 본사 고객관리지원팀으로 연락 부탁 드립니다.",모든 피부 타입,seungyo****,2019.08.28,"완전 인생하이라이터가 됐어요!!!
진짜 써보세요!! 발색력 장난아니고 지속력도 진짜 좋아요
그냥 얼굴에서 빛이나요ㅎ",5,건성;웜톤;각질;모공
9,20221016_030627,파우더/팩트,MAC 엑스트라 디멘션 스킨피니쉬,https://www.oliveyoung.co.kr/store/goods/getGoodsDetail.do?goodsNo=A000000123499&dispCatNo=1000001000200010004&trackingCd&curation&egcode&rccode&egrankcode,맥,MAC 엑스트라 디멘션 스킨피니쉬,57000,57000,비밍 블러쉬;(품절) 쇼 골드,"마이카, 세테아릴에칠헥사노에이트, C12-20애씨드피이지-8에스터, 에이치디아이/트리메칠올헥실락톤크로스폴리머, 글리세린, 스쿠알란, 카라기난추출물, 에칠헥실글리세린, 디칼슘포스페이트, 카프릴릴글라이콜, 폴리소르베이트80, 1,2-헥산디올, 실리카, 합성플루오르플로고파이트, 틴옥사이드, [+/- 적색산화철, 흑색산화철, 황색산화철, 티타늄디옥사이드, 비스머스옥시클로라이드 , 청색1호, 카민, 망가니즈바이올렛, 울트라마린 , 황색4호] [ILN38363] 제공된 성분은 동일 제품이라도 경우에 따라 변경될 수 있습니다. 최신정보는 제품 포장의 성분을 참고하시거나 본사 고객관리지원팀으로 연락 부탁 드립니다.",모든 피부 타입,wldochl6455,2021.06.05,"보기엔 핑크골드컬러같은데 발색은 골드핑크에요ㅋㅋ
말장난 같은데 직접 보시고 발색해보시면 공감하실거에요 ㅋㅋ
입자는 고운편이고 컬러가 골드골드 해서 쿨톤메이크업보단 웜톤메이크업에 찰떡일듯해용
피부 어두우신 분들이 더 잘어울릴거같아요 ㅋㅋ",5,복합성;웜톤;모공;미백
10,20221016_030629,파우더/팩트,MAC 엑스트라 디멘션 스킨피니쉬,https://www.oliveyoung.co.kr/store/goods/getGoodsDetail.do?goodsNo=A000000123499&dispCatNo=1000001000200010004&trackingCd&curation&egcode&rccode&egrankcode,맥,MAC 엑스트라 디멘션 스킨피니쉬,57000,57000,비밍 블러쉬;(품절) 쇼 골드,"마이카, 세테아릴에칠헥사노에이트, C12-20애씨드피이지-8에스터, 에이치디아이/트리메칠올헥실락톤크로스폴리머, 글리세린, 스쿠알란, 카라기난추출물, 에칠헥실글리세린, 디칼슘포스페이트, 카프릴릴글라이콜, 폴리소르베이트80, 1,2-헥산디올, 실리카, 합성플루오르플로고파이트, 틴옥사이드, [+/- 적색산화철, 흑색산화철, 황색산화철, 티타늄디옥사이드, 비스머스옥시클로라이드 , 청색1호, 카민, 망가니즈바이올렛, 울트라마린 , 황색4호] [ILN38363] 제공된 성분은 동일 제품이라도 경우에 따라 변경될 수 있습니다. 최신정보는 제품 포장의 성분을 참고하시거나 본사 고객관리지원팀으로 연락 부탁 드립니다.",모든 피부 타입,mytlranf,2020.06.07,"신민아 하이라이터로 유명하다쥬,, 그짤은 정말 안보고는 살수없게만드는,, 분명제품은 핑크색인데 골드빛이 많이 돌아 조금 양조잘을 해줘야하긴하지만 촤르르르르 손에만 발라도 이뻐요 너무 이뻐요",4,복합성;웜톤;모공;민감성
11,20221016_030630,파우더/팩트,MAC 엑스트라 디멘션 스킨피니쉬,https://www.oliveyoung.co.kr/store/goods/getGoodsDetail.do?goodsNo=A000000123499&dispCatNo=1000001000200010004&trackingCd&curation&egcode&rccode&egrankcode,맥,MAC 엑스트라 디멘션 스킨피니쉬,57000,57000,비밍 블러쉬;(품절) 쇼 골드,"마이카, 세테아릴에칠헥사노에이트, C12-20애씨드피이지-8에스터, 에이치디아이/트리메칠올헥실락톤크로스폴리머, 글리세린, 스쿠알란, 카라기난추출물, 에칠헥실글리세린, 디칼슘포스페이트, 카프릴릴글라이콜, 폴리소르베이트80, 1,2-헥산디올, 실리카, 합성플루오르플로고파이트, 틴옥사이드, [+/- 적색산화철, 흑색산화철, 황색산화철, 티타늄디옥사이드, 비스머스옥시클로라이드 , 청색1호, 카민, 망가니즈바이올렛, 울트라마린 , 황색4호] [ILN38363] 제공된 성분은 동일 제품이라도 경우에 따라 변경될 수 있습니다. 최신정보는 제품 포장의 성분을 참고하시거나 본사 고객관리지원팀으로 연락 부탁 드립니다.",모든 피부 타입,Judy5,2020.01.22,"입자가 고와서 자연스럽고 화사하게 발색되네요 
고민했는데 빨리 사서 쓰는게 좋았을것 같아요 ㅋㅋ
핑크펄이 정말 예뻐요",5,복합성;쿨톤;탄력;홍조
12,20221016_030631,파우더/팩트,MAC 엑스트라 디멘션 스킨피니쉬,https://www.oliveyoung.co.kr/store/goods/getGoodsDetail.do?goodsNo=A000000123499&dispCatNo=1000001000200010004&trackingCd&curation&egcode&rccode&egrankcode,맥,MAC 엑스트라 디멘션 스킨피니쉬,57000,57000,비밍 블러쉬;(품절) 쇼 골드,"마이카, 세테아릴에칠헥사노에이트, C12-20애씨드피이지-8에스터, 에이치디아이/트리메칠올헥실락톤크로스폴리머, 글리세린, 스쿠알란, 카라기난추출물, 에칠헥실글리세린, 디칼슘포스페이트, 카프릴릴글라이콜, 폴리소르베이트80, 1,2-헥산디올, 실리카, 합성플루오르플로고파이트, 틴옥사이드, [+/- 적색산화철, 흑색산화철, 황색산화철, 티타늄디옥사이드, 비스머스옥시클로라이드 , 청색1호, 카민, 망가니즈바이올렛, 울트라마린 , 황색4호] [ILN38363] 제공된 성분은 동일 제품이라도 경우에 따라 변경될 수 있습니다. 최신정보는 제품 포장의 성분을 참고하시거나 본사 고객관리지원팀으로 연락 부탁 드립니다.",모든 피부 타입,strikem****,2020.08.03,골드빛이 강한 하이라이터입니다. 색 있는 블러셔를 먼저 바르고 이거 바르면 고급스러움이 더해집니다. 아침에 바르고 출근하면 저녁 때까지도 골드빛이 살아있습니다. 지속력이 엄청 나요. 골드빔이 좌르르~~,5,_alchera_none_
13,20221016_030632,파우더/팩트,MAC 엑스트라 디멘션 스킨피니쉬,https://www.oliveyoung.co.kr/store/goods/getGoodsDetail.do?goodsNo=A000000123499&dispCatNo=1000001000200010004&trackingCd&curation&egcode&rccode&egrankcode,맥,MAC 엑스트라 디멘션 스킨피니쉬,57000,57000,비밍 블러쉬;(품절) 쇼 골드,"마이카, 세테아릴에칠헥사노에이트, C12-20애씨드피이지-8에스터, 에이치디아이/트리메칠올헥실락톤크로스폴리머, 글리세린, 스쿠알란, 카라기난추출물, 에칠헥실글리세린, 디칼슘포스페이트, 카프릴릴글라이콜, 폴리소르베이트80, 1,2-헥산디올, 실리카, 합성플루오르플로고파이트, 틴옥사이드, [+/- 적색산화철, 흑색산화철, 황색산화철, 티타늄디옥사이드, 비스머스옥시클로라이드 , 청색1호, 카민, 망가니즈바이올렛, 울트라마린 , 황색4호] [ILN38363] 제공된 성분은 동일 제품이라도 경우에 따라 변경될 수 있습니다. 최신정보는 제품 포장의 성분을 참고하시거나 본사 고객관리지원팀으로 연락 부탁 드립니다.",모든 피부 타입,힙또리,2020.09.27,맥 색조제품 잘 쓰는데 특히 하이라이터 종류는 정말 최강인거 같아요 20대 되면서 맥에 입문하면서 쭉 쓰던 스킨피니쉬 종류는 쭉 30대가 넘은 지금까지 쓰는 애착템입니다. 신민아 배우가 썼다는 말한마디에 구매해서 화장할때 마다 꼭 사용하며 은은하면서 입자가 고와서 넘나 만족해요! 다쓰면 또 쟁여서 쓸꺼같고 아마 화장을 그만 두는 마지막 까지 쭉 사용할꺼예요 ㅋㅋ,5,_alchera_none_
14,20221016_030632,파우더/팩트,MAC 엑스트라 디멘션 스킨피니쉬,https://www.oliveyoung.co.kr/store/goods/getGoodsDetail.do?goodsNo=A000000123499&dispCatNo=1000001000200010004&trackingCd&curation&egcode&rccode&egrankcode,맥,MAC 엑스트라 디멘션 스킨피니쉬,57000,57000,비밍 블러쉬;(품절) 쇼 골드,"마이카, 세테아릴에칠헥사노에이트, C12-20애씨드피이지-8에스터, 에이치디아이/트리메칠올헥실락톤크로스폴리머, 글리세린, 스쿠알란, 카라기난추출물, 에칠헥실글리세린, 디칼슘포스페이트, 카프릴릴글라이콜, 폴리소르베이트80, 1,2-헥산디올, 실리카, 합성플루오르플로고파이트, 틴옥사이드, [+/- 적색산화철, 흑색산화철, 황색산화철, 티타늄디옥사이드, 비스머스옥시클로라이드 , 청색1호, 카민, 망가니즈바이올렛, 울트라마린 , 황색4호] [ILN38363] 제공된 성분은 동일 제품이라도 경우에 따라 변경될 수 있습니다. 최신정보는 제품 포장의 성분을 참고하시거나 본사 고객관리지원팀으로 연락 부탁 드립니다.",모든 피부 타입,럽코스메,2020.04.26,"핑크에 골드빛♡♡  비빙 산뒤 넘맘에 들어서 샀구요

쿨톤에 핑크화장 좋아해서 이것도 산건데
둘다있음 좋지만 비밍이 더 자연스럽고.기존에
블러셔 갖고 있는거랑 같이 쓰기좋을듯해요

부자된 기분이에요 둘다있으면^^",5,건성;쿨톤;미백;잡티
15,20221016_030632,파우더/팩트,MAC 엑스트라 디멘션 스킨피니쉬,https://www.oliveyoung.co.kr/store/goods/getGoodsDetail.do?goodsNo=A000000123499&dispCatNo=1000001000200010004&trackingCd&curation&egcode&rccode&egrankcode,맥,MAC 엑스트라 디멘션 스킨피니쉬,57000,57000,비밍 블러쉬;(품절) 쇼 골드,"마이카, 세테아릴에칠헥사노에이트, C12-20애씨드피이지-8에스터, 에이치디아이/트리메칠올헥실락톤크로스폴리머, 글리세린, 스쿠알란, 카라기난추출물, 에칠헥실글리세린, 디칼슘포스페이트, 카프릴릴글라이콜, 폴리소르베이트80, 1,2-헥산디올, 실리카, 합성플루오르플로고파이트, 틴옥사이드, [+/- 적색산화철, 흑색산화철, 황색산화철, 티타늄디옥사이드, 비스머스옥시클로라이드 , 청색1호, 카민, 망가니즈바이올렛, 울트라마린 , 황색4호] [ILN38363] 제공된 성분은 동일 제품이라도 경우에 따라 변경될 수 있습니다. 최신정보는 제품 포장의 성분을 참고하시거나 본사 고객관리지원팀으로 연락 부탁 드립니다.",모든 피부 타입,럽코스메,2020.04.22,"비밍 샀는데 바로 쇼골드도  지름요
핑크에 골드냐 골드에 핑크냐 인거같아요 ㅎㅎ
손으로 톡톡 바르는데 피부가 완전 좋아보이고
화장의 완성 된 느낌이에요 ~~
커서 오래 잘 쓸것같아요♡",5,복합성;쿨톤;미백;잡티
16,20221016_030632,파우더/팩트,MAC 엑스트라 디멘션 스킨피니쉬,https://www.oliveyoung.co.kr/store/goods/getGoodsDetail.do?goodsNo=A000000123499&dispCatNo=1000001000200010004&trackingCd&curation&egcode&rccode&egrankcode,맥,MAC 엑스트라 디멘션 스킨피니쉬,57000,57000,비밍 블러쉬;(품절) 쇼 골드,"마이카, 세테아릴에칠헥사노에이트, C12-20애씨드피이지-8에스터, 에이치디아이/트리메칠올헥실락톤크로스폴리머, 글리세린, 스쿠알란, 카라기난추출물, 에칠헥실글리세린, 디칼슘포스페이트, 카프릴릴글라이콜, 폴리소르베이트80, 1,2-헥산디올, 실리카, 합성플루오르플로고파이트, 틴옥사이드, [+/- 적색산화철, 흑색산화철, 황색산화철, 티타늄디옥사이드, 비스머스옥시클로라이드 , 청색1호, 카민, 망가니즈바이올렛, 울트라마린 , 황색4호] [ILN38363] 제공된 성분은 동일 제품이라도 경우에 따라 변경될 수 있습니다. 최신정보는 제품 포장의 성분을 참고하시거나 본사 고객관리지원팀으로 연락 부탁 드립니다.",모든 피부 타입,lsk9786,2019.11.29,입자가 매우고아서 오히려 가루날림이 좀 있습니다. 골드펄이 있어 하이라이터 효과가 더욱 극대화가 되며 조금만 발라도 효과가 더 크게 나타나는 것 같습니다. 용량도 커서 가격에 비해도 꽤 오래 쓸 것 같아요,5,건성;쿨톤;모공;잡티
17,20221016_030633,파우더/팩트,MAC 엑스트라 디멘션 스킨피니쉬,https://www.oliveyoung.co.kr/store/goods/getGoodsDetail.do?goodsNo=A000000123499&dispCatNo=1000001000200010004&trackingCd&curation&egcode&rccode&egrankcode,맥,MAC 엑스트라 디멘션 스킨피니쉬,57000,57000,비밍 블러쉬;(품절) 쇼 골드,"마이카, 세테아릴에칠헥사노에이트, C12-20애씨드피이지-8에스터, 에이치디아이/트리메칠올헥실락톤크로스폴리머, 글리세린, 스쿠알란, 카라기난추출물, 에칠헥실글리세린, 디칼슘포스페이트, 카프릴릴글라이콜, 폴리소르베이트80, 1,2-헥산디올, 실리카, 합성플루오르플로고파이트, 틴옥사이드, [+/- 적색산화철, 흑색산화철, 황색산화철, 티타늄디옥사이드, 비스머스옥시클로라이드 , 청색1호, 카민, 망가니즈바이올렛, 울트라마린 , 황색4호] [ILN38363] 제공된 성분은 동일 제품이라도 경우에 따라 변경될 수 있습니다. 최신정보는 제품 포장의 성분을 참고하시거나 본사 고객관리지원팀으로 연락 부탁 드립니다.",모든 피부 타입,tngus****,2021.03.12,"옛날에 진짜 바닥 보일때까지 썼던 제품인데 화장을 간소화시켜서 끊었다가 오랜만에 구매해봤어요! 그때 이거 바르고다니면 주변에서 얼굴에 뭐 바른거냐고 다 물어볼 정도였어요 ㅋㅋㅋ 진짜 예쁜 핑크빔이에요 이름은 쇼골드지만 발색은 핑크 느낌이 더 많이 나요. 쿨톤에 추천!
다만 제가 너무 오랜만에 사용해서 그런지 펄이 원래 이렇게 많았나 싶은데ㅠㅠ 제 기준엔 펄이 좀 과해요 펄이 진짜진짜 많아요....펄 싫어하시는 분들은 비추입니다ㅜㅜ
그리고 조금 단단하다보니 너무 곱고 부드러운 브러쉬로 쓸면 펄만 쓸리고 핑크빔은 안 쓸려요. 손으로 쓸거나 좀 단단한 모질의 브러쉬로 쓸어야 발색 잘 됩니다... 부드러운 브러쉬로 쓸어서 올렸다가 얼굴에 펄만 자글자글 번쩍이길래 놀랐어요 (;´༎ຶ۝༎ຶ`) 궁합이 잘 맞는 도구를 구비하셔야 만족스럽게 사용 가능하실듯해요",4,_alchera_none_
18,20221016_030635,파우더/팩트,MAC 엑스트라 디멘션 스킨피니쉬,https://www.oliveyoung.co.kr/store/goods/getGoodsDetail.do?goodsNo=A000000123499&dispCatNo=1000001000200010004&trackingCd&curation&egcode&rccode&egrankcode,맥,MAC 엑스트라 디멘션 스킨피니쉬,57000,57000,비밍 블러쉬;(품절) 쇼 골드,"마이카, 세테아릴에칠헥사노에이트, C12-20애씨드피이지-8에스터, 에이치디아이/트리메칠올헥실락톤크로스폴리머, 글리세린, 스쿠알란, 카라기난추출물, 에칠헥실글리세린, 디칼슘포스페이트, 카프릴릴글라이콜, 폴리소르베이트80, 1,2-헥산디올, 실리카, 합성플루오르플로고파이트, 틴옥사이드, [+/- 적색산화철, 흑색산화철, 황색산화철, 티타늄디옥사이드, 비스머스옥시클로라이드 , 청색1호, 카민, 망가니즈바이올렛, 울트라마린 , 황색4호] [ILN38363] 제공된 성분은 동일 제품이라도 경우에 따라 변경될 수 있습니다. 최신정보는 제품 포장의 성분을 참고하시거나 본사 고객관리지원팀으로 연락 부탁 드립니다.",모든 피부 타입,수나물,2020.06.08,맥 비밍블러쉬 매장에서 사고싶었는데 올리브영에서 입점되었다고 해서 바로 구매 했습니다 !!! 맥 세일 많이 해주세요 ㅎㅎㅎ,5,_alchera_none_
19,20221016_030636,파우더/팩트,MAC 엑스트라 디멘션 스킨피니쉬,https://www.oliveyoung.co.kr/store/goods/getGoodsDetail.do?goodsNo=A000000123499&dispCatNo=1000001000200010004&trackingCd&curation&egcode&rccode&egrankcode,맥,MAC 엑스트라 디멘션 스킨피니쉬,57000,57000,비밍 블러쉬;(품절) 쇼 골드,"마이카, 세테아릴에칠헥사노에이트, C12-20애씨드피이지-8에스터, 에이치디아이/트리메칠올헥실락톤크로스폴리머, 글리세린, 스쿠알란, 카라기난추출물, 에칠헥실글리세린, 디칼슘포스페이트, 카프릴릴글라이콜, 폴리소르베이트80, 1,2-헥산디올, 실리카, 합성플루오르플로고파이트, 틴옥사이드, [+/- 적색산화철, 흑색산화철, 황색산화철, 티타늄디옥사이드, 비스머스옥시클로라이드 , 청색1호, 카민, 망가니즈바이올렛, 울트라마린 , 황색4호] [ILN38363] 제공된 성분은 동일 제품이라도 경우에 따라 변경될 수 있습니다. 최신정보는 제품 포장의 성분을 참고하시거나 본사 고객관리지원팀으로 연락 부탁 드립니다.",모든 피부 타입,건성민감예민,2020.05.24,"가지고있는 맥 블러셔 브러쉬로 한번 사용해봤는데 발색이 생각보다약해서 다른 브러쉬로 올려봐야할듯
쇼골드랑 고민하다가 쇼골드는 핑크빔이 좀 부담스러워서 요걸로구매!

;택배배송중에 문제가생긴건지 개봉하자마자 팬이 분리되서 고대로 떨어져나오길래 바로 교환요청해서 교환받아서 정작 사용하려던 날에는 사용하지못했지만ㅠ 교환처리도 빨랐고 할인된가격으로 구매해서 만족..!",5,_alchera_none_
20,20221016_030639,파우더/팩트,MAC 엑스트라 디멘션 스킨피니쉬,https://www.oliveyoung.co.kr/store/goods/getGoodsDetail.do?goodsNo=A000000123499&dispCatNo=1000001000200010004&trackingCd&curation&egcode&rccode&egrankcode,맥,MAC 엑스트라 디멘션 스킨피니쉬,57000,57000,비밍 블러쉬;(품절) 쇼 골드,"마이카, 세테아릴에칠헥사노에이트, C12-20애씨드피이지-8에스터, 에이치디아이/트리메칠올헥실락톤크로스폴리머, 글리세린, 스쿠알란, 카라기난추출물, 에칠헥실글리세린, 디칼슘포스페이트, 카프릴릴글라이콜, 폴리소르베이트80, 1,2-헥산디올, 실리카, 합성플루오르플로고파이트, 틴옥사이드, [+/- 적색산화철, 흑색산화철, 황색산화철, 티타늄디옥사이드, 비스머스옥시클로라이드 , 청색1호, 카민, 망가니즈바이올렛, 울트라마린 , 황색4호] [ILN38363] 제공된 성분은 동일 제품이라도 경우에 따라 변경될 수 있습니다. 최신정보는 제품 포장의 성분을 참고하시거나 본사 고객관리지원팀으로 연락 부탁 드립니다.",모든 피부 타입,꾸기,2020.04.07,이름 참 잘지은거같아요 스킨피니쉬...말그대로임,5,_alchera_none_
21,20221016_030640,파우더/팩트,MAC 엑스트라 디멘션 스킨피니쉬,https://www.oliveyoung.co.kr/store/goods/getGoodsDetail.do?goodsNo=A000000123499&dispCatNo=1000001000200010004&trackingCd&curation&egcode&rccode&egrankcode,맥,MAC 엑스트라 디멘션 스킨피니쉬,57000,57000,비밍 블러쉬;(품절) 쇼 골드,"마이카, 세테아릴에칠헥사노에이트, C12-20애씨드피이지-8에스터, 에이치디아이/트리메칠올헥실락톤크로스폴리머, 글리세린, 스쿠알란, 카라기난추출물, 에칠헥실글리세린, 디칼슘포스페이트, 카프릴릴글라이콜, 폴리소르베이트80, 1,2-헥산디올, 실리카, 합성플루오르플로고파이트, 틴옥사이드, [+/- 적색산화철, 흑색산화철, 황색산화철, 티타늄디옥사이드, 비스머스옥시클로라이드 , 청색1호, 카민, 망가니즈바이올렛, 울트라마린 , 황색4호] [ILN38363] 제공된 성분은 동일 제품이라도 경우에 따라 변경될 수 있습니다. 최신정보는 제품 포장의 성분을 참고하시거나 본사 고객관리지원팀으로 연락 부탁 드립니다.",모든 피부 타입,bbbb,2020.03.21,아직 써보진않았지만 좋다는 얘길 많이들어서 매장가서 사봤어요,5,_alchera_none_
22,20221016_030641,파우더/팩트,MAC 엑스트라 디멘션 스킨피니쉬,https://www.oliveyoung.co.kr/store/goods/getGoodsDetail.do?goodsNo=A000000123499&dispCatNo=1000001000200010004&trackingCd&curation&egcode&rccode&egrankcode,맥,MAC 엑스트라 디멘션 스킨피니쉬,57000,57000,비밍 블러쉬;(품절) 쇼 골드,"마이카, 세테아릴에칠헥사노에이트, C12-20애씨드피이지-8에스터, 에이치디아이/트리메칠올헥실락톤크로스폴리머, 글리세린, 스쿠알란, 카라기난추출물, 에칠헥실글리세린, 디칼슘포스페이트, 카프릴릴글라이콜, 폴리소르베이트80, 1,2-헥산디올, 실리카, 합성플루오르플로고파이트, 틴옥사이드, [+/- 적색산화철, 흑색산화철, 황색산화철, 티타늄디옥사이드, 비스머스옥시클로라이드 , 청색1호, 카민, 망가니즈바이올렛, 울트라마린 , 황색4호] [ILN38363] 제공된 성분은 동일 제품이라도 경우에 따라 변경될 수 있습니다. 최신정보는 제품 포장의 성분을 참고하시거나 본사 고객관리지원팀으로 연락 부탁 드립니다.",모든 피부 타입,selly****,2020.07.21,"첫 배송떄 상품이 깨져서 와서 교환신청했는데 정말 또 똑같이 깨져서 왔어요
파손건으로 교환신청을 한건데 교환받은 제품도 어떻게 동일하게 보내실수가 있죠? 배송과정상 문제가 아니라 포장 자체가 문제인거 같네요
파손되기 쉬운상품이면 적어도 뽁뽁이 포장이라도 해주셔야되는거 아닌가요
저렇게 비닐 사이에 끼워둔것도 아니고 저 부푼 비닐 밑에 그냥 상품이 있으니 파손될수 밖에 없는거 아닌가요?
재교환 신청할껀데 맞교환으로 해주세요
상품 회수된 후에 새제품 보내지 마시고 반품상품 회수하러 오시면서 맞교환 처리로 진행해주세요
벌써 두번째 이렇게 파손된 상태로 오니 너무 불쾌하네요",1,_alchera_none_
23,20221016_030642,파우더/팩트,MAC 엑스트라 디멘션 스킨피니쉬,https://www.oliveyoung.co.kr/store/goods/getGoodsDetail.do?goodsNo=A000000123499&dispCatNo=1000001000200010004&trackingCd&curation&egcode&rccode&egrankcode,맥,MAC 엑스트라 디멘션 스킨피니쉬,57000,57000,비밍 블러쉬;(품절) 쇼 골드,"마이카, 세테아릴에칠헥사노에이트, C12-20애씨드피이지-8에스터, 에이치디아이/트리메칠올헥실락톤크로스폴리머, 글리세린, 스쿠알란, 카라기난추출물, 에칠헥실글리세린, 디칼슘포스페이트, 카프릴릴글라이콜, 폴리소르베이트80, 1,2-헥산디올, 실리카, 합성플루오르플로고파이트, 틴옥사이드, [+/- 적색산화철, 흑색산화철, 황색산화철, 티타늄디옥사이드, 비스머스옥시클로라이드 , 청색1호, 카민, 망가니즈바이올렛, 울트라마린 , 황색4호] [ILN38363] 제공된 성분은 동일 제품이라도 경우에 따라 변경될 수 있습니다. 최신정보는 제품 포장의 성분을 참고하시거나 본사 고객관리지원팀으로 연락 부탁 드립니다.",모든 피부 타입,kfbeu,2022.03.05,핑크빛 베이스에 골드펄입니다. 생각보다 웜한 핑크로 발색되는 것 같아요. 투명하고 화사한 느낌보다는 웜한 느낌입니다. 발색이 살짝 아쉬워서 브러시로 여러번 문지르고 올려야 합니다. 입자가 엄청 고운 편은 아닌데 티가 잘 안 나서 여러번 사용해야 합니다.  흰색 계열 아니라 그런지 돌출되어보이고 확장되어보이는 효과는 좀 덜한 것 같고 분홍색의 색감에 집중하는 느낌입니다. 블러셔 위에 해도 좋아요. 살짝 화려한 느낌입니다. 지속력은 좋아서 시간이 오래 지나도 분홍반짝이가 있습니다. 피부에 모공이나 요철 고민 있으신 분은 피해주시거나 덜 화려한 제품을 사용하는 것이 좋을 것 같습니다. 안타까운 점은 부분부분 사용하는 제품인데 용량이 엄청나서 유통기한 내에 사용할 수 있을지 의문입니다. 가격과 용량을 조절하면 좋지않을까 싶습니다.,4,_alchera_none_
24,20221016_030642,파우더/팩트,MAC 엑스트라 디멘션 스킨피니쉬,https://www.oliveyoung.co.kr/store/goods/getGoodsDetail.do?goodsNo=A000000123499&dispCatNo=1000001000200010004&trackingCd&curation&egcode&rccode&egrankcode,맥,MAC 엑스트라 디멘션 스킨피니쉬,57000,57000,비밍 블러쉬;(품절) 쇼 골드,"마이카, 세테아릴에칠헥사노에이트, C12-20애씨드피이지-8에스터, 에이치디아이/트리메칠올헥실락톤크로스폴리머, 글리세린, 스쿠알란, 카라기난추출물, 에칠헥실글리세린, 디칼슘포스페이트, 카프릴릴글라이콜, 폴리소르베이트80, 1,2-헥산디올, 실리카, 합성플루오르플로고파이트, 틴옥사이드, [+/- 적색산화철, 흑색산화철, 황색산화철, 티타늄디옥사이드, 비스머스옥시클로라이드 , 청색1호, 카민, 망가니즈바이올렛, 울트라마린 , 황색4호] [ILN38363] 제공된 성분은 동일 제품이라도 경우에 따라 변경될 수 있습니다. 최신정보는 제품 포장의 성분을 참고하시거나 본사 고객관리지원팀으로 연락 부탁 드립니다.",모든 피부 타입,알리즈웰,2020.05.28,"아 면세에서 못사서 그냥 질럿는데
너무 영롱쓰!!! 이뻐서 매일 써요 
이마 뽬 광대 뽬 콧대 뽬 
여름에 햇빛 받으면 알죠? 광이 그냥",5,복합성;웜톤;각질;모공
25,20221016_030643,파우더/팩트,MAC 엑스트라 디멘션 스킨피니쉬,https://www.oliveyoung.co.kr/store/goods/getGoodsDetail.do?goodsNo=A000000123499&dispCatNo=1000001000200010004&trackingCd&curation&egcode&rccode&egrankcode,맥,MAC 엑스트라 디멘션 스킨피니쉬,57000,57000,비밍 블러쉬;(품절) 쇼 골드,"마이카, 세테아릴에칠헥사노에이트, C12-20애씨드피이지-8에스터, 에이치디아이/트리메칠올헥실락톤크로스폴리머, 글리세린, 스쿠알란, 카라기난추출물, 에칠헥실글리세린, 디칼슘포스페이트, 카프릴릴글라이콜, 폴리소르베이트80, 1,2-헥산디올, 실리카, 합성플루오르플로고파이트, 틴옥사이드, [+/- 적색산화철, 흑색산화철, 황색산화철, 티타늄디옥사이드, 비스머스옥시클로라이드 , 청색1호, 카민, 망가니즈바이올렛, 울트라마린 , 황색4호] [ILN38363] 제공된 성분은 동일 제품이라도 경우에 따라 변경될 수 있습니다. 최신정보는 제품 포장의 성분을 참고하시거나 본사 고객관리지원팀으로 연락 부탁 드립니다.",모든 피부 타입,하이욤,2020.03.12,"색상이 장난아니고 발색도 장난아니에욯ㅎㅎㅎ
오래쓸수있을듯해요",5,복합성;웜톤
26,20221016_030643,파우더/팩트,MAC 엑스트라 디멘션 스킨피니쉬,https://www.oliveyoung.co.kr/store/goods/getGoodsDetail.do?goodsNo=A000000123499&dispCatNo=1000001000200010004&trackingCd&curation&egcode&rccode&egrankcode,맥,MAC 엑스트라 디멘션 스킨피니쉬,57000,57000,비밍 블러쉬;(품절) 쇼 골드,"마이카, 세테아릴에칠헥사노에이트, C12-20애씨드피이지-8에스터, 에이치디아이/트리메칠올헥실락톤크로스폴리머, 글리세린, 스쿠알란, 카라기난추출물, 에칠헥실글리세린, 디칼슘포스페이트, 카프릴릴글라이콜, 폴리소르베이트80, 1,2-헥산디올, 실리카, 합성플루오르플로고파이트, 틴옥사이드, [+/- 적색산화철, 흑색산화철, 황색산화철, 티타늄디옥사이드, 비스머스옥시클로라이드 , 청색1호, 카민, 망가니즈바이올렛, 울트라마린 , 황색4호] [ILN38363] 제공된 성분은 동일 제품이라도 경우에 따라 변경될 수 있습니다. 최신정보는 제품 포장의 성분을 참고하시거나 본사 고객관리지원팀으로 연락 부탁 드립니다.",모든 피부 타입,토토아빠,2020.01.14,와이프가 잘 사용하고 좋다고 합니다. 포장도 잘 되어 왔네요.,5,지성;웜톤;모공
27,20221016_030644,파우더/팩트,MAC 엑스트라 디멘션 스킨피니쉬,https://www.oliveyoung.co.kr/store/goods/getGoodsDetail.do?goodsNo=A000000123499&dispCatNo=1000001000200010004&trackingCd&curation&egcode&rccode&egrankcode,맥,MAC 엑스트라 디멘션 스킨피니쉬,57000,57000,비밍 블러쉬;(품절) 쇼 골드,"마이카, 세테아릴에칠헥사노에이트, C12-20애씨드피이지-8에스터, 에이치디아이/트리메칠올헥실락톤크로스폴리머, 글리세린, 스쿠알란, 카라기난추출물, 에칠헥실글리세린, 디칼슘포스페이트, 카프릴릴글라이콜, 폴리소르베이트80, 1,2-헥산디올, 실리카, 합성플루오르플로고파이트, 틴옥사이드, [+/- 적색산화철, 흑색산화철, 황색산화철, 티타늄디옥사이드, 비스머스옥시클로라이드 , 청색1호, 카민, 망가니즈바이올렛, 울트라마린 , 황색4호] [ILN38363] 제공된 성분은 동일 제품이라도 경우에 따라 변경될 수 있습니다. 최신정보는 제품 포장의 성분을 참고하시거나 본사 고객관리지원팀으로 연락 부탁 드립니다.",모든 피부 타입,jell****,2021.06.11,"하 진짜 개존예 개존예
이거 진짜 코,광대, 입술라인에 바르면 개 예뻐요
핑크빔이 챠르르르
근데 이게 펄이 좀 커서 이마에 바르는 건 좀 비추요
좀 화장하다 펄날림있는 느낌?? 근데 다른 곳에 바르는 건 진짜 넘 예뻐요
확실히 펄이 화려해서 무난하기 화장하시는 분들은 좀 부담스러울 수 있는데 저같은 까마귀들은  눈 돌아갑니다, 돌아버려
마스크 써서 좀 닦이는 게 아쉽긴한데 마스크 벗어도 확실히 존재감 있긴해요 
그리고 보통 쿨톤 하이라이터라고 하시던데 전 가을뮤트였는데도 예쁘게 어울렸어용
암튼 강추해용",5,_alchera_none_
28,20221016_030645,파우더/팩트,MAC 엑스트라 디멘션 스킨피니쉬,https://www.oliveyoung.co.kr/store/goods/getGoodsDetail.do?goodsNo=A000000123499&dispCatNo=1000001000200010004&trackingCd&curation&egcode&rccode&egrankcode,맥,MAC 엑스트라 디멘션 스킨피니쉬,57000,57000,비밍 블러쉬;(품절) 쇼 골드,"마이카, 세테아릴에칠헥사노에이트, C12-20애씨드피이지-8에스터, 에이치디아이/트리메칠올헥실락톤크로스폴리머, 글리세린, 스쿠알란, 카라기난추출물, 에칠헥실글리세린, 디칼슘포스페이트, 카프릴릴글라이콜, 폴리소르베이트80, 1,2-헥산디올, 실리카, 합성플루오르플로고파이트, 틴옥사이드, [+/- 적색산화철, 흑색산화철, 황색산화철, 티타늄디옥사이드, 비스머스옥시클로라이드 , 청색1호, 카민, 망가니즈바이올렛, 울트라마린 , 황색4호] [ILN38363] 제공된 성분은 동일 제품이라도 경우에 따라 변경될 수 있습니다. 최신정보는 제품 포장의 성분을 참고하시거나 본사 고객관리지원팀으로 연락 부탁 드립니다.",모든 피부 타입,jskro****,2021.06.03,이거 뭐 너무 유명한 제품이죠..신민Aㅏ가 이걸 바르고 인터뷰 하는 짤을 보고 와..어떻게 안사냐구요. 원체 색조 화장을 잘 안하지만 그냥 구경이라도 해야겠다 싶어서 결국 구매했어요. 하이라이터도 액상 형태를 선호하지만 얘는 나름 촉촉하고 럭셔리한 광을 내줍니다. 다만 얼굴에 요철이 있는 분은 쓰지 마세요. 피부가 매끈해야 파우더 타입 하이라이터가 잘 받아요. 처음에 바르고 시간 조금 지나서 피부에 밀착되고 나면 굉장히 예쁜 광이 납니다. 브러수ㅣ 끝이 거칠지 않은 가벼운 타입으로 살살 광대 슬어주세요. 사진 찍으면 이런 광 딴덴 잘 없어요,5,_alchera_none_
29,20221016_030646,파우더/팩트,MAC 엑스트라 디멘션 스킨피니쉬,https://www.oliveyoung.co.kr/store/goods/getGoodsDetail.do?goodsNo=A000000123499&dispCatNo=1000001000200010004&trackingCd&curation&egcode&rccode&egrankcode,맥,MAC 엑스트라 디멘션 스킨피니쉬,57000,57000,비밍 블러쉬;(품절) 쇼 골드,"마이카, 세테아릴에칠헥사노에이트, C12-20애씨드피이지-8에스터, 에이치디아이/트리메칠올헥실락톤크로스폴리머, 글리세린, 스쿠알란, 카라기난추출물, 에칠헥실글리세린, 디칼슘포스페이트, 카프릴릴글라이콜, 폴리소르베이트80, 1,2-헥산디올, 실리카, 합성플루오르플로고파이트, 틴옥사이드, [+/- 적색산화철, 흑색산화철, 황색산화철, 티타늄디옥사이드, 비스머스옥시클로라이드 , 청색1호, 카민, 망가니즈바이올렛, 울트라마린 , 황색4호] [ILN38363] 제공된 성분은 동일 제품이라도 경우에 따라 변경될 수 있습니다. 최신정보는 제품 포장의 성분을 참고하시거나 본사 고객관리지원팀으로 연락 부탁 드립니다.",모든 피부 타입,ws****,2021.06.01,신민아 하이라이터로 유명한 맥 비밍블러쉬! 하이라이터를 원래 안하는데 신민아언니가 한거보고 너무이뻐서 구입하게됬어요 일단 구입한자체가 매우 만족이에요 제가 생각했던 하이라이터 하면 뽜밧뽜박 대는 인조인간 같은 느낌이아니고 볼륨있게 자연스럽게 되구  빛에따라서 색깔이 핑크 골드 왓다리갓다리하는데 너무이뻐요 ㅠㅠ 왜 진잣 하이라이터를 안했나 생각했어용 그리구 여름엔 피부가 오돌오돌 보일수있는데 이건 안그러더라구 뭔가 촉촉한느낌나구 하여튼 너무 이뻐용 ㅠㅡㅠ 그리고 용량 용량이 그냥 짐승용ㄹ량..다쓸순있겟죵!?꼭 사보새여 강추합니당 맥 스킨피니쉬 최고,5,_alchera_none_
30,20221016_030649,파우더/팩트,MAC 엑스트라 디멘션 스킨피니쉬,https://www.oliveyoung.co.kr/store/goods/getGoodsDetail.do?goodsNo=A000000123499&dispCatNo=1000001000200010004&trackingCd&curation&egcode&rccode&egrankcode,맥,MAC 엑스트라 디멘션 스킨피니쉬,57000,57000,비밍 블러쉬;(품절) 쇼 골드,"마이카, 세테아릴에칠헥사노에이트, C12-20애씨드피이지-8에스터, 에이치디아이/트리메칠올헥실락톤크로스폴리머, 글리세린, 스쿠알란, 카라기난추출물, 에칠헥실글리세린, 디칼슘포스페이트, 카프릴릴글라이콜, 폴리소르베이트80, 1,2-헥산디올, 실리카, 합성플루오르플로고파이트, 틴옥사이드, [+/- 적색산화철, 흑색산화철, 황색산화철, 티타늄디옥사이드, 비스머스옥시클로라이드 , 청색1호, 카민, 망가니즈바이올렛, 울트라마린 , 황색4호] [ILN38363] 제공된 성분은 동일 제품이라도 경우에 따라 변경될 수 있습니다. 최신정보는 제품 포장의 성분을 참고하시거나 본사 고객관리지원팀으로 연락 부탁 드립니다.",모든 피부 타입,콩콩콩이,2020.09.05,"비밍블러쉬 하이라이터 사이보그 느낌아니고
은은한 윤광이 도는정도로 자연스럽게 발색되는 편이고
용량은 짐승이네요...!",4,_alchera_none_
31,20221016_030650,파우더/팩트,MAC 엑스트라 디멘션 스킨피니쉬,https://www.oliveyoung.co.kr/store/goods/getGoodsDetail.do?goodsNo=A000000123499&dispCatNo=1000001000200010004&trackingCd&curation&egcode&rccode&egrankcode,맥,MAC 엑스트라 디멘션 스킨피니쉬,57000,57000,비밍 블러쉬;(품절) 쇼 골드,"마이카, 세테아릴에칠헥사노에이트, C12-20애씨드피이지-8에스터, 에이치디아이/트리메칠올헥실락톤크로스폴리머, 글리세린, 스쿠알란, 카라기난추출물, 에칠헥실글리세린, 디칼슘포스페이트, 카프릴릴글라이콜, 폴리소르베이트80, 1,2-헥산디올, 실리카, 합성플루오르플로고파이트, 틴옥사이드, [+/- 적색산화철, 흑색산화철, 황색산화철, 티타늄디옥사이드, 비스머스옥시클로라이드 , 청색1호, 카민, 망가니즈바이올렛, 울트라마린 , 황색4호] [ILN38363] 제공된 성분은 동일 제품이라도 경우에 따라 변경될 수 있습니다. 최신정보는 제품 포장의 성분을 참고하시거나 본사 고객관리지원팀으로 연락 부탁 드립니다.",모든 피부 타입,goldl****,2020.04.02,"저는 정말 맥을 사랑하는 맥순인데여 ㅠㅠ ㅋㅋ
올영 가격 정말 짱이네요 !!!
면세가보다 더 저렴한거같아요
비밍블러쉬 일단 신민아 블러셔로 유명해서 구매해보았어요
발림성 좋고 광이 이뻐요
두번 사세요
세번사세요
마스크 얼른 벗고 다니는 날 오길",5,_alchera_none_
32,20221016_030652,파우더/팩트,MAC 엑스트라 디멘션 스킨피니쉬,https://www.oliveyoung.co.kr/store/goods/getGoodsDetail.do?goodsNo=A000000123499&dispCatNo=1000001000200010004&trackingCd&curation&egcode&rccode&egrankcode,맥,MAC 엑스트라 디멘션 스킨피니쉬,57000,57000,비밍 블러쉬;(품절) 쇼 골드,"마이카, 세테아릴에칠헥사노에이트, C12-20애씨드피이지-8에스터, 에이치디아이/트리메칠올헥실락톤크로스폴리머, 글리세린, 스쿠알란, 카라기난추출물, 에칠헥실글리세린, 디칼슘포스페이트, 카프릴릴글라이콜, 폴리소르베이트80, 1,2-헥산디올, 실리카, 합성플루오르플로고파이트, 틴옥사이드, [+/- 적색산화철, 흑색산화철, 황색산화철, 티타늄디옥사이드, 비스머스옥시클로라이드 , 청색1호, 카민, 망가니즈바이올렛, 울트라마린 , 황색4호] [ILN38363] 제공된 성분은 동일 제품이라도 경우에 따라 변경될 수 있습니다. 최신정보는 제품 포장의 성분을 참고하시거나 본사 고객관리지원팀으로 연락 부탁 드립니다.",모든 피부 타입,tjdbrud****,2021.05.18,"이거 이뻐요 자연스럽고 근데 브러쉬가 안맞아서 그런지 좀 뭉치게 발릴때 있긴한데 전체적으로 맘에들어요 
자연스러워서 맘에 들어요",4,_alchera_none_
33,20221016_030653,파우더/팩트,MAC 엑스트라 디멘션 스킨피니쉬,https://www.oliveyoung.co.kr/store/goods/getGoodsDetail.do?goodsNo=A000000123499&dispCatNo=1000001000200010004&trackingCd&curation&egcode&rccode&egrankcode,맥,MAC 엑스트라 디멘션 스킨피니쉬,57000,57000,비밍 블러쉬;(품절) 쇼 골드,"마이카, 세테아릴에칠헥사노에이트, C12-20애씨드피이지-8에스터, 에이치디아이/트리메칠올헥실락톤크로스폴리머, 글리세린, 스쿠알란, 카라기난추출물, 에칠헥실글리세린, 디칼슘포스페이트, 카프릴릴글라이콜, 폴리소르베이트80, 1,2-헥산디올, 실리카, 합성플루오르플로고파이트, 틴옥사이드, [+/- 적색산화철, 흑색산화철, 황색산화철, 티타늄디옥사이드, 비스머스옥시클로라이드 , 청색1호, 카민, 망가니즈바이올렛, 울트라마린 , 황색4호] [ILN38363] 제공된 성분은 동일 제품이라도 경우에 따라 변경될 수 있습니다. 최신정보는 제품 포장의 성분을 참고하시거나 본사 고객관리지원팀으로 연락 부탁 드립니다.",모든 피부 타입,dlthdd****,2021.04.02,"일단 ! 자연스러움이네요^^ 
다음에도 또 구매 할게요 저렴히 구매 해보았네요 ㅎㅎ 
다른 색상도 사고 싶네요",5,_alchera_none_
34,20221016_030654,파우더/팩트,MAC 엑스트라 디멘션 스킨피니쉬,https://www.oliveyoung.co.kr/store/goods/getGoodsDetail.do?goodsNo=A000000123499&dispCatNo=1000001000200010004&trackingCd&curation&egcode&rccode&egrankcode,맥,MAC 엑스트라 디멘션 스킨피니쉬,57000,57000,비밍 블러쉬;(품절) 쇼 골드,"마이카, 세테아릴에칠헥사노에이트, C12-20애씨드피이지-8에스터, 에이치디아이/트리메칠올헥실락톤크로스폴리머, 글리세린, 스쿠알란, 카라기난추출물, 에칠헥실글리세린, 디칼슘포스페이트, 카프릴릴글라이콜, 폴리소르베이트80, 1,2-헥산디올, 실리카, 합성플루오르플로고파이트, 틴옥사이드, [+/- 적색산화철, 흑색산화철, 황색산화철, 티타늄디옥사이드, 비스머스옥시클로라이드 , 청색1호, 카민, 망가니즈바이올렛, 울트라마린 , 황색4호] [ILN38363] 제공된 성분은 동일 제품이라도 경우에 따라 변경될 수 있습니다. 최신정보는 제품 포장의 성분을 참고하시거나 본사 고객관리지원팀으로 연락 부탁 드립니다.",모든 피부 타입,ggbo****,2020.02.16,"진짜 너무 예쁜 금광임ㅠ 아주 조금씩만 콕콕 찍어서 발라야됩니다 극소량으로도 엄청 발색이 잘 되기 때문에 브러쉬로 안하고 손가락으로 그냥 콕콕 찍어서 바름...
색깔부터가 걍 넘사벽이고요 로드샵이랑 비교도 안 됨 갓맥찬냥",5,_alchera_none_
35,20221016_030655,파우더/팩트,MAC 엑스트라 디멘션 스킨피니쉬,https://www.oliveyoung.co.kr/store/goods/getGoodsDetail.do?goodsNo=A000000123499&dispCatNo=1000001000200010004&trackingCd&curation&egcode&rccode&egrankcode,맥,MAC 엑스트라 디멘션 스킨피니쉬,57000,57000,비밍 블러쉬;(품절) 쇼 골드,"마이카, 세테아릴에칠헥사노에이트, C12-20애씨드피이지-8에스터, 에이치디아이/트리메칠올헥실락톤크로스폴리머, 글리세린, 스쿠알란, 카라기난추출물, 에칠헥실글리세린, 디칼슘포스페이트, 카프릴릴글라이콜, 폴리소르베이트80, 1,2-헥산디올, 실리카, 합성플루오르플로고파이트, 틴옥사이드, [+/- 적색산화철, 흑색산화철, 황색산화철, 티타늄디옥사이드, 비스머스옥시클로라이드 , 청색1호, 카민, 망가니즈바이올렛, 울트라마린 , 황색4호] [ILN38363] 제공된 성분은 동일 제품이라도 경우에 따라 변경될 수 있습니다. 최신정보는 제품 포장의 성분을 참고하시거나 본사 고객관리지원팀으로 연락 부탁 드립니다.",모든 피부 타입,id****,2020.09.23,"화려한 펄감이 이쁜 하이라이터
저는 색감 알고 구매해써요
테스트 후 사세요",5,_alchera_none_
36,20221016_030656,파우더/팩트,MAC 엑스트라 디멘션 스킨피니쉬,https://www.oliveyoung.co.kr/store/goods/getGoodsDetail.do?goodsNo=A000000123499&dispCatNo=1000001000200010004&trackingCd&curation&egcode&rccode&egrankcode,맥,MAC 엑스트라 디멘션 스킨피니쉬,57000,57000,비밍 블러쉬;(품절) 쇼 골드,"마이카, 세테아릴에칠헥사노에이트, C12-20애씨드피이지-8에스터, 에이치디아이/트리메칠올헥실락톤크로스폴리머, 글리세린, 스쿠알란, 카라기난추출물, 에칠헥실글리세린, 디칼슘포스페이트, 카프릴릴글라이콜, 폴리소르베이트80, 1,2-헥산디올, 실리카, 합성플루오르플로고파이트, 틴옥사이드, [+/- 적색산화철, 흑색산화철, 황색산화철, 티타늄디옥사이드, 비스머스옥시클로라이드 , 청색1호, 카민, 망가니즈바이올렛, 울트라마린 , 황색4호] [ILN38363] 제공된 성분은 동일 제품이라도 경우에 따라 변경될 수 있습니다. 최신정보는 제품 포장의 성분을 참고하시거나 본사 고객관리지원팀으로 연락 부탁 드립니다.",모든 피부 타입,eunjik****,2020.05.16,아직 안써봤지만 그동안 써본 하이라이터 중 제일 기대되는 상품이에요,5,_alchera_none_
37,20221016_030657,파우더/팩트,MAC 엑스트라 디멘션 스킨피니쉬,https://www.oliveyoung.co.kr/store/goods/getGoodsDetail.do?goodsNo=A000000123499&dispCatNo=1000001000200010004&trackingCd&curation&egcode&rccode&egrankcode,맥,MAC 엑스트라 디멘션 스킨피니쉬,57000,57000,비밍 블러쉬;(품절) 쇼 골드,"마이카, 세테아릴에칠헥사노에이트, C12-20애씨드피이지-8에스터, 에이치디아이/트리메칠올헥실락톤크로스폴리머, 글리세린, 스쿠알란, 카라기난추출물, 에칠헥실글리세린, 디칼슘포스페이트, 카프릴릴글라이콜, 폴리소르베이트80, 1,2-헥산디올, 실리카, 합성플루오르플로고파이트, 틴옥사이드, [+/- 적색산화철, 흑색산화철, 황색산화철, 티타늄디옥사이드, 비스머스옥시클로라이드 , 청색1호, 카민, 망가니즈바이올렛, 울트라마린 , 황색4호] [ILN38363] 제공된 성분은 동일 제품이라도 경우에 따라 변경될 수 있습니다. 최신정보는 제품 포장의 성분을 참고하시거나 본사 고객관리지원팀으로 연락 부탁 드립니다.",모든 피부 타입,jeong****,2020.02.08,너무 가지고싶던 제품이라 구매했는데 보이는색상그대로는 핑크에 가까운데 바르면 노란기가 많이 돌아요. 입자는 고우나 생각보다 지속력은 별로 안길어요.,4,_alchera_none_
38,20221016_030658,파우더/팩트,MAC 엑스트라 디멘션 스킨피니쉬,https://www.oliveyoung.co.kr/store/goods/getGoodsDetail.do?goodsNo=A000000123499&dispCatNo=1000001000200010004&trackingCd&curation&egcode&rccode&egrankcode,맥,MAC 엑스트라 디멘션 스킨피니쉬,57000,57000,비밍 블러쉬;(품절) 쇼 골드,"마이카, 세테아릴에칠헥사노에이트, C12-20애씨드피이지-8에스터, 에이치디아이/트리메칠올헥실락톤크로스폴리머, 글리세린, 스쿠알란, 카라기난추출물, 에칠헥실글리세린, 디칼슘포스페이트, 카프릴릴글라이콜, 폴리소르베이트80, 1,2-헥산디올, 실리카, 합성플루오르플로고파이트, 틴옥사이드, [+/- 적색산화철, 흑색산화철, 황색산화철, 티타늄디옥사이드, 비스머스옥시클로라이드 , 청색1호, 카민, 망가니즈바이올렛, 울트라마린 , 황색4호] [ILN38363] 제공된 성분은 동일 제품이라도 경우에 따라 변경될 수 있습니다. 최신정보는 제품 포장의 성분을 참고하시거나 본사 고객관리지원팀으로 연락 부탁 드립니다.",모든 피부 타입,sara****,2019.05.30,친구한테 선물하려고 샀는데 예뻐서 제까 쓸뻔했네요 ㅎㅎㅎ 너무 입자 곱고 핑크색에 은은한 펄이 예뻐요~~,5,_alchera_none_
39,20221016_030659,파우더/팩트,MAC 엑스트라 디멘션 스킨피니쉬,https://www.oliveyoung.co.kr/store/goods/getGoodsDetail.do?goodsNo=A000000123499&dispCatNo=1000001000200010004&trackingCd&curation&egcode&rccode&egrankcode,맥,MAC 엑스트라 디멘션 스킨피니쉬,57000,57000,비밍 블러쉬;(품절) 쇼 골드,"마이카, 세테아릴에칠헥사노에이트, C12-20애씨드피이지-8에스터, 에이치디아이/트리메칠올헥실락톤크로스폴리머, 글리세린, 스쿠알란, 카라기난추출물, 에칠헥실글리세린, 디칼슘포스페이트, 카프릴릴글라이콜, 폴리소르베이트80, 1,2-헥산디올, 실리카, 합성플루오르플로고파이트, 틴옥사이드, [+/- 적색산화철, 흑색산화철, 황색산화철, 티타늄디옥사이드, 비스머스옥시클로라이드 , 청색1호, 카민, 망가니즈바이올렛, 울트라마린 , 황색4호] [ILN38363] 제공된 성분은 동일 제품이라도 경우에 따라 변경될 수 있습니다. 최신정보는 제품 포장의 성분을 참고하시거나 본사 고객관리지원팀으로 연락 부탁 드립니다.",모든 피부 타입,bfni****,2021.03.26,"비밍블러쉬랑 고민 하다가 구입 했는데 
너무 예뻐요! 
입자도 곱고 발색력이 
아주뛰어나요!",5,_alchera_none_
40,20221016_030703,파우더/팩트,MAC 엑스트라 디멘션 스킨피니쉬,https://www.oliveyoung.co.kr/store/goods/getGoodsDetail.do?goodsNo=A000000123499&dispCatNo=1000001000200010004&trackingCd&curation&egcode&rccode&egrankcode,맥,MAC 엑스트라 디멘션 스킨피니쉬,57000,57000,비밍 블러쉬;(품절) 쇼 골드,"마이카, 세테아릴에칠헥사노에이트, C12-20애씨드피이지-8에스터, 에이치디아이/트리메칠올헥실락톤크로스폴리머, 글리세린, 스쿠알란, 카라기난추출물, 에칠헥실글리세린, 디칼슘포스페이트, 카프릴릴글라이콜, 폴리소르베이트80, 1,2-헥산디올, 실리카, 합성플루오르플로고파이트, 틴옥사이드, [+/- 적색산화철, 흑색산화철, 황색산화철, 티타늄디옥사이드, 비스머스옥시클로라이드 , 청색1호, 카민, 망가니즈바이올렛, 울트라마린 , 황색4호] [ILN38363] 제공된 성분은 동일 제품이라도 경우에 따라 변경될 수 있습니다. 최신정보는 제품 포장의 성분을 참고하시거나 본사 고객관리지원팀으로 연락 부탁 드립니다.",모든 피부 타입,na****,2020.12.03,"갖고 싶었던 제품이였데 행사를 해서 저렴하게 살수 있어 좋았습니다 
발림성도 부드럽게 발라지고 그대신 양조절 필수 입니다 지속력이나 너무 이쁩니다 
배송도 빨라서 좋았습니다",5,_alchera_none_
41,20221016_030704,파우더/팩트,MAC 엑스트라 디멘션 스킨피니쉬,https://www.oliveyoung.co.kr/store/goods/getGoodsDetail.do?goodsNo=A000000123499&dispCatNo=1000001000200010004&trackingCd&curation&egcode&rccode&egrankcode,맥,MAC 엑스트라 디멘션 스킨피니쉬,57000,57000,비밍 블러쉬;(품절) 쇼 골드,"마이카, 세테아릴에칠헥사노에이트, C12-20애씨드피이지-8에스터, 에이치디아이/트리메칠올헥실락톤크로스폴리머, 글리세린, 스쿠알란, 카라기난추출물, 에칠헥실글리세린, 디칼슘포스페이트, 카프릴릴글라이콜, 폴리소르베이트80, 1,2-헥산디올, 실리카, 합성플루오르플로고파이트, 틴옥사이드, [+/- 적색산화철, 흑색산화철, 황색산화철, 티타늄디옥사이드, 비스머스옥시클로라이드 , 청색1호, 카민, 망가니즈바이올렛, 울트라마린 , 황색4호] [ILN38363] 제공된 성분은 동일 제품이라도 경우에 따라 변경될 수 있습니다. 최신정보는 제품 포장의 성분을 참고하시거나 본사 고객관리지원팀으로 연락 부탁 드립니다.",모든 피부 타입,und****,2020.11.08,"핑크빛 빔이 차르르 너무 이뻐요 이름은 쇼골드인디, 발색은 핑크빛 빔이에여 이뿌요ㅠㅠ애굣살용으류 완전 대체가눙",5,_alchera_none_
42,20221016_030705,파우더/팩트,MAC 엑스트라 디멘션 스킨피니쉬,https://www.oliveyoung.co.kr/store/goods/getGoodsDetail.do?goodsNo=A000000123499&dispCatNo=1000001000200010004&trackingCd&curation&egcode&rccode&egrankcode,맥,MAC 엑스트라 디멘션 스킨피니쉬,57000,57000,비밍 블러쉬;(품절) 쇼 골드,"마이카, 세테아릴에칠헥사노에이트, C12-20애씨드피이지-8에스터, 에이치디아이/트리메칠올헥실락톤크로스폴리머, 글리세린, 스쿠알란, 카라기난추출물, 에칠헥실글리세린, 디칼슘포스페이트, 카프릴릴글라이콜, 폴리소르베이트80, 1,2-헥산디올, 실리카, 합성플루오르플로고파이트, 틴옥사이드, [+/- 적색산화철, 흑색산화철, 황색산화철, 티타늄디옥사이드, 비스머스옥시클로라이드 , 청색1호, 카민, 망가니즈바이올렛, 울트라마린 , 황색4호] [ILN38363] 제공된 성분은 동일 제품이라도 경우에 따라 변경될 수 있습니다. 최신정보는 제품 포장의 성분을 참고하시거나 본사 고객관리지원팀으로 연락 부탁 드립니다.",모든 피부 타입,hayley****,2020.09.10,쓰던 제품이었어요~~~~근데 다른 유명한 제품들도 궁금해서 써봤었는데 맥 비밍블러쉬 만한게 없어서 다시 재구매해버렸습니다,5,_alchera_none_
43,20221016_030706,파우더/팩트,MAC 엑스트라 디멘션 스킨피니쉬,https://www.oliveyoung.co.kr/store/goods/getGoodsDetail.do?goodsNo=A000000123499&dispCatNo=1000001000200010004&trackingCd&curation&egcode&rccode&egrankcode,맥,MAC 엑스트라 디멘션 스킨피니쉬,57000,57000,비밍 블러쉬;(품절) 쇼 골드,"마이카, 세테아릴에칠헥사노에이트, C12-20애씨드피이지-8에스터, 에이치디아이/트리메칠올헥실락톤크로스폴리머, 글리세린, 스쿠알란, 카라기난추출물, 에칠헥실글리세린, 디칼슘포스페이트, 카프릴릴글라이콜, 폴리소르베이트80, 1,2-헥산디올, 실리카, 합성플루오르플로고파이트, 틴옥사이드, [+/- 적색산화철, 흑색산화철, 황색산화철, 티타늄디옥사이드, 비스머스옥시클로라이드 , 청색1호, 카민, 망가니즈바이올렛, 울트라마린 , 황색4호] [ILN38363] 제공된 성분은 동일 제품이라도 경우에 따라 변경될 수 있습니다. 최신정보는 제품 포장의 성분을 참고하시거나 본사 고객관리지원팀으로 연락 부탁 드립니다.",모든 피부 타입,choigo****,2020.08.06,"마이크로까진 아니지만 입자가 고운편이고 지속력이 오래갑니다
재구매의사있는데 양이많아서 꽤쓸것같아요",5,_alchera_none_
44,20221016_030707,파우더/팩트,MAC 엑스트라 디멘션 스킨피니쉬,https://www.oliveyoung.co.kr/store/goods/getGoodsDetail.do?goodsNo=A000000123499&dispCatNo=1000001000200010004&trackingCd&curation&egcode&rccode&egrankcode,맥,MAC 엑스트라 디멘션 스킨피니쉬,57000,57000,비밍 블러쉬;(품절) 쇼 골드,"마이카, 세테아릴에칠헥사노에이트, C12-20애씨드피이지-8에스터, 에이치디아이/트리메칠올헥실락톤크로스폴리머, 글리세린, 스쿠알란, 카라기난추출물, 에칠헥실글리세린, 디칼슘포스페이트, 카프릴릴글라이콜, 폴리소르베이트80, 1,2-헥산디올, 실리카, 합성플루오르플로고파이트, 틴옥사이드, [+/- 적색산화철, 흑색산화철, 황색산화철, 티타늄디옥사이드, 비스머스옥시클로라이드 , 청색1호, 카민, 망가니즈바이올렛, 울트라마린 , 황색4호] [ILN38363] 제공된 성분은 동일 제품이라도 경우에 따라 변경될 수 있습니다. 최신정보는 제품 포장의 성분을 참고하시거나 본사 고객관리지원팀으로 연락 부탁 드립니다.",모든 피부 타입,jumk10****,2020.05.20,"발색 미쳤어요 !!! 진짜 영롱하구 예뻐요 ㅠㅠ
말로만 듣던 신민아 하이라이터 존예탱이에용",5,_alchera_none_
45,20221016_030708,파우더/팩트,MAC 엑스트라 디멘션 스킨피니쉬,https://www.oliveyoung.co.kr/store/goods/getGoodsDetail.do?goodsNo=A000000123499&dispCatNo=1000001000200010004&trackingCd&curation&egcode&rccode&egrankcode,맥,MAC 엑스트라 디멘션 스킨피니쉬,57000,57000,비밍 블러쉬;(품절) 쇼 골드,"마이카, 세테아릴에칠헥사노에이트, C12-20애씨드피이지-8에스터, 에이치디아이/트리메칠올헥실락톤크로스폴리머, 글리세린, 스쿠알란, 카라기난추출물, 에칠헥실글리세린, 디칼슘포스페이트, 카프릴릴글라이콜, 폴리소르베이트80, 1,2-헥산디올, 실리카, 합성플루오르플로고파이트, 틴옥사이드, [+/- 적색산화철, 흑색산화철, 황색산화철, 티타늄디옥사이드, 비스머스옥시클로라이드 , 청색1호, 카민, 망가니즈바이올렛, 울트라마린 , 황색4호] [ILN38363] 제공된 성분은 동일 제품이라도 경우에 따라 변경될 수 있습니다. 최신정보는 제품 포장의 성분을 참고하시거나 본사 고객관리지원팀으로 연락 부탁 드립니다.",모든 피부 타입,heeje****,2020.05.18,"핑크하이라이터 좋아하는사람~ 쑤아리질러!!!
평소 핑크하이라이터 찾으셨던분들 아묻따 구매하세요ㅎ",5,_alchera_none_
46,20221016_030710,파우더/팩트,MAC 엑스트라 디멘션 스킨피니쉬,https://www.oliveyoung.co.kr/store/goods/getGoodsDetail.do?goodsNo=A000000123499&dispCatNo=1000001000200010004&trackingCd&curation&egcode&rccode&egrankcode,맥,MAC 엑스트라 디멘션 스킨피니쉬,57000,57000,비밍 블러쉬;(품절) 쇼 골드,"마이카, 세테아릴에칠헥사노에이트, C12-20애씨드피이지-8에스터, 에이치디아이/트리메칠올헥실락톤크로스폴리머, 글리세린, 스쿠알란, 카라기난추출물, 에칠헥실글리세린, 디칼슘포스페이트, 카프릴릴글라이콜, 폴리소르베이트80, 1,2-헥산디올, 실리카, 합성플루오르플로고파이트, 틴옥사이드, [+/- 적색산화철, 흑색산화철, 황색산화철, 티타늄디옥사이드, 비스머스옥시클로라이드 , 청색1호, 카민, 망가니즈바이올렛, 울트라마린 , 황색4호] [ILN38363] 제공된 성분은 동일 제품이라도 경우에 따라 변경될 수 있습니다. 최신정보는 제품 포장의 성분을 참고하시거나 본사 고객관리지원팀으로 연락 부탁 드립니다.",모든 피부 타입,kub****,2020.04.03,좋아요 늘 사용하던거 재구매햇어요 정말좋네요ㅎ,5,_alchera_none_
47,20221016_030711,파우더/팩트,MAC 엑스트라 디멘션 스킨피니쉬,https://www.oliveyoung.co.kr/store/goods/getGoodsDetail.do?goodsNo=A000000123499&dispCatNo=1000001000200010004&trackingCd&curation&egcode&rccode&egrankcode,맥,MAC 엑스트라 디멘션 스킨피니쉬,57000,57000,비밍 블러쉬;(품절) 쇼 골드,"마이카, 세테아릴에칠헥사노에이트, C12-20애씨드피이지-8에스터, 에이치디아이/트리메칠올헥실락톤크로스폴리머, 글리세린, 스쿠알란, 카라기난추출물, 에칠헥실글리세린, 디칼슘포스페이트, 카프릴릴글라이콜, 폴리소르베이트80, 1,2-헥산디올, 실리카, 합성플루오르플로고파이트, 틴옥사이드, [+/- 적색산화철, 흑색산화철, 황색산화철, 티타늄디옥사이드, 비스머스옥시클로라이드 , 청색1호, 카민, 망가니즈바이올렛, 울트라마린 , 황색4호] [ILN38363] 제공된 성분은 동일 제품이라도 경우에 따라 변경될 수 있습니다. 최신정보는 제품 포장의 성분을 참고하시거나 본사 고객관리지원팀으로 연락 부탁 드립니다.",모든 피부 타입,쏘오오옹,2020.02.12,비싸도 두번째 사서 쓰구잇어여 이거진짜강추템이에요,5,_alchera_none_
48,20221016_030712,파우더/팩트,MAC 엑스트라 디멘션 스킨피니쉬,https://www.oliveyoung.co.kr/store/goods/getGoodsDetail.do?goodsNo=A000000123499&dispCatNo=1000001000200010004&trackingCd&curation&egcode&rccode&egrankcode,맥,MAC 엑스트라 디멘션 스킨피니쉬,57000,57000,비밍 블러쉬;(품절) 쇼 골드,"마이카, 세테아릴에칠헥사노에이트, C12-20애씨드피이지-8에스터, 에이치디아이/트리메칠올헥실락톤크로스폴리머, 글리세린, 스쿠알란, 카라기난추출물, 에칠헥실글리세린, 디칼슘포스페이트, 카프릴릴글라이콜, 폴리소르베이트80, 1,2-헥산디올, 실리카, 합성플루오르플로고파이트, 틴옥사이드, [+/- 적색산화철, 흑색산화철, 황색산화철, 티타늄디옥사이드, 비스머스옥시클로라이드 , 청색1호, 카민, 망가니즈바이올렛, 울트라마린 , 황색4호] [ILN38363] 제공된 성분은 동일 제품이라도 경우에 따라 변경될 수 있습니다. 최신정보는 제품 포장의 성분을 참고하시거나 본사 고객관리지원팀으로 연락 부탁 드립니다.",모든 피부 타입,choiws****,2020.02.11,만족스럽고 잘 쓰고 있습니다~ 감사합니다~!!,4,_alchera_none_
49,20221016_030713,파우더/팩트,MAC 엑스트라 디멘션 스킨피니쉬,https://www.oliveyoung.co.kr/store/goods/getGoodsDetail.do?goodsNo=A000000123499&dispCatNo=1000001000200010004&trackingCd&curation&egcode&rccode&egrankcode,맥,MAC 엑스트라 디멘션 스킨피니쉬,57000,57000,비밍 블러쉬;(품절) 쇼 골드,"마이카, 세테아릴에칠헥사노에이트, C12-20애씨드피이지-8에스터, 에이치디아이/트리메칠올헥실락톤크로스폴리머, 글리세린, 스쿠알란, 카라기난추출물, 에칠헥실글리세린, 디칼슘포스페이트, 카프릴릴글라이콜, 폴리소르베이트80, 1,2-헥산디올, 실리카, 합성플루오르플로고파이트, 틴옥사이드, [+/- 적색산화철, 흑색산화철, 황색산화철, 티타늄디옥사이드, 비스머스옥시클로라이드 , 청색1호, 카민, 망가니즈바이올렛, 울트라마린 , 황색4호] [ILN38363] 제공된 성분은 동일 제품이라도 경우에 따라 변경될 수 있습니다. 최신정보는 제품 포장의 성분을 참고하시거나 본사 고객관리지원팀으로 연락 부탁 드립니다.",모든 피부 타입,mic****,2020.01.06,핑크빛 베이스에 골드펄이 촤르르르르르 있어서 정말정말 예뻐요 핑크 블러셔 위로 올려주면 더 예쁨 ㅠㅠ,5,_alchera_none_
50,20221016_030716,파우더/팩트,MAC 엑스트라 디멘션 스킨피니쉬,https://www.oliveyoung.co.kr/store/goods/getGoodsDetail.do?goodsNo=A000000123499&dispCatNo=1000001000200010004&trackingCd&curation&egcode&rccode&egrankcode,맥,MAC 엑스트라 디멘션 스킨피니쉬,57000,57000,비밍 블러쉬;(품절) 쇼 골드,"마이카, 세테아릴에칠헥사노에이트, C12-20애씨드피이지-8에스터, 에이치디아이/트리메칠올헥실락톤크로스폴리머, 글리세린, 스쿠알란, 카라기난추출물, 에칠헥실글리세린, 디칼슘포스페이트, 카프릴릴글라이콜, 폴리소르베이트80, 1,2-헥산디올, 실리카, 합성플루오르플로고파이트, 틴옥사이드, [+/- 적색산화철, 흑색산화철, 황색산화철, 티타늄디옥사이드, 비스머스옥시클로라이드 , 청색1호, 카민, 망가니즈바이올렛, 울트라마린 , 황색4호] [ILN38363] 제공된 성분은 동일 제품이라도 경우에 따라 변경될 수 있습니다. 최신정보는 제품 포장의 성분을 참고하시거나 본사 고객관리지원팀으로 연락 부탁 드립니다.",모든 피부 타입,지인,2020.01.05,친구한테 선물로 줬어요! 검색 여러번 했는데 괜찮아 보이더라고요,5,_alchera_none_
51,20221016_030717,파우더/팩트,MAC 엑스트라 디멘션 스킨피니쉬,https://www.oliveyoung.co.kr/store/goods/getGoodsDetail.do?goodsNo=A000000123499&dispCatNo=1000001000200010004&trackingCd&curation&egcode&rccode&egrankcode,맥,MAC 엑스트라 디멘션 스킨피니쉬,57000,57000,비밍 블러쉬;(품절) 쇼 골드,"마이카, 세테아릴에칠헥사노에이트, C12-20애씨드피이지-8에스터, 에이치디아이/트리메칠올헥실락톤크로스폴리머, 글리세린, 스쿠알란, 카라기난추출물, 에칠헥실글리세린, 디칼슘포스페이트, 카프릴릴글라이콜, 폴리소르베이트80, 1,2-헥산디올, 실리카, 합성플루오르플로고파이트, 틴옥사이드, [+/- 적색산화철, 흑색산화철, 황색산화철, 티타늄디옥사이드, 비스머스옥시클로라이드 , 청색1호, 카민, 망가니즈바이올렛, 울트라마린 , 황색4호] [ILN38363] 제공된 성분은 동일 제품이라도 경우에 따라 변경될 수 있습니다. 최신정보는 제품 포장의 성분을 참고하시거나 본사 고객관리지원팀으로 연락 부탁 드립니다.",모든 피부 타입,skagy****,2022.04.08,선물 주려고 샀어요 ㅍ후기보니 이뻐서 저도 갖고싶네요. ㅎ 좋아햇으면..,3,_alchera_none_
52,20221016_030718,파우더/팩트,MAC 엑스트라 디멘션 스킨피니쉬,https://www.oliveyoung.co.kr/store/goods/getGoodsDetail.do?goodsNo=A000000123499&dispCatNo=1000001000200010004&trackingCd&curation&egcode&rccode&egrankcode,맥,MAC 엑스트라 디멘션 스킨피니쉬,57000,57000,비밍 블러쉬;(품절) 쇼 골드,"마이카, 세테아릴에칠헥사노에이트, C12-20애씨드피이지-8에스터, 에이치디아이/트리메칠올헥실락톤크로스폴리머, 글리세린, 스쿠알란, 카라기난추출물, 에칠헥실글리세린, 디칼슘포스페이트, 카프릴릴글라이콜, 폴리소르베이트80, 1,2-헥산디올, 실리카, 합성플루오르플로고파이트, 틴옥사이드, [+/- 적색산화철, 흑색산화철, 황색산화철, 티타늄디옥사이드, 비스머스옥시클로라이드 , 청색1호, 카민, 망가니즈바이올렛, 울트라마린 , 황색4호] [ILN38363] 제공된 성분은 동일 제품이라도 경우에 따라 변경될 수 있습니다. 최신정보는 제품 포장의 성분을 참고하시거나 본사 고객관리지원팀으로 연락 부탁 드립니다.",모든 피부 타입,yghwa****,2022.04.01,장말 싸보고싶은 재품...드디어  해봤는데 발림성도 잘되고 얼굴이 화사하니 좋아요♡♡♡,5,_alchera_none_
53,20221016_030719,파우더/팩트,MAC 엑스트라 디멘션 스킨피니쉬,https://www.oliveyoung.co.kr/store/goods/getGoodsDetail.do?goodsNo=A000000123499&dispCatNo=1000001000200010004&trackingCd&curation&egcode&rccode&egrankcode,맥,MAC 엑스트라 디멘션 스킨피니쉬,57000,57000,비밍 블러쉬;(품절) 쇼 골드,"마이카, 세테아릴에칠헥사노에이트, C12-20애씨드피이지-8에스터, 에이치디아이/트리메칠올헥실락톤크로스폴리머, 글리세린, 스쿠알란, 카라기난추출물, 에칠헥실글리세린, 디칼슘포스페이트, 카프릴릴글라이콜, 폴리소르베이트80, 1,2-헥산디올, 실리카, 합성플루오르플로고파이트, 틴옥사이드, [+/- 적색산화철, 흑색산화철, 황색산화철, 티타늄디옥사이드, 비스머스옥시클로라이드 , 청색1호, 카민, 망가니즈바이올렛, 울트라마린 , 황색4호] [ILN38363] 제공된 성분은 동일 제품이라도 경우에 따라 변경될 수 있습니다. 최신정보는 제품 포장의 성분을 참고하시거나 본사 고객관리지원팀으로 연락 부탁 드립니다.",모든 피부 타입,eulog****,2022.03.11,"양도 많고 밀착력 및 유분을 ㅎ학실히 잡아주니까 좋아요
자주 구매할게요",4,_alchera_none_
54,20221016_030721,파우더/팩트,MAC 엑스트라 디멘션 스킨피니쉬,https://www.oliveyoung.co.kr/store/goods/getGoodsDetail.do?goodsNo=A000000123499&dispCatNo=1000001000200010004&trackingCd&curation&egcode&rccode&egrankcode,맥,MAC 엑스트라 디멘션 스킨피니쉬,57000,57000,비밍 블러쉬;(품절) 쇼 골드,"마이카, 세테아릴에칠헥사노에이트, C12-20애씨드피이지-8에스터, 에이치디아이/트리메칠올헥실락톤크로스폴리머, 글리세린, 스쿠알란, 카라기난추출물, 에칠헥실글리세린, 디칼슘포스페이트, 카프릴릴글라이콜, 폴리소르베이트80, 1,2-헥산디올, 실리카, 합성플루오르플로고파이트, 틴옥사이드, [+/- 적색산화철, 흑색산화철, 황색산화철, 티타늄디옥사이드, 비스머스옥시클로라이드 , 청색1호, 카민, 망가니즈바이올렛, 울트라마린 , 황색4호] [ILN38363] 제공된 성분은 동일 제품이라도 경우에 따라 변경될 수 있습니다. 최신정보는 제품 포장의 성분을 참고하시거나 본사 고객관리지원팀으로 연락 부탁 드립니다.",모든 피부 타입,엔시리위아소섹시,2021.12.31,정말 고급스러운 골드 핑크 광이 얼굴에 촤르르 흐르는 제품이에요,5,_alchera_none_
55,20221016_030722,파우더/팩트,MAC 엑스트라 디멘션 스킨피니쉬,https://www.oliveyoung.co.kr/store/goods/getGoodsDetail.do?goodsNo=A000000123499&dispCatNo=1000001000200010004&trackingCd&curation&egcode&rccode&egrankcode,맥,MAC 엑스트라 디멘션 스킨피니쉬,57000,57000,비밍 블러쉬;(품절) 쇼 골드,"마이카, 세테아릴에칠헥사노에이트, C12-20애씨드피이지-8에스터, 에이치디아이/트리메칠올헥실락톤크로스폴리머, 글리세린, 스쿠알란, 카라기난추출물, 에칠헥실글리세린, 디칼슘포스페이트, 카프릴릴글라이콜, 폴리소르베이트80, 1,2-헥산디올, 실리카, 합성플루오르플로고파이트, 틴옥사이드, [+/- 적색산화철, 흑색산화철, 황색산화철, 티타늄디옥사이드, 비스머스옥시클로라이드 , 청색1호, 카민, 망가니즈바이올렛, 울트라마린 , 황색4호] [ILN38363] 제공된 성분은 동일 제품이라도 경우에 따라 변경될 수 있습니다. 최신정보는 제품 포장의 성분을 참고하시거나 본사 고객관리지원팀으로 연락 부탁 드립니다.",모든 피부 타입,kch****,2020.12.10,"역시 인기있는데는 다 이유가,,,, 예뻐요 진짜",5,_alchera_none_
56,20221016_030723,파우더/팩트,MAC 엑스트라 디멘션 스킨피니쉬,https://www.oliveyoung.co.kr/store/goods/getGoodsDetail.do?goodsNo=A000000123499&dispCatNo=1000001000200010004&trackingCd&curation&egcode&rccode&egrankcode,맥,MAC 엑스트라 디멘션 스킨피니쉬,57000,57000,비밍 블러쉬;(품절) 쇼 골드,"마이카, 세테아릴에칠헥사노에이트, C12-20애씨드피이지-8에스터, 에이치디아이/트리메칠올헥실락톤크로스폴리머, 글리세린, 스쿠알란, 카라기난추출물, 에칠헥실글리세린, 디칼슘포스페이트, 카프릴릴글라이콜, 폴리소르베이트80, 1,2-헥산디올, 실리카, 합성플루오르플로고파이트, 틴옥사이드, [+/- 적색산화철, 흑색산화철, 황색산화철, 티타늄디옥사이드, 비스머스옥시클로라이드 , 청색1호, 카민, 망가니즈바이올렛, 울트라마린 , 황색4호] [ILN38363] 제공된 성분은 동일 제품이라도 경우에 따라 변경될 수 있습니다. 최신정보는 제품 포장의 성분을 참고하시거나 본사 고객관리지원팀으로 연락 부탁 드립니다.",모든 피부 타입,kimjiea****,2020.12.02,다른색을구매하려다가 구매했는데 좋아요 양도많고 색도에뻐요,5,_alchera_none_
57,20221016_030724,파우더/팩트,MAC 엑스트라 디멘션 스킨피니쉬,https://www.oliveyoung.co.kr/store/goods/getGoodsDetail.do?goodsNo=A000000123499&dispCatNo=1000001000200010004&trackingCd&curation&egcode&rccode&egrankcode,맥,MAC 엑스트라 디멘션 스킨피니쉬,57000,57000,비밍 블러쉬;(품절) 쇼 골드,"마이카, 세테아릴에칠헥사노에이트, C12-20애씨드피이지-8에스터, 에이치디아이/트리메칠올헥실락톤크로스폴리머, 글리세린, 스쿠알란, 카라기난추출물, 에칠헥실글리세린, 디칼슘포스페이트, 카프릴릴글라이콜, 폴리소르베이트80, 1,2-헥산디올, 실리카, 합성플루오르플로고파이트, 틴옥사이드, [+/- 적색산화철, 흑색산화철, 황색산화철, 티타늄디옥사이드, 비스머스옥시클로라이드 , 청색1호, 카민, 망가니즈바이올렛, 울트라마린 , 황색4호] [ILN38363] 제공된 성분은 동일 제품이라도 경우에 따라 변경될 수 있습니다. 최신정보는 제품 포장의 성분을 참고하시거나 본사 고객관리지원팀으로 연락 부탁 드립니다.",모든 피부 타입,sotkfkd****,2020.12.01,매번 구매해서 사용중인데 좋아요 강추합니다 감사합니다,5,_alchera_none_
58,20221016_030724,파우더/팩트,MAC 엑스트라 디멘션 스킨피니쉬,https://www.oliveyoung.co.kr/store/goods/getGoodsDetail.do?goodsNo=A000000123499&dispCatNo=1000001000200010004&trackingCd&curation&egcode&rccode&egrankcode,맥,MAC 엑스트라 디멘션 스킨피니쉬,57000,57000,비밍 블러쉬;(품절) 쇼 골드,"마이카, 세테아릴에칠헥사노에이트, C12-20애씨드피이지-8에스터, 에이치디아이/트리메칠올헥실락톤크로스폴리머, 글리세린, 스쿠알란, 카라기난추출물, 에칠헥실글리세린, 디칼슘포스페이트, 카프릴릴글라이콜, 폴리소르베이트80, 1,2-헥산디올, 실리카, 합성플루오르플로고파이트, 틴옥사이드, [+/- 적색산화철, 흑색산화철, 황색산화철, 티타늄디옥사이드, 비스머스옥시클로라이드 , 청색1호, 카민, 망가니즈바이올렛, 울트라마린 , 황색4호] [ILN38363] 제공된 성분은 동일 제품이라도 경우에 따라 변경될 수 있습니다. 최신정보는 제품 포장의 성분을 참고하시거나 본사 고객관리지원팀으로 연락 부탁 드립니다.",모든 피부 타입,뚱잉,2020.11.12,웜톤이면 강추 그냥 너무 좋와 ㅜㅜㅜ 어뜨케 좋냐구요?? 야뻐요 너어무 예뻐!!!! 강추,5,지성;웜톤;블랙헤드;잡티
59,20221016_030725,파우더/팩트,MAC 엑스트라 디멘션 스킨피니쉬,https://www.oliveyoung.co.kr/store/goods/getGoodsDetail.do?goodsNo=A000000123499&dispCatNo=1000001000200010004&trackingCd&curation&egcode&rccode&egrankcode,맥,MAC 엑스트라 디멘션 스킨피니쉬,57000,57000,비밍 블러쉬;(품절) 쇼 골드,"마이카, 세테아릴에칠헥사노에이트, C12-20애씨드피이지-8에스터, 에이치디아이/트리메칠올헥실락톤크로스폴리머, 글리세린, 스쿠알란, 카라기난추출물, 에칠헥실글리세린, 디칼슘포스페이트, 카프릴릴글라이콜, 폴리소르베이트80, 1,2-헥산디올, 실리카, 합성플루오르플로고파이트, 틴옥사이드, [+/- 적색산화철, 흑색산화철, 황색산화철, 티타늄디옥사이드, 비스머스옥시클로라이드 , 청색1호, 카민, 망가니즈바이올렛, 울트라마린 , 황색4호] [ILN38363] 제공된 성분은 동일 제품이라도 경우에 따라 변경될 수 있습니다. 최신정보는 제품 포장의 성분을 참고하시거나 본사 고객관리지원팀으로 연락 부탁 드립니다.",모든 피부 타입,aabbcc,2020.10.09,정말 사랑스러운 맥 하이라이터! 역시 예뻐요~~,3,_alchera_none_
60,20221016_030728,파우더/팩트,MAC 엑스트라 디멘션 스킨피니쉬,https://www.oliveyoung.co.kr/store/goods/getGoodsDetail.do?goodsNo=A000000123499&dispCatNo=1000001000200010004&trackingCd&curation&egcode&rccode&egrankcode,맥,MAC 엑스트라 디멘션 스킨피니쉬,57000,57000,비밍 블러쉬;(품절) 쇼 골드,"마이카, 세테아릴에칠헥사노에이트, C12-20애씨드피이지-8에스터, 에이치디아이/트리메칠올헥실락톤크로스폴리머, 글리세린, 스쿠알란, 카라기난추출물, 에칠헥실글리세린, 디칼슘포스페이트, 카프릴릴글라이콜, 폴리소르베이트80, 1,2-헥산디올, 실리카, 합성플루오르플로고파이트, 틴옥사이드, [+/- 적색산화철, 흑색산화철, 황색산화철, 티타늄디옥사이드, 비스머스옥시클로라이드 , 청색1호, 카민, 망가니즈바이올렛, 울트라마린 , 황색4호] [ILN38363] 제공된 성분은 동일 제품이라도 경우에 따라 변경될 수 있습니다. 최신정보는 제품 포장의 성분을 참고하시거나 본사 고객관리지원팀으로 연락 부탁 드립니다.",모든 피부 타입,rkdxorud****,2020.07.19,너무 예뻐요ㅠㅠ 광이 골드랑 핑크가 합쳐서 너무 예쁘네요ㅠㅠ,5,_alchera_none_
61,20221016_030730,파우더/팩트,MAC 엑스트라 디멘션 스킨피니쉬,https://www.oliveyoung.co.kr/store/goods/getGoodsDetail.do?goodsNo=A000000123499&dispCatNo=1000001000200010004&trackingCd&curation&egcode&rccode&egrankcode,맥,MAC 엑스트라 디멘션 스킨피니쉬,57000,57000,비밍 블러쉬;(품절) 쇼 골드,"마이카, 세테아릴에칠헥사노에이트, C12-20애씨드피이지-8에스터, 에이치디아이/트리메칠올헥실락톤크로스폴리머, 글리세린, 스쿠알란, 카라기난추출물, 에칠헥실글리세린, 디칼슘포스페이트, 카프릴릴글라이콜, 폴리소르베이트80, 1,2-헥산디올, 실리카, 합성플루오르플로고파이트, 틴옥사이드, [+/- 적색산화철, 흑색산화철, 황색산화철, 티타늄디옥사이드, 비스머스옥시클로라이드 , 청색1호, 카민, 망가니즈바이올렛, 울트라마린 , 황색4호] [ILN38363] 제공된 성분은 동일 제품이라도 경우에 따라 변경될 수 있습니다. 최신정보는 제품 포장의 성분을 참고하시거나 본사 고객관리지원팀으로 연락 부탁 드립니다.",모든 피부 타입,sar****,2020.07.01,솔직히 광채나는지 잘 모르겠음 비싸기만하고 별로,3,_alchera_none_
62,20221016_030734,파우더/팩트,MAC 엑스트라 디멘션 스킨피니쉬,https://www.oliveyoung.co.kr/store/goods/getGoodsDetail.do?goodsNo=A000000123499&dispCatNo=1000001000200010004&trackingCd&curation&egcode&rccode&egrankcode,맥,MAC 엑스트라 디멘션 스킨피니쉬,57000,57000,비밍 블러쉬;(품절) 쇼 골드,"마이카, 세테아릴에칠헥사노에이트, C12-20애씨드피이지-8에스터, 에이치디아이/트리메칠올헥실락톤크로스폴리머, 글리세린, 스쿠알란, 카라기난추출물, 에칠헥실글리세린, 디칼슘포스페이트, 카프릴릴글라이콜, 폴리소르베이트80, 1,2-헥산디올, 실리카, 합성플루오르플로고파이트, 틴옥사이드, [+/- 적색산화철, 흑색산화철, 황색산화철, 티타늄디옥사이드, 비스머스옥시클로라이드 , 청색1호, 카민, 망가니즈바이올렛, 울트라마린 , 황색4호] [ILN38363] 제공된 성분은 동일 제품이라도 경우에 따라 변경될 수 있습니다. 최신정보는 제품 포장의 성분을 참고하시거나 본사 고객관리지원팀으로 연락 부탁 드립니다.",모든 피부 타입,rlaskdud****,2020.01.03,"무난한데 노란피부인 저는 손이 잘 안가요
그래도 입자는 곱고 광 뿜뿜 합니다",3,_alchera_none_
