,timestamp,category,productName,urlProduct,brand,productName.1,price1,price2,Color,ingredients,skinType,username,datePublished,reviewText,score,reviewerSkinType
0,20221016_044154,프라이버/베이스,MAC 프렙+프라임 페이스 프로텍트 로션 SPF 50/PA+++,https://www.oliveyoung.co.kr/store/goods/getGoodsDetail.do?goodsNo=A000000123508&dispCatNo=1000001000200010003&trackingCd&curation&egcode&rccode&egrankcode,맥,MAC 프렙+프라임 페이스 프로텍트 로션 SPF 50/PA+++,54000,54000,,"정제수, 호모살레이트, 에칠헥실살리실레이트, 부틸옥틸살리실레이트, 메칠트리메치콘, 네오펜틸글라이콜디헵타노에이트, 부틸메톡시디벤조일메탄, 벤조페논-3, 쿠쿠이나무씨오일, 옥토크릴렌, 라우릴피이지-9폴리디메칠실록시에칠디메치콘, 피이지-100스테아레이트, 부틸렌글라이콜, 글리세릴스테아레이트, 디펜타에리스리틸트리-폴리하이드록시스테아레이트, 소듐하이알루로네이트, 라벤더꽃수, 켈프추출물, 호스테일켈프추출물, 갈조추출물, 카페인, 에칠헥실글리세린, 카프릴릭/카프릭트리글리세라이드, 소르비톨, 메칠디하이드로자스모네이트, 에르고치오네인, 데하이드로잔탄검, 브이피/에이코센코폴리머, 사카라이드아이소머레이트, 암모늄아크릴로일디메칠타우레이트/브이피코폴리머, 포타슘세틸포스페이트, 카프릴릴글라이콜, 시트릭애씨드, 스테아릭애씨드, 세틸알코올, 리날룰, 리모넨, 디소듐이디티에이, 페녹시에탄올, 소듐데하이드로아세테이트, 마이카 [ILN40728] 제공된 성분은 동일 제품이라도 경우에 따라 변경될 수 있습니다. 최신정보는 제품 포장의 성분을 참고하시거나 본사 고객관리지원팀으로 연락 부탁 드립니다.",모든 피부 타입,민트0329,2022.07.31,"워낙 두꺼운 베이스 메이크업은 안좋아해서요. 기초제
품 잘 바른뒤 자외선 차단제와 프라이머 바르고 파우더
팩트 가볍게 바르는편이거든요.  그래서 베이스 프라이
머 제품 잘 발리고 밀착력 좋은 제품 고르는편이예요.

✔️웜톤 23호 쓰구요. 기미나, 잡티는 많이 없는 편인데
다크써클이 좀 있고 피곤하면 좀 칙칙해 보여서 프라이
머 바르는데 색상이 핑크, 살구, 흰색, 그린색 굳이 안따
지고 쓰는편이예요.

이 제품의 색상은, 하얀색인데 살짝 되직하거나 하진않
구요. 촉촉한타입입니다. 그렇다고 막 흐를정도 아니구
요. 피부에 가볍게 잘 발리네요.

✔️뭉치거나 금방 흡수되서 갈라지는 제품도 있는데 이
제품은 뭉침이나 건조함은 없고, 잘 밀착되면서 적당히
촉촉해서 너무 유분끼 많은것도 싫어하고. 그렇다고 넘
건조한것도 주름 부각되고 싫어하는 저한테 딱이네요.

✔️톤업효과는 저는 볼보다 이마나 얼굴 사이드쪽 구석
이 좀 까무잡잡한데 신경써서 발라 주니 살짝 밝아지는
느낌도 있고. 탱글하게 빛나는게 생기있게 도와주네요.

✔️확실히 이제품을 쓰고 안쓰고의 차이가 써보시면 아
실텐데요. 메이크업 유지력도 좋고 윤기도 돌면서 피부
쫀쫀하게 생기있게 오래 지속시켜줘서 좋더라구요.

✔️전에 코랄 그라스 틴티드 프라이머를 썼었는데 그제
품도 건성피부에 좋고. 색이 살짝 코랄섞인 핑크빛이라
환해지는 피부가 촉촉하고 좋았거든요. 이 제품은 처음
써보는데. 색이 핑크빛은 아니지만 윤기나는 탄력 밀착
메이크업을 오래~ 건강해 보이게 유지시켜주니 좋더라
구요. 느낌은 비슷한데 미묘한 차이가 느껴져요.

🔊베이스 메이크업전 프라이머나 cc크림은 다들 쓰시
지만요. 뭉침이나 갈라짐없이 부드럽고, 촉촉하게 밀착
되면서 살짝 윤기나는 피부, 피부색이 고르게 보이게해
주는 밀착 프라이머 찾으시면 이제품 추천드립니다.",5,건성;봄웜톤;다크서클;미백
1,20221016_044154,프라이버/베이스,MAC 프렙+프라임 페이스 프로텍트 로션 SPF 50/PA+++,https://www.oliveyoung.co.kr/store/goods/getGoodsDetail.do?goodsNo=A000000123508&dispCatNo=1000001000200010003&trackingCd&curation&egcode&rccode&egrankcode,맥,MAC 프렙+프라임 페이스 프로텍트 로션 SPF 50/PA+++,54000,54000,,"정제수, 호모살레이트, 에칠헥실살리실레이트, 부틸옥틸살리실레이트, 메칠트리메치콘, 네오펜틸글라이콜디헵타노에이트, 부틸메톡시디벤조일메탄, 벤조페논-3, 쿠쿠이나무씨오일, 옥토크릴렌, 라우릴피이지-9폴리디메칠실록시에칠디메치콘, 피이지-100스테아레이트, 부틸렌글라이콜, 글리세릴스테아레이트, 디펜타에리스리틸트리-폴리하이드록시스테아레이트, 소듐하이알루로네이트, 라벤더꽃수, 켈프추출물, 호스테일켈프추출물, 갈조추출물, 카페인, 에칠헥실글리세린, 카프릴릭/카프릭트리글리세라이드, 소르비톨, 메칠디하이드로자스모네이트, 에르고치오네인, 데하이드로잔탄검, 브이피/에이코센코폴리머, 사카라이드아이소머레이트, 암모늄아크릴로일디메칠타우레이트/브이피코폴리머, 포타슘세틸포스페이트, 카프릴릴글라이콜, 시트릭애씨드, 스테아릭애씨드, 세틸알코올, 리날룰, 리모넨, 디소듐이디티에이, 페녹시에탄올, 소듐데하이드로아세테이트, 마이카 [ILN40728] 제공된 성분은 동일 제품이라도 경우에 따라 변경될 수 있습니다. 최신정보는 제품 포장의 성분을 참고하시거나 본사 고객관리지원팀으로 연락 부탁 드립니다.",모든 피부 타입,조망고,2022.01.30,"맥 다른 제품 살 때, 들어있던 작은 샘플 써보고 좋아서 본품으로 구매했어요! 정말 잘 쓰고 있어서 다 사용하면 재구매 할 것 같아요🤗

✔️ 피부 표현 예쁘게 만들어줘요!
저는 수부지, 지복합성 피부인데 U존이 건조함이 심한 편이라, 메이크업 전 스킨케어를 너무 가볍게 해버리면 시간이 지나면서 화장이 다 떠버려서ㅜㅜ 수분감이 많은 제품 여러 개를 발라서 기초를 차곡차곡 쌓아주는 편이에요! 평소 스킨케어 단계 그대로 수분크림까지 충분히 흡수시키고 난 후에 이 제품을 사용했는데 발림성도 아주 매끄럽고 피부에 잘 흡수되더라고요☺️ 이후에 쿠션을 사용했는데 확실히 이 제품을 사용하지 않았을 때보다 피부 표현이 훨씬 광이 돌게 예쁘게 마무리되었어요. 이 광이 너무 예쁜데 수부지인 제 피부에서는 촉촉한 느낌이 평소보다 더 올라왔기 때문에 파우더 처리를 안하면 마스크에 다 묻어날 것 같아서ㅎㅎ… 저는 파우더 처리까지 했어요. 확실히 이 제품을 사용했을 때 피부표현도 정말 예쁘고, 지속력도 좋은 편이라고 느꼈어요!

✔️ 저는 메이크업이 정말 잘 뜨는 피부라서 다양한 메이크업베이스 제품들을 사용해본 편이에요. 제가 사용해본 제품들 중에서 정말 마음에 드는 편이라 앞으로도 잘 사용할 것 같아요✨ 맥은 립스틱이 제일 유명하니까 이런 베이스 제품들은 잘 몰랐었는데, 사용해보니까 이런 꿀템이 있었구나 라는 걸 느낄 수 있었어요!",5,복합성;봄웜톤;민감성;트러블
2,20221016_044154,프라이버/베이스,MAC 프렙+프라임 페이스 프로텍트 로션 SPF 50/PA+++,https://www.oliveyoung.co.kr/store/goods/getGoodsDetail.do?goodsNo=A000000123508&dispCatNo=1000001000200010003&trackingCd&curation&egcode&rccode&egrankcode,맥,MAC 프렙+프라임 페이스 프로텍트 로션 SPF 50/PA+++,54000,54000,,"정제수, 호모살레이트, 에칠헥실살리실레이트, 부틸옥틸살리실레이트, 메칠트리메치콘, 네오펜틸글라이콜디헵타노에이트, 부틸메톡시디벤조일메탄, 벤조페논-3, 쿠쿠이나무씨오일, 옥토크릴렌, 라우릴피이지-9폴리디메칠실록시에칠디메치콘, 피이지-100스테아레이트, 부틸렌글라이콜, 글리세릴스테아레이트, 디펜타에리스리틸트리-폴리하이드록시스테아레이트, 소듐하이알루로네이트, 라벤더꽃수, 켈프추출물, 호스테일켈프추출물, 갈조추출물, 카페인, 에칠헥실글리세린, 카프릴릭/카프릭트리글리세라이드, 소르비톨, 메칠디하이드로자스모네이트, 에르고치오네인, 데하이드로잔탄검, 브이피/에이코센코폴리머, 사카라이드아이소머레이트, 암모늄아크릴로일디메칠타우레이트/브이피코폴리머, 포타슘세틸포스페이트, 카프릴릴글라이콜, 시트릭애씨드, 스테아릭애씨드, 세틸알코올, 리날룰, 리모넨, 디소듐이디티에이, 페녹시에탄올, 소듐데하이드로아세테이트, 마이카 [ILN40728] 제공된 성분은 동일 제품이라도 경우에 따라 변경될 수 있습니다. 최신정보는 제품 포장의 성분을 참고하시거나 본사 고객관리지원팀으로 연락 부탁 드립니다.",모든 피부 타입,뷰티얌얌,2021.10.25,"이제품은 10통 넘게사용한것같은데 선크림 겸용 메이크업 베이스로 생각하면 될것같아요
정말 떨어지기전에 구매하거나 기본 2통 정도는 기본으로 구매하기도 하는 이제품!!
가장 장점은 뻑뻑 하지않는 턱스처 덕분에 바르고 흡수시켜 줬은때 기본 스킨케어를 바른듯한 느낌을 바르면서 답답하지않는 밀착감!!!
요즘같은 코시국에는 정말 더 없으면 안되는 기본템 중 기본템!거의 파운데이션,쿠션 바르기 전에 이제품은 기본으로 깔고. 바르면. 밀착력도 있으면서 톤보정이 아닌 수분감 있는 느낌의 피부표현을 할수있다는점!
단점은 공병이 정~~~말 최악이다. 기존에 사용 하던것도 거의 다 써갈때쯤이면. 위를 잘라서 남아있는 내용물을 긁어내면서. 까지 사용하는데 공병만 좀 바꿨으면좋겄다 그거빼고는 이제품은 내인생템중 하나♥",4,복합성;웜톤;각질;블랙헤드
3,20221016_044154,프라이버/베이스,MAC 프렙+프라임 페이스 프로텍트 로션 SPF 50/PA+++,https://www.oliveyoung.co.kr/store/goods/getGoodsDetail.do?goodsNo=A000000123508&dispCatNo=1000001000200010003&trackingCd&curation&egcode&rccode&egrankcode,맥,MAC 프렙+프라임 페이스 프로텍트 로션 SPF 50/PA+++,54000,54000,,"정제수, 호모살레이트, 에칠헥실살리실레이트, 부틸옥틸살리실레이트, 메칠트리메치콘, 네오펜틸글라이콜디헵타노에이트, 부틸메톡시디벤조일메탄, 벤조페논-3, 쿠쿠이나무씨오일, 옥토크릴렌, 라우릴피이지-9폴리디메칠실록시에칠디메치콘, 피이지-100스테아레이트, 부틸렌글라이콜, 글리세릴스테아레이트, 디펜타에리스리틸트리-폴리하이드록시스테아레이트, 소듐하이알루로네이트, 라벤더꽃수, 켈프추출물, 호스테일켈프추출물, 갈조추출물, 카페인, 에칠헥실글리세린, 카프릴릭/카프릭트리글리세라이드, 소르비톨, 메칠디하이드로자스모네이트, 에르고치오네인, 데하이드로잔탄검, 브이피/에이코센코폴리머, 사카라이드아이소머레이트, 암모늄아크릴로일디메칠타우레이트/브이피코폴리머, 포타슘세틸포스페이트, 카프릴릴글라이콜, 시트릭애씨드, 스테아릭애씨드, 세틸알코올, 리날룰, 리모넨, 디소듐이디티에이, 페녹시에탄올, 소듐데하이드로아세테이트, 마이카 [ILN40728] 제공된 성분은 동일 제품이라도 경우에 따라 변경될 수 있습니다. 최신정보는 제품 포장의 성분을 참고하시거나 본사 고객관리지원팀으로 연락 부탁 드립니다.",모든 피부 타입,현지히메,2022.09.22,매번 사용하는거라 구매했어요. 제가 건성인데도 불구하고 딱히 당긴다는 느낌은 받지 못한것 같아요. 괜찮은것 같아서 어머니에게도 추천해드렸더니 한개 더 구매하라구 하시네용. 제형은 로션같은 제형이구요 저같은 건성/민감성 피부도 사용할 수 있는거보면 괜찮은듯 한데 너무 예민하신분은 잘 모르겠네용.. 자외선 차단 기능도 들어가 있어서 너무좋구용 아 그리고 마음에 드는게 번들거림 전혀 없습니다. 화장을 진하게 하는편은 아니라서 전 선크림으로 생각하고 이거 하나만 발라요. 끈적임 전혀 없는 흐르는 느낌의 제형이라 이거 자외선 차단은 제대로 되나 생각은 한적있지만..ㅎㅎ 아직까지는 잘 사용하고 있구요. 계절은 딱히 상관없는것 같아요. 습한 여름에도 저는 잘 사용했습니다. 앞으로도 계속 구매해서 사용할 예정입니다!,5,건성;웜톤;민감성;트러블
4,20221016_044154,프라이버/베이스,MAC 프렙+프라임 페이스 프로텍트 로션 SPF 50/PA+++,https://www.oliveyoung.co.kr/store/goods/getGoodsDetail.do?goodsNo=A000000123508&dispCatNo=1000001000200010003&trackingCd&curation&egcode&rccode&egrankcode,맥,MAC 프렙+프라임 페이스 프로텍트 로션 SPF 50/PA+++,54000,54000,,"정제수, 호모살레이트, 에칠헥실살리실레이트, 부틸옥틸살리실레이트, 메칠트리메치콘, 네오펜틸글라이콜디헵타노에이트, 부틸메톡시디벤조일메탄, 벤조페논-3, 쿠쿠이나무씨오일, 옥토크릴렌, 라우릴피이지-9폴리디메칠실록시에칠디메치콘, 피이지-100스테아레이트, 부틸렌글라이콜, 글리세릴스테아레이트, 디펜타에리스리틸트리-폴리하이드록시스테아레이트, 소듐하이알루로네이트, 라벤더꽃수, 켈프추출물, 호스테일켈프추출물, 갈조추출물, 카페인, 에칠헥실글리세린, 카프릴릭/카프릭트리글리세라이드, 소르비톨, 메칠디하이드로자스모네이트, 에르고치오네인, 데하이드로잔탄검, 브이피/에이코센코폴리머, 사카라이드아이소머레이트, 암모늄아크릴로일디메칠타우레이트/브이피코폴리머, 포타슘세틸포스페이트, 카프릴릴글라이콜, 시트릭애씨드, 스테아릭애씨드, 세틸알코올, 리날룰, 리모넨, 디소듐이디티에이, 페녹시에탄올, 소듐데하이드로아세테이트, 마이카 [ILN40728] 제공된 성분은 동일 제품이라도 경우에 따라 변경될 수 있습니다. 최신정보는 제품 포장의 성분을 참고하시거나 본사 고객관리지원팀으로 연락 부탁 드립니다.",모든 피부 타입,코덕으니,2021.04.21,"맥 메이크업라인은 말해뭐해..너무 좋아요!
썬크림까지는 스킨케어로 들어간다지만 요즘같이 마스크쓸때 베이스메이크업 유지력이 중요해서 썬크림도 기왕이면 잘 발리고 베이스 밀착력도 높여주는 제품을 찾게 되는데요.프렙프라임 프로텍트로션이 딱입니다♡수분로션 같이 발리면서도 바르고나면 베이스 찰떡콩떡으로 잘먹어요! 더 가벼운 썬에센스제품도있지만 너무 묽으면 자외선차단이 제대로 되는지 의심이되서 제형은 이정도가 딱인거같아요.
맥 수분썬크림으로 유명한 제품이라 눈여겨보다 세일할 때 특템해서 만족해요♡가격이 저렴하지않고 메베기능이 있어서 얼굴에만 바르고있어요!",5,지성;웜톤;모공;민감성
5,20221016_044155,프라이버/베이스,MAC 프렙+프라임 페이스 프로텍트 로션 SPF 50/PA+++,https://www.oliveyoung.co.kr/store/goods/getGoodsDetail.do?goodsNo=A000000123508&dispCatNo=1000001000200010003&trackingCd&curation&egcode&rccode&egrankcode,맥,MAC 프렙+프라임 페이스 프로텍트 로션 SPF 50/PA+++,54000,54000,,"정제수, 호모살레이트, 에칠헥실살리실레이트, 부틸옥틸살리실레이트, 메칠트리메치콘, 네오펜틸글라이콜디헵타노에이트, 부틸메톡시디벤조일메탄, 벤조페논-3, 쿠쿠이나무씨오일, 옥토크릴렌, 라우릴피이지-9폴리디메칠실록시에칠디메치콘, 피이지-100스테아레이트, 부틸렌글라이콜, 글리세릴스테아레이트, 디펜타에리스리틸트리-폴리하이드록시스테아레이트, 소듐하이알루로네이트, 라벤더꽃수, 켈프추출물, 호스테일켈프추출물, 갈조추출물, 카페인, 에칠헥실글리세린, 카프릴릭/카프릭트리글리세라이드, 소르비톨, 메칠디하이드로자스모네이트, 에르고치오네인, 데하이드로잔탄검, 브이피/에이코센코폴리머, 사카라이드아이소머레이트, 암모늄아크릴로일디메칠타우레이트/브이피코폴리머, 포타슘세틸포스페이트, 카프릴릴글라이콜, 시트릭애씨드, 스테아릭애씨드, 세틸알코올, 리날룰, 리모넨, 디소듐이디티에이, 페녹시에탄올, 소듐데하이드로아세테이트, 마이카 [ILN40728] 제공된 성분은 동일 제품이라도 경우에 따라 변경될 수 있습니다. 최신정보는 제품 포장의 성분을 참고하시거나 본사 고객관리지원팀으로 연락 부탁 드립니다.",모든 피부 타입,현지히메,2021.12.23,건성/민감성 피부를 가진 30대 여성입니다. 맥제품 계속 사용하는 이유는 아무래도 파운데이션과의 궁합이 잘 맞아서 인것 같아요. 저는 건성이다보니 이것만 바르고 다니기에는 좀 건조해요. 과한 번들거림은 없어서 좋긴하지만 확실히 로션 제형이다보니 저한테는 가벼운느낌이(겨울) 많이 들어요. 여름에는 이것만 바르고 다닐수 있겠지만 환절기나 겨울엔 좀 가벼워요. 건성 이외에 피부타입을 가지신 분들은 충분히 겨울에도 사용 가능할 듯 합니다. 위에 언급했듯이 파데(에스티로* 퓨쳐리스트 사용중입니다)와의 궁합이 끝장납니다. 착붙이에요 ㅎㅎ 파데가 촉촉한 타입이라 이제품 바르고 파데바르면 딱히 건조함은 못느껴요 그리고 제가 코주변에는 좀 모공이 넓은편인데 바르고나면 어느정도는 채워지는 느낌이라 그것도 맘에 들었어요. 앞으로도 재구매 할거에요~,5,건성;웜톤;민감성;트러블
6,20221016_044155,프라이버/베이스,MAC 프렙+프라임 페이스 프로텍트 로션 SPF 50/PA+++,https://www.oliveyoung.co.kr/store/goods/getGoodsDetail.do?goodsNo=A000000123508&dispCatNo=1000001000200010003&trackingCd&curation&egcode&rccode&egrankcode,맥,MAC 프렙+프라임 페이스 프로텍트 로션 SPF 50/PA+++,54000,54000,,"정제수, 호모살레이트, 에칠헥실살리실레이트, 부틸옥틸살리실레이트, 메칠트리메치콘, 네오펜틸글라이콜디헵타노에이트, 부틸메톡시디벤조일메탄, 벤조페논-3, 쿠쿠이나무씨오일, 옥토크릴렌, 라우릴피이지-9폴리디메칠실록시에칠디메치콘, 피이지-100스테아레이트, 부틸렌글라이콜, 글리세릴스테아레이트, 디펜타에리스리틸트리-폴리하이드록시스테아레이트, 소듐하이알루로네이트, 라벤더꽃수, 켈프추출물, 호스테일켈프추출물, 갈조추출물, 카페인, 에칠헥실글리세린, 카프릴릭/카프릭트리글리세라이드, 소르비톨, 메칠디하이드로자스모네이트, 에르고치오네인, 데하이드로잔탄검, 브이피/에이코센코폴리머, 사카라이드아이소머레이트, 암모늄아크릴로일디메칠타우레이트/브이피코폴리머, 포타슘세틸포스페이트, 카프릴릴글라이콜, 시트릭애씨드, 스테아릭애씨드, 세틸알코올, 리날룰, 리모넨, 디소듐이디티에이, 페녹시에탄올, 소듐데하이드로아세테이트, 마이카 [ILN40728] 제공된 성분은 동일 제품이라도 경우에 따라 변경될 수 있습니다. 최신정보는 제품 포장의 성분을 참고하시거나 본사 고객관리지원팀으로 연락 부탁 드립니다.",모든 피부 타입,현지히메,2022.03.21,"제형이 기존에 쓰던 프라이머랑 좀 다른느낌이에요. 한동안 사용안하다가 다시 구매했는데 역시나 화장이 먹는것도 그렇고 지속력이 다르긴 해요. 제 피부타입이 건성이다 보니 프라이머 바르면 뭔가 항상 건조한 느낌이 들었는데 맥제품은 그나마 좀 나은 느낌이에요. 이게 촉촉프라이머로 나오다보니..ㅎㅎ그래도 시간 지나면 건조함이 느껴지는건 제피부탓.. 악지성/악건성 제외 무난하게 사용할 수 있는 제품입니다! 엄청 부드럽게 발리구요. 거의 로션같다고 생각하면 돼요. 그리고 선크림 기능이 있다보니 전 엄청 끈적이거나 유분기 가득할 줄 알았는데, 그렇지 않아요. 유분기는 조금있긴하지만 답답한 느낌이 들 정도는 아니에요! 정말 무더운 여름제외하고는 무난하게 사용 할 수 있구요~ 촉촉한 프라이머 찾으시는 분에게 추천합니다!",5,건성;웜톤;민감성;트러블
7,20221016_044155,프라이버/베이스,MAC 프렙+프라임 페이스 프로텍트 로션 SPF 50/PA+++,https://www.oliveyoung.co.kr/store/goods/getGoodsDetail.do?goodsNo=A000000123508&dispCatNo=1000001000200010003&trackingCd&curation&egcode&rccode&egrankcode,맥,MAC 프렙+프라임 페이스 프로텍트 로션 SPF 50/PA+++,54000,54000,,"정제수, 호모살레이트, 에칠헥실살리실레이트, 부틸옥틸살리실레이트, 메칠트리메치콘, 네오펜틸글라이콜디헵타노에이트, 부틸메톡시디벤조일메탄, 벤조페논-3, 쿠쿠이나무씨오일, 옥토크릴렌, 라우릴피이지-9폴리디메칠실록시에칠디메치콘, 피이지-100스테아레이트, 부틸렌글라이콜, 글리세릴스테아레이트, 디펜타에리스리틸트리-폴리하이드록시스테아레이트, 소듐하이알루로네이트, 라벤더꽃수, 켈프추출물, 호스테일켈프추출물, 갈조추출물, 카페인, 에칠헥실글리세린, 카프릴릭/카프릭트리글리세라이드, 소르비톨, 메칠디하이드로자스모네이트, 에르고치오네인, 데하이드로잔탄검, 브이피/에이코센코폴리머, 사카라이드아이소머레이트, 암모늄아크릴로일디메칠타우레이트/브이피코폴리머, 포타슘세틸포스페이트, 카프릴릴글라이콜, 시트릭애씨드, 스테아릭애씨드, 세틸알코올, 리날룰, 리모넨, 디소듐이디티에이, 페녹시에탄올, 소듐데하이드로아세테이트, 마이카 [ILN40728] 제공된 성분은 동일 제품이라도 경우에 따라 변경될 수 있습니다. 최신정보는 제품 포장의 성분을 참고하시거나 본사 고객관리지원팀으로 연락 부탁 드립니다.",모든 피부 타입,현지히메,2021.11.22,"악건성/민감성 피부를 가진 여성입니다. 
원래 선크림만 닥터올*제품 사용했었는데, 뭔가 프라이머 + 선크림이 들어있어 피부표현(결)이 더 이쁘게 될것 같아 구매해서 사용해봤어요. 흠.. 건성분에게는 확실히 건조한 느낌이들어요. 처음에 발림성이나 이런건 너무 좋고 로션같이 촉촉한 느낌이 있지만 시간이 지나면 확실히 건조해 지더라구요ㅠㅜ 악건성인 저에게는 모든 제품이 건조하지만 이건 수분감을 막 머금고 있는 아이는 아니라서 그런지 건조해져요. 하지만 제가 건성이라 평소에 화장이 빨리 날라가는(?) 편인데 확실히 맥제품 바르고 화장하면 유지력은 좋은것 같아요. 어머니도 써보시고는 하나 구매해달라고 하시네요(건성 아니심). 저처럼 악건성 아니신 분들이라면 위에 덧바르고 하실꺼니 왠만하면 다 사용가능한듯 합니다.",4,건성;웜톤;민감성;트러블
8,20221016_044155,프라이버/베이스,MAC 프렙+프라임 페이스 프로텍트 로션 SPF 50/PA+++,https://www.oliveyoung.co.kr/store/goods/getGoodsDetail.do?goodsNo=A000000123508&dispCatNo=1000001000200010003&trackingCd&curation&egcode&rccode&egrankcode,맥,MAC 프렙+프라임 페이스 프로텍트 로션 SPF 50/PA+++,54000,54000,,"정제수, 호모살레이트, 에칠헥실살리실레이트, 부틸옥틸살리실레이트, 메칠트리메치콘, 네오펜틸글라이콜디헵타노에이트, 부틸메톡시디벤조일메탄, 벤조페논-3, 쿠쿠이나무씨오일, 옥토크릴렌, 라우릴피이지-9폴리디메칠실록시에칠디메치콘, 피이지-100스테아레이트, 부틸렌글라이콜, 글리세릴스테아레이트, 디펜타에리스리틸트리-폴리하이드록시스테아레이트, 소듐하이알루로네이트, 라벤더꽃수, 켈프추출물, 호스테일켈프추출물, 갈조추출물, 카페인, 에칠헥실글리세린, 카프릴릭/카프릭트리글리세라이드, 소르비톨, 메칠디하이드로자스모네이트, 에르고치오네인, 데하이드로잔탄검, 브이피/에이코센코폴리머, 사카라이드아이소머레이트, 암모늄아크릴로일디메칠타우레이트/브이피코폴리머, 포타슘세틸포스페이트, 카프릴릴글라이콜, 시트릭애씨드, 스테아릭애씨드, 세틸알코올, 리날룰, 리모넨, 디소듐이디티에이, 페녹시에탄올, 소듐데하이드로아세테이트, 마이카 [ILN40728] 제공된 성분은 동일 제품이라도 경우에 따라 변경될 수 있습니다. 최신정보는 제품 포장의 성분을 참고하시거나 본사 고객관리지원팀으로 연락 부탁 드립니다.",모든 피부 타입,vbak****,2021.07.01,"이런 말이 잇죠
메이크업 브랜드의 기초 제품은 제품력이 좋을 수 밖에 없다. 피부 위에 올라가는 화장을 잘 먹게 하기 위해서 ㅇㅇ
진짜 이 말이 생각나는 제품이에요 약간의 수분감이 있는데 코랑 나비존 중심으로 얇게 발라주면 파데도 잘 먹고 모공도 어느정도 커버 돼요! 원래 베이스를 사용하지 않는 편인데 여름이기도 하고 픽서를 매번 뿌리기 부담스러워서 구매했는데 정말 좋아요 화장이 정말 잘 먹어요 단점은 가격? 제품ㄹㅕㄱ은 최고입니다",5,복합성;웜톤;모공;민감성
9,20221016_044156,프라이버/베이스,MAC 프렙+프라임 페이스 프로텍트 로션 SPF 50/PA+++,https://www.oliveyoung.co.kr/store/goods/getGoodsDetail.do?goodsNo=A000000123508&dispCatNo=1000001000200010003&trackingCd&curation&egcode&rccode&egrankcode,맥,MAC 프렙+프라임 페이스 프로텍트 로션 SPF 50/PA+++,54000,54000,,"정제수, 호모살레이트, 에칠헥실살리실레이트, 부틸옥틸살리실레이트, 메칠트리메치콘, 네오펜틸글라이콜디헵타노에이트, 부틸메톡시디벤조일메탄, 벤조페논-3, 쿠쿠이나무씨오일, 옥토크릴렌, 라우릴피이지-9폴리디메칠실록시에칠디메치콘, 피이지-100스테아레이트, 부틸렌글라이콜, 글리세릴스테아레이트, 디펜타에리스리틸트리-폴리하이드록시스테아레이트, 소듐하이알루로네이트, 라벤더꽃수, 켈프추출물, 호스테일켈프추출물, 갈조추출물, 카페인, 에칠헥실글리세린, 카프릴릭/카프릭트리글리세라이드, 소르비톨, 메칠디하이드로자스모네이트, 에르고치오네인, 데하이드로잔탄검, 브이피/에이코센코폴리머, 사카라이드아이소머레이트, 암모늄아크릴로일디메칠타우레이트/브이피코폴리머, 포타슘세틸포스페이트, 카프릴릴글라이콜, 시트릭애씨드, 스테아릭애씨드, 세틸알코올, 리날룰, 리모넨, 디소듐이디티에이, 페녹시에탄올, 소듐데하이드로아세테이트, 마이카 [ILN40728] 제공된 성분은 동일 제품이라도 경우에 따라 변경될 수 있습니다. 최신정보는 제품 포장의 성분을 참고하시거나 본사 고객관리지원팀으로 연락 부탁 드립니다.",모든 피부 타입,명둥이,2019.12.04,"여러 기능이 섞여 있어서 활용도가 좋네요
크기가 작아서 여행 갈 때 썬크림처럼 써도 될 듯 하네요
제형 자체가 묽어서 바르기도 편하네요",5,_alchera_none_
10,20221016_044200,프라이버/베이스,MAC 프렙+프라임 페이스 프로텍트 로션 SPF 50/PA+++,https://www.oliveyoung.co.kr/store/goods/getGoodsDetail.do?goodsNo=A000000123508&dispCatNo=1000001000200010003&trackingCd&curation&egcode&rccode&egrankcode,맥,MAC 프렙+프라임 페이스 프로텍트 로션 SPF 50/PA+++,54000,54000,,"정제수, 호모살레이트, 에칠헥실살리실레이트, 부틸옥틸살리실레이트, 메칠트리메치콘, 네오펜틸글라이콜디헵타노에이트, 부틸메톡시디벤조일메탄, 벤조페논-3, 쿠쿠이나무씨오일, 옥토크릴렌, 라우릴피이지-9폴리디메칠실록시에칠디메치콘, 피이지-100스테아레이트, 부틸렌글라이콜, 글리세릴스테아레이트, 디펜타에리스리틸트리-폴리하이드록시스테아레이트, 소듐하이알루로네이트, 라벤더꽃수, 켈프추출물, 호스테일켈프추출물, 갈조추출물, 카페인, 에칠헥실글리세린, 카프릴릭/카프릭트리글리세라이드, 소르비톨, 메칠디하이드로자스모네이트, 에르고치오네인, 데하이드로잔탄검, 브이피/에이코센코폴리머, 사카라이드아이소머레이트, 암모늄아크릴로일디메칠타우레이트/브이피코폴리머, 포타슘세틸포스페이트, 카프릴릴글라이콜, 시트릭애씨드, 스테아릭애씨드, 세틸알코올, 리날룰, 리모넨, 디소듐이디티에이, 페녹시에탄올, 소듐데하이드로아세테이트, 마이카 [ILN40728] 제공된 성분은 동일 제품이라도 경우에 따라 변경될 수 있습니다. 최신정보는 제품 포장의 성분을 참고하시거나 본사 고객관리지원팀으로 연락 부탁 드립니다.",모든 피부 타입,ye****,2022.06.19,"사실 맥 프라이머를 10대때 사용했을 때는 베이스 제품에 크게 관심도 없었고 효과도 기대하지 않고 아 그냥 발리는구나~ 하고 썬크림 대용으로 사용했었던 상품인데 지금 커서 예전 피부 생각해보면 분명 나이대도 있을테지만, 발림성이 달랐던 것이 생각나서 10년이 지난 지금 다시 구매해본 상품입니다. 

🌟발림성
- 생각보다 매트한 썬크림이라고 생각해주시면 될 것 같아요. 막 피부에 얹었을 때에는 촉촉하네 싶다가 2초만 지나면 손가락이 잘 밀리지 않을 정도로 빠르게 픽싱이 됩니다. 엄청나게 빨리 발라야 해요!

🌟바른 후 피부
- 바른 후에 손가락으로 두드려보면 쫀득한 피부 텍스쳐가 완성되어 있습니다. 펄감이 하나도 없고 톤업효과가 있지는 않습니다! 

🌟지속성
- 얼굴에 땀이 많다면 엄청 많은 사람인데 제가 사용하는 에스티로더 더블웨어와는 찰떡으로 잘 어울리는 상품이었어요. 더블웨어도 제가 똥손이기도 하고, 8시간을 말해야 하는 직업을 가진 사람이기도 하고, 복합성이기 때문에 화장이 코 주변은 늘 약간은 뜨는 편인데 ㅜㅜ 이걸 바르고 나서는 집에 도착해서 걱정어린 맘으로 마스크를 벗으면 살짝의 땀자국으로 인해 마스크에 파데가 묻어나 있기도 하지만, 이전보다 확실히 덜해졌고 화장 지워진 부분이  두드러지게 남아있지 않고 예쁘게 지워진 느낌이었어요. 

🌟재구매 의사
- 사실 가격대가 진짜 너무 세긴 해요. 제 중지손가락만한 썬크림이 이 정도 가격대라면 피부 케어에 더 집중을 해야하나 싶을 정돈데 ㅜㅜ 저는 너무 만족하고 있는 베이스라 재구매 의사 200프로 있습니다.

- 직업상 장시간 마스크 착용에 조금이라도 더우면 땀이 엄청 나는 사람인데도 이걸 사용한 후에 모공 끼임이라거나 두드러져 보이는 부분이 엄청 개선되기도 했고, 좁쌀여드름이라도 나면 급한 성격에 죄다 짜내느라 여드름 짜고난 후의 상처?각질?부각이 늘 있어왔는데 이 모든 점을 다 개선해 준 친구입니다! 

지극히 개인 생각이지만, 저같은 베이스 화장 똥손이라면, 한번쯤 믿고 구매해보셔도 될 것 같습니다!",5,_alchera_none_
11,20221016_044200,프라이버/베이스,MAC 프렙+프라임 페이스 프로텍트 로션 SPF 50/PA+++,https://www.oliveyoung.co.kr/store/goods/getGoodsDetail.do?goodsNo=A000000123508&dispCatNo=1000001000200010003&trackingCd&curation&egcode&rccode&egrankcode,맥,MAC 프렙+프라임 페이스 프로텍트 로션 SPF 50/PA+++,54000,54000,,"정제수, 호모살레이트, 에칠헥실살리실레이트, 부틸옥틸살리실레이트, 메칠트리메치콘, 네오펜틸글라이콜디헵타노에이트, 부틸메톡시디벤조일메탄, 벤조페논-3, 쿠쿠이나무씨오일, 옥토크릴렌, 라우릴피이지-9폴리디메칠실록시에칠디메치콘, 피이지-100스테아레이트, 부틸렌글라이콜, 글리세릴스테아레이트, 디펜타에리스리틸트리-폴리하이드록시스테아레이트, 소듐하이알루로네이트, 라벤더꽃수, 켈프추출물, 호스테일켈프추출물, 갈조추출물, 카페인, 에칠헥실글리세린, 카프릴릭/카프릭트리글리세라이드, 소르비톨, 메칠디하이드로자스모네이트, 에르고치오네인, 데하이드로잔탄검, 브이피/에이코센코폴리머, 사카라이드아이소머레이트, 암모늄아크릴로일디메칠타우레이트/브이피코폴리머, 포타슘세틸포스페이트, 카프릴릴글라이콜, 시트릭애씨드, 스테아릭애씨드, 세틸알코올, 리날룰, 리모넨, 디소듐이디티에이, 페녹시에탄올, 소듐데하이드로아세테이트, 마이카 [ILN40728] 제공된 성분은 동일 제품이라도 경우에 따라 변경될 수 있습니다. 최신정보는 제품 포장의 성분을 참고하시거나 본사 고객관리지원팀으로 연락 부탁 드립니다.",모든 피부 타입,레몽몽,2021.11.13,"# MAC 프렙+프라임 페이스 프로텍트 로션

항상 베이스라인 스킨케어 후 기초 단계에서 사용하는 메베에 고민이 많아서 다양한 제품을 사용해보려고 구매했는데 만족한 제품입니다. 파운데이션이나 컨실러 사용시 모공 보호와 커버력이 좋은 제품으로 매트한 제품군 위주로만 사용하다, 로션 제형은 처음 사용해 보았는데 촉촉해서 좋았어요. 

SPF도 50이나 되어서 수분감이 좋은 선크림 겸용의 메이크업 베이스로 사용하기 좋은 제품입니다. 일단 촉촉함이 뛰어나서 들뜸이 없고 피부에 착 스며드는 느낌이 좋았어요. 마스크 착용 시대에도 속피부 보호가 중요한만큼 베이스라인은 수분지속력이 괜찮은 제품을 사용하려 하는데 딱 적당한 제품을 찾아서 꾸준히 사용할 생각입니다. 크게 자극이 없어 모든 피부타입에 추천합니다.",5,지성
12,20221016_044200,프라이버/베이스,MAC 프렙+프라임 페이스 프로텍트 로션 SPF 50/PA+++,https://www.oliveyoung.co.kr/store/goods/getGoodsDetail.do?goodsNo=A000000123508&dispCatNo=1000001000200010003&trackingCd&curation&egcode&rccode&egrankcode,맥,MAC 프렙+프라임 페이스 프로텍트 로션 SPF 50/PA+++,54000,54000,,"정제수, 호모살레이트, 에칠헥실살리실레이트, 부틸옥틸살리실레이트, 메칠트리메치콘, 네오펜틸글라이콜디헵타노에이트, 부틸메톡시디벤조일메탄, 벤조페논-3, 쿠쿠이나무씨오일, 옥토크릴렌, 라우릴피이지-9폴리디메칠실록시에칠디메치콘, 피이지-100스테아레이트, 부틸렌글라이콜, 글리세릴스테아레이트, 디펜타에리스리틸트리-폴리하이드록시스테아레이트, 소듐하이알루로네이트, 라벤더꽃수, 켈프추출물, 호스테일켈프추출물, 갈조추출물, 카페인, 에칠헥실글리세린, 카프릴릭/카프릭트리글리세라이드, 소르비톨, 메칠디하이드로자스모네이트, 에르고치오네인, 데하이드로잔탄검, 브이피/에이코센코폴리머, 사카라이드아이소머레이트, 암모늄아크릴로일디메칠타우레이트/브이피코폴리머, 포타슘세틸포스페이트, 카프릴릴글라이콜, 시트릭애씨드, 스테아릭애씨드, 세틸알코올, 리날룰, 리모넨, 디소듐이디티에이, 페녹시에탄올, 소듐데하이드로아세테이트, 마이카 [ILN40728] 제공된 성분은 동일 제품이라도 경우에 따라 변경될 수 있습니다. 최신정보는 제품 포장의 성분을 참고하시거나 본사 고객관리지원팀으로 연락 부탁 드립니다.",모든 피부 타입,효찌효뿌,2021.12.03,"음.... 왜 일까요.... 메이크업 부스터 크림 찾다가 브랜드 제품을 써보고 싶어서 평점도 괜찮길래 구매해서 사용 했는데 두 번 사용하고 그 뒤로 안 쓰고 있습니다.. ㅠ_ㅠ 저랑은 맞지 않는 제품인 거 같아요.... 메이크업 하고 나서 피부 상태가 평소보다 많이 좋지가 않았어서 (무너짐, 지속력 별로..?ㅠㅠ) 그 뒤로 손이 많이 안 가네요 ㅠㅠㅠ 아쉽.. 심지어 통도 되게 작아서 용량이 많이 적어요..",2,복합성;웜톤;민감성;트러블
13,20221016_044201,프라이버/베이스,MAC 프렙+프라임 페이스 프로텍트 로션 SPF 50/PA+++,https://www.oliveyoung.co.kr/store/goods/getGoodsDetail.do?goodsNo=A000000123508&dispCatNo=1000001000200010003&trackingCd&curation&egcode&rccode&egrankcode,맥,MAC 프렙+프라임 페이스 프로텍트 로션 SPF 50/PA+++,54000,54000,,"정제수, 호모살레이트, 에칠헥실살리실레이트, 부틸옥틸살리실레이트, 메칠트리메치콘, 네오펜틸글라이콜디헵타노에이트, 부틸메톡시디벤조일메탄, 벤조페논-3, 쿠쿠이나무씨오일, 옥토크릴렌, 라우릴피이지-9폴리디메칠실록시에칠디메치콘, 피이지-100스테아레이트, 부틸렌글라이콜, 글리세릴스테아레이트, 디펜타에리스리틸트리-폴리하이드록시스테아레이트, 소듐하이알루로네이트, 라벤더꽃수, 켈프추출물, 호스테일켈프추출물, 갈조추출물, 카페인, 에칠헥실글리세린, 카프릴릭/카프릭트리글리세라이드, 소르비톨, 메칠디하이드로자스모네이트, 에르고치오네인, 데하이드로잔탄검, 브이피/에이코센코폴리머, 사카라이드아이소머레이트, 암모늄아크릴로일디메칠타우레이트/브이피코폴리머, 포타슘세틸포스페이트, 카프릴릴글라이콜, 시트릭애씨드, 스테아릭애씨드, 세틸알코올, 리날룰, 리모넨, 디소듐이디티에이, 페녹시에탄올, 소듐데하이드로아세테이트, 마이카 [ILN40728] 제공된 성분은 동일 제품이라도 경우에 따라 변경될 수 있습니다. 최신정보는 제품 포장의 성분을 참고하시거나 본사 고객관리지원팀으로 연락 부탁 드립니다.",모든 피부 타입,hana****,2021.04.05,"완전 강추♡ㅠㅠ♡
항상 화장이 잘 무너져서 프라이머를 필수로 쓰는 데 
원래 쓰던 프라이머 다 써서 이번엔 다른 거 써보자 해가지구 맥 프라이머 처음 도전 한 건 데
오늘 아침에 이거 쓰고 출근 했는데 완전 맘 에 들어요
선 크림 기능 있는 것도 마음에 들고
발림성도 좋고 지속력도 저한텐 딱 좋은 거 같아요
앞으로 프라이머는 이것만 쓸 듯.. ♡♡",5,_alchera_none_
14,20221016_044201,프라이버/베이스,MAC 프렙+프라임 페이스 프로텍트 로션 SPF 50/PA+++,https://www.oliveyoung.co.kr/store/goods/getGoodsDetail.do?goodsNo=A000000123508&dispCatNo=1000001000200010003&trackingCd&curation&egcode&rccode&egrankcode,맥,MAC 프렙+프라임 페이스 프로텍트 로션 SPF 50/PA+++,54000,54000,,"정제수, 호모살레이트, 에칠헥실살리실레이트, 부틸옥틸살리실레이트, 메칠트리메치콘, 네오펜틸글라이콜디헵타노에이트, 부틸메톡시디벤조일메탄, 벤조페논-3, 쿠쿠이나무씨오일, 옥토크릴렌, 라우릴피이지-9폴리디메칠실록시에칠디메치콘, 피이지-100스테아레이트, 부틸렌글라이콜, 글리세릴스테아레이트, 디펜타에리스리틸트리-폴리하이드록시스테아레이트, 소듐하이알루로네이트, 라벤더꽃수, 켈프추출물, 호스테일켈프추출물, 갈조추출물, 카페인, 에칠헥실글리세린, 카프릴릭/카프릭트리글리세라이드, 소르비톨, 메칠디하이드로자스모네이트, 에르고치오네인, 데하이드로잔탄검, 브이피/에이코센코폴리머, 사카라이드아이소머레이트, 암모늄아크릴로일디메칠타우레이트/브이피코폴리머, 포타슘세틸포스페이트, 카프릴릴글라이콜, 시트릭애씨드, 스테아릭애씨드, 세틸알코올, 리날룰, 리모넨, 디소듐이디티에이, 페녹시에탄올, 소듐데하이드로아세테이트, 마이카 [ILN40728] 제공된 성분은 동일 제품이라도 경우에 따라 변경될 수 있습니다. 최신정보는 제품 포장의 성분을 참고하시거나 본사 고객관리지원팀으로 연락 부탁 드립니다.",모든 피부 타입,jungjs****,2021.02.23,"틴티드 프라이머랑 번갈아 가면서 사용하는 제품이에요
수분감이랑 유분감 두가지 다 가지고 있어서 촉촉하고 발림성도 좋아요
프라이머 기능도 있는 선크림이라 베이스 진짜 깐달걀처럼 가능 🤍",5,지성;쿨톤;각질;미백
15,20221016_044202,프라이버/베이스,MAC 프렙+프라임 페이스 프로텍트 로션 SPF 50/PA+++,https://www.oliveyoung.co.kr/store/goods/getGoodsDetail.do?goodsNo=A000000123508&dispCatNo=1000001000200010003&trackingCd&curation&egcode&rccode&egrankcode,맥,MAC 프렙+프라임 페이스 프로텍트 로션 SPF 50/PA+++,54000,54000,,"정제수, 호모살레이트, 에칠헥실살리실레이트, 부틸옥틸살리실레이트, 메칠트리메치콘, 네오펜틸글라이콜디헵타노에이트, 부틸메톡시디벤조일메탄, 벤조페논-3, 쿠쿠이나무씨오일, 옥토크릴렌, 라우릴피이지-9폴리디메칠실록시에칠디메치콘, 피이지-100스테아레이트, 부틸렌글라이콜, 글리세릴스테아레이트, 디펜타에리스리틸트리-폴리하이드록시스테아레이트, 소듐하이알루로네이트, 라벤더꽃수, 켈프추출물, 호스테일켈프추출물, 갈조추출물, 카페인, 에칠헥실글리세린, 카프릴릭/카프릭트리글리세라이드, 소르비톨, 메칠디하이드로자스모네이트, 에르고치오네인, 데하이드로잔탄검, 브이피/에이코센코폴리머, 사카라이드아이소머레이트, 암모늄아크릴로일디메칠타우레이트/브이피코폴리머, 포타슘세틸포스페이트, 카프릴릴글라이콜, 시트릭애씨드, 스테아릭애씨드, 세틸알코올, 리날룰, 리모넨, 디소듐이디티에이, 페녹시에탄올, 소듐데하이드로아세테이트, 마이카 [ILN40728] 제공된 성분은 동일 제품이라도 경우에 따라 변경될 수 있습니다. 최신정보는 제품 포장의 성분을 참고하시거나 본사 고객관리지원팀으로 연락 부탁 드립니다.",모든 피부 타입,bumb****,2021.01.11,"매번 구매하고 싶었었는데, 매장에서 품절이 잦아서 구매가 어려웠어요. 이번에 구매해서 좋고, 발림성.촉촉함 너무 좋아요! 선크림/프라이머/베이스 따로 바르지 않아도 되서 너무 좋아요",5,_alchera_none_
16,20221016_044203,프라이버/베이스,MAC 프렙+프라임 페이스 프로텍트 로션 SPF 50/PA+++,https://www.oliveyoung.co.kr/store/goods/getGoodsDetail.do?goodsNo=A000000123508&dispCatNo=1000001000200010003&trackingCd&curation&egcode&rccode&egrankcode,맥,MAC 프렙+프라임 페이스 프로텍트 로션 SPF 50/PA+++,54000,54000,,"정제수, 호모살레이트, 에칠헥실살리실레이트, 부틸옥틸살리실레이트, 메칠트리메치콘, 네오펜틸글라이콜디헵타노에이트, 부틸메톡시디벤조일메탄, 벤조페논-3, 쿠쿠이나무씨오일, 옥토크릴렌, 라우릴피이지-9폴리디메칠실록시에칠디메치콘, 피이지-100스테아레이트, 부틸렌글라이콜, 글리세릴스테아레이트, 디펜타에리스리틸트리-폴리하이드록시스테아레이트, 소듐하이알루로네이트, 라벤더꽃수, 켈프추출물, 호스테일켈프추출물, 갈조추출물, 카페인, 에칠헥실글리세린, 카프릴릭/카프릭트리글리세라이드, 소르비톨, 메칠디하이드로자스모네이트, 에르고치오네인, 데하이드로잔탄검, 브이피/에이코센코폴리머, 사카라이드아이소머레이트, 암모늄아크릴로일디메칠타우레이트/브이피코폴리머, 포타슘세틸포스페이트, 카프릴릴글라이콜, 시트릭애씨드, 스테아릭애씨드, 세틸알코올, 리날룰, 리모넨, 디소듐이디티에이, 페녹시에탄올, 소듐데하이드로아세테이트, 마이카 [ILN40728] 제공된 성분은 동일 제품이라도 경우에 따라 변경될 수 있습니다. 최신정보는 제품 포장의 성분을 참고하시거나 본사 고객관리지원팀으로 연락 부탁 드립니다.",모든 피부 타입,hen****,2022.06.15,이제 며칠 쓴지 안되서.. 큰 차이점을 모르겠어요. 어쩌면 제가 잘 못 사용한건지는 모르겠지만 …발림성은 좋아요~ 일반 프라이머랑은 달리 로션같은 제형입니다.,4,_alchera_none_
17,20221016_044205,프라이버/베이스,MAC 프렙+프라임 페이스 프로텍트 로션 SPF 50/PA+++,https://www.oliveyoung.co.kr/store/goods/getGoodsDetail.do?goodsNo=A000000123508&dispCatNo=1000001000200010003&trackingCd&curation&egcode&rccode&egrankcode,맥,MAC 프렙+프라임 페이스 프로텍트 로션 SPF 50/PA+++,54000,54000,,"정제수, 호모살레이트, 에칠헥실살리실레이트, 부틸옥틸살리실레이트, 메칠트리메치콘, 네오펜틸글라이콜디헵타노에이트, 부틸메톡시디벤조일메탄, 벤조페논-3, 쿠쿠이나무씨오일, 옥토크릴렌, 라우릴피이지-9폴리디메칠실록시에칠디메치콘, 피이지-100스테아레이트, 부틸렌글라이콜, 글리세릴스테아레이트, 디펜타에리스리틸트리-폴리하이드록시스테아레이트, 소듐하이알루로네이트, 라벤더꽃수, 켈프추출물, 호스테일켈프추출물, 갈조추출물, 카페인, 에칠헥실글리세린, 카프릴릭/카프릭트리글리세라이드, 소르비톨, 메칠디하이드로자스모네이트, 에르고치오네인, 데하이드로잔탄검, 브이피/에이코센코폴리머, 사카라이드아이소머레이트, 암모늄아크릴로일디메칠타우레이트/브이피코폴리머, 포타슘세틸포스페이트, 카프릴릴글라이콜, 시트릭애씨드, 스테아릭애씨드, 세틸알코올, 리날룰, 리모넨, 디소듐이디티에이, 페녹시에탄올, 소듐데하이드로아세테이트, 마이카 [ILN40728] 제공된 성분은 동일 제품이라도 경우에 따라 변경될 수 있습니다. 최신정보는 제품 포장의 성분을 참고하시거나 본사 고객관리지원팀으로 연락 부탁 드립니다.",모든 피부 타입,gaox****,2020.12.13,자외선 차단효과까지 있어 잘 쓰겠어요~ 너무 쪼꼬미라~^^ ㅎㅎ 금방 쓰겠어요~,5,_alchera_none_
18,20221016_044206,프라이버/베이스,MAC 프렙+프라임 페이스 프로텍트 로션 SPF 50/PA+++,https://www.oliveyoung.co.kr/store/goods/getGoodsDetail.do?goodsNo=A000000123508&dispCatNo=1000001000200010003&trackingCd&curation&egcode&rccode&egrankcode,맥,MAC 프렙+프라임 페이스 프로텍트 로션 SPF 50/PA+++,54000,54000,,"정제수, 호모살레이트, 에칠헥실살리실레이트, 부틸옥틸살리실레이트, 메칠트리메치콘, 네오펜틸글라이콜디헵타노에이트, 부틸메톡시디벤조일메탄, 벤조페논-3, 쿠쿠이나무씨오일, 옥토크릴렌, 라우릴피이지-9폴리디메칠실록시에칠디메치콘, 피이지-100스테아레이트, 부틸렌글라이콜, 글리세릴스테아레이트, 디펜타에리스리틸트리-폴리하이드록시스테아레이트, 소듐하이알루로네이트, 라벤더꽃수, 켈프추출물, 호스테일켈프추출물, 갈조추출물, 카페인, 에칠헥실글리세린, 카프릴릭/카프릭트리글리세라이드, 소르비톨, 메칠디하이드로자스모네이트, 에르고치오네인, 데하이드로잔탄검, 브이피/에이코센코폴리머, 사카라이드아이소머레이트, 암모늄아크릴로일디메칠타우레이트/브이피코폴리머, 포타슘세틸포스페이트, 카프릴릴글라이콜, 시트릭애씨드, 스테아릭애씨드, 세틸알코올, 리날룰, 리모넨, 디소듐이디티에이, 페녹시에탄올, 소듐데하이드로아세테이트, 마이카 [ILN40728] 제공된 성분은 동일 제품이라도 경우에 따라 변경될 수 있습니다. 최신정보는 제품 포장의 성분을 참고하시거나 본사 고객관리지원팀으로 연락 부탁 드립니다.",모든 피부 타입,free****,2020.12.16,"색 보정력은 하나도 없고
촉촉하게 쓸 수 있는 베이스
요즘같이 메이크업을 안 할땐
이거 하나만 바르니까 편함",4,_alchera_none_
19,20221016_044207,프라이버/베이스,MAC 프렙+프라임 페이스 프로텍트 로션 SPF 50/PA+++,https://www.oliveyoung.co.kr/store/goods/getGoodsDetail.do?goodsNo=A000000123508&dispCatNo=1000001000200010003&trackingCd&curation&egcode&rccode&egrankcode,맥,MAC 프렙+프라임 페이스 프로텍트 로션 SPF 50/PA+++,54000,54000,,"정제수, 호모살레이트, 에칠헥실살리실레이트, 부틸옥틸살리실레이트, 메칠트리메치콘, 네오펜틸글라이콜디헵타노에이트, 부틸메톡시디벤조일메탄, 벤조페논-3, 쿠쿠이나무씨오일, 옥토크릴렌, 라우릴피이지-9폴리디메칠실록시에칠디메치콘, 피이지-100스테아레이트, 부틸렌글라이콜, 글리세릴스테아레이트, 디펜타에리스리틸트리-폴리하이드록시스테아레이트, 소듐하이알루로네이트, 라벤더꽃수, 켈프추출물, 호스테일켈프추출물, 갈조추출물, 카페인, 에칠헥실글리세린, 카프릴릭/카프릭트리글리세라이드, 소르비톨, 메칠디하이드로자스모네이트, 에르고치오네인, 데하이드로잔탄검, 브이피/에이코센코폴리머, 사카라이드아이소머레이트, 암모늄아크릴로일디메칠타우레이트/브이피코폴리머, 포타슘세틸포스페이트, 카프릴릴글라이콜, 시트릭애씨드, 스테아릭애씨드, 세틸알코올, 리날룰, 리모넨, 디소듐이디티에이, 페녹시에탄올, 소듐데하이드로아세테이트, 마이카 [ILN40728] 제공된 성분은 동일 제품이라도 경우에 따라 변경될 수 있습니다. 최신정보는 제품 포장의 성분을 참고하시거나 본사 고객관리지원팀으로 연락 부탁 드립니다.",모든 피부 타입,eph****,2020.12.06,이 제품만 6개는 구매해서 썼네요 ㅎㅎ 로션 겸 썬크림으로 너무 만족하며 사용하고 있습니다!  만족 대만족입니다,5,_alchera_none_
20,20221016_044210,프라이버/베이스,MAC 프렙+프라임 페이스 프로텍트 로션 SPF 50/PA+++,https://www.oliveyoung.co.kr/store/goods/getGoodsDetail.do?goodsNo=A000000123508&dispCatNo=1000001000200010003&trackingCd&curation&egcode&rccode&egrankcode,맥,MAC 프렙+프라임 페이스 프로텍트 로션 SPF 50/PA+++,54000,54000,,"정제수, 호모살레이트, 에칠헥실살리실레이트, 부틸옥틸살리실레이트, 메칠트리메치콘, 네오펜틸글라이콜디헵타노에이트, 부틸메톡시디벤조일메탄, 벤조페논-3, 쿠쿠이나무씨오일, 옥토크릴렌, 라우릴피이지-9폴리디메칠실록시에칠디메치콘, 피이지-100스테아레이트, 부틸렌글라이콜, 글리세릴스테아레이트, 디펜타에리스리틸트리-폴리하이드록시스테아레이트, 소듐하이알루로네이트, 라벤더꽃수, 켈프추출물, 호스테일켈프추출물, 갈조추출물, 카페인, 에칠헥실글리세린, 카프릴릭/카프릭트리글리세라이드, 소르비톨, 메칠디하이드로자스모네이트, 에르고치오네인, 데하이드로잔탄검, 브이피/에이코센코폴리머, 사카라이드아이소머레이트, 암모늄아크릴로일디메칠타우레이트/브이피코폴리머, 포타슘세틸포스페이트, 카프릴릴글라이콜, 시트릭애씨드, 스테아릭애씨드, 세틸알코올, 리날룰, 리모넨, 디소듐이디티에이, 페녹시에탄올, 소듐데하이드로아세테이트, 마이카 [ILN40728] 제공된 성분은 동일 제품이라도 경우에 따라 변경될 수 있습니다. 최신정보는 제품 포장의 성분을 참고하시거나 본사 고객관리지원팀으로 연락 부탁 드립니다.",모든 피부 타입,yebb****,2022.02.01,화운데이션 사용전에 펴 발라주니 커버력이나 밀 착력이 좋아요,5,_alchera_none_
21,20221016_044211,프라이버/베이스,MAC 프렙+프라임 페이스 프로텍트 로션 SPF 50/PA+++,https://www.oliveyoung.co.kr/store/goods/getGoodsDetail.do?goodsNo=A000000123508&dispCatNo=1000001000200010003&trackingCd&curation&egcode&rccode&egrankcode,맥,MAC 프렙+프라임 페이스 프로텍트 로션 SPF 50/PA+++,54000,54000,,"정제수, 호모살레이트, 에칠헥실살리실레이트, 부틸옥틸살리실레이트, 메칠트리메치콘, 네오펜틸글라이콜디헵타노에이트, 부틸메톡시디벤조일메탄, 벤조페논-3, 쿠쿠이나무씨오일, 옥토크릴렌, 라우릴피이지-9폴리디메칠실록시에칠디메치콘, 피이지-100스테아레이트, 부틸렌글라이콜, 글리세릴스테아레이트, 디펜타에리스리틸트리-폴리하이드록시스테아레이트, 소듐하이알루로네이트, 라벤더꽃수, 켈프추출물, 호스테일켈프추출물, 갈조추출물, 카페인, 에칠헥실글리세린, 카프릴릭/카프릭트리글리세라이드, 소르비톨, 메칠디하이드로자스모네이트, 에르고치오네인, 데하이드로잔탄검, 브이피/에이코센코폴리머, 사카라이드아이소머레이트, 암모늄아크릴로일디메칠타우레이트/브이피코폴리머, 포타슘세틸포스페이트, 카프릴릴글라이콜, 시트릭애씨드, 스테아릭애씨드, 세틸알코올, 리날룰, 리모넨, 디소듐이디티에이, 페녹시에탄올, 소듐데하이드로아세테이트, 마이카 [ILN40728] 제공된 성분은 동일 제품이라도 경우에 따라 변경될 수 있습니다. 최신정보는 제품 포장의 성분을 참고하시거나 본사 고객관리지원팀으로 연락 부탁 드립니다.",모든 피부 타입,소보소보,2021.11.18,괜찮아요. 올영 배송 빨라서 아주 만족스러워요. 백화점 보다 저렴,5,_alchera_none_
22,20221016_044212,프라이버/베이스,MAC 프렙+프라임 페이스 프로텍트 로션 SPF 50/PA+++,https://www.oliveyoung.co.kr/store/goods/getGoodsDetail.do?goodsNo=A000000123508&dispCatNo=1000001000200010003&trackingCd&curation&egcode&rccode&egrankcode,맥,MAC 프렙+프라임 페이스 프로텍트 로션 SPF 50/PA+++,54000,54000,,"정제수, 호모살레이트, 에칠헥실살리실레이트, 부틸옥틸살리실레이트, 메칠트리메치콘, 네오펜틸글라이콜디헵타노에이트, 부틸메톡시디벤조일메탄, 벤조페논-3, 쿠쿠이나무씨오일, 옥토크릴렌, 라우릴피이지-9폴리디메칠실록시에칠디메치콘, 피이지-100스테아레이트, 부틸렌글라이콜, 글리세릴스테아레이트, 디펜타에리스리틸트리-폴리하이드록시스테아레이트, 소듐하이알루로네이트, 라벤더꽃수, 켈프추출물, 호스테일켈프추출물, 갈조추출물, 카페인, 에칠헥실글리세린, 카프릴릭/카프릭트리글리세라이드, 소르비톨, 메칠디하이드로자스모네이트, 에르고치오네인, 데하이드로잔탄검, 브이피/에이코센코폴리머, 사카라이드아이소머레이트, 암모늄아크릴로일디메칠타우레이트/브이피코폴리머, 포타슘세틸포스페이트, 카프릴릴글라이콜, 시트릭애씨드, 스테아릭애씨드, 세틸알코올, 리날룰, 리모넨, 디소듐이디티에이, 페녹시에탄올, 소듐데하이드로아세테이트, 마이카 [ILN40728] 제공된 성분은 동일 제품이라도 경우에 따라 변경될 수 있습니다. 최신정보는 제품 포장의 성분을 참고하시거나 본사 고객관리지원팀으로 연락 부탁 드립니다.",모든 피부 타입,77pretty****,2021.08.06,이거 화장빨 정말 잘 받아요. 완전 애용합니다. 예전엔 해외 나가면 면세점에서 두세개씩 사다 쟁여놨는데…,5,_alchera_none_
23,20221016_044213,프라이버/베이스,MAC 프렙+프라임 페이스 프로텍트 로션 SPF 50/PA+++,https://www.oliveyoung.co.kr/store/goods/getGoodsDetail.do?goodsNo=A000000123508&dispCatNo=1000001000200010003&trackingCd&curation&egcode&rccode&egrankcode,맥,MAC 프렙+프라임 페이스 프로텍트 로션 SPF 50/PA+++,54000,54000,,"정제수, 호모살레이트, 에칠헥실살리실레이트, 부틸옥틸살리실레이트, 메칠트리메치콘, 네오펜틸글라이콜디헵타노에이트, 부틸메톡시디벤조일메탄, 벤조페논-3, 쿠쿠이나무씨오일, 옥토크릴렌, 라우릴피이지-9폴리디메칠실록시에칠디메치콘, 피이지-100스테아레이트, 부틸렌글라이콜, 글리세릴스테아레이트, 디펜타에리스리틸트리-폴리하이드록시스테아레이트, 소듐하이알루로네이트, 라벤더꽃수, 켈프추출물, 호스테일켈프추출물, 갈조추출물, 카페인, 에칠헥실글리세린, 카프릴릭/카프릭트리글리세라이드, 소르비톨, 메칠디하이드로자스모네이트, 에르고치오네인, 데하이드로잔탄검, 브이피/에이코센코폴리머, 사카라이드아이소머레이트, 암모늄아크릴로일디메칠타우레이트/브이피코폴리머, 포타슘세틸포스페이트, 카프릴릴글라이콜, 시트릭애씨드, 스테아릭애씨드, 세틸알코올, 리날룰, 리모넨, 디소듐이디티에이, 페녹시에탄올, 소듐데하이드로아세테이트, 마이카 [ILN40728] 제공된 성분은 동일 제품이라도 경우에 따라 변경될 수 있습니다. 최신정보는 제품 포장의 성분을 참고하시거나 본사 고객관리지원팀으로 연락 부탁 드립니다.",모든 피부 타입,sungshi****,2021.06.15,발라도 안발른듯한 가벼움 하지만 촉촉함이 좋아요,5,_alchera_none_
24,20221016_044215,프라이버/베이스,MAC 프렙+프라임 페이스 프로텍트 로션 SPF 50/PA+++,https://www.oliveyoung.co.kr/store/goods/getGoodsDetail.do?goodsNo=A000000123508&dispCatNo=1000001000200010003&trackingCd&curation&egcode&rccode&egrankcode,맥,MAC 프렙+프라임 페이스 프로텍트 로션 SPF 50/PA+++,54000,54000,,"정제수, 호모살레이트, 에칠헥실살리실레이트, 부틸옥틸살리실레이트, 메칠트리메치콘, 네오펜틸글라이콜디헵타노에이트, 부틸메톡시디벤조일메탄, 벤조페논-3, 쿠쿠이나무씨오일, 옥토크릴렌, 라우릴피이지-9폴리디메칠실록시에칠디메치콘, 피이지-100스테아레이트, 부틸렌글라이콜, 글리세릴스테아레이트, 디펜타에리스리틸트리-폴리하이드록시스테아레이트, 소듐하이알루로네이트, 라벤더꽃수, 켈프추출물, 호스테일켈프추출물, 갈조추출물, 카페인, 에칠헥실글리세린, 카프릴릭/카프릭트리글리세라이드, 소르비톨, 메칠디하이드로자스모네이트, 에르고치오네인, 데하이드로잔탄검, 브이피/에이코센코폴리머, 사카라이드아이소머레이트, 암모늄아크릴로일디메칠타우레이트/브이피코폴리머, 포타슘세틸포스페이트, 카프릴릴글라이콜, 시트릭애씨드, 스테아릭애씨드, 세틸알코올, 리날룰, 리모넨, 디소듐이디티에이, 페녹시에탄올, 소듐데하이드로아세테이트, 마이카 [ILN40728] 제공된 성분은 동일 제품이라도 경우에 따라 변경될 수 있습니다. 최신정보는 제품 포장의 성분을 참고하시거나 본사 고객관리지원팀으로 연락 부탁 드립니다.",모든 피부 타입,clsrnek****,2021.06.06,"선물로 구매했어요
받는 분이 좋아합니다 
선크림대용으로도 좋아요",5,_alchera_none_
25,20221016_044216,프라이버/베이스,MAC 프렙+프라임 페이스 프로텍트 로션 SPF 50/PA+++,https://www.oliveyoung.co.kr/store/goods/getGoodsDetail.do?goodsNo=A000000123508&dispCatNo=1000001000200010003&trackingCd&curation&egcode&rccode&egrankcode,맥,MAC 프렙+프라임 페이스 프로텍트 로션 SPF 50/PA+++,54000,54000,,"정제수, 호모살레이트, 에칠헥실살리실레이트, 부틸옥틸살리실레이트, 메칠트리메치콘, 네오펜틸글라이콜디헵타노에이트, 부틸메톡시디벤조일메탄, 벤조페논-3, 쿠쿠이나무씨오일, 옥토크릴렌, 라우릴피이지-9폴리디메칠실록시에칠디메치콘, 피이지-100스테아레이트, 부틸렌글라이콜, 글리세릴스테아레이트, 디펜타에리스리틸트리-폴리하이드록시스테아레이트, 소듐하이알루로네이트, 라벤더꽃수, 켈프추출물, 호스테일켈프추출물, 갈조추출물, 카페인, 에칠헥실글리세린, 카프릴릭/카프릭트리글리세라이드, 소르비톨, 메칠디하이드로자스모네이트, 에르고치오네인, 데하이드로잔탄검, 브이피/에이코센코폴리머, 사카라이드아이소머레이트, 암모늄아크릴로일디메칠타우레이트/브이피코폴리머, 포타슘세틸포스페이트, 카프릴릴글라이콜, 시트릭애씨드, 스테아릭애씨드, 세틸알코올, 리날룰, 리모넨, 디소듐이디티에이, 페녹시에탄올, 소듐데하이드로아세테이트, 마이카 [ILN40728] 제공된 성분은 동일 제품이라도 경우에 따라 변경될 수 있습니다. 최신정보는 제품 포장의 성분을 참고하시거나 본사 고객관리지원팀으로 연락 부탁 드립니다.",모든 피부 타입,hushms****,2021.02.07,맥 매장에서보다 저렴한 가격에 살 수 있어서 좋아요!,5,_alchera_none_
26,20221016_044217,프라이버/베이스,MAC 프렙+프라임 페이스 프로텍트 로션 SPF 50/PA+++,https://www.oliveyoung.co.kr/store/goods/getGoodsDetail.do?goodsNo=A000000123508&dispCatNo=1000001000200010003&trackingCd&curation&egcode&rccode&egrankcode,맥,MAC 프렙+프라임 페이스 프로텍트 로션 SPF 50/PA+++,54000,54000,,"정제수, 호모살레이트, 에칠헥실살리실레이트, 부틸옥틸살리실레이트, 메칠트리메치콘, 네오펜틸글라이콜디헵타노에이트, 부틸메톡시디벤조일메탄, 벤조페논-3, 쿠쿠이나무씨오일, 옥토크릴렌, 라우릴피이지-9폴리디메칠실록시에칠디메치콘, 피이지-100스테아레이트, 부틸렌글라이콜, 글리세릴스테아레이트, 디펜타에리스리틸트리-폴리하이드록시스테아레이트, 소듐하이알루로네이트, 라벤더꽃수, 켈프추출물, 호스테일켈프추출물, 갈조추출물, 카페인, 에칠헥실글리세린, 카프릴릭/카프릭트리글리세라이드, 소르비톨, 메칠디하이드로자스모네이트, 에르고치오네인, 데하이드로잔탄검, 브이피/에이코센코폴리머, 사카라이드아이소머레이트, 암모늄아크릴로일디메칠타우레이트/브이피코폴리머, 포타슘세틸포스페이트, 카프릴릴글라이콜, 시트릭애씨드, 스테아릭애씨드, 세틸알코올, 리날룰, 리모넨, 디소듐이디티에이, 페녹시에탄올, 소듐데하이드로아세테이트, 마이카 [ILN40728] 제공된 성분은 동일 제품이라도 경우에 따라 변경될 수 있습니다. 최신정보는 제품 포장의 성분을 참고하시거나 본사 고객관리지원팀으로 연락 부탁 드립니다.",모든 피부 타입,ye****,2020.12.03,항상 사용하던 제품 올리브영 데이에 싸게 잘 샀어요.,5,_alchera_none_
27,20221016_044218,프라이버/베이스,MAC 프렙+프라임 페이스 프로텍트 로션 SPF 50/PA+++,https://www.oliveyoung.co.kr/store/goods/getGoodsDetail.do?goodsNo=A000000123508&dispCatNo=1000001000200010003&trackingCd&curation&egcode&rccode&egrankcode,맥,MAC 프렙+프라임 페이스 프로텍트 로션 SPF 50/PA+++,54000,54000,,"정제수, 호모살레이트, 에칠헥실살리실레이트, 부틸옥틸살리실레이트, 메칠트리메치콘, 네오펜틸글라이콜디헵타노에이트, 부틸메톡시디벤조일메탄, 벤조페논-3, 쿠쿠이나무씨오일, 옥토크릴렌, 라우릴피이지-9폴리디메칠실록시에칠디메치콘, 피이지-100스테아레이트, 부틸렌글라이콜, 글리세릴스테아레이트, 디펜타에리스리틸트리-폴리하이드록시스테아레이트, 소듐하이알루로네이트, 라벤더꽃수, 켈프추출물, 호스테일켈프추출물, 갈조추출물, 카페인, 에칠헥실글리세린, 카프릴릭/카프릭트리글리세라이드, 소르비톨, 메칠디하이드로자스모네이트, 에르고치오네인, 데하이드로잔탄검, 브이피/에이코센코폴리머, 사카라이드아이소머레이트, 암모늄아크릴로일디메칠타우레이트/브이피코폴리머, 포타슘세틸포스페이트, 카프릴릴글라이콜, 시트릭애씨드, 스테아릭애씨드, 세틸알코올, 리날룰, 리모넨, 디소듐이디티에이, 페녹시에탄올, 소듐데하이드로아세테이트, 마이카 [ILN40728] 제공된 성분은 동일 제품이라도 경우에 따라 변경될 수 있습니다. 최신정보는 제품 포장의 성분을 참고하시거나 본사 고객관리지원팀으로 연락 부탁 드립니다.",모든 피부 타입,asd****,2020.11.27,이미 잘 쓰고 있는 제품이라서 고민없이 구매했어요,5,_alchera_none_
28,20221016_044222,프라이버/베이스,MAC 프렙+프라임 페이스 프로텍트 로션 SPF 50/PA+++,https://www.oliveyoung.co.kr/store/goods/getGoodsDetail.do?goodsNo=A000000123508&dispCatNo=1000001000200010003&trackingCd&curation&egcode&rccode&egrankcode,맥,MAC 프렙+프라임 페이스 프로텍트 로션 SPF 50/PA+++,54000,54000,,"정제수, 호모살레이트, 에칠헥실살리실레이트, 부틸옥틸살리실레이트, 메칠트리메치콘, 네오펜틸글라이콜디헵타노에이트, 부틸메톡시디벤조일메탄, 벤조페논-3, 쿠쿠이나무씨오일, 옥토크릴렌, 라우릴피이지-9폴리디메칠실록시에칠디메치콘, 피이지-100스테아레이트, 부틸렌글라이콜, 글리세릴스테아레이트, 디펜타에리스리틸트리-폴리하이드록시스테아레이트, 소듐하이알루로네이트, 라벤더꽃수, 켈프추출물, 호스테일켈프추출물, 갈조추출물, 카페인, 에칠헥실글리세린, 카프릴릭/카프릭트리글리세라이드, 소르비톨, 메칠디하이드로자스모네이트, 에르고치오네인, 데하이드로잔탄검, 브이피/에이코센코폴리머, 사카라이드아이소머레이트, 암모늄아크릴로일디메칠타우레이트/브이피코폴리머, 포타슘세틸포스페이트, 카프릴릴글라이콜, 시트릭애씨드, 스테아릭애씨드, 세틸알코올, 리날룰, 리모넨, 디소듐이디티에이, 페녹시에탄올, 소듐데하이드로아세테이트, 마이카 [ILN40728] 제공된 성분은 동일 제품이라도 경우에 따라 변경될 수 있습니다. 최신정보는 제품 포장의 성분을 참고하시거나 본사 고객관리지원팀으로 연락 부탁 드립니다.",모든 피부 타입,apper****,2020.04.04,온라인 품절도ㅣ서 오프라인에서 구매했어요 ㅎㅎ 자주쓰는데 넘 좋아용,5,_alchera_none_
