,timestamp,category,productName,urlProduct,brand,productName.1,price1,price2,Color,ingredients,skinType,username,datePublished,reviewText,score,reviewerSkinType
0,20221016_044106,프라이버/베이스,MAC 프렙+프라임 24-아워 익스텐드 아이 베이스,https://www.oliveyoung.co.kr/store/goods/getGoodsDetail.do?goodsNo=A000000123900&dispCatNo=1000001000200010003&trackingCd&curation&egcode&rccode&egrankcode,맥,MAC 프렙+프라임 24-아워 익스텐드 아이 베이스,37000,37000,,"디메치콘, 이소도데칸, 탈크, 디메치콘실릴레이트, 트리하이드록시스테아린, 디스테아디모늄헥토라이트, 카올린, 하이드로제네이티드폴리이소부텐, 폴리에칠렌, 브이피/에이코센코폴리머, 트리옥틸도데실시트레이트, 토코페릴아세테이트, 레시틴, 비사볼올, 트리에칠헥사노인, 실리카, 알루미나, 프로필렌카보네이트, 에칠렌/메타크릴레이트코폴리머, 소르비탄세스퀴올리에이트, 카프릴릴글라이콜, 스테아릭애씨드, 글리시레티닉애씨드, 피이지-40스테아레이트, 이소프로필티타늄트리이소스테아레이트, 펜타에리스리틸테트라-디-t-부틸하이드록시하이드로신나메이트, 마이카, 티타늄디옥사이드, 적색산화철, 흑색산화철, 황색산화철, 비스머스옥시클로라이드 [ILN40999]
제공된 성분은 동일 제품이라도 경우에 따라 변경될 수 있습니다. 최신정보는 제품 포장의 성분을 참고하시거나 본사 고객관리지원팀으로 연락 부탁 드립니다.",모든 피부 타입,앙나뵤,2022.01.10,"전 무조전 화장할때 아무리 바빠도 아이 프라이머는 꼭 바르고 화장해요. 지금까지 브이디엘이랑 미샤만 10년 쓴 거 같은데 처음으로 맥 아이 프라이머 사봤어요 :-) 

🖤 위생적으로 제일 깨끗하게 쓸 수 있다
아이 프라이머 중에 저런 용기는 처음 보는거 같아요
원래 팁으로 된 형태는 살짝 찝찝해서 손에 덜어서 쓰고 닦아서 보관했는데 요고는 짜서 쓰면 되니까 청결해서 마음에 들어요.ᐟ 

🖤✔️ 대신 양조절이 어려울 수 있어요
짜서 쓰는 타입이다보니 한번에 많은 양이 나오더라구요
눈에 듬뿍 발랐는데도 남아서 고대로 물티슈에 닦아서 버렸다는,, 
제 기준 매일 쓴다면 4-5개월 안에 다 쓸 거 같아요
(원래 아이프라이머 사용 주기 1년 주기로 바꿨음

🖤 본연의 기능 충실히 잘해요
브이디엘, 미샤보다 훨씬 발랐을때 섀도우 발색력 뛰어나게 잘 나와요 그리고 마르는 시간도 더 빠른거 같아요
브이디엘, 미샤는 살짝 묽은 액체 형태였지만 맥은 고체에 더 가까운거 같아요 😖",5,건성;쿨톤;민감성
1,20221016_044106,프라이버/베이스,MAC 프렙+프라임 24-아워 익스텐드 아이 베이스,https://www.oliveyoung.co.kr/store/goods/getGoodsDetail.do?goodsNo=A000000123900&dispCatNo=1000001000200010003&trackingCd&curation&egcode&rccode&egrankcode,맥,MAC 프렙+프라임 24-아워 익스텐드 아이 베이스,37000,37000,,"디메치콘, 이소도데칸, 탈크, 디메치콘실릴레이트, 트리하이드록시스테아린, 디스테아디모늄헥토라이트, 카올린, 하이드로제네이티드폴리이소부텐, 폴리에칠렌, 브이피/에이코센코폴리머, 트리옥틸도데실시트레이트, 토코페릴아세테이트, 레시틴, 비사볼올, 트리에칠헥사노인, 실리카, 알루미나, 프로필렌카보네이트, 에칠렌/메타크릴레이트코폴리머, 소르비탄세스퀴올리에이트, 카프릴릴글라이콜, 스테아릭애씨드, 글리시레티닉애씨드, 피이지-40스테아레이트, 이소프로필티타늄트리이소스테아레이트, 펜타에리스리틸테트라-디-t-부틸하이드록시하이드로신나메이트, 마이카, 티타늄디옥사이드, 적색산화철, 흑색산화철, 황색산화철, 비스머스옥시클로라이드 [ILN40999]
제공된 성분은 동일 제품이라도 경우에 따라 변경될 수 있습니다. 최신정보는 제품 포장의 성분을 참고하시거나 본사 고객관리지원팀으로 연락 부탁 드립니다.",모든 피부 타입,Franky,2021.05.26,"코드 아이 프라이머 사용하다가 딱히 효과를 잘 못봐서 구매해봤어요! 가격때문에 망설이긴했는데 눈 쌍커풀에 항상 아이쉐도우가 많이 끼는 편이고 아이라인이 팬더처럼 번지는 눈이라서ㅜㅜ 비싼감이있었지만 리뷰보고 구매했습니다.

요즘처럼 더워지기전에는 하나도 안번졌는데 요즘은 온도도올라가고 땀을 흘려서그런지 처음 처럼 드라마틱한 효과는 못보는거같아요ㅜㅜ 그리고 특히 양 조절이 젤 즁요한듯!

너무 쳐발쳐발하면 뜨는데다가 안가려져요 
조금씩 발라야하니까 아주 비싼느낌은아니에요 ㅋㅋㅋ
갠적으로 코드보다 훨씬 낫다는거 ㅋㅋ 눈바눈이지만 가격이 비싼건 보통 이유가 ㅋㅋㅋ",4,복합성;쿨톤;민감성;아토피
2,20221016_044108,프라이버/베이스,MAC 프렙+프라임 24-아워 익스텐드 아이 베이스,https://www.oliveyoung.co.kr/store/goods/getGoodsDetail.do?goodsNo=A000000123900&dispCatNo=1000001000200010003&trackingCd&curation&egcode&rccode&egrankcode,맥,MAC 프렙+프라임 24-아워 익스텐드 아이 베이스,37000,37000,,"디메치콘, 이소도데칸, 탈크, 디메치콘실릴레이트, 트리하이드록시스테아린, 디스테아디모늄헥토라이트, 카올린, 하이드로제네이티드폴리이소부텐, 폴리에칠렌, 브이피/에이코센코폴리머, 트리옥틸도데실시트레이트, 토코페릴아세테이트, 레시틴, 비사볼올, 트리에칠헥사노인, 실리카, 알루미나, 프로필렌카보네이트, 에칠렌/메타크릴레이트코폴리머, 소르비탄세스퀴올리에이트, 카프릴릴글라이콜, 스테아릭애씨드, 글리시레티닉애씨드, 피이지-40스테아레이트, 이소프로필티타늄트리이소스테아레이트, 펜타에리스리틸테트라-디-t-부틸하이드록시하이드로신나메이트, 마이카, 티타늄디옥사이드, 적색산화철, 흑색산화철, 황색산화철, 비스머스옥시클로라이드 [ILN40999]
제공된 성분은 동일 제품이라도 경우에 따라 변경될 수 있습니다. 최신정보는 제품 포장의 성분을 참고하시거나 본사 고객관리지원팀으로 연락 부탁 드립니다.",모든 피부 타입,늉뉴냥냐,2021.10.24,"🔹️눈두덩이에 유분기많은 피부타입.
그 유명한 밥이브라운 럭셔리라인을 써도 몇시간후면 홀~라당 사라지고 쌍꺼풀라인에 글리터같은 반짝이만 끼는 정말 저주밭은 눈두덩이라 구매해봤습니다

🔸️결과적으로 저는 만족합니다!!!
제품을 샀으면 비교를 해봐야죠.. 쓸데없는 실험정신이 도져서 한 쪽은 맥 아이프라이머를 안바르고 섀도우를 칠했고 다른 한 쪽은 요 제품을 사용 한 후 충분히 말린다음 화장했어요. 그러고 외출ㅋㅋ 안한쪽은 유분기에 섀도우가 많이 사라진반면 프라이머를 깔아둔 눈은 꽤 오래동안 전체적으로 지워지지않고 유지되었어요!! 신기방기..

🔹️비싼것같지만 비싸지않아요
베네핕트 프라이머 미니보다 크기가 좀 큰편인데 어차피 이건 피부 화장이아닌 눈 전용! 이기때문에 작아보여도 몇년은 쓸 수 있을것같은 짐승용량입니다.. 가성비좋아요

🔸️눈에 유분기가 많아서 섀도우가 금방 날라가시는분(저는 투페2스드,맥,밥이브라운,루나등등 싹 다 날려먹는 눈두덩이입니다), 쌍꺼풀 사이에 섀도우 끼시는분들이라면 강추..👍👍",5,_alchera_none_
3,20221016_044108,프라이버/베이스,MAC 프렙+프라임 24-아워 익스텐드 아이 베이스,https://www.oliveyoung.co.kr/store/goods/getGoodsDetail.do?goodsNo=A000000123900&dispCatNo=1000001000200010003&trackingCd&curation&egcode&rccode&egrankcode,맥,MAC 프렙+프라임 24-아워 익스텐드 아이 베이스,37000,37000,,"디메치콘, 이소도데칸, 탈크, 디메치콘실릴레이트, 트리하이드록시스테아린, 디스테아디모늄헥토라이트, 카올린, 하이드로제네이티드폴리이소부텐, 폴리에칠렌, 브이피/에이코센코폴리머, 트리옥틸도데실시트레이트, 토코페릴아세테이트, 레시틴, 비사볼올, 트리에칠헥사노인, 실리카, 알루미나, 프로필렌카보네이트, 에칠렌/메타크릴레이트코폴리머, 소르비탄세스퀴올리에이트, 카프릴릴글라이콜, 스테아릭애씨드, 글리시레티닉애씨드, 피이지-40스테아레이트, 이소프로필티타늄트리이소스테아레이트, 펜타에리스리틸테트라-디-t-부틸하이드록시하이드로신나메이트, 마이카, 티타늄디옥사이드, 적색산화철, 흑색산화철, 황색산화철, 비스머스옥시클로라이드 [ILN40999]
제공된 성분은 동일 제품이라도 경우에 따라 변경될 수 있습니다. 최신정보는 제품 포장의 성분을 참고하시거나 본사 고객관리지원팀으로 연락 부탁 드립니다.",모든 피부 타입,말여사,2022.08.24,좋아요 추천드려요 만족합니다 매번쓰는제품 입니다 추천드려요,5,건성;웜톤;미백;잡티
4,20221016_044108,프라이버/베이스,MAC 프렙+프라임 24-아워 익스텐드 아이 베이스,https://www.oliveyoung.co.kr/store/goods/getGoodsDetail.do?goodsNo=A000000123900&dispCatNo=1000001000200010003&trackingCd&curation&egcode&rccode&egrankcode,맥,MAC 프렙+프라임 24-아워 익스텐드 아이 베이스,37000,37000,,"디메치콘, 이소도데칸, 탈크, 디메치콘실릴레이트, 트리하이드록시스테아린, 디스테아디모늄헥토라이트, 카올린, 하이드로제네이티드폴리이소부텐, 폴리에칠렌, 브이피/에이코센코폴리머, 트리옥틸도데실시트레이트, 토코페릴아세테이트, 레시틴, 비사볼올, 트리에칠헥사노인, 실리카, 알루미나, 프로필렌카보네이트, 에칠렌/메타크릴레이트코폴리머, 소르비탄세스퀴올리에이트, 카프릴릴글라이콜, 스테아릭애씨드, 글리시레티닉애씨드, 피이지-40스테아레이트, 이소프로필티타늄트리이소스테아레이트, 펜타에리스리틸테트라-디-t-부틸하이드록시하이드로신나메이트, 마이카, 티타늄디옥사이드, 적색산화철, 흑색산화철, 황색산화철, 비스머스옥시클로라이드 [ILN40999]
제공된 성분은 동일 제품이라도 경우에 따라 변경될 수 있습니다. 최신정보는 제품 포장의 성분을 참고하시거나 본사 고객관리지원팀으로 연락 부탁 드립니다.",모든 피부 타입,올리뷰노예,2020.01.06,눈밑에 하도 번져서 사봤어요 크리즈 현상없고 12시간 끄덕없네요 ㅎㅎ  가격대비 용량 너무 비싼데 비싼값하는 아이,5,건성;웜톤;모공;블랙헤드
5,20221016_044109,프라이버/베이스,MAC 프렙+프라임 24-아워 익스텐드 아이 베이스,https://www.oliveyoung.co.kr/store/goods/getGoodsDetail.do?goodsNo=A000000123900&dispCatNo=1000001000200010003&trackingCd&curation&egcode&rccode&egrankcode,맥,MAC 프렙+프라임 24-아워 익스텐드 아이 베이스,37000,37000,,"디메치콘, 이소도데칸, 탈크, 디메치콘실릴레이트, 트리하이드록시스테아린, 디스테아디모늄헥토라이트, 카올린, 하이드로제네이티드폴리이소부텐, 폴리에칠렌, 브이피/에이코센코폴리머, 트리옥틸도데실시트레이트, 토코페릴아세테이트, 레시틴, 비사볼올, 트리에칠헥사노인, 실리카, 알루미나, 프로필렌카보네이트, 에칠렌/메타크릴레이트코폴리머, 소르비탄세스퀴올리에이트, 카프릴릴글라이콜, 스테아릭애씨드, 글리시레티닉애씨드, 피이지-40스테아레이트, 이소프로필티타늄트리이소스테아레이트, 펜타에리스리틸테트라-디-t-부틸하이드록시하이드로신나메이트, 마이카, 티타늄디옥사이드, 적색산화철, 흑색산화철, 황색산화철, 비스머스옥시클로라이드 [ILN40999]
제공된 성분은 동일 제품이라도 경우에 따라 변경될 수 있습니다. 최신정보는 제품 포장의 성분을 참고하시거나 본사 고객관리지원팀으로 연락 부탁 드립니다.",모든 피부 타입,sehhh,2022.09.06,약간 뻑뻑한 제형인데 부드럽게 발리고 일단 제품력 너무 좋아요 인생템,5,_alchera_none_
6,20221016_044110,프라이버/베이스,MAC 프렙+프라임 24-아워 익스텐드 아이 베이스,https://www.oliveyoung.co.kr/store/goods/getGoodsDetail.do?goodsNo=A000000123900&dispCatNo=1000001000200010003&trackingCd&curation&egcode&rccode&egrankcode,맥,MAC 프렙+프라임 24-아워 익스텐드 아이 베이스,37000,37000,,"디메치콘, 이소도데칸, 탈크, 디메치콘실릴레이트, 트리하이드록시스테아린, 디스테아디모늄헥토라이트, 카올린, 하이드로제네이티드폴리이소부텐, 폴리에칠렌, 브이피/에이코센코폴리머, 트리옥틸도데실시트레이트, 토코페릴아세테이트, 레시틴, 비사볼올, 트리에칠헥사노인, 실리카, 알루미나, 프로필렌카보네이트, 에칠렌/메타크릴레이트코폴리머, 소르비탄세스퀴올리에이트, 카프릴릴글라이콜, 스테아릭애씨드, 글리시레티닉애씨드, 피이지-40스테아레이트, 이소프로필티타늄트리이소스테아레이트, 펜타에리스리틸테트라-디-t-부틸하이드록시하이드로신나메이트, 마이카, 티타늄디옥사이드, 적색산화철, 흑색산화철, 황색산화철, 비스머스옥시클로라이드 [ILN40999]
제공된 성분은 동일 제품이라도 경우에 따라 변경될 수 있습니다. 최신정보는 제품 포장의 성분을 참고하시거나 본사 고객관리지원팀으로 연락 부탁 드립니다.",모든 피부 타입,dbsgk****,2021.06.10,"이전에 어반XXX 썼었는데 맥으로 갈아탔어요. 어반XXX는 어플리케이터 하는거라 아무래도 위생상 좋지는 않았지만 쭉 썼거든요. 근데 맥으로 갈아탔는데, 맥이 지속력이 훨씬 좋아서 정착템 되었어요. 쿠션 바른다음에 손으로 약간 비벼서 녹인다음에 눈두덩이랑 아래랑 펴발라주면 돼요. 이거 마르는 시간동안에 저는 보통 눈썹 그려요. 그러고 나면 딱 적당히 말라서 섀도우 사용하기 좋더라고요. 이 제품 사용한 날이랑 안 사용한 날이랑 차이가 커서 무조건 지성이나 섀도우 지속력 높이시고 싶은 분들, 아이라이너 번짐 덜 하게 하고 싶은 분들은 강력추천해요.ㅠㅠ 다만 어반XXX 제품보다는 사용속도가 빠른것 같아요ㅠㅠ",5,_alchera_none_
7,20221016_044111,프라이버/베이스,MAC 프렙+프라임 24-아워 익스텐드 아이 베이스,https://www.oliveyoung.co.kr/store/goods/getGoodsDetail.do?goodsNo=A000000123900&dispCatNo=1000001000200010003&trackingCd&curation&egcode&rccode&egrankcode,맥,MAC 프렙+프라임 24-아워 익스텐드 아이 베이스,37000,37000,,"디메치콘, 이소도데칸, 탈크, 디메치콘실릴레이트, 트리하이드록시스테아린, 디스테아디모늄헥토라이트, 카올린, 하이드로제네이티드폴리이소부텐, 폴리에칠렌, 브이피/에이코센코폴리머, 트리옥틸도데실시트레이트, 토코페릴아세테이트, 레시틴, 비사볼올, 트리에칠헥사노인, 실리카, 알루미나, 프로필렌카보네이트, 에칠렌/메타크릴레이트코폴리머, 소르비탄세스퀴올리에이트, 카프릴릴글라이콜, 스테아릭애씨드, 글리시레티닉애씨드, 피이지-40스테아레이트, 이소프로필티타늄트리이소스테아레이트, 펜타에리스리틸테트라-디-t-부틸하이드록시하이드로신나메이트, 마이카, 티타늄디옥사이드, 적색산화철, 흑색산화철, 황색산화철, 비스머스옥시클로라이드 [ILN40999]
제공된 성분은 동일 제품이라도 경우에 따라 변경될 수 있습니다. 최신정보는 제품 포장의 성분을 참고하시거나 본사 고객관리지원팀으로 연락 부탁 드립니다.",모든 피부 타입,하니엘로나,2021.01.07,"눈화장을 자주 하지는 않지만 가끔 필요할 때 하는 편인데, 눈두덩에 유분기가 많은 편이라 안번진다 하는 아이라이너를 사용해도 꼭 한두시간이 지나면 눈주변이 번져 지저분한 느낌을 주곤하여 이걸 보정할 물건을 찾고 있었습니다. 유명하다고 하는 아이프라이머 3개 정도를 예전에 사용해보았고 크게 좋지도 나쁘지도 않은 사용감을 보였고 이번엔 이전과 다른 괜찮은 제품을 사용해조고 싶어서  리뷰와 검색을 통해 맥 아이 프라이머를 찾아냈습니다.
발림성은 부드럽고 겨울의 추운 날씨에도 굳지 않더라고요. 지속력도 좋았습니다. 아이 프라이머를 하고 안하고의 차이가 많이 나네요. 눈화장도 잘 안하지만 할때 번지지 않게 하기 위해 잘 쓸거 같아요.",5,_alchera_none_
8,20221016_044111,프라이버/베이스,MAC 프렙+프라임 24-아워 익스텐드 아이 베이스,https://www.oliveyoung.co.kr/store/goods/getGoodsDetail.do?goodsNo=A000000123900&dispCatNo=1000001000200010003&trackingCd&curation&egcode&rccode&egrankcode,맥,MAC 프렙+프라임 24-아워 익스텐드 아이 베이스,37000,37000,,"디메치콘, 이소도데칸, 탈크, 디메치콘실릴레이트, 트리하이드록시스테아린, 디스테아디모늄헥토라이트, 카올린, 하이드로제네이티드폴리이소부텐, 폴리에칠렌, 브이피/에이코센코폴리머, 트리옥틸도데실시트레이트, 토코페릴아세테이트, 레시틴, 비사볼올, 트리에칠헥사노인, 실리카, 알루미나, 프로필렌카보네이트, 에칠렌/메타크릴레이트코폴리머, 소르비탄세스퀴올리에이트, 카프릴릴글라이콜, 스테아릭애씨드, 글리시레티닉애씨드, 피이지-40스테아레이트, 이소프로필티타늄트리이소스테아레이트, 펜타에리스리틸테트라-디-t-부틸하이드록시하이드로신나메이트, 마이카, 티타늄디옥사이드, 적색산화철, 흑색산화철, 황색산화철, 비스머스옥시클로라이드 [ILN40999]
제공된 성분은 동일 제품이라도 경우에 따라 변경될 수 있습니다. 최신정보는 제품 포장의 성분을 참고하시거나 본사 고객관리지원팀으로 연락 부탁 드립니다.",모든 피부 타입,hanah****,2021.09.04,어반디케이 VDL 맥꺼 모두 다 만족하고 썼어요. 확실히 프라이머 쓰면 번짐 없고 발색 선명히 유지되고 크리 안생겨서 좋아요. 양 조절 잘해야하는 패키지라 그게 좀 아쉽네요. 입구가 너무 넓어요,5,복합성;웜톤;모공;잡티
9,20221016_044113,프라이버/베이스,MAC 프렙+프라임 24-아워 익스텐드 아이 베이스,https://www.oliveyoung.co.kr/store/goods/getGoodsDetail.do?goodsNo=A000000123900&dispCatNo=1000001000200010003&trackingCd&curation&egcode&rccode&egrankcode,맥,MAC 프렙+프라임 24-아워 익스텐드 아이 베이스,37000,37000,,"디메치콘, 이소도데칸, 탈크, 디메치콘실릴레이트, 트리하이드록시스테아린, 디스테아디모늄헥토라이트, 카올린, 하이드로제네이티드폴리이소부텐, 폴리에칠렌, 브이피/에이코센코폴리머, 트리옥틸도데실시트레이트, 토코페릴아세테이트, 레시틴, 비사볼올, 트리에칠헥사노인, 실리카, 알루미나, 프로필렌카보네이트, 에칠렌/메타크릴레이트코폴리머, 소르비탄세스퀴올리에이트, 카프릴릴글라이콜, 스테아릭애씨드, 글리시레티닉애씨드, 피이지-40스테아레이트, 이소프로필티타늄트리이소스테아레이트, 펜타에리스리틸테트라-디-t-부틸하이드록시하이드로신나메이트, 마이카, 티타늄디옥사이드, 적색산화철, 흑색산화철, 황색산화철, 비스머스옥시클로라이드 [ILN40999]
제공된 성분은 동일 제품이라도 경우에 따라 변경될 수 있습니다. 최신정보는 제품 포장의 성분을 참고하시거나 본사 고객관리지원팀으로 연락 부탁 드립니다.",모든 피부 타입,dlwltn****,2020.07.17,추천받아서 구매했는데 확실히 눈화장을 깔끔하게 할 수 있네요 가격은 있지만 조금씩 쓰니 꽤 오래 쓸듯해요,5,_alchera_none_
10,20221016_044116,프라이버/베이스,MAC 프렙+프라임 24-아워 익스텐드 아이 베이스,https://www.oliveyoung.co.kr/store/goods/getGoodsDetail.do?goodsNo=A000000123900&dispCatNo=1000001000200010003&trackingCd&curation&egcode&rccode&egrankcode,맥,MAC 프렙+프라임 24-아워 익스텐드 아이 베이스,37000,37000,,"디메치콘, 이소도데칸, 탈크, 디메치콘실릴레이트, 트리하이드록시스테아린, 디스테아디모늄헥토라이트, 카올린, 하이드로제네이티드폴리이소부텐, 폴리에칠렌, 브이피/에이코센코폴리머, 트리옥틸도데실시트레이트, 토코페릴아세테이트, 레시틴, 비사볼올, 트리에칠헥사노인, 실리카, 알루미나, 프로필렌카보네이트, 에칠렌/메타크릴레이트코폴리머, 소르비탄세스퀴올리에이트, 카프릴릴글라이콜, 스테아릭애씨드, 글리시레티닉애씨드, 피이지-40스테아레이트, 이소프로필티타늄트리이소스테아레이트, 펜타에리스리틸테트라-디-t-부틸하이드록시하이드로신나메이트, 마이카, 티타늄디옥사이드, 적색산화철, 흑색산화철, 황색산화철, 비스머스옥시클로라이드 [ILN40999]
제공된 성분은 동일 제품이라도 경우에 따라 변경될 수 있습니다. 최신정보는 제품 포장의 성분을 참고하시거나 본사 고객관리지원팀으로 연락 부탁 드립니다.",모든 피부 타입,크레페먹고싶다,2020.04.26,무난한 아이프라이머에요. 어반디케이꺼 쓰다가 맥으로 한번 갈아타봤는데 우위를 가리기 애매하네요 둘다 좋아용.,5,_alchera_none_
11,20221016_044117,프라이버/베이스,MAC 프렙+프라임 24-아워 익스텐드 아이 베이스,https://www.oliveyoung.co.kr/store/goods/getGoodsDetail.do?goodsNo=A000000123900&dispCatNo=1000001000200010003&trackingCd&curation&egcode&rccode&egrankcode,맥,MAC 프렙+프라임 24-아워 익스텐드 아이 베이스,37000,37000,,"디메치콘, 이소도데칸, 탈크, 디메치콘실릴레이트, 트리하이드록시스테아린, 디스테아디모늄헥토라이트, 카올린, 하이드로제네이티드폴리이소부텐, 폴리에칠렌, 브이피/에이코센코폴리머, 트리옥틸도데실시트레이트, 토코페릴아세테이트, 레시틴, 비사볼올, 트리에칠헥사노인, 실리카, 알루미나, 프로필렌카보네이트, 에칠렌/메타크릴레이트코폴리머, 소르비탄세스퀴올리에이트, 카프릴릴글라이콜, 스테아릭애씨드, 글리시레티닉애씨드, 피이지-40스테아레이트, 이소프로필티타늄트리이소스테아레이트, 펜타에리스리틸테트라-디-t-부틸하이드록시하이드로신나메이트, 마이카, 티타늄디옥사이드, 적색산화철, 흑색산화철, 황색산화철, 비스머스옥시클로라이드 [ILN40999]
제공된 성분은 동일 제품이라도 경우에 따라 변경될 수 있습니다. 최신정보는 제품 포장의 성분을 참고하시거나 본사 고객관리지원팀으로 연락 부탁 드립니다.",모든 피부 타입,p99****,2020.03.31,소량으로 사용해서 오래두고 쓰기에 아주좋을거 같아요 바르고 새도우올리면 발색이 더 잘되고 좋네요,5,_alchera_none_
12,20221016_044118,프라이버/베이스,MAC 프렙+프라임 24-아워 익스텐드 아이 베이스,https://www.oliveyoung.co.kr/store/goods/getGoodsDetail.do?goodsNo=A000000123900&dispCatNo=1000001000200010003&trackingCd&curation&egcode&rccode&egrankcode,맥,MAC 프렙+프라임 24-아워 익스텐드 아이 베이스,37000,37000,,"디메치콘, 이소도데칸, 탈크, 디메치콘실릴레이트, 트리하이드록시스테아린, 디스테아디모늄헥토라이트, 카올린, 하이드로제네이티드폴리이소부텐, 폴리에칠렌, 브이피/에이코센코폴리머, 트리옥틸도데실시트레이트, 토코페릴아세테이트, 레시틴, 비사볼올, 트리에칠헥사노인, 실리카, 알루미나, 프로필렌카보네이트, 에칠렌/메타크릴레이트코폴리머, 소르비탄세스퀴올리에이트, 카프릴릴글라이콜, 스테아릭애씨드, 글리시레티닉애씨드, 피이지-40스테아레이트, 이소프로필티타늄트리이소스테아레이트, 펜타에리스리틸테트라-디-t-부틸하이드록시하이드로신나메이트, 마이카, 티타늄디옥사이드, 적색산화철, 흑색산화철, 황색산화철, 비스머스옥시클로라이드 [ILN40999]
제공된 성분은 동일 제품이라도 경우에 따라 변경될 수 있습니다. 최신정보는 제품 포장의 성분을 참고하시거나 본사 고객관리지원팀으로 연락 부탁 드립니다.",모든 피부 타입,introspe****,2020.02.16,"맨날 아이섀도우 눈에 껴서 잘 안바르게
되었는데, 확실히 이거쓰니까 하나도 안번지고 안끼더라구요 완전 신기 다른 아이프라이머 써봤는데 이게 제일 좋은 것 같애여 강추합니다",5,_alchera_none_
13,20221016_044119,프라이버/베이스,MAC 프렙+프라임 24-아워 익스텐드 아이 베이스,https://www.oliveyoung.co.kr/store/goods/getGoodsDetail.do?goodsNo=A000000123900&dispCatNo=1000001000200010003&trackingCd&curation&egcode&rccode&egrankcode,맥,MAC 프렙+프라임 24-아워 익스텐드 아이 베이스,37000,37000,,"디메치콘, 이소도데칸, 탈크, 디메치콘실릴레이트, 트리하이드록시스테아린, 디스테아디모늄헥토라이트, 카올린, 하이드로제네이티드폴리이소부텐, 폴리에칠렌, 브이피/에이코센코폴리머, 트리옥틸도데실시트레이트, 토코페릴아세테이트, 레시틴, 비사볼올, 트리에칠헥사노인, 실리카, 알루미나, 프로필렌카보네이트, 에칠렌/메타크릴레이트코폴리머, 소르비탄세스퀴올리에이트, 카프릴릴글라이콜, 스테아릭애씨드, 글리시레티닉애씨드, 피이지-40스테아레이트, 이소프로필티타늄트리이소스테아레이트, 펜타에리스리틸테트라-디-t-부틸하이드록시하이드로신나메이트, 마이카, 티타늄디옥사이드, 적색산화철, 흑색산화철, 황색산화철, 비스머스옥시클로라이드 [ILN40999]
제공된 성분은 동일 제품이라도 경우에 따라 변경될 수 있습니다. 최신정보는 제품 포장의 성분을 참고하시거나 본사 고객관리지원팀으로 연락 부탁 드립니다.",모든 피부 타입,tanc****,2020.01.11,"받자마자 양이 넘 적다 생각했는데...
정말 적은양을 쓰게 되서 생각보다 오래쓸거 같긴하네요...
ㅎㅎㅎ
극소량만 짜서 눈두덩이와 눈아래에 바릅니다..
근데 저는 아이라인을 펜슬타입을 쓰는데 잘 안그려지긴해요..
하지만 셰도 색은 훨 이쁘게 발색되네요
팬더눈도 덜되고 좋네요",4,_alchera_none_
14,20221016_044120,프라이버/베이스,MAC 프렙+프라임 24-아워 익스텐드 아이 베이스,https://www.oliveyoung.co.kr/store/goods/getGoodsDetail.do?goodsNo=A000000123900&dispCatNo=1000001000200010003&trackingCd&curation&egcode&rccode&egrankcode,맥,MAC 프렙+프라임 24-아워 익스텐드 아이 베이스,37000,37000,,"디메치콘, 이소도데칸, 탈크, 디메치콘실릴레이트, 트리하이드록시스테아린, 디스테아디모늄헥토라이트, 카올린, 하이드로제네이티드폴리이소부텐, 폴리에칠렌, 브이피/에이코센코폴리머, 트리옥틸도데실시트레이트, 토코페릴아세테이트, 레시틴, 비사볼올, 트리에칠헥사노인, 실리카, 알루미나, 프로필렌카보네이트, 에칠렌/메타크릴레이트코폴리머, 소르비탄세스퀴올리에이트, 카프릴릴글라이콜, 스테아릭애씨드, 글리시레티닉애씨드, 피이지-40스테아레이트, 이소프로필티타늄트리이소스테아레이트, 펜타에리스리틸테트라-디-t-부틸하이드록시하이드로신나메이트, 마이카, 티타늄디옥사이드, 적색산화철, 흑색산화철, 황색산화철, 비스머스옥시클로라이드 [ILN40999]
제공된 성분은 동일 제품이라도 경우에 따라 변경될 수 있습니다. 최신정보는 제품 포장의 성분을 참고하시거나 본사 고객관리지원팀으로 연락 부탁 드립니다.",모든 피부 타입,tpfla****,2021.10.24,"처음에 받고 올영 특유의 입구봉인 덕지덕지 스티커도 없고 제품 개봉 했을 때 입구에 이미 제품이 묻어있어서 혹시나 사용감이 있는 제품을 다시 보내준건가 했는데 원래 그렇다네요..ㅎㅎ 이 부분은 미리 고지를 해두던지 하시는 게 좋을 것 같아요 새 제품인 걸 알지만 괜시리 찝찝,,,,",4,_alchera_none_
15,20221016_044122,프라이버/베이스,MAC 프렙+프라임 24-아워 익스텐드 아이 베이스,https://www.oliveyoung.co.kr/store/goods/getGoodsDetail.do?goodsNo=A000000123900&dispCatNo=1000001000200010003&trackingCd&curation&egcode&rccode&egrankcode,맥,MAC 프렙+프라임 24-아워 익스텐드 아이 베이스,37000,37000,,"디메치콘, 이소도데칸, 탈크, 디메치콘실릴레이트, 트리하이드록시스테아린, 디스테아디모늄헥토라이트, 카올린, 하이드로제네이티드폴리이소부텐, 폴리에칠렌, 브이피/에이코센코폴리머, 트리옥틸도데실시트레이트, 토코페릴아세테이트, 레시틴, 비사볼올, 트리에칠헥사노인, 실리카, 알루미나, 프로필렌카보네이트, 에칠렌/메타크릴레이트코폴리머, 소르비탄세스퀴올리에이트, 카프릴릴글라이콜, 스테아릭애씨드, 글리시레티닉애씨드, 피이지-40스테아레이트, 이소프로필티타늄트리이소스테아레이트, 펜타에리스리틸테트라-디-t-부틸하이드록시하이드로신나메이트, 마이카, 티타늄디옥사이드, 적색산화철, 흑색산화철, 황색산화철, 비스머스옥시클로라이드 [ILN40999]
제공된 성분은 동일 제품이라도 경우에 따라 변경될 수 있습니다. 최신정보는 제품 포장의 성분을 참고하시거나 본사 고객관리지원팀으로 연락 부탁 드립니다.",모든 피부 타입,ksg****,2020.05.24,"지속력은 좋은데
바르면 약간 하얗게 뜬다해야하나
그게좀 있어서 별하나 뺏어요",4,_alchera_none_
16,20221016_044123,프라이버/베이스,MAC 프렙+프라임 24-아워 익스텐드 아이 베이스,https://www.oliveyoung.co.kr/store/goods/getGoodsDetail.do?goodsNo=A000000123900&dispCatNo=1000001000200010003&trackingCd&curation&egcode&rccode&egrankcode,맥,MAC 프렙+프라임 24-아워 익스텐드 아이 베이스,37000,37000,,"디메치콘, 이소도데칸, 탈크, 디메치콘실릴레이트, 트리하이드록시스테아린, 디스테아디모늄헥토라이트, 카올린, 하이드로제네이티드폴리이소부텐, 폴리에칠렌, 브이피/에이코센코폴리머, 트리옥틸도데실시트레이트, 토코페릴아세테이트, 레시틴, 비사볼올, 트리에칠헥사노인, 실리카, 알루미나, 프로필렌카보네이트, 에칠렌/메타크릴레이트코폴리머, 소르비탄세스퀴올리에이트, 카프릴릴글라이콜, 스테아릭애씨드, 글리시레티닉애씨드, 피이지-40스테아레이트, 이소프로필티타늄트리이소스테아레이트, 펜타에리스리틸테트라-디-t-부틸하이드록시하이드로신나메이트, 마이카, 티타늄디옥사이드, 적색산화철, 흑색산화철, 황색산화철, 비스머스옥시클로라이드 [ILN40999]
제공된 성분은 동일 제품이라도 경우에 따라 변경될 수 있습니다. 최신정보는 제품 포장의 성분을 참고하시거나 본사 고객관리지원팀으로 연락 부탁 드립니다.",모든 피부 타입,ppye****,2020.05.14,"아이프라이머가 맥에도 있는지 몰랐네요~
이번에 처음 구매해서 사용해봤는데
섀도우 발색도 좋고 라이너도 안번지도 만족해요
소량씩 사용해야할거같고 만족스럽네요
튜브타입이라 봉타입보다 위생적이고 좋네요!!",4,_alchera_none_
17,20221016_044124,프라이버/베이스,MAC 프렙+프라임 24-아워 익스텐드 아이 베이스,https://www.oliveyoung.co.kr/store/goods/getGoodsDetail.do?goodsNo=A000000123900&dispCatNo=1000001000200010003&trackingCd&curation&egcode&rccode&egrankcode,맥,MAC 프렙+프라임 24-아워 익스텐드 아이 베이스,37000,37000,,"디메치콘, 이소도데칸, 탈크, 디메치콘실릴레이트, 트리하이드록시스테아린, 디스테아디모늄헥토라이트, 카올린, 하이드로제네이티드폴리이소부텐, 폴리에칠렌, 브이피/에이코센코폴리머, 트리옥틸도데실시트레이트, 토코페릴아세테이트, 레시틴, 비사볼올, 트리에칠헥사노인, 실리카, 알루미나, 프로필렌카보네이트, 에칠렌/메타크릴레이트코폴리머, 소르비탄세스퀴올리에이트, 카프릴릴글라이콜, 스테아릭애씨드, 글리시레티닉애씨드, 피이지-40스테아레이트, 이소프로필티타늄트리이소스테아레이트, 펜타에리스리틸테트라-디-t-부틸하이드록시하이드로신나메이트, 마이카, 티타늄디옥사이드, 적색산화철, 흑색산화철, 황색산화철, 비스머스옥시클로라이드 [ILN40999]
제공된 성분은 동일 제품이라도 경우에 따라 변경될 수 있습니다. 최신정보는 제품 포장의 성분을 참고하시거나 본사 고객관리지원팀으로 연락 부탁 드립니다.",모든 피부 타입,risky****,2021.03.16,어반디케이쓰다가 돌아왔는데 소량으로 충분히 역할을 해내어 오래쓸수 있어요. 지속력도 좋구요,5,_alchera_none_
18,20221016_044125,프라이버/베이스,MAC 프렙+프라임 24-아워 익스텐드 아이 베이스,https://www.oliveyoung.co.kr/store/goods/getGoodsDetail.do?goodsNo=A000000123900&dispCatNo=1000001000200010003&trackingCd&curation&egcode&rccode&egrankcode,맥,MAC 프렙+프라임 24-아워 익스텐드 아이 베이스,37000,37000,,"디메치콘, 이소도데칸, 탈크, 디메치콘실릴레이트, 트리하이드록시스테아린, 디스테아디모늄헥토라이트, 카올린, 하이드로제네이티드폴리이소부텐, 폴리에칠렌, 브이피/에이코센코폴리머, 트리옥틸도데실시트레이트, 토코페릴아세테이트, 레시틴, 비사볼올, 트리에칠헥사노인, 실리카, 알루미나, 프로필렌카보네이트, 에칠렌/메타크릴레이트코폴리머, 소르비탄세스퀴올리에이트, 카프릴릴글라이콜, 스테아릭애씨드, 글리시레티닉애씨드, 피이지-40스테아레이트, 이소프로필티타늄트리이소스테아레이트, 펜타에리스리틸테트라-디-t-부틸하이드록시하이드로신나메이트, 마이카, 티타늄디옥사이드, 적색산화철, 흑색산화철, 황색산화철, 비스머스옥시클로라이드 [ILN40999]
제공된 성분은 동일 제품이라도 경우에 따라 변경될 수 있습니다. 최신정보는 제품 포장의 성분을 참고하시거나 본사 고객관리지원팀으로 연락 부탁 드립니다.",모든 피부 타입,did****,2020.06.17,"정말크기는작아요ㅎㅎ그래서 가지고다니기에는 편하긴할것같아요
정말바르면 눈화장이 하나도 안번지더라구요",5,_alchera_none_
19,20221016_044126,프라이버/베이스,MAC 프렙+프라임 24-아워 익스텐드 아이 베이스,https://www.oliveyoung.co.kr/store/goods/getGoodsDetail.do?goodsNo=A000000123900&dispCatNo=1000001000200010003&trackingCd&curation&egcode&rccode&egrankcode,맥,MAC 프렙+프라임 24-아워 익스텐드 아이 베이스,37000,37000,,"디메치콘, 이소도데칸, 탈크, 디메치콘실릴레이트, 트리하이드록시스테아린, 디스테아디모늄헥토라이트, 카올린, 하이드로제네이티드폴리이소부텐, 폴리에칠렌, 브이피/에이코센코폴리머, 트리옥틸도데실시트레이트, 토코페릴아세테이트, 레시틴, 비사볼올, 트리에칠헥사노인, 실리카, 알루미나, 프로필렌카보네이트, 에칠렌/메타크릴레이트코폴리머, 소르비탄세스퀴올리에이트, 카프릴릴글라이콜, 스테아릭애씨드, 글리시레티닉애씨드, 피이지-40스테아레이트, 이소프로필티타늄트리이소스테아레이트, 펜타에리스리틸테트라-디-t-부틸하이드록시하이드로신나메이트, 마이카, 티타늄디옥사이드, 적색산화철, 흑색산화철, 황색산화철, 비스머스옥시클로라이드 [ILN40999]
제공된 성분은 동일 제품이라도 경우에 따라 변경될 수 있습니다. 최신정보는 제품 포장의 성분을 참고하시거나 본사 고객관리지원팀으로 연락 부탁 드립니다.",모든 피부 타입,suyeon****,2022.03.08,VDL사용하다가 맥이 더 좋다길래 구매했는데 기름지지 않고 끼임도 덜한거 같아요~,5,_alchera_none_
20,20221016_044129,프라이버/베이스,MAC 프렙+프라임 24-아워 익스텐드 아이 베이스,https://www.oliveyoung.co.kr/store/goods/getGoodsDetail.do?goodsNo=A000000123900&dispCatNo=1000001000200010003&trackingCd&curation&egcode&rccode&egrankcode,맥,MAC 프렙+프라임 24-아워 익스텐드 아이 베이스,37000,37000,,"디메치콘, 이소도데칸, 탈크, 디메치콘실릴레이트, 트리하이드록시스테아린, 디스테아디모늄헥토라이트, 카올린, 하이드로제네이티드폴리이소부텐, 폴리에칠렌, 브이피/에이코센코폴리머, 트리옥틸도데실시트레이트, 토코페릴아세테이트, 레시틴, 비사볼올, 트리에칠헥사노인, 실리카, 알루미나, 프로필렌카보네이트, 에칠렌/메타크릴레이트코폴리머, 소르비탄세스퀴올리에이트, 카프릴릴글라이콜, 스테아릭애씨드, 글리시레티닉애씨드, 피이지-40스테아레이트, 이소프로필티타늄트리이소스테아레이트, 펜타에리스리틸테트라-디-t-부틸하이드록시하이드로신나메이트, 마이카, 티타늄디옥사이드, 적색산화철, 흑색산화철, 황색산화철, 비스머스옥시클로라이드 [ILN40999]
제공된 성분은 동일 제품이라도 경우에 따라 변경될 수 있습니다. 최신정보는 제품 포장의 성분을 참고하시거나 본사 고객관리지원팀으로 연락 부탁 드립니다.",모든 피부 타입,haji****,2022.02.22,시간지나고 눈에 섀도우가 끼임현상도 없고 발색도 오래가요,4,_alchera_none_
21,20221016_044131,프라이버/베이스,MAC 프렙+프라임 24-아워 익스텐드 아이 베이스,https://www.oliveyoung.co.kr/store/goods/getGoodsDetail.do?goodsNo=A000000123900&dispCatNo=1000001000200010003&trackingCd&curation&egcode&rccode&egrankcode,맥,MAC 프렙+프라임 24-아워 익스텐드 아이 베이스,37000,37000,,"디메치콘, 이소도데칸, 탈크, 디메치콘실릴레이트, 트리하이드록시스테아린, 디스테아디모늄헥토라이트, 카올린, 하이드로제네이티드폴리이소부텐, 폴리에칠렌, 브이피/에이코센코폴리머, 트리옥틸도데실시트레이트, 토코페릴아세테이트, 레시틴, 비사볼올, 트리에칠헥사노인, 실리카, 알루미나, 프로필렌카보네이트, 에칠렌/메타크릴레이트코폴리머, 소르비탄세스퀴올리에이트, 카프릴릴글라이콜, 스테아릭애씨드, 글리시레티닉애씨드, 피이지-40스테아레이트, 이소프로필티타늄트리이소스테아레이트, 펜타에리스리틸테트라-디-t-부틸하이드록시하이드로신나메이트, 마이카, 티타늄디옥사이드, 적색산화철, 흑색산화철, 황색산화철, 비스머스옥시클로라이드 [ILN40999]
제공된 성분은 동일 제품이라도 경우에 따라 변경될 수 있습니다. 최신정보는 제품 포장의 성분을 참고하시거나 본사 고객관리지원팀으로 연락 부탁 드립니다.",모든 피부 타입,zerofive****,2021.05.17,눈두덩이 섀도우가 번져서 구매해봤어요 앞으로 좀 덜 번지면 좋겠어요,5,_alchera_none_
22,20221016_044132,프라이버/베이스,MAC 프렙+프라임 24-아워 익스텐드 아이 베이스,https://www.oliveyoung.co.kr/store/goods/getGoodsDetail.do?goodsNo=A000000123900&dispCatNo=1000001000200010003&trackingCd&curation&egcode&rccode&egrankcode,맥,MAC 프렙+프라임 24-아워 익스텐드 아이 베이스,37000,37000,,"디메치콘, 이소도데칸, 탈크, 디메치콘실릴레이트, 트리하이드록시스테아린, 디스테아디모늄헥토라이트, 카올린, 하이드로제네이티드폴리이소부텐, 폴리에칠렌, 브이피/에이코센코폴리머, 트리옥틸도데실시트레이트, 토코페릴아세테이트, 레시틴, 비사볼올, 트리에칠헥사노인, 실리카, 알루미나, 프로필렌카보네이트, 에칠렌/메타크릴레이트코폴리머, 소르비탄세스퀴올리에이트, 카프릴릴글라이콜, 스테아릭애씨드, 글리시레티닉애씨드, 피이지-40스테아레이트, 이소프로필티타늄트리이소스테아레이트, 펜타에리스리틸테트라-디-t-부틸하이드록시하이드로신나메이트, 마이카, 티타늄디옥사이드, 적색산화철, 흑색산화철, 황색산화철, 비스머스옥시클로라이드 [ILN40999]
제공된 성분은 동일 제품이라도 경우에 따라 변경될 수 있습니다. 최신정보는 제품 포장의 성분을 참고하시거나 본사 고객관리지원팀으로 연락 부탁 드립니다.",모든 피부 타입,도로로롱,2021.04.23,궁금해서 사용해봤는데 무난하게 쓰기 괜찮습니다,5,_alchera_none_
23,20221016_044133,프라이버/베이스,MAC 프렙+프라임 24-아워 익스텐드 아이 베이스,https://www.oliveyoung.co.kr/store/goods/getGoodsDetail.do?goodsNo=A000000123900&dispCatNo=1000001000200010003&trackingCd&curation&egcode&rccode&egrankcode,맥,MAC 프렙+프라임 24-아워 익스텐드 아이 베이스,37000,37000,,"디메치콘, 이소도데칸, 탈크, 디메치콘실릴레이트, 트리하이드록시스테아린, 디스테아디모늄헥토라이트, 카올린, 하이드로제네이티드폴리이소부텐, 폴리에칠렌, 브이피/에이코센코폴리머, 트리옥틸도데실시트레이트, 토코페릴아세테이트, 레시틴, 비사볼올, 트리에칠헥사노인, 실리카, 알루미나, 프로필렌카보네이트, 에칠렌/메타크릴레이트코폴리머, 소르비탄세스퀴올리에이트, 카프릴릴글라이콜, 스테아릭애씨드, 글리시레티닉애씨드, 피이지-40스테아레이트, 이소프로필티타늄트리이소스테아레이트, 펜타에리스리틸테트라-디-t-부틸하이드록시하이드로신나메이트, 마이카, 티타늄디옥사이드, 적색산화철, 흑색산화철, 황색산화철, 비스머스옥시클로라이드 [ILN40999]
제공된 성분은 동일 제품이라도 경우에 따라 변경될 수 있습니다. 최신정보는 제품 포장의 성분을 참고하시거나 본사 고객관리지원팀으로 연락 부탁 드립니다.",모든 피부 타입,nyp****,2021.04.17,괜찮은 거 같아요 지속력이 오래가고 오래 쓸 거 같아요,5,_alchera_none_
24,20221016_044134,프라이버/베이스,MAC 프렙+프라임 24-아워 익스텐드 아이 베이스,https://www.oliveyoung.co.kr/store/goods/getGoodsDetail.do?goodsNo=A000000123900&dispCatNo=1000001000200010003&trackingCd&curation&egcode&rccode&egrankcode,맥,MAC 프렙+프라임 24-아워 익스텐드 아이 베이스,37000,37000,,"디메치콘, 이소도데칸, 탈크, 디메치콘실릴레이트, 트리하이드록시스테아린, 디스테아디모늄헥토라이트, 카올린, 하이드로제네이티드폴리이소부텐, 폴리에칠렌, 브이피/에이코센코폴리머, 트리옥틸도데실시트레이트, 토코페릴아세테이트, 레시틴, 비사볼올, 트리에칠헥사노인, 실리카, 알루미나, 프로필렌카보네이트, 에칠렌/메타크릴레이트코폴리머, 소르비탄세스퀴올리에이트, 카프릴릴글라이콜, 스테아릭애씨드, 글리시레티닉애씨드, 피이지-40스테아레이트, 이소프로필티타늄트리이소스테아레이트, 펜타에리스리틸테트라-디-t-부틸하이드록시하이드로신나메이트, 마이카, 티타늄디옥사이드, 적색산화철, 흑색산화철, 황색산화철, 비스머스옥시클로라이드 [ILN40999]
제공된 성분은 동일 제품이라도 경우에 따라 변경될 수 있습니다. 최신정보는 제품 포장의 성분을 참고하시거나 본사 고객관리지원팀으로 연락 부탁 드립니다.",모든 피부 타입,jiyeo****,2020.12.02,조금만 많이 발라도 뭉치는건 아쉽지만 잘바르면 유지력이 좋아서 만족해요!,4,_alchera_none_
25,20221016_044135,프라이버/베이스,MAC 프렙+프라임 24-아워 익스텐드 아이 베이스,https://www.oliveyoung.co.kr/store/goods/getGoodsDetail.do?goodsNo=A000000123900&dispCatNo=1000001000200010003&trackingCd&curation&egcode&rccode&egrankcode,맥,MAC 프렙+프라임 24-아워 익스텐드 아이 베이스,37000,37000,,"디메치콘, 이소도데칸, 탈크, 디메치콘실릴레이트, 트리하이드록시스테아린, 디스테아디모늄헥토라이트, 카올린, 하이드로제네이티드폴리이소부텐, 폴리에칠렌, 브이피/에이코센코폴리머, 트리옥틸도데실시트레이트, 토코페릴아세테이트, 레시틴, 비사볼올, 트리에칠헥사노인, 실리카, 알루미나, 프로필렌카보네이트, 에칠렌/메타크릴레이트코폴리머, 소르비탄세스퀴올리에이트, 카프릴릴글라이콜, 스테아릭애씨드, 글리시레티닉애씨드, 피이지-40스테아레이트, 이소프로필티타늄트리이소스테아레이트, 펜타에리스리틸테트라-디-t-부틸하이드록시하이드로신나메이트, 마이카, 티타늄디옥사이드, 적색산화철, 흑색산화철, 황색산화철, 비스머스옥시클로라이드 [ILN40999]
제공된 성분은 동일 제품이라도 경우에 따라 변경될 수 있습니다. 최신정보는 제품 포장의 성분을 참고하시거나 본사 고객관리지원팀으로 연락 부탁 드립니다.",모든 피부 타입,fpd****,2020.08.19,아주 만족 맥꺼는 믿고씁니당ㅋㅋ지속력좋아요 화장할때 맨날씀,5,_alchera_none_
26,20221016_044136,프라이버/베이스,MAC 프렙+프라임 24-아워 익스텐드 아이 베이스,https://www.oliveyoung.co.kr/store/goods/getGoodsDetail.do?goodsNo=A000000123900&dispCatNo=1000001000200010003&trackingCd&curation&egcode&rccode&egrankcode,맥,MAC 프렙+프라임 24-아워 익스텐드 아이 베이스,37000,37000,,"디메치콘, 이소도데칸, 탈크, 디메치콘실릴레이트, 트리하이드록시스테아린, 디스테아디모늄헥토라이트, 카올린, 하이드로제네이티드폴리이소부텐, 폴리에칠렌, 브이피/에이코센코폴리머, 트리옥틸도데실시트레이트, 토코페릴아세테이트, 레시틴, 비사볼올, 트리에칠헥사노인, 실리카, 알루미나, 프로필렌카보네이트, 에칠렌/메타크릴레이트코폴리머, 소르비탄세스퀴올리에이트, 카프릴릴글라이콜, 스테아릭애씨드, 글리시레티닉애씨드, 피이지-40스테아레이트, 이소프로필티타늄트리이소스테아레이트, 펜타에리스리틸테트라-디-t-부틸하이드록시하이드로신나메이트, 마이카, 티타늄디옥사이드, 적색산화철, 흑색산화철, 황색산화철, 비스머스옥시클로라이드 [ILN40999]
제공된 성분은 동일 제품이라도 경우에 따라 변경될 수 있습니다. 최신정보는 제품 포장의 성분을 참고하시거나 본사 고객관리지원팀으로 연락 부탁 드립니다.",모든 피부 타입,s2sohy****,2020.07.18,튜브로 짜서 쓰기 때문에 위생적으로 좋아요~ 눈화장 지속력도 높여줘서 만족합니다.,5,_alchera_none_
27,20221016_044142,프라이버/베이스,MAC 프렙+프라임 24-아워 익스텐드 아이 베이스,https://www.oliveyoung.co.kr/store/goods/getGoodsDetail.do?goodsNo=A000000123900&dispCatNo=1000001000200010003&trackingCd&curation&egcode&rccode&egrankcode,맥,MAC 프렙+프라임 24-아워 익스텐드 아이 베이스,37000,37000,,"디메치콘, 이소도데칸, 탈크, 디메치콘실릴레이트, 트리하이드록시스테아린, 디스테아디모늄헥토라이트, 카올린, 하이드로제네이티드폴리이소부텐, 폴리에칠렌, 브이피/에이코센코폴리머, 트리옥틸도데실시트레이트, 토코페릴아세테이트, 레시틴, 비사볼올, 트리에칠헥사노인, 실리카, 알루미나, 프로필렌카보네이트, 에칠렌/메타크릴레이트코폴리머, 소르비탄세스퀴올리에이트, 카프릴릴글라이콜, 스테아릭애씨드, 글리시레티닉애씨드, 피이지-40스테아레이트, 이소프로필티타늄트리이소스테아레이트, 펜타에리스리틸테트라-디-t-부틸하이드록시하이드로신나메이트, 마이카, 티타늄디옥사이드, 적색산화철, 흑색산화철, 황색산화철, 비스머스옥시클로라이드 [ILN40999]
제공된 성분은 동일 제품이라도 경우에 따라 변경될 수 있습니다. 최신정보는 제품 포장의 성분을 참고하시거나 본사 고객관리지원팀으로 연락 부탁 드립니다.",모든 피부 타입,janepk****,2020.03.27,"세일가에 사서 좋습니다 
눈화장 끼임에 좋아요 
항상 쓰는 제품입니다",5,_alchera_none_
