,timestamp,category,productName,urlProduct,brand,productName.1,price1,price2,Color,ingredients,skinType,username,datePublished,reviewText,score,reviewerSkinType
0,20221015_113322,아이브로우,MAC 아이 브로우 스타일러,https://www.oliveyoung.co.kr/store/goods/getGoodsDetail.do?goodsNo=A000000141222&dispCatNo=1000001000200070004&trackingCd&curation&egcode&rccode&egrankcode,맥,MAC 아이 브로우 스타일러,31000,31000,링거링;브루넷,"하이드로제네이티드콩오일, 하이드로제네이티드코코-글리세라이즈, 하이드로제네이티드식물성오일, 징크스테아레이트, 스테아릭애씨드, 카나우바왁스, 폴리글리세릴-2트라이아이소스테아레이트, 토코페롤, 아스코빌팔미테이트, 카프릴릴글라이콜, 헥실렌글라이콜, 페녹시에탄올, [+/- 마이카, 티타늄디옥사이드, 적색산화철, 황색산화철, 흑색산화철, 알루미늄가루, 비스머스옥시클로라이드, 청색1호 레이크, 카민, 크로뮴하이드록사이드그린, 크로뮴옥사이드그린, 페릭암모늄페로시아나이드, 페릭페로시아나이드, 망가니즈바이올렛, 울트라마린, 황색4호 레이크] [ILN44130] 제공된 성분은 동일 제품이라도 경우에 따라 변경될 수 있습니다. 최신정보는 제품 포장의 성분을 참고하시거나 본사 고객관리지원팀으로 연락 부탁 드립니다.",모든 피부 타입,k1234567,2022.08.10,지금까지 사용했는데도 여전히 잘 그려지구 매일 그리는게 아니라서 그런지 심이 많이 안줄었어요!! 맥 아이브로우도 유명하고 평이 좋아서 샀는데 정말 좋아요 색도 예쁜 갈색이라서 눈썹그렸을때 자연스럽게 그릴수록 진해져요!! 처음 봤을때는 너무 펜슬이 얇아서 심이 금방 부러지지 않을까 걱정했는데 생각보다 심이 단단해서 괜찮은것 같아요 뭉침도 없고 심이 얇아서 눈썹을 한올한올 그리기 좋아요 스크류브러쉬도 있어서 눈썹이 자연스럽게 그리기 좋은것 같아요! 스크류가 같이 없는 아이브로우는 따로 스크류브러쉬를 들고 다녀야 해서 불편한데 이거는 같이 있어서 편하고 좋아요!! 그릴때 단단한 심은 좀 아픈데 이거는 아프지도 않고 색도 제가 원하는 만큼 진하게 나와서 좋고 무엇보다 심을 샤프너로 깍지 않아도 돼서 편해요! 다른 아이브로우들에 비해 끊어짐도 적고 부드러워요 그리고 지속력도  좋아요! 자연스럽게 눈썹 빈공간이 매꿔져서 너무 좋네요! 눈썹을 잘그리는 편은 아닌데 이 아이브로우는 대충그려도 예쁘게 그려져서 좋아요!!! 컬러도 제 머리색이랑 비슷해서 딱 좋네요!! 제머리색이 염색한 약간 밝은갈색인데 이 아이브로우가 딱 그런 색이 예요 갈색머리이신분들 완전 잘 맞을듯해요!!,5,지성;웜톤;각질;모공
1,20221015_113323,아이브로우,MAC 아이 브로우 스타일러,https://www.oliveyoung.co.kr/store/goods/getGoodsDetail.do?goodsNo=A000000141222&dispCatNo=1000001000200070004&trackingCd&curation&egcode&rccode&egrankcode,맥,MAC 아이 브로우 스타일러,31000,31000,링거링;브루넷,"하이드로제네이티드콩오일, 하이드로제네이티드코코-글리세라이즈, 하이드로제네이티드식물성오일, 징크스테아레이트, 스테아릭애씨드, 카나우바왁스, 폴리글리세릴-2트라이아이소스테아레이트, 토코페롤, 아스코빌팔미테이트, 카프릴릴글라이콜, 헥실렌글라이콜, 페녹시에탄올, [+/- 마이카, 티타늄디옥사이드, 적색산화철, 황색산화철, 흑색산화철, 알루미늄가루, 비스머스옥시클로라이드, 청색1호 레이크, 카민, 크로뮴하이드록사이드그린, 크로뮴옥사이드그린, 페릭암모늄페로시아나이드, 페릭페로시아나이드, 망가니즈바이올렛, 울트라마린, 황색4호 레이크] [ILN44130] 제공된 성분은 동일 제품이라도 경우에 따라 변경될 수 있습니다. 최신정보는 제품 포장의 성분을 참고하시거나 본사 고객관리지원팀으로 연락 부탁 드립니다.",모든 피부 타입,고래별,2021.04.17,"🤎 피부 타입: 여름에는 지성 피부 / 봄, 가을, 겨울에는 복합성 피부 + 민감성 피부 
🤎 피부 고민 : 마법기간에 특히 올라오는 뾰루지 / 뾰루지가 남기고 가는 피부요철,  얼굴홍조 등등 
🤎 퍼스널컬러 : 여름 쿨톤 라이트 

🤎 주로 사용하는 기초화장품 루틴 :
  독도토너 👉마녀공장 히알루론 화이트닝 아이세럼 👉유세린 하이알루론 아이크림 👉 유세린 어드벤스드 AOX 에센스  👉보타닉힐 보 더마워터 세라마이드 에멀전 등등

🤎 주로 사용해온 아이브로우 : 
- 슈에무라 하드포뮬라 아이브로우
- 로레알 브로우 팔레트,
- 아리따움 갈색섀도우(이름이 기억이 안 나네요ㅠㅠ) 등등

 이 제품은 저희 엄마가 먼저 써보시고 괜찮다고 추천해주셔서 사용해봤는데 이게 웬걸!
 펜슬 타입이 아닌 오토 타입이어서 매번 깎을 필요도 없고, 발색도 넘나리 잘 돼서 앞으로 여기에 정착할 것 같습니다!!🙊

 아직 이거 바르고 물에는 안 들어가봐서 워터프루프 기능이 있는지는 모르겠지만 눈썹 자르고 손으로 만지면 선에 묻어나오기는 해요!  그래서 화장 마무리 단계에서 파우더로 톡톡 유분기를 잡아주니 확실히 덜 묻어나는 것 같습니다 ㅎㅎ
(👆유분기 많은 분들은 참고하세요!)",5,복합성;쿨톤;모공;민감성
2,20221015_113323,아이브로우,MAC 아이 브로우 스타일러,https://www.oliveyoung.co.kr/store/goods/getGoodsDetail.do?goodsNo=A000000141222&dispCatNo=1000001000200070004&trackingCd&curation&egcode&rccode&egrankcode,맥,MAC 아이 브로우 스타일러,31000,31000,링거링;브루넷,"하이드로제네이티드콩오일, 하이드로제네이티드코코-글리세라이즈, 하이드로제네이티드식물성오일, 징크스테아레이트, 스테아릭애씨드, 카나우바왁스, 폴리글리세릴-2트라이아이소스테아레이트, 토코페롤, 아스코빌팔미테이트, 카프릴릴글라이콜, 헥실렌글라이콜, 페녹시에탄올, [+/- 마이카, 티타늄디옥사이드, 적색산화철, 황색산화철, 흑색산화철, 알루미늄가루, 비스머스옥시클로라이드, 청색1호 레이크, 카민, 크로뮴하이드록사이드그린, 크로뮴옥사이드그린, 페릭암모늄페로시아나이드, 페릭페로시아나이드, 망가니즈바이올렛, 울트라마린, 황색4호 레이크] [ILN44130] 제공된 성분은 동일 제품이라도 경우에 따라 변경될 수 있습니다. 최신정보는 제품 포장의 성분을 참고하시거나 본사 고객관리지원팀으로 연락 부탁 드립니다.",모든 피부 타입,k1234567,2022.05.15,아이브로우 사려고 보다가 맥 아이브로우 좋다는 평이 많아서 한번 구매해봤어요! 처음 봤을때는 너무 펜슬이 얇아서 심이 금방 부러지지 않을까 걱정했는데 생각보다 단단한 심이네요! 뭉침도 없고 심이 얇아서 눈썹을 한올한올 그리기 좋아요 스크류브러쉬도 있어서 눈썹이 자연스럽게 그리기 좋은것 같아요! 스크류가 같이 없는 아이브로우는 따로 스크류브러쉬를 들고 다녀야 해서 불편한데 이거는 같이 있어서 편하고 좋아요!! 그릴때 아프지도 않고 색도 제가 원하는 만큼 진하게 나와서 좋고 심을 샤프너로 깍지 않아도 돼서 편해요! 끊어짐도 적고 부드러워요 그리고 지속력도 생각보다 좋아요! 금방 닿지 않아서 꽤 오래 사용할 수 있을것 같아요!! 자연스럽게 눈썹 빈공간이 매꿔져서 너무 좋네요! 예쁘게 그려져서 좋아요!!! 컬러도 제 머리색이랑 비슷해서 딱 좋네요! 너무 진하지도 연하지도 않은 갈색이예요!!,5,지성;웜톤;각질;모공
3,20221015_113324,아이브로우,MAC 아이 브로우 스타일러,https://www.oliveyoung.co.kr/store/goods/getGoodsDetail.do?goodsNo=A000000141222&dispCatNo=1000001000200070004&trackingCd&curation&egcode&rccode&egrankcode,맥,MAC 아이 브로우 스타일러,31000,31000,링거링;브루넷,"하이드로제네이티드콩오일, 하이드로제네이티드코코-글리세라이즈, 하이드로제네이티드식물성오일, 징크스테아레이트, 스테아릭애씨드, 카나우바왁스, 폴리글리세릴-2트라이아이소스테아레이트, 토코페롤, 아스코빌팔미테이트, 카프릴릴글라이콜, 헥실렌글라이콜, 페녹시에탄올, [+/- 마이카, 티타늄디옥사이드, 적색산화철, 황색산화철, 흑색산화철, 알루미늄가루, 비스머스옥시클로라이드, 청색1호 레이크, 카민, 크로뮴하이드록사이드그린, 크로뮴옥사이드그린, 페릭암모늄페로시아나이드, 페릭페로시아나이드, 망가니즈바이올렛, 울트라마린, 황색4호 레이크] [ILN44130] 제공된 성분은 동일 제품이라도 경우에 따라 변경될 수 있습니다. 최신정보는 제품 포장의 성분을 참고하시거나 본사 고객관리지원팀으로 연락 부탁 드립니다.",모든 피부 타입,애너릴리님,2021.12.31,"- 구매 이유 : 아이브로우 사용할 때, 두꺼운 펜슬 타입과 얇은 펜슬 타입 함께 사용하는 30대 중반 여성입니다. 얇은 펜슬 타입 아이브로우가 떨어져 구매했는데, 맥 브랜드 신뢰하여 테스터 따로 안 해보고 올리브영에서 후기가 좋길래 바로 겟했습니다😃

- 사용 후기 : 펜슬이 얇아서인지 섬세하게 잘 그려지구요. 무엇보다 색깔이 참 마음에 드네요~ 펜슬 얇고, 디테일한 부분까지 그리기 원하시는 분들께 추천드립니다. 또 펜슬 제품 자체도 얇고 길이도 길지 않아서 휴대가 용이하구요. 뒷부분에는 눈썹 정리할 수 있는 브러시까지 있어서 사용하기에 좋습니다👍🏻

- 재구매 의사 : 재구매 의사 있습니다. 컬러며, 얇기며 눈썹 그리기에 참 좋구요. 무엇보다 mac이라는 브랜드에 대한 신뢰도도 한 몫 했네요~~~",5,복합성;웜톤;각질;주름
4,20221015_113325,아이브로우,MAC 아이 브로우 스타일러,https://www.oliveyoung.co.kr/store/goods/getGoodsDetail.do?goodsNo=A000000141222&dispCatNo=1000001000200070004&trackingCd&curation&egcode&rccode&egrankcode,맥,MAC 아이 브로우 스타일러,31000,31000,링거링;브루넷,"하이드로제네이티드콩오일, 하이드로제네이티드코코-글리세라이즈, 하이드로제네이티드식물성오일, 징크스테아레이트, 스테아릭애씨드, 카나우바왁스, 폴리글리세릴-2트라이아이소스테아레이트, 토코페롤, 아스코빌팔미테이트, 카프릴릴글라이콜, 헥실렌글라이콜, 페녹시에탄올, [+/- 마이카, 티타늄디옥사이드, 적색산화철, 황색산화철, 흑색산화철, 알루미늄가루, 비스머스옥시클로라이드, 청색1호 레이크, 카민, 크로뮴하이드록사이드그린, 크로뮴옥사이드그린, 페릭암모늄페로시아나이드, 페릭페로시아나이드, 망가니즈바이올렛, 울트라마린, 황색4호 레이크] [ILN44130] 제공된 성분은 동일 제품이라도 경우에 따라 변경될 수 있습니다. 최신정보는 제품 포장의 성분을 참고하시거나 본사 고객관리지원팀으로 연락 부탁 드립니다.",모든 피부 타입,희젤,2021.12.19,엄마가 쓰시는 제품인데 거의 다 써가서 재구매하게 되었어요! 올영에서도 맥제품을 팔아서 얼마나 좋은지 모르겠어요ㅠ 따로 백화점 안가도 택배로 받아볼 수 있어서 좋네요. 저도 한번씩 엄마꺼를 빌려서 사용해봤는데 우선 사용감이 너무 부드러워요~! 슥슥 눈썹결따라 그려주기만하면 자연스럽게 잘 그려져서 초보자가 사용하기에도 예쁜 눈썹을 그릴 수 있을 것 같아요! 깍아서 쓰는 제품이 아니고 돌려서 사용할 수 있는 오토제품이라 편리하기도 하고 반대편에 솔?같은 거도 있어서 그리고 나서 눈썹결 정리하기에도 딱인 것 같아요. 엄마가 마음에 드셨는지 맥 아이브로우만 사용하시더라구요. 아이부로우 자체도 얇은 편이라 가볍기도 하고 하루종일 생활해도 지속력이 좋은 편이라 수정화장을 따로 하지 않아도 되는 것 같아요. 발림성 좋은 아이브로우 찾으시는분들 추천드려요^^,5,건성;쿨톤;민감성;잡티
5,20221015_113326,아이브로우,MAC 아이 브로우 스타일러,https://www.oliveyoung.co.kr/store/goods/getGoodsDetail.do?goodsNo=A000000141222&dispCatNo=1000001000200070004&trackingCd&curation&egcode&rccode&egrankcode,맥,MAC 아이 브로우 스타일러,31000,31000,링거링;브루넷,"하이드로제네이티드콩오일, 하이드로제네이티드코코-글리세라이즈, 하이드로제네이티드식물성오일, 징크스테아레이트, 스테아릭애씨드, 카나우바왁스, 폴리글리세릴-2트라이아이소스테아레이트, 토코페롤, 아스코빌팔미테이트, 카프릴릴글라이콜, 헥실렌글라이콜, 페녹시에탄올, [+/- 마이카, 티타늄디옥사이드, 적색산화철, 황색산화철, 흑색산화철, 알루미늄가루, 비스머스옥시클로라이드, 청색1호 레이크, 카민, 크로뮴하이드록사이드그린, 크로뮴옥사이드그린, 페릭암모늄페로시아나이드, 페릭페로시아나이드, 망가니즈바이올렛, 울트라마린, 황색4호 레이크] [ILN44130] 제공된 성분은 동일 제품이라도 경우에 따라 변경될 수 있습니다. 최신정보는 제품 포장의 성분을 참고하시거나 본사 고객관리지원팀으로 연락 부탁 드립니다.",모든 피부 타입,희젤,2021.05.03,"엄마가 쓰시는 아이브로우가 다 떨어졌다고 해서 맥 아이브로우를 선물로 사드렸어요! 엄마가 맥에서 나오는 제품을 선호하셔서 맥 제품을 보여드리고 사드려봤는데 색깔이며 발림성이며 너무 좋다고 만족하셔서 뿌듯했어요!
저는 타사 펜슬 제품을 사용중이라 거기에 익숙해져서 오토 제품은 사용안하는데 엄마는 오토 제품만 사용하셔서 그런지 편리하다고 좋아하셔요. 거기다가 눈썹결을 마지막에 정리도 할 수 있어서 더 선호하시는 것 같아요. 다만 내구성이 좀 약한 느낌은 있어요. 세게 잡고 그리면 뚝하고 부러질 것 같은 느낌? 그 외에는 발림성이나 색은 맘에 든다고 좋아하셨어요^^ 다 쓰시면 다음에도 재구매 해드리려구요!",5,건성;쿨톤;민감성;잡티
6,20221015_113327,아이브로우,MAC 아이 브로우 스타일러,https://www.oliveyoung.co.kr/store/goods/getGoodsDetail.do?goodsNo=A000000141222&dispCatNo=1000001000200070004&trackingCd&curation&egcode&rccode&egrankcode,맥,MAC 아이 브로우 스타일러,31000,31000,링거링;브루넷,"하이드로제네이티드콩오일, 하이드로제네이티드코코-글리세라이즈, 하이드로제네이티드식물성오일, 징크스테아레이트, 스테아릭애씨드, 카나우바왁스, 폴리글리세릴-2트라이아이소스테아레이트, 토코페롤, 아스코빌팔미테이트, 카프릴릴글라이콜, 헥실렌글라이콜, 페녹시에탄올, [+/- 마이카, 티타늄디옥사이드, 적색산화철, 황색산화철, 흑색산화철, 알루미늄가루, 비스머스옥시클로라이드, 청색1호 레이크, 카민, 크로뮴하이드록사이드그린, 크로뮴옥사이드그린, 페릭암모늄페로시아나이드, 페릭페로시아나이드, 망가니즈바이올렛, 울트라마린, 황색4호 레이크] [ILN44130] 제공된 성분은 동일 제품이라도 경우에 따라 변경될 수 있습니다. 최신정보는 제품 포장의 성분을 참고하시거나 본사 고객관리지원팀으로 연락 부탁 드립니다.",모든 피부 타입,희젤,2022.03.27,올영에서 맥 제품도 구입할 수 있어서 넘 좋아요~! 저번에도 맥 아이브로우 제품을 구입했는데 거의 다 써가서 재구매하게 되었어요~! 브루넷 색이 어두운 고동색이라 어두운 머리색깔이신분들은 두루두루 잘 쓰일 것 같아요! 그리고 발림성이 부드러워서 슥슥 바쁜 아침에 그리고 가기 편하요! 연필처럼 깍아쓰지않고 그냥 돌려서 사용하면 되니 참 편리하고 좋아요ㅠ 다만 가격에 비해 좀 빨리 쓰는 느낌? 심 자체가 엄청 길지는 않아서 매일 사용하면 빨리 닳아서 또 구매하게 되는 것 같아요~! 하지만 그만큼 발림성도 좋고 유지도 오래 돼서 계속 이 제품을 사용해요! 초보자들도 사용하기에는 문제없을 것 같아요! 이 색상말고 다른 색상도 사용해봤는데 이건 어두운 머리색에 특히나 더 잘 어울리네요! 선물용으로도 좋을 것 같아요^^ 아이브로우 찾으시는 분들 맥 제품 추천드려요,5,건성;쿨톤;민감성;잡티
7,20221015_113327,아이브로우,MAC 아이 브로우 스타일러,https://www.oliveyoung.co.kr/store/goods/getGoodsDetail.do?goodsNo=A000000141222&dispCatNo=1000001000200070004&trackingCd&curation&egcode&rccode&egrankcode,맥,MAC 아이 브로우 스타일러,31000,31000,링거링;브루넷,"하이드로제네이티드콩오일, 하이드로제네이티드코코-글리세라이즈, 하이드로제네이티드식물성오일, 징크스테아레이트, 스테아릭애씨드, 카나우바왁스, 폴리글리세릴-2트라이아이소스테아레이트, 토코페롤, 아스코빌팔미테이트, 카프릴릴글라이콜, 헥실렌글라이콜, 페녹시에탄올, [+/- 마이카, 티타늄디옥사이드, 적색산화철, 황색산화철, 흑색산화철, 알루미늄가루, 비스머스옥시클로라이드, 청색1호 레이크, 카민, 크로뮴하이드록사이드그린, 크로뮴옥사이드그린, 페릭암모늄페로시아나이드, 페릭페로시아나이드, 망가니즈바이올렛, 울트라마린, 황색4호 레이크] [ILN44130] 제공된 성분은 동일 제품이라도 경우에 따라 변경될 수 있습니다. 최신정보는 제품 포장의 성분을 참고하시거나 본사 고객관리지원팀으로 연락 부탁 드립니다.",모든 피부 타입,만월,2022.03.23,"❤ 장 점 ❤️

✔ 발색력이 좋고 색상이 어떤 머리색이라도 어울릴만한 색상이네욤~~^-^

✔ 맥 ...ㅎ 브랜드가 주는 고급스러움이 있어서 ㅎㅎ 디자인이 그냥 심플하면서도 화장할때 만족감이있다!!

✔ 눈썹 그리는 부분말고 뒷부분에 눈썹 그리고나서 브러쉬로 빗어주잖아여!?!?! 브러쉬가 부드러움!! ㅎ 

💙 단 점 💙

✔ 그리기 어려울 수도 잇다!! 눈썹 초보들은 펜슬형에서도 사각?각져잇는게 더쉽게 잘 그려져요~~~!! 이건 연필처럼 그냥 민자라~~ 초보분에게는 어려울수도잇어여~~!!

✔ 금방쓸거같아여...ㅎㅎ 양이 좀 적고 금방 쓸거같아욤...ㅠㅠㅋㅋ 

✔ 비쨔욤...!! 할인 쿠폰 받아썻는데 비싼거같아영 ㅜ .ㅠ

🥰 재구매 의사 있어여!! 선물용으로도 좋고 쿠폰있으면 한번쯤 써보는 것도 좋을거같아여!! 색상은 머리 붉은 끼 없는 자연갈색이나 갈색톤은 딱이예영!!",4,민감성;웜톤;각질;모공
8,20221015_113328,아이브로우,MAC 아이 브로우 스타일러,https://www.oliveyoung.co.kr/store/goods/getGoodsDetail.do?goodsNo=A000000141222&dispCatNo=1000001000200070004&trackingCd&curation&egcode&rccode&egrankcode,맥,MAC 아이 브로우 스타일러,31000,31000,링거링;브루넷,"하이드로제네이티드콩오일, 하이드로제네이티드코코-글리세라이즈, 하이드로제네이티드식물성오일, 징크스테아레이트, 스테아릭애씨드, 카나우바왁스, 폴리글리세릴-2트라이아이소스테아레이트, 토코페롤, 아스코빌팔미테이트, 카프릴릴글라이콜, 헥실렌글라이콜, 페녹시에탄올, [+/- 마이카, 티타늄디옥사이드, 적색산화철, 황색산화철, 흑색산화철, 알루미늄가루, 비스머스옥시클로라이드, 청색1호 레이크, 카민, 크로뮴하이드록사이드그린, 크로뮴옥사이드그린, 페릭암모늄페로시아나이드, 페릭페로시아나이드, 망가니즈바이올렛, 울트라마린, 황색4호 레이크] [ILN44130] 제공된 성분은 동일 제품이라도 경우에 따라 변경될 수 있습니다. 최신정보는 제품 포장의 성분을 참고하시거나 본사 고객관리지원팀으로 연락 부탁 드립니다.",모든 피부 타입,뮐뮐,2022.03.31,"올리브영 탑리뷰어 이마넌 쿠폰으로 구매햇어요
‼️‼️‼️엄청 술림한 스타일의 브로우를 쓰다가용 ㅎㅎㅎ
갑자기 다쓴거 확인하고 ㅇㅣ마넌원 이상 구매하려 뷰니까 너무 저렴하거나 너무 비사거나어서
이데 딱 적당하길애 이걸로 구매햇어요 ㅋ😊😊
후기가 많지는 않앗지맘 그애도 좋다는 평이 무난하대 많앗어서 바러 깃햏습니당💛💛😗ㅎㅎㅎ
일단 잘 발리멈서도 뒷부분의 브럿쉬로 전리하기도 즇고 브로우를 맥을 쓰는대 좀 사치스럽김 하지맘ㅋㅋ저렴하개 구매햇기때문에 잘쓸더 닽아여 ㅋㅋ컬러는 그냔 제을 무난함 지춤으로 골랏도
아무래도 잘 맙아오 눈껍은 까만데 머리가 갈색이어서 아주 아주 잘맞아여 ㅋㅋ🥰🥰
아주 만족 스럽고 ㅋㅋ다음에도 또 구매할개욤ㅋㅋㅋ매장가서 테스트해저시고 구매해보새용ㅋㅋ",5,건성;웜톤;다크서클;모공
9,20221015_113328,아이브로우,MAC 아이 브로우 스타일러,https://www.oliveyoung.co.kr/store/goods/getGoodsDetail.do?goodsNo=A000000141222&dispCatNo=1000001000200070004&trackingCd&curation&egcode&rccode&egrankcode,맥,MAC 아이 브로우 스타일러,31000,31000,링거링;브루넷,"하이드로제네이티드콩오일, 하이드로제네이티드코코-글리세라이즈, 하이드로제네이티드식물성오일, 징크스테아레이트, 스테아릭애씨드, 카나우바왁스, 폴리글리세릴-2트라이아이소스테아레이트, 토코페롤, 아스코빌팔미테이트, 카프릴릴글라이콜, 헥실렌글라이콜, 페녹시에탄올, [+/- 마이카, 티타늄디옥사이드, 적색산화철, 황색산화철, 흑색산화철, 알루미늄가루, 비스머스옥시클로라이드, 청색1호 레이크, 카민, 크로뮴하이드록사이드그린, 크로뮴옥사이드그린, 페릭암모늄페로시아나이드, 페릭페로시아나이드, 망가니즈바이올렛, 울트라마린, 황색4호 레이크] [ILN44130] 제공된 성분은 동일 제품이라도 경우에 따라 변경될 수 있습니다. 최신정보는 제품 포장의 성분을 참고하시거나 본사 고객관리지원팀으로 연락 부탁 드립니다.",모든 피부 타입,올영체험단열시알람,2021.08.14,"장점
1. 우수한 발림성의 맥 브로우!!
케이트, 키스미, 클리오 등 여러가지의 아이브로우를 써보고 이번에 처음으로 맥 브로우를 구매해봤는데 한 번의 터치로 바로 선명하게 그려지는 아이브로우로 덧 칠하지 않아도 한 번에 싹 그려지는 장점을 가지고 있다.

2. 화장을 지울 때까지 무너지지 않는 지속력!!
메이크업을 한 후 중간에 수정 화장을 하지 않아도 지워지지 않는 지속력을 가지고 있어 편리하다.

3. 예쁜 컬러감!!
링거링(소프트 토프 브라운) 색상을 구매했는데 베이스를 올리고 아이브로우를 사용해 눈썹을 그리면 애쉬브라운 느낌의 발색이 되어 색상이 아주 예쁘다.

4. 얇은 펜슬촉!!
아이브로우 펜슬 촉이 얇아 촘촘하고 꼼꼼하게 눈썹을 그릴 수 있다.(특히 눈썹의 앞머리나 눈썹의 꼬리부분을 정갈하게 그릴 수 있어 메이크업을 한층 세심하게 완성할 수 있다.)",5,복합성;웜톤;모공;미백
10,20221015_113332,아이브로우,MAC 아이 브로우 스타일러,https://www.oliveyoung.co.kr/store/goods/getGoodsDetail.do?goodsNo=A000000141222&dispCatNo=1000001000200070004&trackingCd&curation&egcode&rccode&egrankcode,맥,MAC 아이 브로우 스타일러,31000,31000,링거링;브루넷,"하이드로제네이티드콩오일, 하이드로제네이티드코코-글리세라이즈, 하이드로제네이티드식물성오일, 징크스테아레이트, 스테아릭애씨드, 카나우바왁스, 폴리글리세릴-2트라이아이소스테아레이트, 토코페롤, 아스코빌팔미테이트, 카프릴릴글라이콜, 헥실렌글라이콜, 페녹시에탄올, [+/- 마이카, 티타늄디옥사이드, 적색산화철, 황색산화철, 흑색산화철, 알루미늄가루, 비스머스옥시클로라이드, 청색1호 레이크, 카민, 크로뮴하이드록사이드그린, 크로뮴옥사이드그린, 페릭암모늄페로시아나이드, 페릭페로시아나이드, 망가니즈바이올렛, 울트라마린, 황색4호 레이크] [ILN44130] 제공된 성분은 동일 제품이라도 경우에 따라 변경될 수 있습니다. 최신정보는 제품 포장의 성분을 참고하시거나 본사 고객관리지원팀으로 연락 부탁 드립니다.",모든 피부 타입,핫한상품다써보는언니,2022.03.04,"아이브로우 끝이 뭉뚝하면 모양을 잡기가 어렵고 세련된 느낌을 주지않아서 얇은 브로우 펜슬을 선호 하는편입니다!
이 맥 아이브로우 스타일러 제품도 샤프너가 필요없이 슬림하게 나와서 섬세 하게 그릴수 있어서 좋은것 같아요🤍
라인을 섬세하게 그리시기 원하시는 분들 사용 하시면 너무 좋을것 같아요!
또 무르지 않고 뭉침도 없어요!🤍
뒤쪽에 스크류 브러시가 내장되어 있어요
원래는 8가지 컬러가 있는데 올리브영에는 2가지 컬러만 입점되어 있네요
보통 눈썹 색을 헤어 톤보다 한톤정도 밝게 써야 자연스럽다고 하더라구요 헤어가 밝은편이어서 브루넷 색상으로 선택했습니다
자연스러운 컬러와 발색으로 데일리로 사용하기 좋아요
얇아서 그런지 타 제품에 비해 좀 빨리 닳는 듯한 느낌은 있지만 전반적으로 매우 만족하는 제품입니다",5,건성;봄웜톤;민감성
11,20221015_113333,아이브로우,MAC 아이 브로우 스타일러,https://www.oliveyoung.co.kr/store/goods/getGoodsDetail.do?goodsNo=A000000141222&dispCatNo=1000001000200070004&trackingCd&curation&egcode&rccode&egrankcode,맥,MAC 아이 브로우 스타일러,31000,31000,링거링;브루넷,"하이드로제네이티드콩오일, 하이드로제네이티드코코-글리세라이즈, 하이드로제네이티드식물성오일, 징크스테아레이트, 스테아릭애씨드, 카나우바왁스, 폴리글리세릴-2트라이아이소스테아레이트, 토코페롤, 아스코빌팔미테이트, 카프릴릴글라이콜, 헥실렌글라이콜, 페녹시에탄올, [+/- 마이카, 티타늄디옥사이드, 적색산화철, 황색산화철, 흑색산화철, 알루미늄가루, 비스머스옥시클로라이드, 청색1호 레이크, 카민, 크로뮴하이드록사이드그린, 크로뮴옥사이드그린, 페릭암모늄페로시아나이드, 페릭페로시아나이드, 망가니즈바이올렛, 울트라마린, 황색4호 레이크] [ILN44130] 제공된 성분은 동일 제품이라도 경우에 따라 변경될 수 있습니다. 최신정보는 제품 포장의 성분을 참고하시거나 본사 고객관리지원팀으로 연락 부탁 드립니다.",모든 피부 타입,뱅이,2022.05.09,"큰맘먹고 구매했습니다. 맥을 살까 아님 다른 올리브영 브랜드를 살까 고민하다가... ㅠ 부자였음 좋겠어요 ㅎ
개인적으로 역시 맥은 맥이구나.. ㅎㅏ는 생각이 들정도로 제품이 좋고 단단하고 튼튼한 느낌이어서 더 좋았습니다.
그리고 이제 올리브영에서 맥을사다니.. 백화점 가지 않고 그냥 앉아서 집에서 택배만으로 받을 수 있다니 너무 행복하고 좋았습니다.
제품이야 뭐 워낙 유명하니 설명은 필요없을것 같구요
쉽게 부러지지 않아서 더 맘에 드는 제품입니다.
그동안 저렴이(?) 에서 벗어나서 기쁘기도 하지만 개인적으로 이거 쓰면 다른거 못쓸까봐 걱정도 되네요 ㅠ 
아 그리고 개인적으로 쉽게 번지지 않지만 옷 갈아입을때는 조금 묻을수도 있겠다는 생각이 들었습니다
참고하세요 :-) 올리브영 덕분에 가까이서 더 쉽게 좋은 제품 구매하네요 감사합니다",5,_alchera_none_
12,20221015_113334,아이브로우,MAC 아이 브로우 스타일러,https://www.oliveyoung.co.kr/store/goods/getGoodsDetail.do?goodsNo=A000000141222&dispCatNo=1000001000200070004&trackingCd&curation&egcode&rccode&egrankcode,맥,MAC 아이 브로우 스타일러,31000,31000,링거링;브루넷,"하이드로제네이티드콩오일, 하이드로제네이티드코코-글리세라이즈, 하이드로제네이티드식물성오일, 징크스테아레이트, 스테아릭애씨드, 카나우바왁스, 폴리글리세릴-2트라이아이소스테아레이트, 토코페롤, 아스코빌팔미테이트, 카프릴릴글라이콜, 헥실렌글라이콜, 페녹시에탄올, [+/- 마이카, 티타늄디옥사이드, 적색산화철, 황색산화철, 흑색산화철, 알루미늄가루, 비스머스옥시클로라이드, 청색1호 레이크, 카민, 크로뮴하이드록사이드그린, 크로뮴옥사이드그린, 페릭암모늄페로시아나이드, 페릭페로시아나이드, 망가니즈바이올렛, 울트라마린, 황색4호 레이크] [ILN44130] 제공된 성분은 동일 제품이라도 경우에 따라 변경될 수 있습니다. 최신정보는 제품 포장의 성분을 참고하시거나 본사 고객관리지원팀으로 연락 부탁 드립니다.",모든 피부 타입,콩콩콩이,2020.08.05,"이전에 맥 펜슬타입 아이브로우 샀었는데 뽑기를 잘못한건지 구매했던 4개중 3개가 엄청나게 잘부러져서... (칼, 깍이 상관없이 깍을때마다 기본  세번이상 무조건 부러졌음.. 서터레서! 안에 플라스틱?이상한게 지지되어 있었음ㅡ..ㅡ색지속력은 맘에 들어서 ..처음에는 괜찮앗던 기억으로 계속 샀던건데 ..(지금생각해보면 저렴한 가격도 아닌데 부러지는 바람에 2달도 못쓰고 아까워죽겟음)이후 구매한건 모두 뽑기?실패함. 절반이나 아깝게 버려야되는 상황발생. 리뷰수정하고 싶었으나 기간이 지나 정정하지못해 여기에다가 비교작성) 
세일기간이라 새로나온 스타일러 브로우 도전해봄. 브루넷 색상 자연스럽고 생각보다 부드럽게 잘그려짐 . 용량이 작아졌지만 깍을때마다 스트레스가 사라져서 나름만족! 두개구매했는데 ..둘다 유통기한 1년남은게 도착한점이 마니 아쉬움.. ㅠ...ㅜ
맥을 조아한다지만... 팬슬타입 맥 브로우는 뽑기망작......실패작.. (시세이도 팬슬브로우 추천) 맥스타일러는 색발림성 현재 만족중(용량, 유통기한만 길면 좋겟음 ㅠ)",2,_alchera_none_
13,20221015_113336,아이브로우,MAC 아이 브로우 스타일러,https://www.oliveyoung.co.kr/store/goods/getGoodsDetail.do?goodsNo=A000000141222&dispCatNo=1000001000200070004&trackingCd&curation&egcode&rccode&egrankcode,맥,MAC 아이 브로우 스타일러,31000,31000,링거링;브루넷,"하이드로제네이티드콩오일, 하이드로제네이티드코코-글리세라이즈, 하이드로제네이티드식물성오일, 징크스테아레이트, 스테아릭애씨드, 카나우바왁스, 폴리글리세릴-2트라이아이소스테아레이트, 토코페롤, 아스코빌팔미테이트, 카프릴릴글라이콜, 헥실렌글라이콜, 페녹시에탄올, [+/- 마이카, 티타늄디옥사이드, 적색산화철, 황색산화철, 흑색산화철, 알루미늄가루, 비스머스옥시클로라이드, 청색1호 레이크, 카민, 크로뮴하이드록사이드그린, 크로뮴옥사이드그린, 페릭암모늄페로시아나이드, 페릭페로시아나이드, 망가니즈바이올렛, 울트라마린, 황색4호 레이크] [ILN44130] 제공된 성분은 동일 제품이라도 경우에 따라 변경될 수 있습니다. 최신정보는 제품 포장의 성분을 참고하시거나 본사 고객관리지원팀으로 연락 부탁 드립니다.",모든 피부 타입,sus****,2022.09.20,"올리브영에도 백화점 프리미엄 라인인 맥 화장품을 살 수 있다니! 너무 편리하고 신세계네요~
우선 전 백화점 맥 매장에서 이 제품을 구입해 사용중이였는데, 다 써서 구입을 알아보다가 올영에 판다는 소식을 들었어요! 게다가 할인 혜택까지.... 백화점보다 훨씬 싸게 샀네요 ㅎㅎ
우선 이 제품은 헤어 컬러가 어두운 갈색모이신분 추천드려요! 흑발은 그다지 추천하진않습니다 ㅎㅎ
부드럽게 잘 그려지구요, 심이 슬림해서 눈썹 한올 한올 심듯이 그려주기 편해요 또 뒤에 달린 브러쉬도 질이 좋아 눈썹을 빗어주거나 자연스럽게 풀어주기에 좋구요
하나 단점이 있다면 가격에 비해 양이 너무 적어요.... 진짜 순삭입니다
그래도 타사 제품 중에선 이런 색이 없어 제일 맘에 드는 컬러라 꼭 링거링 구입해서 쓰네요 다음에 또 올영에서 사야겠어요~",4,_alchera_none_
14,20221015_113336,아이브로우,MAC 아이 브로우 스타일러,https://www.oliveyoung.co.kr/store/goods/getGoodsDetail.do?goodsNo=A000000141222&dispCatNo=1000001000200070004&trackingCd&curation&egcode&rccode&egrankcode,맥,MAC 아이 브로우 스타일러,31000,31000,링거링;브루넷,"하이드로제네이티드콩오일, 하이드로제네이티드코코-글리세라이즈, 하이드로제네이티드식물성오일, 징크스테아레이트, 스테아릭애씨드, 카나우바왁스, 폴리글리세릴-2트라이아이소스테아레이트, 토코페롤, 아스코빌팔미테이트, 카프릴릴글라이콜, 헥실렌글라이콜, 페녹시에탄올, [+/- 마이카, 티타늄디옥사이드, 적색산화철, 황색산화철, 흑색산화철, 알루미늄가루, 비스머스옥시클로라이드, 청색1호 레이크, 카민, 크로뮴하이드록사이드그린, 크로뮴옥사이드그린, 페릭암모늄페로시아나이드, 페릭페로시아나이드, 망가니즈바이올렛, 울트라마린, 황색4호 레이크] [ILN44130] 제공된 성분은 동일 제품이라도 경우에 따라 변경될 수 있습니다. 최신정보는 제품 포장의 성분을 참고하시거나 본사 고객관리지원팀으로 연락 부탁 드립니다.",모든 피부 타입,jungjs****,2022.09.03,"뒤에 솔 떼버리고 용량을 늘려줘라 맥,, 너무 좋아해서 이미 수십통은 썼을듯",5,지성;쿨톤;각질;미백
15,20221015_113337,아이브로우,MAC 아이 브로우 스타일러,https://www.oliveyoung.co.kr/store/goods/getGoodsDetail.do?goodsNo=A000000141222&dispCatNo=1000001000200070004&trackingCd&curation&egcode&rccode&egrankcode,맥,MAC 아이 브로우 스타일러,31000,31000,링거링;브루넷,"하이드로제네이티드콩오일, 하이드로제네이티드코코-글리세라이즈, 하이드로제네이티드식물성오일, 징크스테아레이트, 스테아릭애씨드, 카나우바왁스, 폴리글리세릴-2트라이아이소스테아레이트, 토코페롤, 아스코빌팔미테이트, 카프릴릴글라이콜, 헥실렌글라이콜, 페녹시에탄올, [+/- 마이카, 티타늄디옥사이드, 적색산화철, 황색산화철, 흑색산화철, 알루미늄가루, 비스머스옥시클로라이드, 청색1호 레이크, 카민, 크로뮴하이드록사이드그린, 크로뮴옥사이드그린, 페릭암모늄페로시아나이드, 페릭페로시아나이드, 망가니즈바이올렛, 울트라마린, 황색4호 레이크] [ILN44130] 제공된 성분은 동일 제품이라도 경우에 따라 변경될 수 있습니다. 최신정보는 제품 포장의 성분을 참고하시거나 본사 고객관리지원팀으로 연락 부탁 드립니다.",모든 피부 타입,kha1****,2022.01.02,제가 요즘 눈썹 그릴때 아주 마음에 쏙 들어서 매일매일 사용해주고 있는 아이브로우 오토 팬슬 타입의 브로우라서 따로 샤프너가 필요 없다는 점이 간편 하답니다 그리고 특히나 제가 좋아하는 이유는 슬림한 형태여서 눈썹을 정교하게 그릴수 있다는 점 한쪽에는 아이브로우 내용물이 또다른 한쪽에는 스크류 브러시가 내장되어 있어 눈썹의 형태 컬러 진하기 등을 쉽게 조절 섬세한 아치형 눈썹 표현하기에 적합하디 또한 물에 강한 포뮬러로 강한  지속력은 물론 잘번지지도 않아서 특히 물놀이 갈때 눈썹 그리기 고민은 하지 않아도 될듯 싶어요 라인을 그린다넌지 또는 끝처리를 깔끔하게 처리할수 있어 좋긴한데 눈썹의 빈 부분을 채우기에는 뭔가 부족하단 느낌이랄까 이런부분은 아무래도 파우더 사용으로 채워야 할것 같은 그래도 라인을 그려놓고나서 눈썹을 그리니 편하고 좋아요,5,_alchera_none_
16,20221015_113339,아이브로우,MAC 아이 브로우 스타일러,https://www.oliveyoung.co.kr/store/goods/getGoodsDetail.do?goodsNo=A000000141222&dispCatNo=1000001000200070004&trackingCd&curation&egcode&rccode&egrankcode,맥,MAC 아이 브로우 스타일러,31000,31000,링거링;브루넷,"하이드로제네이티드콩오일, 하이드로제네이티드코코-글리세라이즈, 하이드로제네이티드식물성오일, 징크스테아레이트, 스테아릭애씨드, 카나우바왁스, 폴리글리세릴-2트라이아이소스테아레이트, 토코페롤, 아스코빌팔미테이트, 카프릴릴글라이콜, 헥실렌글라이콜, 페녹시에탄올, [+/- 마이카, 티타늄디옥사이드, 적색산화철, 황색산화철, 흑색산화철, 알루미늄가루, 비스머스옥시클로라이드, 청색1호 레이크, 카민, 크로뮴하이드록사이드그린, 크로뮴옥사이드그린, 페릭암모늄페로시아나이드, 페릭페로시아나이드, 망가니즈바이올렛, 울트라마린, 황색4호 레이크] [ILN44130] 제공된 성분은 동일 제품이라도 경우에 따라 변경될 수 있습니다. 최신정보는 제품 포장의 성분을 참고하시거나 본사 고객관리지원팀으로 연락 부탁 드립니다.",모든 피부 타입,s77****,2022.07.27,우연히 알게되어 구매해서 지금 여러개 사용중이에요 얇게 잘 그려지고 지속력우수합니다 끝이 동글하면서 가늘고 얇은편이라 눈썹끝그리기도 넘 좋아요,5,_alchera_none_
17,20221015_113340,아이브로우,MAC 아이 브로우 스타일러,https://www.oliveyoung.co.kr/store/goods/getGoodsDetail.do?goodsNo=A000000141222&dispCatNo=1000001000200070004&trackingCd&curation&egcode&rccode&egrankcode,맥,MAC 아이 브로우 스타일러,31000,31000,링거링;브루넷,"하이드로제네이티드콩오일, 하이드로제네이티드코코-글리세라이즈, 하이드로제네이티드식물성오일, 징크스테아레이트, 스테아릭애씨드, 카나우바왁스, 폴리글리세릴-2트라이아이소스테아레이트, 토코페롤, 아스코빌팔미테이트, 카프릴릴글라이콜, 헥실렌글라이콜, 페녹시에탄올, [+/- 마이카, 티타늄디옥사이드, 적색산화철, 황색산화철, 흑색산화철, 알루미늄가루, 비스머스옥시클로라이드, 청색1호 레이크, 카민, 크로뮴하이드록사이드그린, 크로뮴옥사이드그린, 페릭암모늄페로시아나이드, 페릭페로시아나이드, 망가니즈바이올렛, 울트라마린, 황색4호 레이크] [ILN44130] 제공된 성분은 동일 제품이라도 경우에 따라 변경될 수 있습니다. 최신정보는 제품 포장의 성분을 참고하시거나 본사 고객관리지원팀으로 연락 부탁 드립니다.",모든 피부 타입,콩콩콩이,2020.08.05,"유통기한 짧아요 ㅠ 기존 사용하는 거 몇개 남아있는데 ,, 브로우 유통기한이 일년밖에 안남아서 사재기좋아하는 입장에서 아쉬움ㅜㅜ",3,_alchera_none_
18,20221015_113340,아이브로우,MAC 아이 브로우 스타일러,https://www.oliveyoung.co.kr/store/goods/getGoodsDetail.do?goodsNo=A000000141222&dispCatNo=1000001000200070004&trackingCd&curation&egcode&rccode&egrankcode,맥,MAC 아이 브로우 스타일러,31000,31000,링거링;브루넷,"하이드로제네이티드콩오일, 하이드로제네이티드코코-글리세라이즈, 하이드로제네이티드식물성오일, 징크스테아레이트, 스테아릭애씨드, 카나우바왁스, 폴리글리세릴-2트라이아이소스테아레이트, 토코페롤, 아스코빌팔미테이트, 카프릴릴글라이콜, 헥실렌글라이콜, 페녹시에탄올, [+/- 마이카, 티타늄디옥사이드, 적색산화철, 황색산화철, 흑색산화철, 알루미늄가루, 비스머스옥시클로라이드, 청색1호 레이크, 카민, 크로뮴하이드록사이드그린, 크로뮴옥사이드그린, 페릭암모늄페로시아나이드, 페릭페로시아나이드, 망가니즈바이올렛, 울트라마린, 황색4호 레이크] [ILN44130] 제공된 성분은 동일 제품이라도 경우에 따라 변경될 수 있습니다. 최신정보는 제품 포장의 성분을 참고하시거나 본사 고객관리지원팀으로 연락 부탁 드립니다.",모든 피부 타입,jungjs****,2021.09.06,원래 백화점에서 사서 쓰던 건데 올영 입점 하고 나서는 백화점 안가게 되네용 세일도 자주하고🤍 색이 진짜 로드샵엔 절대 없는 색이기도 하고 자연스럽게 그려지고 너무 예쁨 최애브로우,5,지성;쿨톤;각질;미백
19,20221015_113342,아이브로우,MAC 아이 브로우 스타일러,https://www.oliveyoung.co.kr/store/goods/getGoodsDetail.do?goodsNo=A000000141222&dispCatNo=1000001000200070004&trackingCd&curation&egcode&rccode&egrankcode,맥,MAC 아이 브로우 스타일러,31000,31000,링거링;브루넷,"하이드로제네이티드콩오일, 하이드로제네이티드코코-글리세라이즈, 하이드로제네이티드식물성오일, 징크스테아레이트, 스테아릭애씨드, 카나우바왁스, 폴리글리세릴-2트라이아이소스테아레이트, 토코페롤, 아스코빌팔미테이트, 카프릴릴글라이콜, 헥실렌글라이콜, 페녹시에탄올, [+/- 마이카, 티타늄디옥사이드, 적색산화철, 황색산화철, 흑색산화철, 알루미늄가루, 비스머스옥시클로라이드, 청색1호 레이크, 카민, 크로뮴하이드록사이드그린, 크로뮴옥사이드그린, 페릭암모늄페로시아나이드, 페릭페로시아나이드, 망가니즈바이올렛, 울트라마린, 황색4호 레이크] [ILN44130] 제공된 성분은 동일 제품이라도 경우에 따라 변경될 수 있습니다. 최신정보는 제품 포장의 성분을 참고하시거나 본사 고객관리지원팀으로 연락 부탁 드립니다.",모든 피부 타입,yka****,2021.05.07,첫구매를 백화점에서 구매해서 쓰고있었던 중이였는데 올리브영 홈피에 업뎃되있어서 바로 구매했어요 주문한ㄱㅓ쓰고나면 또 주문해야겠어요 근데 심이 안에서 끈어져서 왔더라구요 반품하기도 귀찮아서 그냥 사용중이랍니다,5,_alchera_none_
20,20221015_113345,아이브로우,MAC 아이 브로우 스타일러,https://www.oliveyoung.co.kr/store/goods/getGoodsDetail.do?goodsNo=A000000141222&dispCatNo=1000001000200070004&trackingCd&curation&egcode&rccode&egrankcode,맥,MAC 아이 브로우 스타일러,31000,31000,링거링;브루넷,"하이드로제네이티드콩오일, 하이드로제네이티드코코-글리세라이즈, 하이드로제네이티드식물성오일, 징크스테아레이트, 스테아릭애씨드, 카나우바왁스, 폴리글리세릴-2트라이아이소스테아레이트, 토코페롤, 아스코빌팔미테이트, 카프릴릴글라이콜, 헥실렌글라이콜, 페녹시에탄올, [+/- 마이카, 티타늄디옥사이드, 적색산화철, 황색산화철, 흑색산화철, 알루미늄가루, 비스머스옥시클로라이드, 청색1호 레이크, 카민, 크로뮴하이드록사이드그린, 크로뮴옥사이드그린, 페릭암모늄페로시아나이드, 페릭페로시아나이드, 망가니즈바이올렛, 울트라마린, 황색4호 레이크] [ILN44130] 제공된 성분은 동일 제품이라도 경우에 따라 변경될 수 있습니다. 최신정보는 제품 포장의 성분을 참고하시거나 본사 고객관리지원팀으로 연락 부탁 드립니다.",모든 피부 타입,yka****,2020.09.25,"백화점에서 구매해서 써봤어여~~
다 써가거 검색해보니 세일하도라구요 그래서 고민없이 바로 구매했답니다 좋아요^^",5,_alchera_none_
21,20221015_113347,아이브로우,MAC 아이 브로우 스타일러,https://www.oliveyoung.co.kr/store/goods/getGoodsDetail.do?goodsNo=A000000141222&dispCatNo=1000001000200070004&trackingCd&curation&egcode&rccode&egrankcode,맥,MAC 아이 브로우 스타일러,31000,31000,링거링;브루넷,"하이드로제네이티드콩오일, 하이드로제네이티드코코-글리세라이즈, 하이드로제네이티드식물성오일, 징크스테아레이트, 스테아릭애씨드, 카나우바왁스, 폴리글리세릴-2트라이아이소스테아레이트, 토코페롤, 아스코빌팔미테이트, 카프릴릴글라이콜, 헥실렌글라이콜, 페녹시에탄올, [+/- 마이카, 티타늄디옥사이드, 적색산화철, 황색산화철, 흑색산화철, 알루미늄가루, 비스머스옥시클로라이드, 청색1호 레이크, 카민, 크로뮴하이드록사이드그린, 크로뮴옥사이드그린, 페릭암모늄페로시아나이드, 페릭페로시아나이드, 망가니즈바이올렛, 울트라마린, 황색4호 레이크] [ILN44130] 제공된 성분은 동일 제품이라도 경우에 따라 변경될 수 있습니다. 최신정보는 제품 포장의 성분을 참고하시거나 본사 고객관리지원팀으로 연락 부탁 드립니다.",모든 피부 타입,ykae****,2022.03.25,늘 사용하고있는제품입니다 발림성좋구요  발색력좋습니다,5,_alchera_none_
22,20221015_113348,아이브로우,MAC 아이 브로우 스타일러,https://www.oliveyoung.co.kr/store/goods/getGoodsDetail.do?goodsNo=A000000141222&dispCatNo=1000001000200070004&trackingCd&curation&egcode&rccode&egrankcode,맥,MAC 아이 브로우 스타일러,31000,31000,링거링;브루넷,"하이드로제네이티드콩오일, 하이드로제네이티드코코-글리세라이즈, 하이드로제네이티드식물성오일, 징크스테아레이트, 스테아릭애씨드, 카나우바왁스, 폴리글리세릴-2트라이아이소스테아레이트, 토코페롤, 아스코빌팔미테이트, 카프릴릴글라이콜, 헥실렌글라이콜, 페녹시에탄올, [+/- 마이카, 티타늄디옥사이드, 적색산화철, 황색산화철, 흑색산화철, 알루미늄가루, 비스머스옥시클로라이드, 청색1호 레이크, 카민, 크로뮴하이드록사이드그린, 크로뮴옥사이드그린, 페릭암모늄페로시아나이드, 페릭페로시아나이드, 망가니즈바이올렛, 울트라마린, 황색4호 레이크] [ILN44130] 제공된 성분은 동일 제품이라도 경우에 따라 변경될 수 있습니다. 최신정보는 제품 포장의 성분을 참고하시거나 본사 고객관리지원팀으로 연락 부탁 드립니다.",모든 피부 타입,tlstnqls****,2021.09.30,깎아 쓰는 거 쓰다가 오토로 샀는데 만족해요! 부드럽게 발리고 색감이 예뻐요,5,_alchera_none_
23,20221015_113350,아이브로우,MAC 아이 브로우 스타일러,https://www.oliveyoung.co.kr/store/goods/getGoodsDetail.do?goodsNo=A000000141222&dispCatNo=1000001000200070004&trackingCd&curation&egcode&rccode&egrankcode,맥,MAC 아이 브로우 스타일러,31000,31000,링거링;브루넷,"하이드로제네이티드콩오일, 하이드로제네이티드코코-글리세라이즈, 하이드로제네이티드식물성오일, 징크스테아레이트, 스테아릭애씨드, 카나우바왁스, 폴리글리세릴-2트라이아이소스테아레이트, 토코페롤, 아스코빌팔미테이트, 카프릴릴글라이콜, 헥실렌글라이콜, 페녹시에탄올, [+/- 마이카, 티타늄디옥사이드, 적색산화철, 황색산화철, 흑색산화철, 알루미늄가루, 비스머스옥시클로라이드, 청색1호 레이크, 카민, 크로뮴하이드록사이드그린, 크로뮴옥사이드그린, 페릭암모늄페로시아나이드, 페릭페로시아나이드, 망가니즈바이올렛, 울트라마린, 황색4호 레이크] [ILN44130] 제공된 성분은 동일 제품이라도 경우에 따라 변경될 수 있습니다. 최신정보는 제품 포장의 성분을 참고하시거나 본사 고객관리지원팀으로 연락 부탁 드립니다.",모든 피부 타입,yka****,2021.07.17,언제나 항상 사용하고 있는 펜슬이에요 세일할때 주문해서 득템했어요,5,_alchera_none_
24,20221015_113350,아이브로우,MAC 아이 브로우 스타일러,https://www.oliveyoung.co.kr/store/goods/getGoodsDetail.do?goodsNo=A000000141222&dispCatNo=1000001000200070004&trackingCd&curation&egcode&rccode&egrankcode,맥,MAC 아이 브로우 스타일러,31000,31000,링거링;브루넷,"하이드로제네이티드콩오일, 하이드로제네이티드코코-글리세라이즈, 하이드로제네이티드식물성오일, 징크스테아레이트, 스테아릭애씨드, 카나우바왁스, 폴리글리세릴-2트라이아이소스테아레이트, 토코페롤, 아스코빌팔미테이트, 카프릴릴글라이콜, 헥실렌글라이콜, 페녹시에탄올, [+/- 마이카, 티타늄디옥사이드, 적색산화철, 황색산화철, 흑색산화철, 알루미늄가루, 비스머스옥시클로라이드, 청색1호 레이크, 카민, 크로뮴하이드록사이드그린, 크로뮴옥사이드그린, 페릭암모늄페로시아나이드, 페릭페로시아나이드, 망가니즈바이올렛, 울트라마린, 황색4호 레이크] [ILN44130] 제공된 성분은 동일 제품이라도 경우에 따라 변경될 수 있습니다. 최신정보는 제품 포장의 성분을 참고하시거나 본사 고객관리지원팀으로 연락 부탁 드립니다.",모든 피부 타입,jungjs****,2021.06.21,맥 링거링 진짜 원래가격주고 맨날 사서 쓰는 브로우템이었는뎅 할인해서 너무너무 좋아용,5,지성;쿨톤;각질;미백
25,20221015_113352,아이브로우,MAC 아이 브로우 스타일러,https://www.oliveyoung.co.kr/store/goods/getGoodsDetail.do?goodsNo=A000000141222&dispCatNo=1000001000200070004&trackingCd&curation&egcode&rccode&egrankcode,맥,MAC 아이 브로우 스타일러,31000,31000,링거링;브루넷,"하이드로제네이티드콩오일, 하이드로제네이티드코코-글리세라이즈, 하이드로제네이티드식물성오일, 징크스테아레이트, 스테아릭애씨드, 카나우바왁스, 폴리글리세릴-2트라이아이소스테아레이트, 토코페롤, 아스코빌팔미테이트, 카프릴릴글라이콜, 헥실렌글라이콜, 페녹시에탄올, [+/- 마이카, 티타늄디옥사이드, 적색산화철, 황색산화철, 흑색산화철, 알루미늄가루, 비스머스옥시클로라이드, 청색1호 레이크, 카민, 크로뮴하이드록사이드그린, 크로뮴옥사이드그린, 페릭암모늄페로시아나이드, 페릭페로시아나이드, 망가니즈바이올렛, 울트라마린, 황색4호 레이크] [ILN44130] 제공된 성분은 동일 제품이라도 경우에 따라 변경될 수 있습니다. 최신정보는 제품 포장의 성분을 참고하시거나 본사 고객관리지원팀으로 연락 부탁 드립니다.",모든 피부 타입,seo****,2021.05.27,올리브영이서 맥이라니 대박 ㅎㅎ 상품 하자오 맞교환하느라 ㅡㅡ 그것도 두개나 ㅡㅡ,5,_alchera_none_
26,20221015_113352,아이브로우,MAC 아이 브로우 스타일러,https://www.oliveyoung.co.kr/store/goods/getGoodsDetail.do?goodsNo=A000000141222&dispCatNo=1000001000200070004&trackingCd&curation&egcode&rccode&egrankcode,맥,MAC 아이 브로우 스타일러,31000,31000,링거링;브루넷,"하이드로제네이티드콩오일, 하이드로제네이티드코코-글리세라이즈, 하이드로제네이티드식물성오일, 징크스테아레이트, 스테아릭애씨드, 카나우바왁스, 폴리글리세릴-2트라이아이소스테아레이트, 토코페롤, 아스코빌팔미테이트, 카프릴릴글라이콜, 헥실렌글라이콜, 페녹시에탄올, [+/- 마이카, 티타늄디옥사이드, 적색산화철, 황색산화철, 흑색산화철, 알루미늄가루, 비스머스옥시클로라이드, 청색1호 레이크, 카민, 크로뮴하이드록사이드그린, 크로뮴옥사이드그린, 페릭암모늄페로시아나이드, 페릭페로시아나이드, 망가니즈바이올렛, 울트라마린, 황색4호 레이크] [ILN44130] 제공된 성분은 동일 제품이라도 경우에 따라 변경될 수 있습니다. 최신정보는 제품 포장의 성분을 참고하시거나 본사 고객관리지원팀으로 연락 부탁 드립니다.",모든 피부 타입,yangpd****,2020.09.18,올리브영에서 가장 추천하는 아이템입니다 가성비 좋아요 세일 때 사세요!,5,복합성;웜톤;모공;미백
27,20221015_113354,아이브로우,MAC 아이 브로우 스타일러,https://www.oliveyoung.co.kr/store/goods/getGoodsDetail.do?goodsNo=A000000141222&dispCatNo=1000001000200070004&trackingCd&curation&egcode&rccode&egrankcode,맥,MAC 아이 브로우 스타일러,31000,31000,링거링;브루넷,"하이드로제네이티드콩오일, 하이드로제네이티드코코-글리세라이즈, 하이드로제네이티드식물성오일, 징크스테아레이트, 스테아릭애씨드, 카나우바왁스, 폴리글리세릴-2트라이아이소스테아레이트, 토코페롤, 아스코빌팔미테이트, 카프릴릴글라이콜, 헥실렌글라이콜, 페녹시에탄올, [+/- 마이카, 티타늄디옥사이드, 적색산화철, 황색산화철, 흑색산화철, 알루미늄가루, 비스머스옥시클로라이드, 청색1호 레이크, 카민, 크로뮴하이드록사이드그린, 크로뮴옥사이드그린, 페릭암모늄페로시아나이드, 페릭페로시아나이드, 망가니즈바이올렛, 울트라마린, 황색4호 레이크] [ILN44130] 제공된 성분은 동일 제품이라도 경우에 따라 변경될 수 있습니다. 최신정보는 제품 포장의 성분을 참고하시거나 본사 고객관리지원팀으로 연락 부탁 드립니다.",모든 피부 타입,dhkdek****,2020.08.23,오래전부터 사용해오던 제품이라 믿고 재구매했습니다,4,_alchera_none_
28,20221015_113356,아이브로우,MAC 아이 브로우 스타일러,https://www.oliveyoung.co.kr/store/goods/getGoodsDetail.do?goodsNo=A000000141222&dispCatNo=1000001000200070004&trackingCd&curation&egcode&rccode&egrankcode,맥,MAC 아이 브로우 스타일러,31000,31000,링거링;브루넷,"하이드로제네이티드콩오일, 하이드로제네이티드코코-글리세라이즈, 하이드로제네이티드식물성오일, 징크스테아레이트, 스테아릭애씨드, 카나우바왁스, 폴리글리세릴-2트라이아이소스테아레이트, 토코페롤, 아스코빌팔미테이트, 카프릴릴글라이콜, 헥실렌글라이콜, 페녹시에탄올, [+/- 마이카, 티타늄디옥사이드, 적색산화철, 황색산화철, 흑색산화철, 알루미늄가루, 비스머스옥시클로라이드, 청색1호 레이크, 카민, 크로뮴하이드록사이드그린, 크로뮴옥사이드그린, 페릭암모늄페로시아나이드, 페릭페로시아나이드, 망가니즈바이올렛, 울트라마린, 황색4호 레이크] [ILN44130] 제공된 성분은 동일 제품이라도 경우에 따라 변경될 수 있습니다. 최신정보는 제품 포장의 성분을 참고하시거나 본사 고객관리지원팀으로 연락 부탁 드립니다.",모든 피부 타입,gm****,2020.08.14,"생각보다 엄청작고 얇아서 조심해야될듯
잘은그려지네요^^",1,_alchera_none_
29,20221015_113358,아이브로우,MAC 아이 브로우 스타일러,https://www.oliveyoung.co.kr/store/goods/getGoodsDetail.do?goodsNo=A000000141222&dispCatNo=1000001000200070004&trackingCd&curation&egcode&rccode&egrankcode,맥,MAC 아이 브로우 스타일러,31000,31000,링거링;브루넷,"하이드로제네이티드콩오일, 하이드로제네이티드코코-글리세라이즈, 하이드로제네이티드식물성오일, 징크스테아레이트, 스테아릭애씨드, 카나우바왁스, 폴리글리세릴-2트라이아이소스테아레이트, 토코페롤, 아스코빌팔미테이트, 카프릴릴글라이콜, 헥실렌글라이콜, 페녹시에탄올, [+/- 마이카, 티타늄디옥사이드, 적색산화철, 황색산화철, 흑색산화철, 알루미늄가루, 비스머스옥시클로라이드, 청색1호 레이크, 카민, 크로뮴하이드록사이드그린, 크로뮴옥사이드그린, 페릭암모늄페로시아나이드, 페릭페로시아나이드, 망가니즈바이올렛, 울트라마린, 황색4호 레이크] [ILN44130] 제공된 성분은 동일 제품이라도 경우에 따라 변경될 수 있습니다. 최신정보는 제품 포장의 성분을 참고하시거나 본사 고객관리지원팀으로 연락 부탁 드립니다.",모든 피부 타입,youin****,2020.08.10,"이번 기회에 여러개 살 정도로
인생 라이너임
이거 다들 꼭 사요",5,_alchera_none_
30,20221015_113402,아이브로우,MAC 아이 브로우 스타일러,https://www.oliveyoung.co.kr/store/goods/getGoodsDetail.do?goodsNo=A000000141222&dispCatNo=1000001000200070004&trackingCd&curation&egcode&rccode&egrankcode,맥,MAC 아이 브로우 스타일러,31000,31000,링거링;브루넷,"하이드로제네이티드콩오일, 하이드로제네이티드코코-글리세라이즈, 하이드로제네이티드식물성오일, 징크스테아레이트, 스테아릭애씨드, 카나우바왁스, 폴리글리세릴-2트라이아이소스테아레이트, 토코페롤, 아스코빌팔미테이트, 카프릴릴글라이콜, 헥실렌글라이콜, 페녹시에탄올, [+/- 마이카, 티타늄디옥사이드, 적색산화철, 황색산화철, 흑색산화철, 알루미늄가루, 비스머스옥시클로라이드, 청색1호 레이크, 카민, 크로뮴하이드록사이드그린, 크로뮴옥사이드그린, 페릭암모늄페로시아나이드, 페릭페로시아나이드, 망가니즈바이올렛, 울트라마린, 황색4호 레이크] [ILN44130] 제공된 성분은 동일 제품이라도 경우에 따라 변경될 수 있습니다. 최신정보는 제품 포장의 성분을 참고하시거나 본사 고객관리지원팀으로 연락 부탁 드립니다.",모든 피부 타입,youin****,2020.08.10,"와 이거 진짜 좋음
내추럴 한 느낌 나고 진짜 잘 그려짐
정말 좋은 기회에 왕창 샀어요",5,_alchera_none_
31,20221015_113403,아이브로우,MAC 아이 브로우 스타일러,https://www.oliveyoung.co.kr/store/goods/getGoodsDetail.do?goodsNo=A000000141222&dispCatNo=1000001000200070004&trackingCd&curation&egcode&rccode&egrankcode,맥,MAC 아이 브로우 스타일러,31000,31000,링거링;브루넷,"하이드로제네이티드콩오일, 하이드로제네이티드코코-글리세라이즈, 하이드로제네이티드식물성오일, 징크스테아레이트, 스테아릭애씨드, 카나우바왁스, 폴리글리세릴-2트라이아이소스테아레이트, 토코페롤, 아스코빌팔미테이트, 카프릴릴글라이콜, 헥실렌글라이콜, 페녹시에탄올, [+/- 마이카, 티타늄디옥사이드, 적색산화철, 황색산화철, 흑색산화철, 알루미늄가루, 비스머스옥시클로라이드, 청색1호 레이크, 카민, 크로뮴하이드록사이드그린, 크로뮴옥사이드그린, 페릭암모늄페로시아나이드, 페릭페로시아나이드, 망가니즈바이올렛, 울트라마린, 황색4호 레이크] [ILN44130] 제공된 성분은 동일 제품이라도 경우에 따라 변경될 수 있습니다. 최신정보는 제품 포장의 성분을 참고하시거나 본사 고객관리지원팀으로 연락 부탁 드립니다.",모든 피부 타입,말랑인가,2020.08.06,굉장히 좋습니다 .. 잘 그려지고 발색도 괜찮아요! 이제 그레이 색만 뽑아주세요 맥,4,지성;쿨톤
32,20221015_113405,아이브로우,MAC 아이 브로우 스타일러,https://www.oliveyoung.co.kr/store/goods/getGoodsDetail.do?goodsNo=A000000141222&dispCatNo=1000001000200070004&trackingCd&curation&egcode&rccode&egrankcode,맥,MAC 아이 브로우 스타일러,31000,31000,링거링;브루넷,"하이드로제네이티드콩오일, 하이드로제네이티드코코-글리세라이즈, 하이드로제네이티드식물성오일, 징크스테아레이트, 스테아릭애씨드, 카나우바왁스, 폴리글리세릴-2트라이아이소스테아레이트, 토코페롤, 아스코빌팔미테이트, 카프릴릴글라이콜, 헥실렌글라이콜, 페녹시에탄올, [+/- 마이카, 티타늄디옥사이드, 적색산화철, 황색산화철, 흑색산화철, 알루미늄가루, 비스머스옥시클로라이드, 청색1호 레이크, 카민, 크로뮴하이드록사이드그린, 크로뮴옥사이드그린, 페릭암모늄페로시아나이드, 페릭페로시아나이드, 망가니즈바이올렛, 울트라마린, 황색4호 레이크] [ILN44130] 제공된 성분은 동일 제품이라도 경우에 따라 변경될 수 있습니다. 최신정보는 제품 포장의 성분을 참고하시거나 본사 고객관리지원팀으로 연락 부탁 드립니다.",모든 피부 타입,btni****,2020.07.26,쉽게 잘그려지고 형태 잡기가 쉬어요. 펜슬인데 오토같은 느낌,5,_alchera_none_
