,timestamp,category,productName,urlProduct,brand,productName.1,price1,price2,Color,ingredients,skinType,username,datePublished,reviewText,score,reviewerSkinType
0,20221016_025553,프라이버/베이스,RMK 메이크업 베이스 30ml,https://www.oliveyoung.co.kr/store/goods/getGoodsDetail.do?goodsNo=A000000161086&dispCatNo=1000001000200010003&trackingCd&curation&egcode&rccode&egrankcode,RMK,RMK 메이크업 베이스 30ml,46000,46000,,"정제수 , 사이클로메치콘 , 티타늄디옥사이드 , 하이드로제네이티드폴리데센 , 디프로필렌글라이콜 , 에칠헥실메톡시신나메이트 , 펜틸렌글라이콜 , 소르비탄이소스테아레이트 , 말티톨 , 피토스테릴/이소스테아릴/세틸/스테아릴/베헤닐다이머디리놀리에이트 , 네오펜틸글라이콜디카프레이트 , 트리베헤닌 , 페트롤라툼 , 소듐클로라이드 , 아크릴레이트코폴리머 , 디메치콘/비닐디메치콘크로스폴리머 , 피이지/피피지-20/20디메치콘 , 디메치콘 , 피토스테릴마카다미에이트 , 하이드로제네이티드레시틴 , 실리카실릴레이트 , 실리카 , 피토스테릴/베헤닐/옥틸도데실라우로일글루타메이트 , 부틸렌글라이콜 , 알루미늄하이드록사이드 , 에탄올 , 비에이치티 , 로얄젤리추출물 , 소듐하이알루로네이트 , 세이지잎추출",모든 피부용,bibim,2022.01.05,"수부지/민감성/모공/주름

RMK입점 소식에 얼른 달려왔습니다 💖
증정도 대박이네요,, 뭣보다 파데50%용량을 준다니 헤헤

♥️제형
엄청 촉촉하고 물풀? 같이 챨싹 달라붙어요
분명 찰싹 달라붙었는데 희한하게도 끈적이지가 않아요
왜지?ㅋ 건조하지도 않고 촉촉한데 끈적임x

♥️편안함
피부가 너무 편안해서 좋아요💖
파운데이션까지 발랐는데 아무것도 안바른 것 같아요
피부가 너무 편하고.. 그냥 피부가 쌩얼같은 느낌인데 좋아보여요(?) 알엠케이 처음사보는데 입덕템으로 최고인듯

♥️베이스로 충실
요거 어떤 파운데이션이든 다 살려주는 생명템이라고 하더라고욬ㅋㅋㅋ 아니 진짜 착붙 하게 해주는 풀 같아요..
너무 좋은 제품입니다!
다만 톤보정은 따로 없어요.
그리고 SPF는 4로 귀엽습니다,, 없는거보단 낫지만..네ㅋ
※ 선크림 꼭 같이 사용해주세요

📸사진 마지막보시면 오른쪽이 베이스 바른 후 같이온 파데 바른건데요, 엄청 자연스러우면서도 피부 진짜 좋아보이지않나요? 🤭 

요 베이스랑 젤크리미파데랑 궁합이 잘맞대요
이렇게 또 사러갑니다✨✨😝💕",5,복합성;겨울쿨톤;각질;모공
1,20221016_025554,프라이버/베이스,RMK 메이크업 베이스 30ml,https://www.oliveyoung.co.kr/store/goods/getGoodsDetail.do?goodsNo=A000000161086&dispCatNo=1000001000200010003&trackingCd&curation&egcode&rccode&egrankcode,RMK,RMK 메이크업 베이스 30ml,46000,46000,,"정제수 , 사이클로메치콘 , 티타늄디옥사이드 , 하이드로제네이티드폴리데센 , 디프로필렌글라이콜 , 에칠헥실메톡시신나메이트 , 펜틸렌글라이콜 , 소르비탄이소스테아레이트 , 말티톨 , 피토스테릴/이소스테아릴/세틸/스테아릴/베헤닐다이머디리놀리에이트 , 네오펜틸글라이콜디카프레이트 , 트리베헤닌 , 페트롤라툼 , 소듐클로라이드 , 아크릴레이트코폴리머 , 디메치콘/비닐디메치콘크로스폴리머 , 피이지/피피지-20/20디메치콘 , 디메치콘 , 피토스테릴마카다미에이트 , 하이드로제네이티드레시틴 , 실리카실릴레이트 , 실리카 , 피토스테릴/베헤닐/옥틸도데실라우로일글루타메이트 , 부틸렌글라이콜 , 알루미늄하이드록사이드 , 에탄올 , 비에이치티 , 로얄젤리추출물 , 소듐하이알루로네이트 , 세이지잎추출",모든 피부용,올리뷰,2022.08.25,"RMK 베이스 제품이 워낙 유명하다보니 호기심에 구매했었는데 확실히 제품자체가 나쁘진 않더라구요. 건성분들 보다는 지성분들이 사용하기에 더 좋은 베이스 제품 같아요.

제품 제형 자체가 굉장히 가벼운 수분젤 제형이라 촉촉하고 유뷴감은 거의 느껴지지 않아요. 마무리감도 끈적거리지 않고 산뜻한 느낌입니다. 다만 저는 복합성 피부라 특정부분은 각질이나 건조함이 꽤 있어서 약간 유분기가 있는 베이스 제품을 선호하는지라 이 제품만 단독으로 사용하면 파운데이션 바르기전엔 좀 건조한 느낌(유분이 모자란)이 들더라구요.

겨울보단 여름에 사용하는걸 추천드리고 산뜻한 메이크업 베이스 제품을 찾는다면 괜찮을 것 같아요. 다만 제품 사용전에 흔들어서 사용해야하는 점이랑 제품 용량이 너무 적은데 가격이 비싸서 진입장벽이 있네요... 가격대비 로드샵이나 상대적으로 저렴한 백화점 제품들이 워낙 많아서 재구매까진 하지 않을 것 같습니다!",5,복합성;가을웜톤;각질;모공
2,20221016_025554,프라이버/베이스,RMK 메이크업 베이스 30ml,https://www.oliveyoung.co.kr/store/goods/getGoodsDetail.do?goodsNo=A000000161086&dispCatNo=1000001000200010003&trackingCd&curation&egcode&rccode&egrankcode,RMK,RMK 메이크업 베이스 30ml,46000,46000,,"정제수 , 사이클로메치콘 , 티타늄디옥사이드 , 하이드로제네이티드폴리데센 , 디프로필렌글라이콜 , 에칠헥실메톡시신나메이트 , 펜틸렌글라이콜 , 소르비탄이소스테아레이트 , 말티톨 , 피토스테릴/이소스테아릴/세틸/스테아릴/베헤닐다이머디리놀리에이트 , 네오펜틸글라이콜디카프레이트 , 트리베헤닌 , 페트롤라툼 , 소듐클로라이드 , 아크릴레이트코폴리머 , 디메치콘/비닐디메치콘크로스폴리머 , 피이지/피피지-20/20디메치콘 , 디메치콘 , 피토스테릴마카다미에이트 , 하이드로제네이티드레시틴 , 실리카실릴레이트 , 실리카 , 피토스테릴/베헤닐/옥틸도데실라우로일글루타메이트 , 부틸렌글라이콜 , 알루미늄하이드록사이드 , 에탄올 , 비에이치티 , 로얄젤리추출물 , 소듐하이알루로네이트 , 세이지잎추출",모든 피부용,올리뷰,2022.05.01,"부담없이 촉촉한 느낌의 메이크업 베이스를 찾는 분께 추천드리고 싶은 제품! 

예전부터 워낙 여기저기에서 좋다는 소리를 많이 들어서 이번에 올리브영에 입점한거 보고 한번 구매해야겠다 생각하고 있었어요.

아무래도 가격대가 많이 비싼편이라 쿠폰사용이 아니었다면 구매하기 어려웠을 것 같아요..! 제품을 실제로 받아보니 용량이 확실히 적긴 하더라구요. 용기도 각진 유리용기에 모서리부분이나 밑바닥 유리가 두꺼워서 실제 내용물은 정말 적습니다.

제품 제형은 정말 가벼운 에센스타입이고 바르자마자 빠르게 흡수되는 편입니다. 끈적임이 없고 수분감을 채워주는 느낌의 베이스인데 정샘물 물크림 생각이 나더라구요. 

물크림은 아주 조금 더 유분기 도는 느낌이고 RMK 제품보단 수분감이 적은 느낌이에요. 정샘물 굉장히 만족스럽게 사용하긴 했는데 수분감이나 끈적임 측면에선 RMK가 더 좋긴합니다!

정샘물도 엄청 저렴한편은 아니지만 약간 비슷한 사용감, 제형의 메이크업 베이스 제품 찾으신다면 정샘물도 괜찮을 것 같아요.",5,복합성;가을웜톤;각질;모공
3,20221016_025554,프라이버/베이스,RMK 메이크업 베이스 30ml,https://www.oliveyoung.co.kr/store/goods/getGoodsDetail.do?goodsNo=A000000161086&dispCatNo=1000001000200010003&trackingCd&curation&egcode&rccode&egrankcode,RMK,RMK 메이크업 베이스 30ml,46000,46000,,"정제수 , 사이클로메치콘 , 티타늄디옥사이드 , 하이드로제네이티드폴리데센 , 디프로필렌글라이콜 , 에칠헥실메톡시신나메이트 , 펜틸렌글라이콜 , 소르비탄이소스테아레이트 , 말티톨 , 피토스테릴/이소스테아릴/세틸/스테아릴/베헤닐다이머디리놀리에이트 , 네오펜틸글라이콜디카프레이트 , 트리베헤닌 , 페트롤라툼 , 소듐클로라이드 , 아크릴레이트코폴리머 , 디메치콘/비닐디메치콘크로스폴리머 , 피이지/피피지-20/20디메치콘 , 디메치콘 , 피토스테릴마카다미에이트 , 하이드로제네이티드레시틴 , 실리카실릴레이트 , 실리카 , 피토스테릴/베헤닐/옥틸도데실라우로일글루타메이트 , 부틸렌글라이콜 , 알루미늄하이드록사이드 , 에탄올 , 비에이치티 , 로얄젤리추출물 , 소듐하이알루로네이트 , 세이지잎추출",모든 피부용,레이지,2022.03.20,"깐달걀 베이스로 유명한 RMK의 베이스.
원래 사용하던 제품이라서 올리브영 입점하자마자 바로 구입했어요!
사실 rmk 파운데이션이랑 썼을 때가 가장 궁합이 좋은데 
다른 파운데이션들도 함께 쓰면 잘 먹게 도와줘서
여름만 제외하고 항상 사용하고 있어요 ( ◡̉̈ )

촉촉하고 워터리한 에센스를 많이 품은 것 같은 제형이고
피부에 발랐을 때 컬러감이 진하지 않고 투명한 느낌으로 발려요 🤍
일반적인 톤업베이스나 모공베이스처럼 피부 보정 효과가 없기 때문에 아무래도 다른 베이스를 써왔던 분들이라면 드라마틱하지 않다고 느낄 수 있을 것 같아요.

하지만 건성피부에
Rmk 베이스를 촉촉하게 피부에 스며들듯 깔아줌으로서
속건조와 피부각질 들뜸 현상을 방지하고
파운데이션이 밀착되도록 도와주는 역할을 해주기 때문에 악건성인 저는 만족스러운 제품입니다.

지성이거나 피부가 촉촉한 분들은 굳이 사용할 필요가 없어서 비추하구요,
아쉬운 점은 양이 너무 적고 사악한 가격…!

저처럼 건성 피부인 분들에게 추천합니다! ✨",4,건성;쿨톤;모공;민감성
4,20221016_025555,프라이버/베이스,RMK 메이크업 베이스 30ml,https://www.oliveyoung.co.kr/store/goods/getGoodsDetail.do?goodsNo=A000000161086&dispCatNo=1000001000200010003&trackingCd&curation&egcode&rccode&egrankcode,RMK,RMK 메이크업 베이스 30ml,46000,46000,,"정제수 , 사이클로메치콘 , 티타늄디옥사이드 , 하이드로제네이티드폴리데센 , 디프로필렌글라이콜 , 에칠헥실메톡시신나메이트 , 펜틸렌글라이콜 , 소르비탄이소스테아레이트 , 말티톨 , 피토스테릴/이소스테아릴/세틸/스테아릴/베헤닐다이머디리놀리에이트 , 네오펜틸글라이콜디카프레이트 , 트리베헤닌 , 페트롤라툼 , 소듐클로라이드 , 아크릴레이트코폴리머 , 디메치콘/비닐디메치콘크로스폴리머 , 피이지/피피지-20/20디메치콘 , 디메치콘 , 피토스테릴마카다미에이트 , 하이드로제네이티드레시틴 , 실리카실릴레이트 , 실리카 , 피토스테릴/베헤닐/옥틸도데실라우로일글루타메이트 , 부틸렌글라이콜 , 알루미늄하이드록사이드 , 에탄올 , 비에이치티 , 로얄젤리추출물 , 소듐하이알루로네이트 , 세이지잎추출",모든 피부용,콩쥬,2022.03.03,"원래 메이크업 베이스 잘 안 바르고 화장 했는데 우연히 샘플로 받은 메이크업 베이스 사용해보니 베이스 화장이 오래가고 좋아서 찾아보다가 rmk가 마침 올영에 입점해있어서 주문했네요~

깐달걀 만들어주는 걸로 유명해서 한번 사용해보고 싶었는데 올영에 들어오니 넘넘 좋네요!

30미리인데 케이스가 무척 작게 느껴집니닼ㅋ
하지만 고급스럽고 예쁘네요. 
화장대 위에 올려놓는 것만으로도 인테리어 효과~~

약간 연한 핑크색에 부드러운 로션 질감이라 펴바르기 좋아요! 엄청 촉촉한 제형은 아니고 딱 수분감 있게 잡아주는 느낌이라 얼굴이 과하게 촉촉하지 않으면서 부드러워 지네요!

엄청난 효과가 있는 건 아니지만 평소 화장보다 덜 무너지고 작은 잔주름에 화장이 끼던 현상이 확실히 좀 달해서 만족합니다.

톤보정이나 모공가려짐 같은 효과는 잘 모르겠어요~
봄여름에 사용하기에 좋은 베이스인 것 같아요!",5,복합성;웜톤;모공;잡티
5,20221016_025555,프라이버/베이스,RMK 메이크업 베이스 30ml,https://www.oliveyoung.co.kr/store/goods/getGoodsDetail.do?goodsNo=A000000161086&dispCatNo=1000001000200010003&trackingCd&curation&egcode&rccode&egrankcode,RMK,RMK 메이크업 베이스 30ml,46000,46000,,"정제수 , 사이클로메치콘 , 티타늄디옥사이드 , 하이드로제네이티드폴리데센 , 디프로필렌글라이콜 , 에칠헥실메톡시신나메이트 , 펜틸렌글라이콜 , 소르비탄이소스테아레이트 , 말티톨 , 피토스테릴/이소스테아릴/세틸/스테아릴/베헤닐다이머디리놀리에이트 , 네오펜틸글라이콜디카프레이트 , 트리베헤닌 , 페트롤라툼 , 소듐클로라이드 , 아크릴레이트코폴리머 , 디메치콘/비닐디메치콘크로스폴리머 , 피이지/피피지-20/20디메치콘 , 디메치콘 , 피토스테릴마카다미에이트 , 하이드로제네이티드레시틴 , 실리카실릴레이트 , 실리카 , 피토스테릴/베헤닐/옥틸도데실라우로일글루타메이트 , 부틸렌글라이콜 , 알루미늄하이드록사이드 , 에탄올 , 비에이치티 , 로얄젤리추출물 , 소듐하이알루로네이트 , 세이지잎추출",모든 피부용,야우냐,2022.01.21,"메이크업 베이스를 사야할 참이었는데 때마침 rmk 메이크업베이스가 입점되었네요!! 할인도 안하지만 너무 평이 좋아 구매했습니다!!!

🌀용량
30ml라 예상하셨겠지만 작기는 작아요..틴트랑 비교해보았는데 작은 사이즈인거 바로 아시겠죠?
저는 넉넉하게 짜서 쓰는 타입이라 금방 다 사용할 것 같아요

🌀제형
로션+수분크림 느낌의 촉촉한 제형이에요
근데 얼굴에 바르니 금방 뽀송해지더라구요
그래서 바로 파운데이션 발랐습니다

🌀파운데이션과의 조합
저는 나스 내추럴 래디언트 롱웨어 파운데이션을 사용하고 있는데 이게 밀착력은 좋지만 겨울에 쓰기에는 살짝 건조한 감이 있었지만 이 메이크업베이스와 함께 사용하니 뽀송하고 건조한걸 잡아줘서 만족스러웠습니다

🌀총평
가격은 저렴한 편이 아니지만 피부표현과 전체적인 파운데이션과의 조화를 생각하면 그래도 당분간은 계속 구매하지 않을까 생각이 듭니다",5,복합성;쿨톤;각질;모공
6,20221016_025555,프라이버/베이스,RMK 메이크업 베이스 30ml,https://www.oliveyoung.co.kr/store/goods/getGoodsDetail.do?goodsNo=A000000161086&dispCatNo=1000001000200010003&trackingCd&curation&egcode&rccode&egrankcode,RMK,RMK 메이크업 베이스 30ml,46000,46000,,"정제수 , 사이클로메치콘 , 티타늄디옥사이드 , 하이드로제네이티드폴리데센 , 디프로필렌글라이콜 , 에칠헥실메톡시신나메이트 , 펜틸렌글라이콜 , 소르비탄이소스테아레이트 , 말티톨 , 피토스테릴/이소스테아릴/세틸/스테아릴/베헤닐다이머디리놀리에이트 , 네오펜틸글라이콜디카프레이트 , 트리베헤닌 , 페트롤라툼 , 소듐클로라이드 , 아크릴레이트코폴리머 , 디메치콘/비닐디메치콘크로스폴리머 , 피이지/피피지-20/20디메치콘 , 디메치콘 , 피토스테릴마카다미에이트 , 하이드로제네이티드레시틴 , 실리카실릴레이트 , 실리카 , 피토스테릴/베헤닐/옥틸도데실라우로일글루타메이트 , 부틸렌글라이콜 , 알루미늄하이드록사이드 , 에탄올 , 비에이치티 , 로얄젤리추출물 , 소듐하이알루로네이트 , 세이지잎추출",모든 피부용,뚜둥이,2022.01.21,"깐달걀 피부를 만들어주는 촉촉한 베이스로
워낙 유명한 제품이었는데 예전부터 구매는 망설여지더라고요.
그런데 올리브영에 입고돼서 기대만큼 좋을까 싶어
구매해 봤어요.
제형은 케이스를 흔들어봐도 알 수 있듯 묽었고,
수분이 느껴지는 로션 같은 텍스처로 가볍고 얄게 발리면서,
밀착력이 좋게 느껴졌고 촉촉했어요.
자연스러운듯한 광이 윤기나는  피부로 만들어주면서,
금방 건조해지지 않을까 싶었는데 생각보다 
촉촉함이 잘 유지되더라고요.
건성피부지만 세미 매트한 파운데이션을 좋아하는데,
궁합이 좋았어요.
베이스 자체에 톤업이나 자외선 차단 기능은 없어서,
톤업썬크림하고 사용하기 좋은데
가격대가 있어서 아쉽기는 해요. 추천하기에도 좀..
한번 사용해 봤으니 굳이 재구매까지는 안 할 것 같네요.",4,건성;웜톤;미백;주름
7,20221016_025555,프라이버/베이스,RMK 메이크업 베이스 30ml,https://www.oliveyoung.co.kr/store/goods/getGoodsDetail.do?goodsNo=A000000161086&dispCatNo=1000001000200010003&trackingCd&curation&egcode&rccode&egrankcode,RMK,RMK 메이크업 베이스 30ml,46000,46000,,"정제수 , 사이클로메치콘 , 티타늄디옥사이드 , 하이드로제네이티드폴리데센 , 디프로필렌글라이콜 , 에칠헥실메톡시신나메이트 , 펜틸렌글라이콜 , 소르비탄이소스테아레이트 , 말티톨 , 피토스테릴/이소스테아릴/세틸/스테아릴/베헤닐다이머디리놀리에이트 , 네오펜틸글라이콜디카프레이트 , 트리베헤닌 , 페트롤라툼 , 소듐클로라이드 , 아크릴레이트코폴리머 , 디메치콘/비닐디메치콘크로스폴리머 , 피이지/피피지-20/20디메치콘 , 디메치콘 , 피토스테릴마카다미에이트 , 하이드로제네이티드레시틴 , 실리카실릴레이트 , 실리카 , 피토스테릴/베헤닐/옥틸도데실라우로일글루타메이트 , 부틸렌글라이콜 , 알루미늄하이드록사이드 , 에탄올 , 비에이치티 , 로얄젤리추출물 , 소듐하이알루로네이트 , 세이지잎추출",모든 피부용,602kim,2022.01.12,"깐달걀베이스라고해서 기대했는데 저한테 베스트는 아니었던 것 같아요ㅠㅠ 

전 복합성 피부타입인데 건성인 분들에게 더 찰떡일 것 같더라구요 
전체적인 피부결 보완이랑 지속력을 기대하고 구매했는데 둘 다 만족도는 60%정도.. 그보단 촉촉한 건 확실하게 느껴졌어요! 건성이라서 겨울철에 화장 잘 뜨는 분들이 쓰기면 화장 잘먹을 것 같아요

더 오래 사용해봐야겠지만 일단 쓰고나서 지속력이 확 좋아지거나 결이 좋아지는게 눈에 띄는 정도는 아니었어요 아쉽게도..

근데 베이스 사니까 같이 주는 증정들이 완전 좋았어요! 
특히 파운데이션도 꽤 많은 양으로 주는데 써보니까 아주 가볍게 발리고 색상도 화사하게 예쁘고 지속력도 나쁘지 않았어요 
베이스 샀는데 증정으로 온 파운데이션에 더 만족한 좀 이상한 상황이긴하지만^^; 파운데이션 다 쓰면 리퀴드 파운데이션 요걸로 구매하려구요ㅎㅎ",4,복합성;웜톤;모공;미백
8,20221016_025556,프라이버/베이스,RMK 메이크업 베이스 30ml,https://www.oliveyoung.co.kr/store/goods/getGoodsDetail.do?goodsNo=A000000161086&dispCatNo=1000001000200010003&trackingCd&curation&egcode&rccode&egrankcode,RMK,RMK 메이크업 베이스 30ml,46000,46000,,"정제수 , 사이클로메치콘 , 티타늄디옥사이드 , 하이드로제네이티드폴리데센 , 디프로필렌글라이콜 , 에칠헥실메톡시신나메이트 , 펜틸렌글라이콜 , 소르비탄이소스테아레이트 , 말티톨 , 피토스테릴/이소스테아릴/세틸/스테아릴/베헤닐다이머디리놀리에이트 , 네오펜틸글라이콜디카프레이트 , 트리베헤닌 , 페트롤라툼 , 소듐클로라이드 , 아크릴레이트코폴리머 , 디메치콘/비닐디메치콘크로스폴리머 , 피이지/피피지-20/20디메치콘 , 디메치콘 , 피토스테릴마카다미에이트 , 하이드로제네이티드레시틴 , 실리카실릴레이트 , 실리카 , 피토스테릴/베헤닐/옥틸도데실라우로일글루타메이트 , 부틸렌글라이콜 , 알루미늄하이드록사이드 , 에탄올 , 비에이치티 , 로얄젤리추출물 , 소듐하이알루로네이트 , 세이지잎추출",모든 피부용,뽀입니다,2022.04.12,처음에 리뷰가 너무 좋아서 어떤 제형인지 컬러인지 모르고 바로 믿고 구매했어요 베이스를 답답해서 잘 안쓰는 편이었는데 나이가 들 수록 피부톤도 칙칙하고 지속력이 오래가지 못했는데 요 제품 바르고 나서 은은한 윤광과 지속력까지 같이 잡아서 매우 만족중입니다 용량에 비해 많이 고가지만 그만큼 효과가 좋아서 좋네여 어느 피부톤이나 얇고 밀착력있게 흡수될것같고 무엇보다 수분이 많은 제형이라 수부지인 제 피부에 찰떡이었습니다 더이상 컬러톤 들어간 베이스를 안쓰려해서 딱 고급스럽게 피부표현을 원하시는 분께 안성맞춤인 제품이라고 생각되어여 라네즈의 쿠션제품 세미매트한 제형과 같이 바르니까 피부도 안답답하고 좋네요 픽서로 한번더 고정하면 아침부터 밤까지 완전 잘 지속되요..! 고민중이신분들은 바로 구매해도 후회안할 제품,5,건성;웜톤;블랙헤드;트러블
9,20221016_025556,프라이버/베이스,RMK 메이크업 베이스 30ml,https://www.oliveyoung.co.kr/store/goods/getGoodsDetail.do?goodsNo=A000000161086&dispCatNo=1000001000200010003&trackingCd&curation&egcode&rccode&egrankcode,RMK,RMK 메이크업 베이스 30ml,46000,46000,,"정제수 , 사이클로메치콘 , 티타늄디옥사이드 , 하이드로제네이티드폴리데센 , 디프로필렌글라이콜 , 에칠헥실메톡시신나메이트 , 펜틸렌글라이콜 , 소르비탄이소스테아레이트 , 말티톨 , 피토스테릴/이소스테아릴/세틸/스테아릴/베헤닐다이머디리놀리에이트 , 네오펜틸글라이콜디카프레이트 , 트리베헤닌 , 페트롤라툼 , 소듐클로라이드 , 아크릴레이트코폴리머 , 디메치콘/비닐디메치콘크로스폴리머 , 피이지/피피지-20/20디메치콘 , 디메치콘 , 피토스테릴마카다미에이트 , 하이드로제네이티드레시틴 , 실리카실릴레이트 , 실리카 , 피토스테릴/베헤닐/옥틸도데실라우로일글루타메이트 , 부틸렌글라이콜 , 알루미늄하이드록사이드 , 에탄올 , 비에이치티 , 로얄젤리추출물 , 소듐하이알루로네이트 , 세이지잎추출",모든 피부용,요거트다내꺼,2022.04.11,"진짜 좋아하는 메이크업베이스예요!
항상 면세로만 구입했었다가, rmk가 올영에도 입점을 했길래 바로 구매했어요 ㅎㅎ

여러 베이스 중에 손에 꼽을만큼 좋은 베이스예요
아주아주 촉촉하면서 화장이 정말 잘 먹거든요 ㅎㅎ
베이스도 다 기능이 다르잖아요
이 제품은 톤기능보다는, 결개선에 초점이 맞춰지는 베이스예요
피부를 엄청 고와보이게 한달까요
그래서 밝은 피부톤을 가지고 있어서 톤업기능베이스를 굳이 사용안해도 좋다면 무조건 추천해요.
칙칙한 피부, 홍조 있는 피부라면 아무래도 톤업이 우선이겠죠?!

다 똑같은 베이스 같아도 결국 하나하나 다 피부는 다르게 반응을 하는 것 같아요
베이스 잘못쓰면 화장 뜨고, 저렴이 잘못 쓰면 피부 뒤집어지구요...
적어도 이 제품 사용하면서는 화장 뜨거나 밀린 적 한번도 없고,  트러블도 안났어요!
추천해요 ㅋㅋ",5,민감성;여름쿨톤;민감성;트러블
10,20221016_025558,프라이버/베이스,RMK 메이크업 베이스 30ml,https://www.oliveyoung.co.kr/store/goods/getGoodsDetail.do?goodsNo=A000000161086&dispCatNo=1000001000200010003&trackingCd&curation&egcode&rccode&egrankcode,RMK,RMK 메이크업 베이스 30ml,46000,46000,,"정제수 , 사이클로메치콘 , 티타늄디옥사이드 , 하이드로제네이티드폴리데센 , 디프로필렌글라이콜 , 에칠헥실메톡시신나메이트 , 펜틸렌글라이콜 , 소르비탄이소스테아레이트 , 말티톨 , 피토스테릴/이소스테아릴/세틸/스테아릴/베헤닐다이머디리놀리에이트 , 네오펜틸글라이콜디카프레이트 , 트리베헤닌 , 페트롤라툼 , 소듐클로라이드 , 아크릴레이트코폴리머 , 디메치콘/비닐디메치콘크로스폴리머 , 피이지/피피지-20/20디메치콘 , 디메치콘 , 피토스테릴마카다미에이트 , 하이드로제네이티드레시틴 , 실리카실릴레이트 , 실리카 , 피토스테릴/베헤닐/옥틸도데실라우로일글루타메이트 , 부틸렌글라이콜 , 알루미늄하이드록사이드 , 에탄올 , 비에이치티 , 로얄젤리추출물 , 소듐하이알루로네이트 , 세이지잎추출",모든 피부용,Hyoww,2022.01.17,건성이라 메이크업하면 들떠서 구매했는데 촉촉하고 샘플도 주셔서 좋아요:),5,복합성;모공;미백
11,20221016_025600,프라이버/베이스,RMK 메이크업 베이스 30ml,https://www.oliveyoung.co.kr/store/goods/getGoodsDetail.do?goodsNo=A000000161086&dispCatNo=1000001000200010003&trackingCd&curation&egcode&rccode&egrankcode,RMK,RMK 메이크업 베이스 30ml,46000,46000,,"정제수 , 사이클로메치콘 , 티타늄디옥사이드 , 하이드로제네이티드폴리데센 , 디프로필렌글라이콜 , 에칠헥실메톡시신나메이트 , 펜틸렌글라이콜 , 소르비탄이소스테아레이트 , 말티톨 , 피토스테릴/이소스테아릴/세틸/스테아릴/베헤닐다이머디리놀리에이트 , 네오펜틸글라이콜디카프레이트 , 트리베헤닌 , 페트롤라툼 , 소듐클로라이드 , 아크릴레이트코폴리머 , 디메치콘/비닐디메치콘크로스폴리머 , 피이지/피피지-20/20디메치콘 , 디메치콘 , 피토스테릴마카다미에이트 , 하이드로제네이티드레시틴 , 실리카실릴레이트 , 실리카 , 피토스테릴/베헤닐/옥틸도데실라우로일글루타메이트 , 부틸렌글라이콜 , 알루미늄하이드록사이드 , 에탄올 , 비에이치티 , 로얄젤리추출물 , 소듐하이알루로네이트 , 세이지잎추출",모든 피부용,rina****,2022.09.07,전에 수에무라 썼었는데 안팔아서 대체품으로 샀어요 ~가격 대비는 좋은줄은 모르겠어요,5,_alchera_none_
12,20221016_025600,프라이버/베이스,RMK 메이크업 베이스 30ml,https://www.oliveyoung.co.kr/store/goods/getGoodsDetail.do?goodsNo=A000000161086&dispCatNo=1000001000200010003&trackingCd&curation&egcode&rccode&egrankcode,RMK,RMK 메이크업 베이스 30ml,46000,46000,,"정제수 , 사이클로메치콘 , 티타늄디옥사이드 , 하이드로제네이티드폴리데센 , 디프로필렌글라이콜 , 에칠헥실메톡시신나메이트 , 펜틸렌글라이콜 , 소르비탄이소스테아레이트 , 말티톨 , 피토스테릴/이소스테아릴/세틸/스테아릴/베헤닐다이머디리놀리에이트 , 네오펜틸글라이콜디카프레이트 , 트리베헤닌 , 페트롤라툼 , 소듐클로라이드 , 아크릴레이트코폴리머 , 디메치콘/비닐디메치콘크로스폴리머 , 피이지/피피지-20/20디메치콘 , 디메치콘 , 피토스테릴마카다미에이트 , 하이드로제네이티드레시틴 , 실리카실릴레이트 , 실리카 , 피토스테릴/베헤닐/옥틸도데실라우로일글루타메이트 , 부틸렌글라이콜 , 알루미늄하이드록사이드 , 에탄올 , 비에이치티 , 로얄젤리추출물 , 소듐하이알루로네이트 , 세이지잎추출",모든 피부용,모닝던이,2022.02.17,제가 써본 메이크업 베이스 탑3안에 들어갈만큼 좋아요!! 잘발리고 그 다음 화장도 잘 먹고 밀림성도 없고 좋아요,5,복합성;쿨톤;모공;미백
13,20221016_025600,프라이버/베이스,RMK 메이크업 베이스 30ml,https://www.oliveyoung.co.kr/store/goods/getGoodsDetail.do?goodsNo=A000000161086&dispCatNo=1000001000200010003&trackingCd&curation&egcode&rccode&egrankcode,RMK,RMK 메이크업 베이스 30ml,46000,46000,,"정제수 , 사이클로메치콘 , 티타늄디옥사이드 , 하이드로제네이티드폴리데센 , 디프로필렌글라이콜 , 에칠헥실메톡시신나메이트 , 펜틸렌글라이콜 , 소르비탄이소스테아레이트 , 말티톨 , 피토스테릴/이소스테아릴/세틸/스테아릴/베헤닐다이머디리놀리에이트 , 네오펜틸글라이콜디카프레이트 , 트리베헤닌 , 페트롤라툼 , 소듐클로라이드 , 아크릴레이트코폴리머 , 디메치콘/비닐디메치콘크로스폴리머 , 피이지/피피지-20/20디메치콘 , 디메치콘 , 피토스테릴마카다미에이트 , 하이드로제네이티드레시틴 , 실리카실릴레이트 , 실리카 , 피토스테릴/베헤닐/옥틸도데실라우로일글루타메이트 , 부틸렌글라이콜 , 알루미늄하이드록사이드 , 에탄올 , 비에이치티 , 로얄젤리추출물 , 소듐하이알루로네이트 , 세이지잎추출",모든 피부용,보노룩,2022.01.05,"항상 쓰던건데 올영에 입점되어 좋아요
어떤 파데든 잘 먹게 도와주는 만능템",5,복합성;쿨톤;모공;미백
14,20221016_025601,프라이버/베이스,RMK 메이크업 베이스 30ml,https://www.oliveyoung.co.kr/store/goods/getGoodsDetail.do?goodsNo=A000000161086&dispCatNo=1000001000200010003&trackingCd&curation&egcode&rccode&egrankcode,RMK,RMK 메이크업 베이스 30ml,46000,46000,,"정제수 , 사이클로메치콘 , 티타늄디옥사이드 , 하이드로제네이티드폴리데센 , 디프로필렌글라이콜 , 에칠헥실메톡시신나메이트 , 펜틸렌글라이콜 , 소르비탄이소스테아레이트 , 말티톨 , 피토스테릴/이소스테아릴/세틸/스테아릴/베헤닐다이머디리놀리에이트 , 네오펜틸글라이콜디카프레이트 , 트리베헤닌 , 페트롤라툼 , 소듐클로라이드 , 아크릴레이트코폴리머 , 디메치콘/비닐디메치콘크로스폴리머 , 피이지/피피지-20/20디메치콘 , 디메치콘 , 피토스테릴마카다미에이트 , 하이드로제네이티드레시틴 , 실리카실릴레이트 , 실리카 , 피토스테릴/베헤닐/옥틸도데실라우로일글루타메이트 , 부틸렌글라이콜 , 알루미늄하이드록사이드 , 에탄올 , 비에이치티 , 로얄젤리추출물 , 소듐하이알루로네이트 , 세이지잎추출",모든 피부용,라바마눌,2022.10.01,"메이크업 베이스를 그동안 안썼는데 이제품을 구입해서 1번 써봤어요.
밀착력이 증가되는것 겉아요",5,_alchera_none_
15,20221016_025602,프라이버/베이스,RMK 메이크업 베이스 30ml,https://www.oliveyoung.co.kr/store/goods/getGoodsDetail.do?goodsNo=A000000161086&dispCatNo=1000001000200010003&trackingCd&curation&egcode&rccode&egrankcode,RMK,RMK 메이크업 베이스 30ml,46000,46000,,"정제수 , 사이클로메치콘 , 티타늄디옥사이드 , 하이드로제네이티드폴리데센 , 디프로필렌글라이콜 , 에칠헥실메톡시신나메이트 , 펜틸렌글라이콜 , 소르비탄이소스테아레이트 , 말티톨 , 피토스테릴/이소스테아릴/세틸/스테아릴/베헤닐다이머디리놀리에이트 , 네오펜틸글라이콜디카프레이트 , 트리베헤닌 , 페트롤라툼 , 소듐클로라이드 , 아크릴레이트코폴리머 , 디메치콘/비닐디메치콘크로스폴리머 , 피이지/피피지-20/20디메치콘 , 디메치콘 , 피토스테릴마카다미에이트 , 하이드로제네이티드레시틴 , 실리카실릴레이트 , 실리카 , 피토스테릴/베헤닐/옥틸도데실라우로일글루타메이트 , 부틸렌글라이콜 , 알루미늄하이드록사이드 , 에탄올 , 비에이치티 , 로얄젤리추출물 , 소듐하이알루로네이트 , 세이지잎추출",모든 피부용,bj****,2022.01.22,저는 처음 알게 된 브랜드인데 올리브영에 입점하구 찾아보니 엄청나게 유명한 브랜드더라구요 제가 살땐 후기가 별로 없어 살까말까 고민을 많이 했는데 세일할때 잘 산거같아요 ☺️ 깐달걀은 아니지만 예민한 제 피부에도 촉촉하게 잘 베이스 되는 제품이에요 그리고 또 제가 너무 촉촉한건 싫어하는데 적당하게 잘 스며들어서 더 좋은거같아요 ㅎㅎ 사실 베이스가 너무 좋아서 파운데이션까지 산 건 안비밀입니다 :) 역시 고민은 배송만 늦출뿐 !.,5,_alchera_none_
16,20221016_025603,프라이버/베이스,RMK 메이크업 베이스 30ml,https://www.oliveyoung.co.kr/store/goods/getGoodsDetail.do?goodsNo=A000000161086&dispCatNo=1000001000200010003&trackingCd&curation&egcode&rccode&egrankcode,RMK,RMK 메이크업 베이스 30ml,46000,46000,,"정제수 , 사이클로메치콘 , 티타늄디옥사이드 , 하이드로제네이티드폴리데센 , 디프로필렌글라이콜 , 에칠헥실메톡시신나메이트 , 펜틸렌글라이콜 , 소르비탄이소스테아레이트 , 말티톨 , 피토스테릴/이소스테아릴/세틸/스테아릴/베헤닐다이머디리놀리에이트 , 네오펜틸글라이콜디카프레이트 , 트리베헤닌 , 페트롤라툼 , 소듐클로라이드 , 아크릴레이트코폴리머 , 디메치콘/비닐디메치콘크로스폴리머 , 피이지/피피지-20/20디메치콘 , 디메치콘 , 피토스테릴마카다미에이트 , 하이드로제네이티드레시틴 , 실리카실릴레이트 , 실리카 , 피토스테릴/베헤닐/옥틸도데실라우로일글루타메이트 , 부틸렌글라이콜 , 알루미늄하이드록사이드 , 에탄올 , 비에이치티 , 로얄젤리추출물 , 소듐하이알루로네이트 , 세이지잎추출",모든 피부용,첼쿠,2022.03.23,항상 사용하던 제품인데 백화점 안가고 올리브영에서 주문할 수 있어서 너무 편리합니다ㅎㅎ RMK 다른 색조 제품도 많이 들어왔으면 좋겠어요!,5,_alchera_none_
17,20221016_025605,프라이버/베이스,RMK 메이크업 베이스 30ml,https://www.oliveyoung.co.kr/store/goods/getGoodsDetail.do?goodsNo=A000000161086&dispCatNo=1000001000200010003&trackingCd&curation&egcode&rccode&egrankcode,RMK,RMK 메이크업 베이스 30ml,46000,46000,,"정제수 , 사이클로메치콘 , 티타늄디옥사이드 , 하이드로제네이티드폴리데센 , 디프로필렌글라이콜 , 에칠헥실메톡시신나메이트 , 펜틸렌글라이콜 , 소르비탄이소스테아레이트 , 말티톨 , 피토스테릴/이소스테아릴/세틸/스테아릴/베헤닐다이머디리놀리에이트 , 네오펜틸글라이콜디카프레이트 , 트리베헤닌 , 페트롤라툼 , 소듐클로라이드 , 아크릴레이트코폴리머 , 디메치콘/비닐디메치콘크로스폴리머 , 피이지/피피지-20/20디메치콘 , 디메치콘 , 피토스테릴마카다미에이트 , 하이드로제네이티드레시틴 , 실리카실릴레이트 , 실리카 , 피토스테릴/베헤닐/옥틸도데실라우로일글루타메이트 , 부틸렌글라이콜 , 알루미늄하이드록사이드 , 에탄올 , 비에이치티 , 로얄젤리추출물 , 소듐하이알루로네이트 , 세이지잎추출",모든 피부용,fkdladuf****,2022.03.13,발림성 좋아서 만족해요 베이스 기능이 뛰어나다고 할 순 없지만 촉촉하고 파데하기 싫을때 유용해요,4,_alchera_none_
18,20221016_025606,프라이버/베이스,RMK 메이크업 베이스 30ml,https://www.oliveyoung.co.kr/store/goods/getGoodsDetail.do?goodsNo=A000000161086&dispCatNo=1000001000200010003&trackingCd&curation&egcode&rccode&egrankcode,RMK,RMK 메이크업 베이스 30ml,46000,46000,,"정제수 , 사이클로메치콘 , 티타늄디옥사이드 , 하이드로제네이티드폴리데센 , 디프로필렌글라이콜 , 에칠헥실메톡시신나메이트 , 펜틸렌글라이콜 , 소르비탄이소스테아레이트 , 말티톨 , 피토스테릴/이소스테아릴/세틸/스테아릴/베헤닐다이머디리놀리에이트 , 네오펜틸글라이콜디카프레이트 , 트리베헤닌 , 페트롤라툼 , 소듐클로라이드 , 아크릴레이트코폴리머 , 디메치콘/비닐디메치콘크로스폴리머 , 피이지/피피지-20/20디메치콘 , 디메치콘 , 피토스테릴마카다미에이트 , 하이드로제네이티드레시틴 , 실리카실릴레이트 , 실리카 , 피토스테릴/베헤닐/옥틸도데실라우로일글루타메이트 , 부틸렌글라이콜 , 알루미늄하이드록사이드 , 에탄올 , 비에이치티 , 로얄젤리추출물 , 소듐하이알루로네이트 , 세이지잎추출",모든 피부용,XSHX,2022.03.12,완전 깐달걀 베이스 만들어준다고 해서 샀는데 진짜 좋아요 비싼 값할만해요,5,_alchera_none_
19,20221016_025607,프라이버/베이스,RMK 메이크업 베이스 30ml,https://www.oliveyoung.co.kr/store/goods/getGoodsDetail.do?goodsNo=A000000161086&dispCatNo=1000001000200010003&trackingCd&curation&egcode&rccode&egrankcode,RMK,RMK 메이크업 베이스 30ml,46000,46000,,"정제수 , 사이클로메치콘 , 티타늄디옥사이드 , 하이드로제네이티드폴리데센 , 디프로필렌글라이콜 , 에칠헥실메톡시신나메이트 , 펜틸렌글라이콜 , 소르비탄이소스테아레이트 , 말티톨 , 피토스테릴/이소스테아릴/세틸/스테아릴/베헤닐다이머디리놀리에이트 , 네오펜틸글라이콜디카프레이트 , 트리베헤닌 , 페트롤라툼 , 소듐클로라이드 , 아크릴레이트코폴리머 , 디메치콘/비닐디메치콘크로스폴리머 , 피이지/피피지-20/20디메치콘 , 디메치콘 , 피토스테릴마카다미에이트 , 하이드로제네이티드레시틴 , 실리카실릴레이트 , 실리카 , 피토스테릴/베헤닐/옥틸도데실라우로일글루타메이트 , 부틸렌글라이콜 , 알루미늄하이드록사이드 , 에탄올 , 비에이치티 , 로얄젤리추출물 , 소듐하이알루로네이트 , 세이지잎추출",모든 피부용,isee****,2022.03.08,메이크업 하기 전에 항상 발라요 촉촉해서 메이크업이 잘 먹네요 ㅎ,5,_alchera_none_
20,20221016_025610,프라이버/베이스,RMK 메이크업 베이스 30ml,https://www.oliveyoung.co.kr/store/goods/getGoodsDetail.do?goodsNo=A000000161086&dispCatNo=1000001000200010003&trackingCd&curation&egcode&rccode&egrankcode,RMK,RMK 메이크업 베이스 30ml,46000,46000,,"정제수 , 사이클로메치콘 , 티타늄디옥사이드 , 하이드로제네이티드폴리데센 , 디프로필렌글라이콜 , 에칠헥실메톡시신나메이트 , 펜틸렌글라이콜 , 소르비탄이소스테아레이트 , 말티톨 , 피토스테릴/이소스테아릴/세틸/스테아릴/베헤닐다이머디리놀리에이트 , 네오펜틸글라이콜디카프레이트 , 트리베헤닌 , 페트롤라툼 , 소듐클로라이드 , 아크릴레이트코폴리머 , 디메치콘/비닐디메치콘크로스폴리머 , 피이지/피피지-20/20디메치콘 , 디메치콘 , 피토스테릴마카다미에이트 , 하이드로제네이티드레시틴 , 실리카실릴레이트 , 실리카 , 피토스테릴/베헤닐/옥틸도데실라우로일글루타메이트 , 부틸렌글라이콜 , 알루미늄하이드록사이드 , 에탄올 , 비에이치티 , 로얄젤리추출물 , 소듐하이알루로네이트 , 세이지잎추출",모든 피부용,dlthdu****,2022.08.04,적은양으로도 넓게 발립니다. 신경쓴 피부메이크업을 하고싶은 날 발라줍니다,5,_alchera_none_
21,20221016_025611,프라이버/베이스,RMK 메이크업 베이스 30ml,https://www.oliveyoung.co.kr/store/goods/getGoodsDetail.do?goodsNo=A000000161086&dispCatNo=1000001000200010003&trackingCd&curation&egcode&rccode&egrankcode,RMK,RMK 메이크업 베이스 30ml,46000,46000,,"정제수 , 사이클로메치콘 , 티타늄디옥사이드 , 하이드로제네이티드폴리데센 , 디프로필렌글라이콜 , 에칠헥실메톡시신나메이트 , 펜틸렌글라이콜 , 소르비탄이소스테아레이트 , 말티톨 , 피토스테릴/이소스테아릴/세틸/스테아릴/베헤닐다이머디리놀리에이트 , 네오펜틸글라이콜디카프레이트 , 트리베헤닌 , 페트롤라툼 , 소듐클로라이드 , 아크릴레이트코폴리머 , 디메치콘/비닐디메치콘크로스폴리머 , 피이지/피피지-20/20디메치콘 , 디메치콘 , 피토스테릴마카다미에이트 , 하이드로제네이티드레시틴 , 실리카실릴레이트 , 실리카 , 피토스테릴/베헤닐/옥틸도데실라우로일글루타메이트 , 부틸렌글라이콜 , 알루미늄하이드록사이드 , 에탄올 , 비에이치티 , 로얄젤리추출물 , 소듐하이알루로네이트 , 세이지잎추출",모든 피부용,goo****,2022.03.20,"순하고, 바른 듯 바르지 않은 듯 무난함. 베이스의 목적만 놓고 생각할 때 월등한지는 잘 모르겠음. 가격 대비 만족도에 관하여는 아주 높은 점수를 주기 어려움",4,_alchera_none_
22,20221016_025612,프라이버/베이스,RMK 메이크업 베이스 30ml,https://www.oliveyoung.co.kr/store/goods/getGoodsDetail.do?goodsNo=A000000161086&dispCatNo=1000001000200010003&trackingCd&curation&egcode&rccode&egrankcode,RMK,RMK 메이크업 베이스 30ml,46000,46000,,"정제수 , 사이클로메치콘 , 티타늄디옥사이드 , 하이드로제네이티드폴리데센 , 디프로필렌글라이콜 , 에칠헥실메톡시신나메이트 , 펜틸렌글라이콜 , 소르비탄이소스테아레이트 , 말티톨 , 피토스테릴/이소스테아릴/세틸/스테아릴/베헤닐다이머디리놀리에이트 , 네오펜틸글라이콜디카프레이트 , 트리베헤닌 , 페트롤라툼 , 소듐클로라이드 , 아크릴레이트코폴리머 , 디메치콘/비닐디메치콘크로스폴리머 , 피이지/피피지-20/20디메치콘 , 디메치콘 , 피토스테릴마카다미에이트 , 하이드로제네이티드레시틴 , 실리카실릴레이트 , 실리카 , 피토스테릴/베헤닐/옥틸도데실라우로일글루타메이트 , 부틸렌글라이콜 , 알루미늄하이드록사이드 , 에탄올 , 비에이치티 , 로얄젤리추출물 , 소듐하이알루로네이트 , 세이지잎추출",모든 피부용,얼렁뚱땅이다,2022.03.18,촉촉해서 새미매트한 파운데이션 바르기 전에 바르면 좋아요.,5,복합성;웜톤;모공;민감성
23,20221016_025613,프라이버/베이스,RMK 메이크업 베이스 30ml,https://www.oliveyoung.co.kr/store/goods/getGoodsDetail.do?goodsNo=A000000161086&dispCatNo=1000001000200010003&trackingCd&curation&egcode&rccode&egrankcode,RMK,RMK 메이크업 베이스 30ml,46000,46000,,"정제수 , 사이클로메치콘 , 티타늄디옥사이드 , 하이드로제네이티드폴리데센 , 디프로필렌글라이콜 , 에칠헥실메톡시신나메이트 , 펜틸렌글라이콜 , 소르비탄이소스테아레이트 , 말티톨 , 피토스테릴/이소스테아릴/세틸/스테아릴/베헤닐다이머디리놀리에이트 , 네오펜틸글라이콜디카프레이트 , 트리베헤닌 , 페트롤라툼 , 소듐클로라이드 , 아크릴레이트코폴리머 , 디메치콘/비닐디메치콘크로스폴리머 , 피이지/피피지-20/20디메치콘 , 디메치콘 , 피토스테릴마카다미에이트 , 하이드로제네이티드레시틴 , 실리카실릴레이트 , 실리카 , 피토스테릴/베헤닐/옥틸도데실라우로일글루타메이트 , 부틸렌글라이콜 , 알루미늄하이드록사이드 , 에탄올 , 비에이치티 , 로얄젤리추출물 , 소듐하이알루로네이트 , 세이지잎추출",모든 피부용,rose****,2022.01.10,촉촉하고 발림성도 좋고 흡수도 빨라요..상품은 만족하나 사은품이 안왔어요  ㅠㅠ  .치크도 함께 구매했는데 ..치크 올때 함께 오겠죠?ㅋ,4,_alchera_none_
24,20221016_025614,프라이버/베이스,RMK 메이크업 베이스 30ml,https://www.oliveyoung.co.kr/store/goods/getGoodsDetail.do?goodsNo=A000000161086&dispCatNo=1000001000200010003&trackingCd&curation&egcode&rccode&egrankcode,RMK,RMK 메이크업 베이스 30ml,46000,46000,,"정제수 , 사이클로메치콘 , 티타늄디옥사이드 , 하이드로제네이티드폴리데센 , 디프로필렌글라이콜 , 에칠헥실메톡시신나메이트 , 펜틸렌글라이콜 , 소르비탄이소스테아레이트 , 말티톨 , 피토스테릴/이소스테아릴/세틸/스테아릴/베헤닐다이머디리놀리에이트 , 네오펜틸글라이콜디카프레이트 , 트리베헤닌 , 페트롤라툼 , 소듐클로라이드 , 아크릴레이트코폴리머 , 디메치콘/비닐디메치콘크로스폴리머 , 피이지/피피지-20/20디메치콘 , 디메치콘 , 피토스테릴마카다미에이트 , 하이드로제네이티드레시틴 , 실리카실릴레이트 , 실리카 , 피토스테릴/베헤닐/옥틸도데실라우로일글루타메이트 , 부틸렌글라이콜 , 알루미늄하이드록사이드 , 에탄올 , 비에이치티 , 로얄젤리추출물 , 소듐하이알루로네이트 , 세이지잎추출",모든 피부용,syroh****,2022.07.10,"엄청 쫀쫀해요!
rmk 파운데이션이랑 같이 썼을 때 궁합이 잘 맞는 것 같아요.",5,_alchera_none_
25,20221016_025615,프라이버/베이스,RMK 메이크업 베이스 30ml,https://www.oliveyoung.co.kr/store/goods/getGoodsDetail.do?goodsNo=A000000161086&dispCatNo=1000001000200010003&trackingCd&curation&egcode&rccode&egrankcode,RMK,RMK 메이크업 베이스 30ml,46000,46000,,"정제수 , 사이클로메치콘 , 티타늄디옥사이드 , 하이드로제네이티드폴리데센 , 디프로필렌글라이콜 , 에칠헥실메톡시신나메이트 , 펜틸렌글라이콜 , 소르비탄이소스테아레이트 , 말티톨 , 피토스테릴/이소스테아릴/세틸/스테아릴/베헤닐다이머디리놀리에이트 , 네오펜틸글라이콜디카프레이트 , 트리베헤닌 , 페트롤라툼 , 소듐클로라이드 , 아크릴레이트코폴리머 , 디메치콘/비닐디메치콘크로스폴리머 , 피이지/피피지-20/20디메치콘 , 디메치콘 , 피토스테릴마카다미에이트 , 하이드로제네이티드레시틴 , 실리카실릴레이트 , 실리카 , 피토스테릴/베헤닐/옥틸도데실라우로일글루타메이트 , 부틸렌글라이콜 , 알루미늄하이드록사이드 , 에탄올 , 비에이치티 , 로얄젤리추출물 , 소듐하이알루로네이트 , 세이지잎추출",모든 피부용,tjtn****,2022.06.16,수분크림같아요~처음 사용해보는데 묽어요 호불호강할것같아요,3,_alchera_none_
26,20221016_025616,프라이버/베이스,RMK 메이크업 베이스 30ml,https://www.oliveyoung.co.kr/store/goods/getGoodsDetail.do?goodsNo=A000000161086&dispCatNo=1000001000200010003&trackingCd&curation&egcode&rccode&egrankcode,RMK,RMK 메이크업 베이스 30ml,46000,46000,,"정제수 , 사이클로메치콘 , 티타늄디옥사이드 , 하이드로제네이티드폴리데센 , 디프로필렌글라이콜 , 에칠헥실메톡시신나메이트 , 펜틸렌글라이콜 , 소르비탄이소스테아레이트 , 말티톨 , 피토스테릴/이소스테아릴/세틸/스테아릴/베헤닐다이머디리놀리에이트 , 네오펜틸글라이콜디카프레이트 , 트리베헤닌 , 페트롤라툼 , 소듐클로라이드 , 아크릴레이트코폴리머 , 디메치콘/비닐디메치콘크로스폴리머 , 피이지/피피지-20/20디메치콘 , 디메치콘 , 피토스테릴마카다미에이트 , 하이드로제네이티드레시틴 , 실리카실릴레이트 , 실리카 , 피토스테릴/베헤닐/옥틸도데실라우로일글루타메이트 , 부틸렌글라이콜 , 알루미늄하이드록사이드 , 에탄올 , 비에이치티 , 로얄젤리추출물 , 소듐하이알루로네이트 , 세이지잎추출",모든 피부용,purej****,2022.03.12,"촉촉하게 파운데이션을 착 붙게 해줘요
단, 많이 바르면 밀릴것 같아요",5,_alchera_none_
27,20221016_025617,프라이버/베이스,RMK 메이크업 베이스 30ml,https://www.oliveyoung.co.kr/store/goods/getGoodsDetail.do?goodsNo=A000000161086&dispCatNo=1000001000200010003&trackingCd&curation&egcode&rccode&egrankcode,RMK,RMK 메이크업 베이스 30ml,46000,46000,,"정제수 , 사이클로메치콘 , 티타늄디옥사이드 , 하이드로제네이티드폴리데센 , 디프로필렌글라이콜 , 에칠헥실메톡시신나메이트 , 펜틸렌글라이콜 , 소르비탄이소스테아레이트 , 말티톨 , 피토스테릴/이소스테아릴/세틸/스테아릴/베헤닐다이머디리놀리에이트 , 네오펜틸글라이콜디카프레이트 , 트리베헤닌 , 페트롤라툼 , 소듐클로라이드 , 아크릴레이트코폴리머 , 디메치콘/비닐디메치콘크로스폴리머 , 피이지/피피지-20/20디메치콘 , 디메치콘 , 피토스테릴마카다미에이트 , 하이드로제네이티드레시틴 , 실리카실릴레이트 , 실리카 , 피토스테릴/베헤닐/옥틸도데실라우로일글루타메이트 , 부틸렌글라이콜 , 알루미늄하이드록사이드 , 에탄올 , 비에이치티 , 로얄젤리추출물 , 소듐하이알루로네이트 , 세이지잎추출",모든 피부용,rlaaudw****,2022.02.17,휴대하기 너무 편리하고 너무 좋아요 색감도 너무 좋아요..,3,_alchera_none_
28,20221016_025618,프라이버/베이스,RMK 메이크업 베이스 30ml,https://www.oliveyoung.co.kr/store/goods/getGoodsDetail.do?goodsNo=A000000161086&dispCatNo=1000001000200010003&trackingCd&curation&egcode&rccode&egrankcode,RMK,RMK 메이크업 베이스 30ml,46000,46000,,"정제수 , 사이클로메치콘 , 티타늄디옥사이드 , 하이드로제네이티드폴리데센 , 디프로필렌글라이콜 , 에칠헥실메톡시신나메이트 , 펜틸렌글라이콜 , 소르비탄이소스테아레이트 , 말티톨 , 피토스테릴/이소스테아릴/세틸/스테아릴/베헤닐다이머디리놀리에이트 , 네오펜틸글라이콜디카프레이트 , 트리베헤닌 , 페트롤라툼 , 소듐클로라이드 , 아크릴레이트코폴리머 , 디메치콘/비닐디메치콘크로스폴리머 , 피이지/피피지-20/20디메치콘 , 디메치콘 , 피토스테릴마카다미에이트 , 하이드로제네이티드레시틴 , 실리카실릴레이트 , 실리카 , 피토스테릴/베헤닐/옥틸도데실라우로일글루타메이트 , 부틸렌글라이콜 , 알루미늄하이드록사이드 , 에탄올 , 비에이치티 , 로얄젤리추출물 , 소듐하이알루로네이트 , 세이지잎추출",모든 피부용,dpg****,2022.01.26,발림성 좋고 수분감도 있어서 촉촉해요 근데 밀착력은 마스크를 써서 그런지 잘 모르겟음 ㅜㅜ,5,_alchera_none_
29,20221016_025619,프라이버/베이스,RMK 메이크업 베이스 30ml,https://www.oliveyoung.co.kr/store/goods/getGoodsDetail.do?goodsNo=A000000161086&dispCatNo=1000001000200010003&trackingCd&curation&egcode&rccode&egrankcode,RMK,RMK 메이크업 베이스 30ml,46000,46000,,"정제수 , 사이클로메치콘 , 티타늄디옥사이드 , 하이드로제네이티드폴리데센 , 디프로필렌글라이콜 , 에칠헥실메톡시신나메이트 , 펜틸렌글라이콜 , 소르비탄이소스테아레이트 , 말티톨 , 피토스테릴/이소스테아릴/세틸/스테아릴/베헤닐다이머디리놀리에이트 , 네오펜틸글라이콜디카프레이트 , 트리베헤닌 , 페트롤라툼 , 소듐클로라이드 , 아크릴레이트코폴리머 , 디메치콘/비닐디메치콘크로스폴리머 , 피이지/피피지-20/20디메치콘 , 디메치콘 , 피토스테릴마카다미에이트 , 하이드로제네이티드레시틴 , 실리카실릴레이트 , 실리카 , 피토스테릴/베헤닐/옥틸도데실라우로일글루타메이트 , 부틸렌글라이콜 , 알루미늄하이드록사이드 , 에탄올 , 비에이치티 , 로얄젤리추출물 , 소듐하이알루로네이트 , 세이지잎추출",모든 피부용,ram****,2022.01.16,"촉촉한데 번들거리지도  않고 밀착력도 좋네요
베이스를 했을때랑 안 했을 때랑 유지력이 다르네요",5,_alchera_none_
