,timestamp,category,productName,urlProduct,brand,productName.1,price1,price2,Color,ingredients,skinType,username,datePublished,reviewText,score,reviewerSkinType
0,20221015_101451,아이라이너,VDL 아이파인 슬림 터치 아이라이너,https://www.oliveyoung.co.kr/store/goods/getGoodsDetail.do?goodsNo=A000000165107&dispCatNo=1000001000200070002&trackingCd&curation&egcode&rccode&egrankcode,VDL,VDL 아이파인 슬림 터치 아이라이너,20000,17000,블랙;브라운,"[블랙]
카본블랙,트라이메틸실록시실리케이트,사이클로펜타실록세인,메틸트라이메티콘,다이아이소스테아릴말레이트,세레신,카나우바왁스,세틸알코올,아크릴레이트/스테아릴아크릴레이트/다이메티콘메타크릴레이트코폴리머,합성왁스,폴리에틸렌,흑색산화철,정제수,부틸렌글라이콜,쇠뜨기추출물,페녹시에탄올,에틸헥실글리세린",모든피부용,친척맨,2022.06.22,"부드럽네요 2mm의 섬세한 슬림 터치로 빈틈없이 연출할 수 있는
펜슬 아이라이너로 제품 케이스도 엄청 얇고 길이도 짧은편이에요 오토방식이고 심이 정말 얇으며 부드럽게 잘 발려요 한 번 마르면 문질러도 쉽게 번지지 않구요 얇아서 깔끔하고 날렵한 아이라인을 그리기 좋은데 눈꼬리도 날렵하게 잘 그려지네요
패키지도 고급지고 가성비도 괜찮고, 섬세하게 아이 메이크업을 할 수 있어서 곰손도 쉽게 그릴수잇습니다
컬러는 데일리한 느낌을 선호하신다면 브라운 !
따뜻한 라떼 색감의 브라운이어서
어떤 메이크업에 얹어도 자연스러워요
부드럽고 크리미한 텍스처인데 뻑뻑하지 않아서 발림도 좋고
퀵 드라이 젤 베이스가 함유되어 픽싱력도 좋아 
여름에 사용하기 딱이에요 붓펜듀 필요없습니다
이거하나면 돼요 이번신상 굿굿 ㅎㅎㅎㅎ",5,지성;쿨톤
1,20221015_101452,아이라이너,VDL 아이파인 슬림 터치 아이라이너,https://www.oliveyoung.co.kr/store/goods/getGoodsDetail.do?goodsNo=A000000165107&dispCatNo=1000001000200070002&trackingCd&curation&egcode&rccode&egrankcode,VDL,VDL 아이파인 슬림 터치 아이라이너,20000,17000,블랙;브라운,"[블랙]
카본블랙,트라이메틸실록시실리케이트,사이클로펜타실록세인,메틸트라이메티콘,다이아이소스테아릴말레이트,세레신,카나우바왁스,세틸알코올,아크릴레이트/스테아릴아크릴레이트/다이메티콘메타크릴레이트코폴리머,합성왁스,폴리에틸렌,흑색산화철,정제수,부틸렌글라이콜,쇠뜨기추출물,페녹시에탄올,에틸헥실글리세린",모든피부용,a12****,2022.09.26,"상품에 대해선 딱히 할말 없지만
배송 최악이네요
지연 해도해도 너무 하지만 거기까지 이해한다치도 포장이....박스 다 찌그러져오고 어떻게하면 속에 있는 제품 박스까지 열려서 올수 있죠... 
올리브영 오프라인에서 찾기 힘들어서 일부러  온라인몰에서 시킨건데 올리브영 점점 왜이러나요ㅡㅡ",1,_alchera_none_
2,20221015_101453,아이라이너,VDL 아이파인 슬림 터치 아이라이너,https://www.oliveyoung.co.kr/store/goods/getGoodsDetail.do?goodsNo=A000000165107&dispCatNo=1000001000200070002&trackingCd&curation&egcode&rccode&egrankcode,VDL,VDL 아이파인 슬림 터치 아이라이너,20000,17000,블랙;브라운,"[블랙]
카본블랙,트라이메틸실록시실리케이트,사이클로펜타실록세인,메틸트라이메티콘,다이아이소스테아릴말레이트,세레신,카나우바왁스,세틸알코올,아크릴레이트/스테아릴아크릴레이트/다이메티콘메타크릴레이트코폴리머,합성왁스,폴리에틸렌,흑색산화철,정제수,부틸렌글라이콜,쇠뜨기추출물,페녹시에탄올,에틸헥실글리세린",모든피부용,hgy****,2022.09.14,"구매하게 된 이유 : 이것저것 많이 사기만 하고 화장을 제대로 해본적이 없는데 이제 제대로 한번 해보려고 유튜브를 찾아보다가 유튜버 재유님께서 초보자들은 한번에 그려지는 게 아니라 발색이 찐하게 안되는 걸로 그려야 한다고 이 제품을 워낙 추천을 해주셔서 구매하게 됐어요

사용후기 : 부드럽게 잘 발려서 계속 덧칠해 실패를 줄여줘요 아이라인을 잘 안 그려봐서 어려운 저도 나름 괜찮게 그린거같아요ㅎ

가격대비 : 전 할인 안 할때 샀고 원래도 가격이 있는 편이긴 하지만 써보시면 왜 추천했는지 아실꺼예요!! 비싸도 사람들이 쓰는데는 이유가 있다!

추천 : 완전 추천합니당 특히 저처럼 이제 화장 시도해보시는 분들 이것저것 사셔서 돈 버리지 마시고 이런거 하나 사셔서 연습해봅시다!! 오히려 이것저것 쓰면 손에 안 익어서 포기하게 되더라구요ㅠ",5,_alchera_none_
3,20221015_101454,아이라이너,VDL 아이파인 슬림 터치 아이라이너,https://www.oliveyoung.co.kr/store/goods/getGoodsDetail.do?goodsNo=A000000165107&dispCatNo=1000001000200070002&trackingCd&curation&egcode&rccode&egrankcode,VDL,VDL 아이파인 슬림 터치 아이라이너,20000,17000,블랙;브라운,"[블랙]
카본블랙,트라이메틸실록시실리케이트,사이클로펜타실록세인,메틸트라이메티콘,다이아이소스테아릴말레이트,세레신,카나우바왁스,세틸알코올,아크릴레이트/스테아릴아크릴레이트/다이메티콘메타크릴레이트코폴리머,합성왁스,폴리에틸렌,흑색산화철,정제수,부틸렌글라이콜,쇠뜨기추출물,페녹시에탄올,에틸헥실글리세린",모든피부용,tj****,2022.10.10,유튜버 추천 보고 주문해 봤는데 좋아요 부드럽게 잘 그려지고 지속력도 괜찮아요,5,_alchera_none_
4,20221015_101455,아이라이너,VDL 아이파인 슬림 터치 아이라이너,https://www.oliveyoung.co.kr/store/goods/getGoodsDetail.do?goodsNo=A000000165107&dispCatNo=1000001000200070002&trackingCd&curation&egcode&rccode&egrankcode,VDL,VDL 아이파인 슬림 터치 아이라이너,20000,17000,블랙;브라운,"[블랙]
카본블랙,트라이메틸실록시실리케이트,사이클로펜타실록세인,메틸트라이메티콘,다이아이소스테아릴말레이트,세레신,카나우바왁스,세틸알코올,아크릴레이트/스테아릴아크릴레이트/다이메티콘메타크릴레이트코폴리머,합성왁스,폴리에틸렌,흑색산화철,정제수,부틸렌글라이콜,쇠뜨기추출물,페녹시에탄올,에틸헥실글리세린",모든피부용,zz1540****,2022.10.02,"유튜버 재유님 영상보고 아이라이너 주문했는데 너무좋네요 !!!!! 
발림성도 너무좋고 색감도 이쁘고 잘 번지지도 않으면서도, 쉽게 지워져서 좋아요 ㅠㅠ 완전 체고",5,_alchera_none_
5,20221015_101456,아이라이너,VDL 아이파인 슬림 터치 아이라이너,https://www.oliveyoung.co.kr/store/goods/getGoodsDetail.do?goodsNo=A000000165107&dispCatNo=1000001000200070002&trackingCd&curation&egcode&rccode&egrankcode,VDL,VDL 아이파인 슬림 터치 아이라이너,20000,17000,블랙;브라운,"[블랙]
카본블랙,트라이메틸실록시실리케이트,사이클로펜타실록세인,메틸트라이메티콘,다이아이소스테아릴말레이트,세레신,카나우바왁스,세틸알코올,아크릴레이트/스테아릴아크릴레이트/다이메티콘메타크릴레이트코폴리머,합성왁스,폴리에틸렌,흑색산화철,정제수,부틸렌글라이콜,쇠뜨기추출물,페녹시에탄올,에틸헥실글리세린",모든피부용,leejur****,2022.09.07,계속 찾고찾다가 이게 좋다고 해소 한번 구입햐봣어요 기대해봅니다,5,_alchera_none_
6,20221015_101458,아이라이너,VDL 아이파인 슬림 터치 아이라이너,https://www.oliveyoung.co.kr/store/goods/getGoodsDetail.do?goodsNo=A000000165107&dispCatNo=1000001000200070002&trackingCd&curation&egcode&rccode&egrankcode,VDL,VDL 아이파인 슬림 터치 아이라이너,20000,17000,블랙;브라운,"[블랙]
카본블랙,트라이메틸실록시실리케이트,사이클로펜타실록세인,메틸트라이메티콘,다이아이소스테아릴말레이트,세레신,카나우바왁스,세틸알코올,아크릴레이트/스테아릴아크릴레이트/다이메티콘메타크릴레이트코폴리머,합성왁스,폴리에틸렌,흑색산화철,정제수,부틸렌글라이콜,쇠뜨기추출물,페녹시에탄올,에틸헥실글리세린",모든피부용,is****,2022.10.03,"발색이 붉은  브라운이라 안 써질 것 같습니다.
부드럽고 얇게 그려집니다.",3,_alchera_none_
7,20221015_101459,아이라이너,VDL 아이파인 슬림 터치 아이라이너,https://www.oliveyoung.co.kr/store/goods/getGoodsDetail.do?goodsNo=A000000165107&dispCatNo=1000001000200070002&trackingCd&curation&egcode&rccode&egrankcode,VDL,VDL 아이파인 슬림 터치 아이라이너,20000,17000,블랙;브라운,"[블랙]
카본블랙,트라이메틸실록시실리케이트,사이클로펜타실록세인,메틸트라이메티콘,다이아이소스테아릴말레이트,세레신,카나우바왁스,세틸알코올,아크릴레이트/스테아릴아크릴레이트/다이메티콘메타크릴레이트코폴리머,합성왁스,폴리에틸렌,흑색산화철,정제수,부틸렌글라이콜,쇠뜨기추출물,페녹시에탄올,에틸헥실글리세린",모든피부용,kassia****,2022.09.17,붓펜 타입의 아이라이너가 아닌 부드러운 펜슬타입의 아이라이너가 필요해서 구매하게되었습니다.,5,_alchera_none_
8,20221015_101500,아이라이너,VDL 아이파인 슬림 터치 아이라이너,https://www.oliveyoung.co.kr/store/goods/getGoodsDetail.do?goodsNo=A000000165107&dispCatNo=1000001000200070002&trackingCd&curation&egcode&rccode&egrankcode,VDL,VDL 아이파인 슬림 터치 아이라이너,20000,17000,블랙;브라운,"[블랙]
카본블랙,트라이메틸실록시실리케이트,사이클로펜타실록세인,메틸트라이메티콘,다이아이소스테아릴말레이트,세레신,카나우바왁스,세틸알코올,아크릴레이트/스테아릴아크릴레이트/다이메티콘메타크릴레이트코폴리머,합성왁스,폴리에틸렌,흑색산화철,정제수,부틸렌글라이콜,쇠뜨기추출물,페녹시에탄올,에틸헥실글리세린",모든피부용,jihyunLeeo3,2022.08.22,"펜라이너가 끝이 작고 정교하게 되어 있어서 실수 할 확률이 적음
나 같은 화알못 들은 왠지 꼭 필요 힐 것 깉음
그리고 점막 잘 못 채우시는 분들께 강추",4,_alchera_none_
9,20221015_101501,아이라이너,VDL 아이파인 슬림 터치 아이라이너,https://www.oliveyoung.co.kr/store/goods/getGoodsDetail.do?goodsNo=A000000165107&dispCatNo=1000001000200070002&trackingCd&curation&egcode&rccode&egrankcode,VDL,VDL 아이파인 슬림 터치 아이라이너,20000,17000,블랙;브라운,"[블랙]
카본블랙,트라이메틸실록시실리케이트,사이클로펜타실록세인,메틸트라이메티콘,다이아이소스테아릴말레이트,세레신,카나우바왁스,세틸알코올,아크릴레이트/스테아릴아크릴레이트/다이메티콘메타크릴레이트코폴리머,합성왁스,폴리에틸렌,흑색산화철,정제수,부틸렌글라이콜,쇠뜨기추출물,페녹시에탄올,에틸헥실글리세린",모든피부용,heejoung****,2022.09.09,가늘어서 그리기 쉽고 좋습니다. 발림성은 조금 뻑뻑한듯 하지만 그것 빼고는 만족,5,_alchera_none_
10,20221015_101504,아이라이너,VDL 아이파인 슬림 터치 아이라이너,https://www.oliveyoung.co.kr/store/goods/getGoodsDetail.do?goodsNo=A000000165107&dispCatNo=1000001000200070002&trackingCd&curation&egcode&rccode&egrankcode,VDL,VDL 아이파인 슬림 터치 아이라이너,20000,17000,블랙;브라운,"[블랙]
카본블랙,트라이메틸실록시실리케이트,사이클로펜타실록세인,메틸트라이메티콘,다이아이소스테아릴말레이트,세레신,카나우바왁스,세틸알코올,아크릴레이트/스테아릴아크릴레이트/다이메티콘메타크릴레이트코폴리머,합성왁스,폴리에틸렌,흑색산화철,정제수,부틸렌글라이콜,쇠뜨기추출물,페녹시에탄올,에틸헥실글리세린",모든피부용,hae2****,2022.06.26,"펜슬라이너 유목민이였는데 주변 지인추천으로 추천받아서 구매했어요! 세일도 안하는데 정착하고싶은 맘이 너무 강해서 구입했는데 드디어 광명 찾았습니다.
진짜 부드럽게 잘 그려져서 얇고 자연스럽게 원하는대로 그릴 수 있고, 지속력도 대박..
절대 단종되면 안돼!!!!!!",5,_alchera_none_
11,20221015_101505,아이라이너,VDL 아이파인 슬림 터치 아이라이너,https://www.oliveyoung.co.kr/store/goods/getGoodsDetail.do?goodsNo=A000000165107&dispCatNo=1000001000200070002&trackingCd&curation&egcode&rccode&egrankcode,VDL,VDL 아이파인 슬림 터치 아이라이너,20000,17000,블랙;브라운,"[블랙]
카본블랙,트라이메틸실록시실리케이트,사이클로펜타실록세인,메틸트라이메티콘,다이아이소스테아릴말레이트,세레신,카나우바왁스,세틸알코올,아크릴레이트/스테아릴아크릴레이트/다이메티콘메타크릴레이트코폴리머,합성왁스,폴리에틸렌,흑색산화철,정제수,부틸렌글라이콜,쇠뜨기추출물,페녹시에탄올,에틸헥실글리세린",모든피부용,abc****,2022.06.17,"번지지 않고, 진하게 잘 발리는 타입이에요~!!
얇아서 사용하기 편해요",5,_alchera_none_
