,timestamp,category,productName,urlProduct,brand,productName.1,price1,price2,Color,ingredients,skinType,username,datePublished,reviewText,score,reviewerSkinType
0,20221015_101523,아이브로우,VDL 아이파인 더블엣지 브로우,https://www.oliveyoung.co.kr/store/goods/getGoodsDetail.do?goodsNo=A000000165111&dispCatNo=1000001000200070004&trackingCd&curation&egcode&rccode&egrankcode,VDL,VDL 아이파인 더블엣지 브로우,18000,15300,그레이 브라운;내추럴 브라운;라이트 브라운,"[그레이 브라운]
흑색산화철 (CI 77499),하이드로제네이티드돌콩오일,하이드로제네이티드코코-글리세라이즈,마이카 (CI 77019),징크스테아레이트,하이드로제네이티드식물성오일,적색산화철 (CI 77491),카나우바왁스,팔미틱애씨드,스테아릭애씨드,폴리글리세릴-2트라이아이소스테아레이트,다이메티콘,글리세릴카프릴레이트,카프릴릴글라이콜,정제수,별꽃추출물,쇠뜨기추출물,쐐기풀추출물,레이디스맨틀잎추출물,1,2-헥산다이올",모든피부용,임블리,2022.07.28,"아, 이게왜좋은지는써보면알아영ㅋㅋ
일단먼저 브로우생긴모습이 길이는그렇게 길진않지만
두꺼워서 어디에놔둬도 눈에잘띄구요ㅋ
금장색이참ㅋㅋㅋ특히눈에보이네요ㅋ
펜은엄청부드러워서 눈썹에그릴때
아프지도않게 잘~그려져서ㅋ 그게젤조은것같아영
색상은 내추럴브라운을선택햇는데
머리는검정색이지만 눈썹은 항상 브라운으로
사용중이에요ㅋ인상이 조금 부드러워보이기위한?ㅋ
나름의노력임..ㅋㅋ
잘그려지긴하는데 두껍다보니 눈썹끝에 길게뺄때
뚜껍게그려져서 혹시 섬세하게 그리려고
하시는분들은 조금의 스킬이 필요한것같아영
 브로우로그리고 브로우마스카라까지 사용하면
지속력완젼최공+!
완젼오래가더라구영 ㅋ전혀지워지는거없이
너무조아영
눈썹이 자연스러운색상이면조켓다하시는분들은
내츄럴브라운추천욤",5,민감성;웜톤;모공;잡티
1,20221015_101524,아이브로우,VDL 아이파인 더블엣지 브로우,https://www.oliveyoung.co.kr/store/goods/getGoodsDetail.do?goodsNo=A000000165111&dispCatNo=1000001000200070004&trackingCd&curation&egcode&rccode&egrankcode,VDL,VDL 아이파인 더블엣지 브로우,18000,15300,그레이 브라운;내추럴 브라운;라이트 브라운,"[그레이 브라운]
흑색산화철 (CI 77499),하이드로제네이티드돌콩오일,하이드로제네이티드코코-글리세라이즈,마이카 (CI 77019),징크스테아레이트,하이드로제네이티드식물성오일,적색산화철 (CI 77491),카나우바왁스,팔미틱애씨드,스테아릭애씨드,폴리글리세릴-2트라이아이소스테아레이트,다이메티콘,글리세릴카프릴레이트,카프릴릴글라이콜,정제수,별꽃추출물,쇠뜨기추출물,쐐기풀추출물,레이디스맨틀잎추출물,1,2-헥산다이올",모든피부용,플랑플랑,2022.05.11,모 유튜버가 ㅏ주 언급해서 착하지 않은 가격이지만 질러봤어요. 일단 부드럽게 잘 그려지고 세세하게도 그릴수도 있고 뭉치거나 떡지지도 않는 최곱니당~~~베네~~에스쁘~~클리~~롬앤~~~등 각종브랜드 아이브로우들을 써봤지만 제맘속 일등자리를 차지했네요.  아이메이크업 다른 VDL제품도 지를 생각입니다. 넘 좋아요,5,_alchera_none_
2,20221015_101525,아이브로우,VDL 아이파인 더블엣지 브로우,https://www.oliveyoung.co.kr/store/goods/getGoodsDetail.do?goodsNo=A000000165111&dispCatNo=1000001000200070004&trackingCd&curation&egcode&rccode&egrankcode,VDL,VDL 아이파인 더블엣지 브로우,18000,15300,그레이 브라운;내추럴 브라운;라이트 브라운,"[그레이 브라운]
흑색산화철 (CI 77499),하이드로제네이티드돌콩오일,하이드로제네이티드코코-글리세라이즈,마이카 (CI 77019),징크스테아레이트,하이드로제네이티드식물성오일,적색산화철 (CI 77491),카나우바왁스,팔미틱애씨드,스테아릭애씨드,폴리글리세릴-2트라이아이소스테아레이트,다이메티콘,글리세릴카프릴레이트,카프릴릴글라이콜,정제수,별꽃추출물,쇠뜨기추출물,쐐기풀추출물,레이디스맨틀잎추출물,1,2-헥산다이올",모든피부용,vermout****,2022.05.10,"제가 보는 뷰투버 분이 눈썹 앞머리에 그리기 좋다고 해서 구매를 벼르고 있었어요 

안타깝게도 올영에는ㅠvdl이 없었어서 다른데에서는 워낙에 짭도 많고…머 새로 가입해서 사기는 또 귀찮구….그래서 올영에 런칭하면 잊지말구 사봐야지!하고 있었는데ㅎㅎㅎ드디어 올영에 vdl이 룬칭을 했네요ㅠ

제가 기존에 쓰던 브로우 색이랑 달라서 아무래도 하나만 쓰기는 해야할꺼 같어요 저는 원래 눈 앞은 vdl로 눈 뒤는 제가 기존에 쓰던 얇은 베네피트로 3.5로 쓰려구 했고든요 

암튼 발림헝 좋고 발색 좋아요!!제가 너무 기달렸어서 나오자마자 사서 정가 다주고 사서; 좀 그렇긴 한데…뭐 어쩌겠어요ㅠ그래도 제품력 좋고 가격 자체가 고가는 아니니깜 괜찮아요!!

그리기는 쉬운거 같어요!! 제가 워낙에 가는 브로우에 익숙해서 그렇지ㅠㅠ",5,_alchera_none_
3,20221015_101526,아이브로우,VDL 아이파인 더블엣지 브로우,https://www.oliveyoung.co.kr/store/goods/getGoodsDetail.do?goodsNo=A000000165111&dispCatNo=1000001000200070004&trackingCd&curation&egcode&rccode&egrankcode,VDL,VDL 아이파인 더블엣지 브로우,18000,15300,그레이 브라운;내추럴 브라운;라이트 브라운,"[그레이 브라운]
흑색산화철 (CI 77499),하이드로제네이티드돌콩오일,하이드로제네이티드코코-글리세라이즈,마이카 (CI 77019),징크스테아레이트,하이드로제네이티드식물성오일,적색산화철 (CI 77491),카나우바왁스,팔미틱애씨드,스테아릭애씨드,폴리글리세릴-2트라이아이소스테아레이트,다이메티콘,글리세릴카프릴레이트,카프릴릴글라이콜,정제수,별꽃추출물,쇠뜨기추출물,쐐기풀추출물,레이디스맨틀잎추출물,1,2-헥산다이올",모든피부용,is****,2022.10.03,"발림성 좋아요.
발색이 브라운에 붉은색이 있어 자연스런 눈썹은 아니네요.",3,_alchera_none_
4,20221015_101527,아이브로우,VDL 아이파인 더블엣지 브로우,https://www.oliveyoung.co.kr/store/goods/getGoodsDetail.do?goodsNo=A000000165111&dispCatNo=1000001000200070004&trackingCd&curation&egcode&rccode&egrankcode,VDL,VDL 아이파인 더블엣지 브로우,18000,15300,그레이 브라운;내추럴 브라운;라이트 브라운,"[그레이 브라운]
흑색산화철 (CI 77499),하이드로제네이티드돌콩오일,하이드로제네이티드코코-글리세라이즈,마이카 (CI 77019),징크스테아레이트,하이드로제네이티드식물성오일,적색산화철 (CI 77491),카나우바왁스,팔미틱애씨드,스테아릭애씨드,폴리글리세릴-2트라이아이소스테아레이트,다이메티콘,글리세릴카프릴레이트,카프릴릴글라이콜,정제수,별꽃추출물,쇠뜨기추출물,쐐기풀추출물,레이디스맨틀잎추출물,1,2-헥산다이올",모든피부용,kimbr****,2022.05.22,발림성 좋아요 얇게 원하는 모양으로 잘 그려지고 수정도 잘되고 완전 만족합니다ㅋㅋ유명한 이유가 있네요 여기 정착하려합니당 굿굿,5,_alchera_none_
5,20221015_101528,아이브로우,VDL 아이파인 더블엣지 브로우,https://www.oliveyoung.co.kr/store/goods/getGoodsDetail.do?goodsNo=A000000165111&dispCatNo=1000001000200070004&trackingCd&curation&egcode&rccode&egrankcode,VDL,VDL 아이파인 더블엣지 브로우,18000,15300,그레이 브라운;내추럴 브라운;라이트 브라운,"[그레이 브라운]
흑색산화철 (CI 77499),하이드로제네이티드돌콩오일,하이드로제네이티드코코-글리세라이즈,마이카 (CI 77019),징크스테아레이트,하이드로제네이티드식물성오일,적색산화철 (CI 77491),카나우바왁스,팔미틱애씨드,스테아릭애씨드,폴리글리세릴-2트라이아이소스테아레이트,다이메티콘,글리세릴카프릴레이트,카프릴릴글라이콜,정제수,별꽃추출물,쇠뜨기추출물,쐐기풀추출물,레이디스맨틀잎추출물,1,2-헥산다이올",모든피부용,fis****,2022.05.02,발림성도좋고  후기좋아 구매했어요  그리도 편하고 너무 얇지않아 그립감도좋네요  슈에무라 쓰다가 정착 템 찾고있었는데 만족스럽습니다,5,_alchera_none_
6,20221015_101530,아이브로우,VDL 아이파인 더블엣지 브로우,https://www.oliveyoung.co.kr/store/goods/getGoodsDetail.do?goodsNo=A000000165111&dispCatNo=1000001000200070004&trackingCd&curation&egcode&rccode&egrankcode,VDL,VDL 아이파인 더블엣지 브로우,18000,15300,그레이 브라운;내추럴 브라운;라이트 브라운,"[그레이 브라운]
흑색산화철 (CI 77499),하이드로제네이티드돌콩오일,하이드로제네이티드코코-글리세라이즈,마이카 (CI 77019),징크스테아레이트,하이드로제네이티드식물성오일,적색산화철 (CI 77491),카나우바왁스,팔미틱애씨드,스테아릭애씨드,폴리글리세릴-2트라이아이소스테아레이트,다이메티콘,글리세릴카프릴레이트,카프릴릴글라이콜,정제수,별꽃추출물,쇠뜨기추출물,쐐기풀추출물,레이디스맨틀잎추출물,1,2-헥산다이올",모든피부용,abc****,2022.06.17,"발색도 좋고!!
색도 예쁘고!! 
사용하도 편해서 좋아요!!",5,_alchera_none_
7,20221015_101531,아이브로우,VDL 아이파인 더블엣지 브로우,https://www.oliveyoung.co.kr/store/goods/getGoodsDetail.do?goodsNo=A000000165111&dispCatNo=1000001000200070004&trackingCd&curation&egcode&rccode&egrankcode,VDL,VDL 아이파인 더블엣지 브로우,18000,15300,그레이 브라운;내추럴 브라운;라이트 브라운,"[그레이 브라운]
흑색산화철 (CI 77499),하이드로제네이티드돌콩오일,하이드로제네이티드코코-글리세라이즈,마이카 (CI 77019),징크스테아레이트,하이드로제네이티드식물성오일,적색산화철 (CI 77491),카나우바왁스,팔미틱애씨드,스테아릭애씨드,폴리글리세릴-2트라이아이소스테아레이트,다이메티콘,글리세릴카프릴레이트,카프릴릴글라이콜,정제수,별꽃추출물,쇠뜨기추출물,쐐기풀추출물,레이디스맨틀잎추출물,1,2-헥산다이올",모든피부용,song****,2022.06.16,오토펜슬이라  사용할깨 편하긴한데 저 한테는 좀 안맞는거같았습니다,3,_alchera_none_
