,timestamp,category,productName,urlProduct,brand,productName.1,price1,price2,Color,ingredients,skinType,username,datePublished,reviewText,score,reviewerSkinType
0,20221016_022126,프라이버/베이스,VDL 비건 부스팅밤 워터 프라이머 로지,https://www.oliveyoung.co.kr/store/goods/getGoodsDetail.do?goodsNo=A000000165116&dispCatNo=1000001000200010003&trackingCd&curation&egcode&rccode&egrankcode,VDL,VDL 비건 부스팅밤 워터 프라이머 로지,24000,20400,,"정제수, 사이클로펜타실록세인, 아이소도데케인, 메틸트라이메티콘, 2,3-부탄다이올, 변성알코올, 부틸렌글라이콜, 나이아신아마이드, 보론나이트라이드, 피이지/피피지-19/19다이메티콘, 다이메티콘, C13-16아이소파라핀, 1,2-헥산다이올, 마그네슘설페이트, 다이스테아다이모늄헥토라이트, 합성플루오르플로고파이트, 판테놀, 다이메티콘/피이지-10/15크로스폴리머, 다이메티콘/비닐다이메티콘크로스폴리머, C10-13아이소파라핀, 다이스테아릴다이모늄클로라이드, 스테아릭애씨드, 트라이에톡시카프릴릴실레인, 알루미늄하이드록사이드, 아데노신, 알루미늄미리스테이트, 바이오사카라이드검-1, 다이프로필렌글라이콜, 소듐시트레이트, 토코페롤, 에틸헥실글리세린, 스위트아몬드오일, 별꽃추출물, 귀리커넬추출물, 레이디스맨틀잎추출물, 쇠뜨기잎추출물, 쐐기풀잎추출물, 포트마리골드꽃추출물, 마트리카리아꽃추출물, 개박하추출물, 다마스크장미꽃추출물, 라즈베리잎추출물, 삼색제비꽃추출물, 와일드인디고뿌리추출물, 티타늄디옥사이드(CI 77891), 적색산화철",모든피부용,cup****,2022.05.26,"음..
일단 비건이에요. 촉촉하기도 하고, 발림성은 괜찮아요
톤업도 되고..

근데 자외선 차단기능도 없고, 그냥 단순하게 톤업만 있어요.
촉촉은 한데 이럴거라면, 본연의 기능은 프라이머 아닌지..

**프라이머 기능은 잘 모르겠고, 자외선차단 기능을 뺀 톤업크림이에요. **

촉촉해요. 그래서 메이크업 할때는 편한함이 있어요. 근데 이게 자외선이 없다보니 프라이머 바르기 전이나 후에 자외선차단제를 올려야 하다보니 저절로 기초과정이 무거워 질 수밖에 없어요. 

그리고 프라이머를 사용한다는건 아무래도 복합성이거나 지성이거나 수부지거나 뭐 그럴 확률이 높을거다고 생각되는데..

지복합성 피부인 저의 경우는 기초가 무거워지니 지금같은 계절엔 감당이 기름지는게 안되네요. 

너무 뭐랄까..비건빼곤 갖춰진게 없달까요",2,_alchera_none_
