,timestamp,category,productName,urlProduct,brand,productName.1,price1,price2,Color,ingredients,skinType,username,datePublished,reviewText,score,reviewerSkinType
0,20221016_025207,프라이버/베이스,★베스트기획★베네피트 포어 프라이머 2종+메이크업픽서 키트,https://www.oliveyoung.co.kr/store/goods/getGoodsDetail.do?goodsNo=A000000161724&dispCatNo=1000001000200010003&trackingCd&curation&egcode&rccode&egrankcode,베네피트,★베스트기획★베네피트 포어 프라이머 2종+메이크업픽서 키트,39000,33150,,"<더 포어페셔널 라이트 프라이머>
정제수,글리세린,실리카,소듐아크릴레이트크로스폴리머-2,부틸렌글라이콜,피피지-24-글리세레스-24,페녹시에탄올,피이지-60하이드로제네이티드캐스터오일,세틸알코올,토코페릴아세테이트,에틸헥실글리세린,잔탄검,적색산화철,토코페롤",모든 피부타입,진곰,2022.04.11,"유명한 제품이라 써보고 싶었는데 프라이머 자체를 잘 안쓰기도해서 이번에 처음 써봄
써보고 싶었는데 가격이 부담스러웠다면 이런 키트로 구입해서 써보는것도 괜찮을듯

픽서 사이즈 자체도 많이 크지 않아서 여행용으로 들고 다니기도 괜찮음. 향은 무난한 화장품향인데 평소 냄새가 안좋기로 유명한 어반 디케이 픽서를 쓰다보니 상대적으로 향이 좋았음
효과 자체는 타사 제품들과 큰 차이가 없었음(적당히 유지력이 좋아지고 건성, 땀 안나는 얼굴일수록 더 오래가는 편)

프라이머는 눈에 띄는 모공 커버용인 더 포어페셔널 하이드레이트 프라이머를 사용해봄
이것도 일반적인 화장품향으로 크게 거부감 있는 향은 아니었음
바를 땐 건성용 수분크림 같은 제형인데 바른 후에는 뽀송뽀송함
최근 왕여드름으로 인해 코에 엄청 크게 모공 흉터가 생겨버려서 그 부분에 테스트 해봤음
사용 전에는 약간 어두운 빛으로 모공 굴곡이 아주 잘 보였는데 사용 후에는 자국 자체는 살짝 연해질 뿐이지만 굴곡이 거의 없어졌음. 그 상태로 파데를 바르니 자연스럽게 커버가 된 느낌
완벽하게 굴곡이 없어 지지는 않아도 엄청 밝은 곳이 아니라면 안 보일 정도

그냥 무난하게 사용하기 괜찮은듯함. 작은 모공들이 눈에 띄게 많은 피부에 잘 맞을듯",5,복합성;웜톤;각질;다크서클
1,20221016_025208,프라이버/베이스,★베스트기획★베네피트 포어 프라이머 2종+메이크업픽서 키트,https://www.oliveyoung.co.kr/store/goods/getGoodsDetail.do?goodsNo=A000000161724&dispCatNo=1000001000200010003&trackingCd&curation&egcode&rccode&egrankcode,베네피트,★베스트기획★베네피트 포어 프라이머 2종+메이크업픽서 키트,39000,33150,,"<더 포어페셔널 라이트 프라이머>
정제수,글리세린,실리카,소듐아크릴레이트크로스폴리머-2,부틸렌글라이콜,피피지-24-글리세레스-24,페녹시에탄올,피이지-60하이드로제네이티드캐스터오일,세틸알코올,토코페릴아세테이트,에틸헥실글리세린,잔탄검,적색산화철,토코페롤",모든 피부타입,gsh0****,2022.04.01,"프라이머 발림성은 처음엔 조금 뻑뻑했는데 나중엔 부드러워졌어요.
그리고 모공커버 해줘서 좋았어요. 
프라이머 위에 쿠션 덮어주니 피부결도 더 매끈해보이고 지속력도 나쁘진 않았어요.
마무리로 메이크업 픽서 뿌리니까 마스크에 거의 묻어남 없었습니다.",5,복합성;가을웜톤;모공;잡티
2,20221016_025209,프라이버/베이스,★베스트기획★베네피트 포어 프라이머 2종+메이크업픽서 키트,https://www.oliveyoung.co.kr/store/goods/getGoodsDetail.do?goodsNo=A000000161724&dispCatNo=1000001000200010003&trackingCd&curation&egcode&rccode&egrankcode,베네피트,★베스트기획★베네피트 포어 프라이머 2종+메이크업픽서 키트,39000,33150,,"<더 포어페셔널 라이트 프라이머>
정제수,글리세린,실리카,소듐아크릴레이트크로스폴리머-2,부틸렌글라이콜,피피지-24-글리세레스-24,페녹시에탄올,피이지-60하이드로제네이티드캐스터오일,세틸알코올,토코페릴아세테이트,에틸헥실글리세린,잔탄검,적색산화철,토코페롤",모든 피부타입,ayeon****,2022.04.25,음...일단 좋다고 해서 구매해봤는데 가격에 비해 양이 적어서 마음이 아팠습니다ㅠㅠ 대신 효과는 좋은거 같아요!다쓰면 재구매 하겠습니당,4,_alchera_none_
3,20221016_025210,프라이버/베이스,★베스트기획★베네피트 포어 프라이머 2종+메이크업픽서 키트,https://www.oliveyoung.co.kr/store/goods/getGoodsDetail.do?goodsNo=A000000161724&dispCatNo=1000001000200010003&trackingCd&curation&egcode&rccode&egrankcode,베네피트,★베스트기획★베네피트 포어 프라이머 2종+메이크업픽서 키트,39000,33150,,"<더 포어페셔널 라이트 프라이머>
정제수,글리세린,실리카,소듐아크릴레이트크로스폴리머-2,부틸렌글라이콜,피피지-24-글리세레스-24,페녹시에탄올,피이지-60하이드로제네이티드캐스터오일,세틸알코올,토코페릴아세테이트,에틸헥실글리세린,잔탄검,적색산화철,토코페롤",모든 피부타입,91****,2022.04.15,촉촉하게 잘 발라져요! 모공도 잘 가려지고 촉촉하고 좋야요,5,_alchera_none_
4,20221016_025211,프라이버/베이스,★베스트기획★베네피트 포어 프라이머 2종+메이크업픽서 키트,https://www.oliveyoung.co.kr/store/goods/getGoodsDetail.do?goodsNo=A000000161724&dispCatNo=1000001000200010003&trackingCd&curation&egcode&rccode&egrankcode,베네피트,★베스트기획★베네피트 포어 프라이머 2종+메이크업픽서 키트,39000,33150,,"<더 포어페셔널 라이트 프라이머>
정제수,글리세린,실리카,소듐아크릴레이트크로스폴리머-2,부틸렌글라이콜,피피지-24-글리세레스-24,페녹시에탄올,피이지-60하이드로제네이티드캐스터오일,세틸알코올,토코페릴아세테이트,에틸헥실글리세린,잔탄검,적색산화철,토코페롤",모든 피부타입,luna****,2022.04.21,"딸아이가 사달라고 해서 샀는데 이쁘고 좋다고 하네요 
더불어 한개는 내가 사용",5,_alchera_none_
5,20221016_025212,프라이버/베이스,★베스트기획★베네피트 포어 프라이머 2종+메이크업픽서 키트,https://www.oliveyoung.co.kr/store/goods/getGoodsDetail.do?goodsNo=A000000161724&dispCatNo=1000001000200010003&trackingCd&curation&egcode&rccode&egrankcode,베네피트,★베스트기획★베네피트 포어 프라이머 2종+메이크업픽서 키트,39000,33150,,"<더 포어페셔널 라이트 프라이머>
정제수,글리세린,실리카,소듐아크릴레이트크로스폴리머-2,부틸렌글라이콜,피피지-24-글리세레스-24,페녹시에탄올,피이지-60하이드로제네이티드캐스터오일,세틸알코올,토코페릴아세테이트,에틸헥실글리세린,잔탄검,적색산화철,토코페롤",모든 피부타입,angtal****,2022.04.02,베네피트 프라이머 워낙 유명해서 몇년동안 써왔는지 모르겠어요 항상 백화점에서 구매했었는ㄷㅔ 이제 올리브영에서 구매항 수 있어서 좋아요!! 세일할 때 구매하니까 좋은 구성에 구매할 스 있었네용 넘 좋아유,5,_alchera_none_
