,timestamp,category,productName,urlProduct,brand,productName.1,price1,price2,Color,ingredients,skinType,username,datePublished,reviewText,score,reviewerSkinType
0,20221016_015654,프라이버/베이스,갸스비 에이아이덤 톤업 로션 50ml,https://www.oliveyoung.co.kr/store/goods/getGoodsDetail.do?goodsNo=A000000168301&dispCatNo=1000001000200010003&trackingCd&curation&egcode&rccode&egrankcode,갸스비,갸스비 에이아이덤 톤업 로션 50ml,25000,21200,,"정제수, 다이프로필렌글라이콜, 판테놀, 티타늄디옥사이드 (CI 77891), 다이부틸아디페이트, 아이소노닐아이소노나노에이트, 부틸옥틸살리실레이트, 페네틸벤조에이트, 글리세린, 디에칠아미노하이드록시벤조일헥실벤조에이트, 나이아신아마이드, 변성알코올, 편백오일, 베르가모트오일, 유칼립투스잎오일, 병풀추출물, 사과추출물, 에칠헥실트리아존, 글리세레스-26, 피토스테릴/이소스테아릴/세틸/스테아릴/베헤닐다이머디리놀리에이트, 폴리글리세릴-6스테아레이트, 1,2-헥산다이올, 펜틸렌글라이콜, 폴리하이드록시스테아릭애씨드, C20-22알킬포스페이트, 알루미늄하이드록사이드, 메칠렌비스-벤조트리아졸릴테트라메칠부틸페놀, 스테아릭애씨드, 포타슘세틸포스페이트, 하이드록시아세토페논, C12-20알킬글루코사이드, 폴리아크릴레이트크로스폴리머-6, 실리카, 트로메타민, 폴리글리세릴-2다이폴리하이드록시스테아레이트, 폴리글리세릴-6베헤네이트, 데실글루코사이드, 하이드록시프로필메틸셀룰로오스스테아록시에터, 소듐폴리아크릴로일다이메틸타우레이트, 아데노신, 트라이에톡시카프릴릴실레인, 트라이소듐에틸렌다이아민다이석시네이트, 부틸렌글라이콜, 글루코오스, 세테아릴알코올, C14-22알코올, C20-22알코올, 잔탄검, t-부틸알코올, 리모넨, 리날룰, 황색산화철 (CI 77492), 적색산화철 (CI 77491), 흑색산화철 (CI 77499)",모든 피부,행복바라기,2022.07.16,"갸스비하면 기름종이가 먼저 생각이 나지만
이외 헤어제품도 나름 유명한걸로 알고있어요.
이번 신상?으로 출시된 에이 아이 덤 톤업 로션은
자외선 차단효과와 톤업 효과가 있어서 칙칙한
피부톤을 보정해 줍니다.
선블록 크림보다는 가볍고 올인원 로션보다는
묵직한 제형인데 개인적으로 쿠션파데 21호와 23호
중간 정도의 자연스러운 피치톤인 것 같습니다.
발림성이 부드럽고 펌프 타입이라 양조절도 쉽고
위생적으로 사용할 수 있어요.
매일 세안 후 로션은 꼼꼼히 바르면서 땀 때문에
선크림 쓰는걸 꺼려하는 아들주려고 구입했는데
이렇게라도 자외선 차단도 하고 칙칙해진 피부도
보정해 주면서 본인을 위해 피부관리를 하면 아예
하지않는 것 보다는 낫지 않을까 싶습니다.
마스크에 아예 묻어나지 않을수도 없지만 쿠션팩트
보다는 덜 묻어나는 것 같습니다!",5,건성;웜톤;잡티;탄력
1,20221016_015655,프라이버/베이스,갸스비 에이아이덤 톤업 로션 50ml,https://www.oliveyoung.co.kr/store/goods/getGoodsDetail.do?goodsNo=A000000168301&dispCatNo=1000001000200010003&trackingCd&curation&egcode&rccode&egrankcode,갸스비,갸스비 에이아이덤 톤업 로션 50ml,25000,21200,,"정제수, 다이프로필렌글라이콜, 판테놀, 티타늄디옥사이드 (CI 77891), 다이부틸아디페이트, 아이소노닐아이소노나노에이트, 부틸옥틸살리실레이트, 페네틸벤조에이트, 글리세린, 디에칠아미노하이드록시벤조일헥실벤조에이트, 나이아신아마이드, 변성알코올, 편백오일, 베르가모트오일, 유칼립투스잎오일, 병풀추출물, 사과추출물, 에칠헥실트리아존, 글리세레스-26, 피토스테릴/이소스테아릴/세틸/스테아릴/베헤닐다이머디리놀리에이트, 폴리글리세릴-6스테아레이트, 1,2-헥산다이올, 펜틸렌글라이콜, 폴리하이드록시스테아릭애씨드, C20-22알킬포스페이트, 알루미늄하이드록사이드, 메칠렌비스-벤조트리아졸릴테트라메칠부틸페놀, 스테아릭애씨드, 포타슘세틸포스페이트, 하이드록시아세토페논, C12-20알킬글루코사이드, 폴리아크릴레이트크로스폴리머-6, 실리카, 트로메타민, 폴리글리세릴-2다이폴리하이드록시스테아레이트, 폴리글리세릴-6베헤네이트, 데실글루코사이드, 하이드록시프로필메틸셀룰로오스스테아록시에터, 소듐폴리아크릴로일다이메틸타우레이트, 아데노신, 트라이에톡시카프릴릴실레인, 트라이소듐에틸렌다이아민다이석시네이트, 부틸렌글라이콜, 글루코오스, 세테아릴알코올, C14-22알코올, C20-22알코올, 잔탄검, t-부틸알코올, 리모넨, 리날룰, 황색산화철 (CI 77492), 적색산화철 (CI 77491), 흑색산화철 (CI 77499)",모든 피부,소니소니,2022.06.23,"화해에서 보고 패키지가 맘에 들어서 바로 주문했어요
선크림 기능도 같이 들어 있는게 넘 좋았어여 
진짜 이거 하나만 써도 톤업크림 +자외선차단되서 개이득 

펌핑 타입이라 쓰기도 편하고 
촉촉하고 부드럽게 발린는편

다른 톤업크림은 뻑뻑하게 발려서 다 버렸는데 이건 굉장히 
촉촉쓰한 편!!!

선크림 따로 안쓰고 이것만 써도 괜찮을듯",5,건성;쿨톤;각질;모공
2,20221016_015656,프라이버/베이스,갸스비 에이아이덤 톤업 로션 50ml,https://www.oliveyoung.co.kr/store/goods/getGoodsDetail.do?goodsNo=A000000168301&dispCatNo=1000001000200010003&trackingCd&curation&egcode&rccode&egrankcode,갸스비,갸스비 에이아이덤 톤업 로션 50ml,25000,21200,,"정제수, 다이프로필렌글라이콜, 판테놀, 티타늄디옥사이드 (CI 77891), 다이부틸아디페이트, 아이소노닐아이소노나노에이트, 부틸옥틸살리실레이트, 페네틸벤조에이트, 글리세린, 디에칠아미노하이드록시벤조일헥실벤조에이트, 나이아신아마이드, 변성알코올, 편백오일, 베르가모트오일, 유칼립투스잎오일, 병풀추출물, 사과추출물, 에칠헥실트리아존, 글리세레스-26, 피토스테릴/이소스테아릴/세틸/스테아릴/베헤닐다이머디리놀리에이트, 폴리글리세릴-6스테아레이트, 1,2-헥산다이올, 펜틸렌글라이콜, 폴리하이드록시스테아릭애씨드, C20-22알킬포스페이트, 알루미늄하이드록사이드, 메칠렌비스-벤조트리아졸릴테트라메칠부틸페놀, 스테아릭애씨드, 포타슘세틸포스페이트, 하이드록시아세토페논, C12-20알킬글루코사이드, 폴리아크릴레이트크로스폴리머-6, 실리카, 트로메타민, 폴리글리세릴-2다이폴리하이드록시스테아레이트, 폴리글리세릴-6베헤네이트, 데실글루코사이드, 하이드록시프로필메틸셀룰로오스스테아록시에터, 소듐폴리아크릴로일다이메틸타우레이트, 아데노신, 트라이에톡시카프릴릴실레인, 트라이소듐에틸렌다이아민다이석시네이트, 부틸렌글라이콜, 글루코오스, 세테아릴알코올, C14-22알코올, C20-22알코올, 잔탄검, t-부틸알코올, 리모넨, 리날룰, 황색산화철 (CI 77492), 적색산화철 (CI 77491), 흑색산화철 (CI 77499)",모든 피부,lil****,2022.06.27,"갓 20살이된 조카의 생일 선물로 썬크림 기능이 있는 톤업 로션 찾다가 풀 셋으로 플렉스합니다.
일단 상품 디자인이 깔꼼하니 세련미 넘치네요

톤업크림이 처음이라 쓰는 법을 알려주느라 저도 함 써봤는데요.
오호호 이 크림,,, 여자인 제가 써도 자연스러우니 좋아요
일단 가볍고요,,, 대강 쓱쓱 발라도 바른 듯 안 바른 듯 뽀해집니다. 
남자인 조카도 자연스럽게 발색되더라고요.
..
함께 구매한 모공커버크림 제가보기엔 프라이머 같긴한데… 함께쓰니 뽀송함이 오래 가더라고요
선물용이라 정말 디자인만 보고 구매했는데….조카도 저도 짱 만족!!

갠적으로 여자인 저도 이크림은 재구매 각입니다",5,_alchera_none_
3,20221016_015657,프라이버/베이스,갸스비 에이아이덤 톤업 로션 50ml,https://www.oliveyoung.co.kr/store/goods/getGoodsDetail.do?goodsNo=A000000168301&dispCatNo=1000001000200010003&trackingCd&curation&egcode&rccode&egrankcode,갸스비,갸스비 에이아이덤 톤업 로션 50ml,25000,21200,,"정제수, 다이프로필렌글라이콜, 판테놀, 티타늄디옥사이드 (CI 77891), 다이부틸아디페이트, 아이소노닐아이소노나노에이트, 부틸옥틸살리실레이트, 페네틸벤조에이트, 글리세린, 디에칠아미노하이드록시벤조일헥실벤조에이트, 나이아신아마이드, 변성알코올, 편백오일, 베르가모트오일, 유칼립투스잎오일, 병풀추출물, 사과추출물, 에칠헥실트리아존, 글리세레스-26, 피토스테릴/이소스테아릴/세틸/스테아릴/베헤닐다이머디리놀리에이트, 폴리글리세릴-6스테아레이트, 1,2-헥산다이올, 펜틸렌글라이콜, 폴리하이드록시스테아릭애씨드, C20-22알킬포스페이트, 알루미늄하이드록사이드, 메칠렌비스-벤조트리아졸릴테트라메칠부틸페놀, 스테아릭애씨드, 포타슘세틸포스페이트, 하이드록시아세토페논, C12-20알킬글루코사이드, 폴리아크릴레이트크로스폴리머-6, 실리카, 트로메타민, 폴리글리세릴-2다이폴리하이드록시스테아레이트, 폴리글리세릴-6베헤네이트, 데실글루코사이드, 하이드록시프로필메틸셀룰로오스스테아록시에터, 소듐폴리아크릴로일다이메틸타우레이트, 아데노신, 트라이에톡시카프릴릴실레인, 트라이소듐에틸렌다이아민다이석시네이트, 부틸렌글라이콜, 글루코오스, 세테아릴알코올, C14-22알코올, C20-22알코올, 잔탄검, t-부틸알코올, 리모넨, 리날룰, 황색산화철 (CI 77492), 적색산화철 (CI 77491), 흑색산화철 (CI 77499)",모든 피부,po****,2022.07.04,최근 얼굴에 기미 주근깨가 조금씩 올라오기 시작해서 선크림 겸 트러블 커버가 가능한 제품을 찾고 있었습니다. 톤업 크림이 제가 원하는 것을 다 충족하고 피부 톤도 한톤 발게 한다고 하여 구매 해봤는데 굉장히 자연스러운 광택과 트러블을 생각보다 자연스럽게 많이 가려주는데 멀리서 보면 그냥 선크림 바른 정도로 가볍게 톤업 해줘서 좋을것 같아요. 아직 더 사용해봐야겠지만 주말이나 밖에 돌아다닐 때 자주 사용하게 됩니다.,5,_alchera_none_
4,20221016_015658,프라이버/베이스,갸스비 에이아이덤 톤업 로션 50ml,https://www.oliveyoung.co.kr/store/goods/getGoodsDetail.do?goodsNo=A000000168301&dispCatNo=1000001000200010003&trackingCd&curation&egcode&rccode&egrankcode,갸스비,갸스비 에이아이덤 톤업 로션 50ml,25000,21200,,"정제수, 다이프로필렌글라이콜, 판테놀, 티타늄디옥사이드 (CI 77891), 다이부틸아디페이트, 아이소노닐아이소노나노에이트, 부틸옥틸살리실레이트, 페네틸벤조에이트, 글리세린, 디에칠아미노하이드록시벤조일헥실벤조에이트, 나이아신아마이드, 변성알코올, 편백오일, 베르가모트오일, 유칼립투스잎오일, 병풀추출물, 사과추출물, 에칠헥실트리아존, 글리세레스-26, 피토스테릴/이소스테아릴/세틸/스테아릴/베헤닐다이머디리놀리에이트, 폴리글리세릴-6스테아레이트, 1,2-헥산다이올, 펜틸렌글라이콜, 폴리하이드록시스테아릭애씨드, C20-22알킬포스페이트, 알루미늄하이드록사이드, 메칠렌비스-벤조트리아졸릴테트라메칠부틸페놀, 스테아릭애씨드, 포타슘세틸포스페이트, 하이드록시아세토페논, C12-20알킬글루코사이드, 폴리아크릴레이트크로스폴리머-6, 실리카, 트로메타민, 폴리글리세릴-2다이폴리하이드록시스테아레이트, 폴리글리세릴-6베헤네이트, 데실글루코사이드, 하이드록시프로필메틸셀룰로오스스테아록시에터, 소듐폴리아크릴로일다이메틸타우레이트, 아데노신, 트라이에톡시카프릴릴실레인, 트라이소듐에틸렌다이아민다이석시네이트, 부틸렌글라이콜, 글루코오스, 세테아릴알코올, C14-22알코올, C20-22알코올, 잔탄검, t-부틸알코올, 리모넨, 리날룰, 황색산화철 (CI 77492), 적색산화철 (CI 77491), 흑색산화철 (CI 77499)",모든 피부,rad****,2022.06.24,"하얗게 되지 않는 선크림 찾고 있었는데 설명보니 로션 대용으로도 쓰기 좋을 것 같아서 구매했어요.
펌핑해서 써보니 양이 적은게 아니었네요. 오히려 많은편.
튜브가 아닌 펌프 타입이라 쓰기도 편하구요.
자극적이지도 않고 부드럽게 발리는게 선크림보다 나은거 같아요.
피부톤도 적당히 밝아져서 외출할때 비비크림대신 쓰기 좋아요.
저처럼 피부가 까만 남자들에게 딱 맞아요.",5,_alchera_none_
5,20221016_015659,프라이버/베이스,갸스비 에이아이덤 톤업 로션 50ml,https://www.oliveyoung.co.kr/store/goods/getGoodsDetail.do?goodsNo=A000000168301&dispCatNo=1000001000200010003&trackingCd&curation&egcode&rccode&egrankcode,갸스비,갸스비 에이아이덤 톤업 로션 50ml,25000,21200,,"정제수, 다이프로필렌글라이콜, 판테놀, 티타늄디옥사이드 (CI 77891), 다이부틸아디페이트, 아이소노닐아이소노나노에이트, 부틸옥틸살리실레이트, 페네틸벤조에이트, 글리세린, 디에칠아미노하이드록시벤조일헥실벤조에이트, 나이아신아마이드, 변성알코올, 편백오일, 베르가모트오일, 유칼립투스잎오일, 병풀추출물, 사과추출물, 에칠헥실트리아존, 글리세레스-26, 피토스테릴/이소스테아릴/세틸/스테아릴/베헤닐다이머디리놀리에이트, 폴리글리세릴-6스테아레이트, 1,2-헥산다이올, 펜틸렌글라이콜, 폴리하이드록시스테아릭애씨드, C20-22알킬포스페이트, 알루미늄하이드록사이드, 메칠렌비스-벤조트리아졸릴테트라메칠부틸페놀, 스테아릭애씨드, 포타슘세틸포스페이트, 하이드록시아세토페논, C12-20알킬글루코사이드, 폴리아크릴레이트크로스폴리머-6, 실리카, 트로메타민, 폴리글리세릴-2다이폴리하이드록시스테아레이트, 폴리글리세릴-6베헤네이트, 데실글루코사이드, 하이드록시프로필메틸셀룰로오스스테아록시에터, 소듐폴리아크릴로일다이메틸타우레이트, 아데노신, 트라이에톡시카프릴릴실레인, 트라이소듐에틸렌다이아민다이석시네이트, 부틸렌글라이콜, 글루코오스, 세테아릴알코올, C14-22알코올, C20-22알코올, 잔탄검, t-부틸알코올, 리모넨, 리날룰, 황색산화철 (CI 77492), 적색산화철 (CI 77491), 흑색산화철 (CI 77499)",모든 피부,oliol****,2022.10.02,"이건 일단 챙겨두면 도움이 되는 상품이에요.

밖에 나갈 때는 이것을 사용하는 것이 루틴이 되었습니다.서두르더라도 이걸 켜두면 어떻게든 됩니다.쉽게 피부로 퍼져나가 눈에 띄지 않고 자연스럽게 피부를 깨끗하게 해줍니다.UV 차단 효과도 있고 보습력도 높기 때문에 앞으로 건조해지는 계절에도 이것이 활약할 것 같습니다.다른 상품도 사용해 보겠습니다만, 이거 재구매 하겠습니다.",5,_alchera_none_
6,20221016_015700,프라이버/베이스,갸스비 에이아이덤 톤업 로션 50ml,https://www.oliveyoung.co.kr/store/goods/getGoodsDetail.do?goodsNo=A000000168301&dispCatNo=1000001000200010003&trackingCd&curation&egcode&rccode&egrankcode,갸스비,갸스비 에이아이덤 톤업 로션 50ml,25000,21200,,"정제수, 다이프로필렌글라이콜, 판테놀, 티타늄디옥사이드 (CI 77891), 다이부틸아디페이트, 아이소노닐아이소노나노에이트, 부틸옥틸살리실레이트, 페네틸벤조에이트, 글리세린, 디에칠아미노하이드록시벤조일헥실벤조에이트, 나이아신아마이드, 변성알코올, 편백오일, 베르가모트오일, 유칼립투스잎오일, 병풀추출물, 사과추출물, 에칠헥실트리아존, 글리세레스-26, 피토스테릴/이소스테아릴/세틸/스테아릴/베헤닐다이머디리놀리에이트, 폴리글리세릴-6스테아레이트, 1,2-헥산다이올, 펜틸렌글라이콜, 폴리하이드록시스테아릭애씨드, C20-22알킬포스페이트, 알루미늄하이드록사이드, 메칠렌비스-벤조트리아졸릴테트라메칠부틸페놀, 스테아릭애씨드, 포타슘세틸포스페이트, 하이드록시아세토페논, C12-20알킬글루코사이드, 폴리아크릴레이트크로스폴리머-6, 실리카, 트로메타민, 폴리글리세릴-2다이폴리하이드록시스테아레이트, 폴리글리세릴-6베헤네이트, 데실글루코사이드, 하이드록시프로필메틸셀룰로오스스테아록시에터, 소듐폴리아크릴로일다이메틸타우레이트, 아데노신, 트라이에톡시카프릴릴실레인, 트라이소듐에틸렌다이아민다이석시네이트, 부틸렌글라이콜, 글루코오스, 세테아릴알코올, C14-22알코올, C20-22알코올, 잔탄검, t-부틸알코올, 리모넨, 리날룰, 황색산화철 (CI 77492), 적색산화철 (CI 77491), 흑색산화철 (CI 77499)",모든 피부,mini****,2022.06.28,"우선 화장품의 용도, 사용순서 등에 대한 정보를 쉽게 알 수 있도록 제품 용기에 넘버링이 되어 있는 점, 그리고 간략한 설명이 기재되어 있는 점이 좋았습니다!

그리고 저 같은 경우엔 제품을 바를 때 너무 화장한 티는 나지 않았으면 해서 설명에 적힌 것 처럼 1회 펌핑 후 골고루 펴발랐습니다.

그러니 자연스럽게 톤업도 되고 좋네요",5,_alchera_none_
7,20221016_015701,프라이버/베이스,갸스비 에이아이덤 톤업 로션 50ml,https://www.oliveyoung.co.kr/store/goods/getGoodsDetail.do?goodsNo=A000000168301&dispCatNo=1000001000200010003&trackingCd&curation&egcode&rccode&egrankcode,갸스비,갸스비 에이아이덤 톤업 로션 50ml,25000,21200,,"정제수, 다이프로필렌글라이콜, 판테놀, 티타늄디옥사이드 (CI 77891), 다이부틸아디페이트, 아이소노닐아이소노나노에이트, 부틸옥틸살리실레이트, 페네틸벤조에이트, 글리세린, 디에칠아미노하이드록시벤조일헥실벤조에이트, 나이아신아마이드, 변성알코올, 편백오일, 베르가모트오일, 유칼립투스잎오일, 병풀추출물, 사과추출물, 에칠헥실트리아존, 글리세레스-26, 피토스테릴/이소스테아릴/세틸/스테아릴/베헤닐다이머디리놀리에이트, 폴리글리세릴-6스테아레이트, 1,2-헥산다이올, 펜틸렌글라이콜, 폴리하이드록시스테아릭애씨드, C20-22알킬포스페이트, 알루미늄하이드록사이드, 메칠렌비스-벤조트리아졸릴테트라메칠부틸페놀, 스테아릭애씨드, 포타슘세틸포스페이트, 하이드록시아세토페논, C12-20알킬글루코사이드, 폴리아크릴레이트크로스폴리머-6, 실리카, 트로메타민, 폴리글리세릴-2다이폴리하이드록시스테아레이트, 폴리글리세릴-6베헤네이트, 데실글루코사이드, 하이드록시프로필메틸셀룰로오스스테아록시에터, 소듐폴리아크릴로일다이메틸타우레이트, 아데노신, 트라이에톡시카프릴릴실레인, 트라이소듐에틸렌다이아민다이석시네이트, 부틸렌글라이콜, 글루코오스, 세테아릴알코올, C14-22알코올, C20-22알코올, 잔탄검, t-부틸알코올, 리모넨, 리날룰, 황색산화철 (CI 77492), 적색산화철 (CI 77491), 흑색산화철 (CI 77499)",모든 피부,sidneymi****,2022.06.24,"지금까지 써본 톤업크림이나 BB와는 전혀 다른 느낌입니다.
엄청 자연스러워요. 아무것도 안바른거 같은데 잘생겨지는 느낌?? 제가 써본 거 중에서는 제일 자연스러운거 같아요.
그리고 얼굴에 자꾸 뾰루지랑 여드름이 나서 아무것도 못 바르고 있었는데, 일단 뾰루지가 안납니다. 안가려워요 ㅠ 사실 이게 저한테는 정말 중요하거든요. 자꾸 뭔가를 발랐다는 걸 까먹을 만큼 좋습니다.

또 그냥 로션처럼 발라도 깔끔해서 바르는데 몇 초도 안걸리니까 엄청 편해요. 보습도 좋고, 자외선도 차단되니까 그냥 세수하고 이거 하나만 발라도 요즘 날씨에는 충분 했습니다. 
오후에는 아무래도 기름이 끼긴해서 기름종이같은 거로 한번은 눌러주긴 합니다. 이건 뭐 어쩔 수 없는 거 같아요.
여튼 지금까지 사용하던 다른 제품이랑 비교해도 엄청 자연스럽고 순하고 편해서 간만에 원하던 제품을 찾은 거 같습니다.",5,_alchera_none_
8,20221016_015702,프라이버/베이스,갸스비 에이아이덤 톤업 로션 50ml,https://www.oliveyoung.co.kr/store/goods/getGoodsDetail.do?goodsNo=A000000168301&dispCatNo=1000001000200010003&trackingCd&curation&egcode&rccode&egrankcode,갸스비,갸스비 에이아이덤 톤업 로션 50ml,25000,21200,,"정제수, 다이프로필렌글라이콜, 판테놀, 티타늄디옥사이드 (CI 77891), 다이부틸아디페이트, 아이소노닐아이소노나노에이트, 부틸옥틸살리실레이트, 페네틸벤조에이트, 글리세린, 디에칠아미노하이드록시벤조일헥실벤조에이트, 나이아신아마이드, 변성알코올, 편백오일, 베르가모트오일, 유칼립투스잎오일, 병풀추출물, 사과추출물, 에칠헥실트리아존, 글리세레스-26, 피토스테릴/이소스테아릴/세틸/스테아릴/베헤닐다이머디리놀리에이트, 폴리글리세릴-6스테아레이트, 1,2-헥산다이올, 펜틸렌글라이콜, 폴리하이드록시스테아릭애씨드, C20-22알킬포스페이트, 알루미늄하이드록사이드, 메칠렌비스-벤조트리아졸릴테트라메칠부틸페놀, 스테아릭애씨드, 포타슘세틸포스페이트, 하이드록시아세토페논, C12-20알킬글루코사이드, 폴리아크릴레이트크로스폴리머-6, 실리카, 트로메타민, 폴리글리세릴-2다이폴리하이드록시스테아레이트, 폴리글리세릴-6베헤네이트, 데실글루코사이드, 하이드록시프로필메틸셀룰로오스스테아록시에터, 소듐폴리아크릴로일다이메틸타우레이트, 아데노신, 트라이에톡시카프릴릴실레인, 트라이소듐에틸렌다이아민다이석시네이트, 부틸렌글라이콜, 글루코오스, 세테아릴알코올, C14-22알코올, C20-22알코올, 잔탄검, t-부틸알코올, 리모넨, 리날룰, 황색산화철 (CI 77492), 적색산화철 (CI 77491), 흑색산화철 (CI 77499)",모든 피부,ljm****,2022.07.01,"원래는 비비크림을 발랐었는데
요즘같은 날씨에 너무 답답해서

톤업크림으로 바꿔보았는데
주위에서 다들 피부가 좋아졌다고 하네요

제가봐도 훨씬 자연스럽고 피부도 답답하지않고
마스크에 묻어남도 없이 편합니다

톤보정이 자연스럽게 반톤정도 올라가는거같습니다
자외선 차단기능도 있어서 선트림 두번 바르지않아도
너무 편하네요.

잡티커버는 잘 되지않아서 갸스비 컨실러를 살짝 하고나가면 좋습니다",5,_alchera_none_
9,20221016_015703,프라이버/베이스,갸스비 에이아이덤 톤업 로션 50ml,https://www.oliveyoung.co.kr/store/goods/getGoodsDetail.do?goodsNo=A000000168301&dispCatNo=1000001000200010003&trackingCd&curation&egcode&rccode&egrankcode,갸스비,갸스비 에이아이덤 톤업 로션 50ml,25000,21200,,"정제수, 다이프로필렌글라이콜, 판테놀, 티타늄디옥사이드 (CI 77891), 다이부틸아디페이트, 아이소노닐아이소노나노에이트, 부틸옥틸살리실레이트, 페네틸벤조에이트, 글리세린, 디에칠아미노하이드록시벤조일헥실벤조에이트, 나이아신아마이드, 변성알코올, 편백오일, 베르가모트오일, 유칼립투스잎오일, 병풀추출물, 사과추출물, 에칠헥실트리아존, 글리세레스-26, 피토스테릴/이소스테아릴/세틸/스테아릴/베헤닐다이머디리놀리에이트, 폴리글리세릴-6스테아레이트, 1,2-헥산다이올, 펜틸렌글라이콜, 폴리하이드록시스테아릭애씨드, C20-22알킬포스페이트, 알루미늄하이드록사이드, 메칠렌비스-벤조트리아졸릴테트라메칠부틸페놀, 스테아릭애씨드, 포타슘세틸포스페이트, 하이드록시아세토페논, C12-20알킬글루코사이드, 폴리아크릴레이트크로스폴리머-6, 실리카, 트로메타민, 폴리글리세릴-2다이폴리하이드록시스테아레이트, 폴리글리세릴-6베헤네이트, 데실글루코사이드, 하이드록시프로필메틸셀룰로오스스테아록시에터, 소듐폴리아크릴로일다이메틸타우레이트, 아데노신, 트라이에톡시카프릴릴실레인, 트라이소듐에틸렌다이아민다이석시네이트, 부틸렌글라이콜, 글루코오스, 세테아릴알코올, C14-22알코올, C20-22알코올, 잔탄검, t-부틸알코올, 리모넨, 리날룰, 황색산화철 (CI 77492), 적색산화철 (CI 77491), 흑색산화철 (CI 77499)",모든 피부,jii****,2022.06.27,"촉촉한데 심하게 끈적이지 않아
평소에 선블록 대신으로 사용하기 좋습니다
피부 톤 정리 및 커버도 되서
자연스런 피부톤 연출이 가능해요
로션 바른 정도의 답답함이라
부담 없이 사용하고있습니다",5,_alchera_none_
10,20221016_015707,프라이버/베이스,갸스비 에이아이덤 톤업 로션 50ml,https://www.oliveyoung.co.kr/store/goods/getGoodsDetail.do?goodsNo=A000000168301&dispCatNo=1000001000200010003&trackingCd&curation&egcode&rccode&egrankcode,갸스비,갸스비 에이아이덤 톤업 로션 50ml,25000,21200,,"정제수, 다이프로필렌글라이콜, 판테놀, 티타늄디옥사이드 (CI 77891), 다이부틸아디페이트, 아이소노닐아이소노나노에이트, 부틸옥틸살리실레이트, 페네틸벤조에이트, 글리세린, 디에칠아미노하이드록시벤조일헥실벤조에이트, 나이아신아마이드, 변성알코올, 편백오일, 베르가모트오일, 유칼립투스잎오일, 병풀추출물, 사과추출물, 에칠헥실트리아존, 글리세레스-26, 피토스테릴/이소스테아릴/세틸/스테아릴/베헤닐다이머디리놀리에이트, 폴리글리세릴-6스테아레이트, 1,2-헥산다이올, 펜틸렌글라이콜, 폴리하이드록시스테아릭애씨드, C20-22알킬포스페이트, 알루미늄하이드록사이드, 메칠렌비스-벤조트리아졸릴테트라메칠부틸페놀, 스테아릭애씨드, 포타슘세틸포스페이트, 하이드록시아세토페논, C12-20알킬글루코사이드, 폴리아크릴레이트크로스폴리머-6, 실리카, 트로메타민, 폴리글리세릴-2다이폴리하이드록시스테아레이트, 폴리글리세릴-6베헤네이트, 데실글루코사이드, 하이드록시프로필메틸셀룰로오스스테아록시에터, 소듐폴리아크릴로일다이메틸타우레이트, 아데노신, 트라이에톡시카프릴릴실레인, 트라이소듐에틸렌다이아민다이석시네이트, 부틸렌글라이콜, 글루코오스, 세테아릴알코올, C14-22알코올, C20-22알코올, 잔탄검, t-부틸알코올, 리모넨, 리날룰, 황색산화철 (CI 77492), 적색산화철 (CI 77491), 흑색산화철 (CI 77499)",모든 피부,oliol****,2022.06.20,"화해를 보고 좋은 평가를 받아서 구입했어요.다른 메이크업 제품은 좀 저항이 있었지만, 이 정도가 딱 좋아요!

자연스럽게 피부 톤을 한 톤 밝혀줘서 좋은 것 같아요.
부자연스럽게 동동뜨는 톤업이 아니라 내 피부 톤에서 한톤 밝혀주는 타입이라 좋아요.

톤업 된 실감은 있지만 마스크에 거의 붙지 않기 때문에 기쁩니다.

자극: 피부에 자극없이 사용하기 좋아요.
          여드름 피부도 사용할 수 있어서 좋아요.
발림성: 촉촉하고 부드러워서 손으로도 충분히 바를 수 있어요.
기타효과: 
➀보습력이 아주 좋아요.
스킨케어 효과도 높다고 생각해요.
2주 정도 사용하고 있지만 피부 트러블도 없어요.
➁선크림을 따로 사용할 필요없이 하나로 해결되서 사용하기 편리해요.

몇 번 사용할 수 있을지 모르겠습니다만, 없어지면 재구매하고 싶습니다.",5,_alchera_none_
11,20221016_015708,프라이버/베이스,갸스비 에이아이덤 톤업 로션 50ml,https://www.oliveyoung.co.kr/store/goods/getGoodsDetail.do?goodsNo=A000000168301&dispCatNo=1000001000200010003&trackingCd&curation&egcode&rccode&egrankcode,갸스비,갸스비 에이아이덤 톤업 로션 50ml,25000,21200,,"정제수, 다이프로필렌글라이콜, 판테놀, 티타늄디옥사이드 (CI 77891), 다이부틸아디페이트, 아이소노닐아이소노나노에이트, 부틸옥틸살리실레이트, 페네틸벤조에이트, 글리세린, 디에칠아미노하이드록시벤조일헥실벤조에이트, 나이아신아마이드, 변성알코올, 편백오일, 베르가모트오일, 유칼립투스잎오일, 병풀추출물, 사과추출물, 에칠헥실트리아존, 글리세레스-26, 피토스테릴/이소스테아릴/세틸/스테아릴/베헤닐다이머디리놀리에이트, 폴리글리세릴-6스테아레이트, 1,2-헥산다이올, 펜틸렌글라이콜, 폴리하이드록시스테아릭애씨드, C20-22알킬포스페이트, 알루미늄하이드록사이드, 메칠렌비스-벤조트리아졸릴테트라메칠부틸페놀, 스테아릭애씨드, 포타슘세틸포스페이트, 하이드록시아세토페논, C12-20알킬글루코사이드, 폴리아크릴레이트크로스폴리머-6, 실리카, 트로메타민, 폴리글리세릴-2다이폴리하이드록시스테아레이트, 폴리글리세릴-6베헤네이트, 데실글루코사이드, 하이드록시프로필메틸셀룰로오스스테아록시에터, 소듐폴리아크릴로일다이메틸타우레이트, 아데노신, 트라이에톡시카프릴릴실레인, 트라이소듐에틸렌다이아민다이석시네이트, 부틸렌글라이콜, 글루코오스, 세테아릴알코올, C14-22알코올, C20-22알코올, 잔탄검, t-부틸알코올, 리모넨, 리날룰, 황색산화철 (CI 77492), 적색산화철 (CI 77491), 흑색산화철 (CI 77499)",모든 피부,핫핫핫,2022.07.04,"모공 크림이랑 같이 쓰면 좋다고 해서 세트로 구매했습니다! 자연스럽게 톤업되는 정도만 원했는데, 이 제품은 딱 그정도라서 넘 좋았습니다! 촉촉하고 부드러워서 손으로 쓱쓱 발라도 되서 그것도 넘 편했고, 외출 전에 가볍게 바르기 좋았습니다 추천",5,_alchera_none_
12,20221016_015709,프라이버/베이스,갸스비 에이아이덤 톤업 로션 50ml,https://www.oliveyoung.co.kr/store/goods/getGoodsDetail.do?goodsNo=A000000168301&dispCatNo=1000001000200010003&trackingCd&curation&egcode&rccode&egrankcode,갸스비,갸스비 에이아이덤 톤업 로션 50ml,25000,21200,,"정제수, 다이프로필렌글라이콜, 판테놀, 티타늄디옥사이드 (CI 77891), 다이부틸아디페이트, 아이소노닐아이소노나노에이트, 부틸옥틸살리실레이트, 페네틸벤조에이트, 글리세린, 디에칠아미노하이드록시벤조일헥실벤조에이트, 나이아신아마이드, 변성알코올, 편백오일, 베르가모트오일, 유칼립투스잎오일, 병풀추출물, 사과추출물, 에칠헥실트리아존, 글리세레스-26, 피토스테릴/이소스테아릴/세틸/스테아릴/베헤닐다이머디리놀리에이트, 폴리글리세릴-6스테아레이트, 1,2-헥산다이올, 펜틸렌글라이콜, 폴리하이드록시스테아릭애씨드, C20-22알킬포스페이트, 알루미늄하이드록사이드, 메칠렌비스-벤조트리아졸릴테트라메칠부틸페놀, 스테아릭애씨드, 포타슘세틸포스페이트, 하이드록시아세토페논, C12-20알킬글루코사이드, 폴리아크릴레이트크로스폴리머-6, 실리카, 트로메타민, 폴리글리세릴-2다이폴리하이드록시스테아레이트, 폴리글리세릴-6베헤네이트, 데실글루코사이드, 하이드록시프로필메틸셀룰로오스스테아록시에터, 소듐폴리아크릴로일다이메틸타우레이트, 아데노신, 트라이에톡시카프릴릴실레인, 트라이소듐에틸렌다이아민다이석시네이트, 부틸렌글라이콜, 글루코오스, 세테아릴알코올, C14-22알코올, C20-22알코올, 잔탄검, t-부틸알코올, 리모넨, 리날룰, 황색산화철 (CI 77492), 적색산화철 (CI 77491), 흑색산화철 (CI 77499)",모든 피부,miniduki****,2022.06.30,"톤업 및 선크림 겸용으로 사용 하고 싶어 구매 했습니다 살색이 바르면 과할가 걱정했지만 피부에 펴 바르니 자연스러운 광으로 톤업이 되었구요 바를 때 약간의 끈적임이 느껴졌지만 조금 두드려 주니 
잘 펴발라졌습니다 너무 매트한 느낌도 아니구요 약간의 수분감이 느껴지는 정도이며 너무 번들거리지도 않았습니다 
그냥 과하지 않게 사용하기에 좋은 것 같아요",5,_alchera_none_
13,20221016_015710,프라이버/베이스,갸스비 에이아이덤 톤업 로션 50ml,https://www.oliveyoung.co.kr/store/goods/getGoodsDetail.do?goodsNo=A000000168301&dispCatNo=1000001000200010003&trackingCd&curation&egcode&rccode&egrankcode,갸스비,갸스비 에이아이덤 톤업 로션 50ml,25000,21200,,"정제수, 다이프로필렌글라이콜, 판테놀, 티타늄디옥사이드 (CI 77891), 다이부틸아디페이트, 아이소노닐아이소노나노에이트, 부틸옥틸살리실레이트, 페네틸벤조에이트, 글리세린, 디에칠아미노하이드록시벤조일헥실벤조에이트, 나이아신아마이드, 변성알코올, 편백오일, 베르가모트오일, 유칼립투스잎오일, 병풀추출물, 사과추출물, 에칠헥실트리아존, 글리세레스-26, 피토스테릴/이소스테아릴/세틸/스테아릴/베헤닐다이머디리놀리에이트, 폴리글리세릴-6스테아레이트, 1,2-헥산다이올, 펜틸렌글라이콜, 폴리하이드록시스테아릭애씨드, C20-22알킬포스페이트, 알루미늄하이드록사이드, 메칠렌비스-벤조트리아졸릴테트라메칠부틸페놀, 스테아릭애씨드, 포타슘세틸포스페이트, 하이드록시아세토페논, C12-20알킬글루코사이드, 폴리아크릴레이트크로스폴리머-6, 실리카, 트로메타민, 폴리글리세릴-2다이폴리하이드록시스테아레이트, 폴리글리세릴-6베헤네이트, 데실글루코사이드, 하이드록시프로필메틸셀룰로오스스테아록시에터, 소듐폴리아크릴로일다이메틸타우레이트, 아데노신, 트라이에톡시카프릴릴실레인, 트라이소듐에틸렌다이아민다이석시네이트, 부틸렌글라이콜, 글루코오스, 세테아릴알코올, C14-22알코올, C20-22알코올, 잔탄검, t-부틸알코올, 리모넨, 리날룰, 황색산화철 (CI 77492), 적색산화철 (CI 77491), 흑색산화철 (CI 77499)",모든 피부,naigt****,2022.06.27,"어려서부터 얼굴에 주근깨 등 잡티가 다소 있는 피부라서, 티 안 나게 커버할 수 있는 제품이 있으면 꼭 사겠다고 다짐하던 찰나. 갸스비에서 톤업로션이 나와서 바로 샀네요. 양이 넉넉하네요. 펌핑이라 사용하기도 편하구요. 평소에 자외선 차단 겸 커버 겸으로 해서 선크림 사용하고 있는데, 이 제품은 선크림 따로 쓸 필요없이 이거 하나로 가능하다고 하니... 돈 굳었네요.",5,_alchera_none_
14,20221016_015711,프라이버/베이스,갸스비 에이아이덤 톤업 로션 50ml,https://www.oliveyoung.co.kr/store/goods/getGoodsDetail.do?goodsNo=A000000168301&dispCatNo=1000001000200010003&trackingCd&curation&egcode&rccode&egrankcode,갸스비,갸스비 에이아이덤 톤업 로션 50ml,25000,21200,,"정제수, 다이프로필렌글라이콜, 판테놀, 티타늄디옥사이드 (CI 77891), 다이부틸아디페이트, 아이소노닐아이소노나노에이트, 부틸옥틸살리실레이트, 페네틸벤조에이트, 글리세린, 디에칠아미노하이드록시벤조일헥실벤조에이트, 나이아신아마이드, 변성알코올, 편백오일, 베르가모트오일, 유칼립투스잎오일, 병풀추출물, 사과추출물, 에칠헥실트리아존, 글리세레스-26, 피토스테릴/이소스테아릴/세틸/스테아릴/베헤닐다이머디리놀리에이트, 폴리글리세릴-6스테아레이트, 1,2-헥산다이올, 펜틸렌글라이콜, 폴리하이드록시스테아릭애씨드, C20-22알킬포스페이트, 알루미늄하이드록사이드, 메칠렌비스-벤조트리아졸릴테트라메칠부틸페놀, 스테아릭애씨드, 포타슘세틸포스페이트, 하이드록시아세토페논, C12-20알킬글루코사이드, 폴리아크릴레이트크로스폴리머-6, 실리카, 트로메타민, 폴리글리세릴-2다이폴리하이드록시스테아레이트, 폴리글리세릴-6베헤네이트, 데실글루코사이드, 하이드록시프로필메틸셀룰로오스스테아록시에터, 소듐폴리아크릴로일다이메틸타우레이트, 아데노신, 트라이에톡시카프릴릴실레인, 트라이소듐에틸렌다이아민다이석시네이트, 부틸렌글라이콜, 글루코오스, 세테아릴알코올, C14-22알코올, C20-22알코올, 잔탄검, t-부틸알코올, 리모넨, 리날룰, 황색산화철 (CI 77492), 적색산화철 (CI 77491), 흑색산화철 (CI 77499)",모든 피부,zonk****,2022.06.22,"펌핑타입이라 위생적이고, 한번 펌핑으로 사용할수 있어서 편리해요.
피부에 자극이 없어, 저같은 민감하고 예민한 피부에도 good~
부드럽게 발리고, 선크림을 따로 사용할 필요가 없어서 바쁜 아침에 good~
자연스럽게 피부 톤도 밝혀줘서 한번더 good~~~",5,_alchera_none_
15,20221016_015712,프라이버/베이스,갸스비 에이아이덤 톤업 로션 50ml,https://www.oliveyoung.co.kr/store/goods/getGoodsDetail.do?goodsNo=A000000168301&dispCatNo=1000001000200010003&trackingCd&curation&egcode&rccode&egrankcode,갸스비,갸스비 에이아이덤 톤업 로션 50ml,25000,21200,,"정제수, 다이프로필렌글라이콜, 판테놀, 티타늄디옥사이드 (CI 77891), 다이부틸아디페이트, 아이소노닐아이소노나노에이트, 부틸옥틸살리실레이트, 페네틸벤조에이트, 글리세린, 디에칠아미노하이드록시벤조일헥실벤조에이트, 나이아신아마이드, 변성알코올, 편백오일, 베르가모트오일, 유칼립투스잎오일, 병풀추출물, 사과추출물, 에칠헥실트리아존, 글리세레스-26, 피토스테릴/이소스테아릴/세틸/스테아릴/베헤닐다이머디리놀리에이트, 폴리글리세릴-6스테아레이트, 1,2-헥산다이올, 펜틸렌글라이콜, 폴리하이드록시스테아릭애씨드, C20-22알킬포스페이트, 알루미늄하이드록사이드, 메칠렌비스-벤조트리아졸릴테트라메칠부틸페놀, 스테아릭애씨드, 포타슘세틸포스페이트, 하이드록시아세토페논, C12-20알킬글루코사이드, 폴리아크릴레이트크로스폴리머-6, 실리카, 트로메타민, 폴리글리세릴-2다이폴리하이드록시스테아레이트, 폴리글리세릴-6베헤네이트, 데실글루코사이드, 하이드록시프로필메틸셀룰로오스스테아록시에터, 소듐폴리아크릴로일다이메틸타우레이트, 아데노신, 트라이에톡시카프릴릴실레인, 트라이소듐에틸렌다이아민다이석시네이트, 부틸렌글라이콜, 글루코오스, 세테아릴알코올, C14-22알코올, C20-22알코올, 잔탄검, t-부틸알코올, 리모넨, 리날룰, 황색산화철 (CI 77492), 적색산화철 (CI 77491), 흑색산화철 (CI 77499)",모든 피부,k202112065****,2022.06.22,"메이크업 상품을 처음 사용했지만, 에이아이 더마 톤 업 로션은 손으로 쉽게 얼굴에 바르는 것도 좋고, 바른 후 피부색과 조화를 이루고 메이크업하고 있는 것을 주위의 사람들이 몰라서 매우 만족합니다.
피부 전체가 밝게 톤 업 할 수 있고, UV 효과도 있으므로, 평상시 사용할 수 있을 것 같습니다.",5,_alchera_none_
16,20221016_015713,프라이버/베이스,갸스비 에이아이덤 톤업 로션 50ml,https://www.oliveyoung.co.kr/store/goods/getGoodsDetail.do?goodsNo=A000000168301&dispCatNo=1000001000200010003&trackingCd&curation&egcode&rccode&egrankcode,갸스비,갸스비 에이아이덤 톤업 로션 50ml,25000,21200,,"정제수, 다이프로필렌글라이콜, 판테놀, 티타늄디옥사이드 (CI 77891), 다이부틸아디페이트, 아이소노닐아이소노나노에이트, 부틸옥틸살리실레이트, 페네틸벤조에이트, 글리세린, 디에칠아미노하이드록시벤조일헥실벤조에이트, 나이아신아마이드, 변성알코올, 편백오일, 베르가모트오일, 유칼립투스잎오일, 병풀추출물, 사과추출물, 에칠헥실트리아존, 글리세레스-26, 피토스테릴/이소스테아릴/세틸/스테아릴/베헤닐다이머디리놀리에이트, 폴리글리세릴-6스테아레이트, 1,2-헥산다이올, 펜틸렌글라이콜, 폴리하이드록시스테아릭애씨드, C20-22알킬포스페이트, 알루미늄하이드록사이드, 메칠렌비스-벤조트리아졸릴테트라메칠부틸페놀, 스테아릭애씨드, 포타슘세틸포스페이트, 하이드록시아세토페논, C12-20알킬글루코사이드, 폴리아크릴레이트크로스폴리머-6, 실리카, 트로메타민, 폴리글리세릴-2다이폴리하이드록시스테아레이트, 폴리글리세릴-6베헤네이트, 데실글루코사이드, 하이드록시프로필메틸셀룰로오스스테아록시에터, 소듐폴리아크릴로일다이메틸타우레이트, 아데노신, 트라이에톡시카프릴릴실레인, 트라이소듐에틸렌다이아민다이석시네이트, 부틸렌글라이콜, 글루코오스, 세테아릴알코올, C14-22알코올, C20-22알코올, 잔탄검, t-부틸알코올, 리모넨, 리날룰, 황색산화철 (CI 77492), 적색산화철 (CI 77491), 흑색산화철 (CI 77499)",모든 피부,k202208094****,2022.08.19,"너무 좋아여 배송도 빠르고 너무 마음에들어요
이거랑 이거전에 프라이머랑 같이쓰면 효과 더 있는것 같애요 감사합니다",5,_alchera_none_
17,20221016_015715,프라이버/베이스,갸스비 에이아이덤 톤업 로션 50ml,https://www.oliveyoung.co.kr/store/goods/getGoodsDetail.do?goodsNo=A000000168301&dispCatNo=1000001000200010003&trackingCd&curation&egcode&rccode&egrankcode,갸스비,갸스비 에이아이덤 톤업 로션 50ml,25000,21200,,"정제수, 다이프로필렌글라이콜, 판테놀, 티타늄디옥사이드 (CI 77891), 다이부틸아디페이트, 아이소노닐아이소노나노에이트, 부틸옥틸살리실레이트, 페네틸벤조에이트, 글리세린, 디에칠아미노하이드록시벤조일헥실벤조에이트, 나이아신아마이드, 변성알코올, 편백오일, 베르가모트오일, 유칼립투스잎오일, 병풀추출물, 사과추출물, 에칠헥실트리아존, 글리세레스-26, 피토스테릴/이소스테아릴/세틸/스테아릴/베헤닐다이머디리놀리에이트, 폴리글리세릴-6스테아레이트, 1,2-헥산다이올, 펜틸렌글라이콜, 폴리하이드록시스테아릭애씨드, C20-22알킬포스페이트, 알루미늄하이드록사이드, 메칠렌비스-벤조트리아졸릴테트라메칠부틸페놀, 스테아릭애씨드, 포타슘세틸포스페이트, 하이드록시아세토페논, C12-20알킬글루코사이드, 폴리아크릴레이트크로스폴리머-6, 실리카, 트로메타민, 폴리글리세릴-2다이폴리하이드록시스테아레이트, 폴리글리세릴-6베헤네이트, 데실글루코사이드, 하이드록시프로필메틸셀룰로오스스테아록시에터, 소듐폴리아크릴로일다이메틸타우레이트, 아데노신, 트라이에톡시카프릴릴실레인, 트라이소듐에틸렌다이아민다이석시네이트, 부틸렌글라이콜, 글루코오스, 세테아릴알코올, C14-22알코올, C20-22알코올, 잔탄검, t-부틸알코올, 리모넨, 리날룰, 황색산화철 (CI 77492), 적색산화철 (CI 77491), 흑색산화철 (CI 77499)",모든 피부,skyl****,2022.06.28,"번들거리지도 않고 끈적임도 적고 무겁지 않아서 좋네요 
가볍게 한듯 안한듯 피부톤이 밝아보여요 
자외선 차단도 된다고 해서 구매했어요",5,_alchera_none_
18,20221016_015716,프라이버/베이스,갸스비 에이아이덤 톤업 로션 50ml,https://www.oliveyoung.co.kr/store/goods/getGoodsDetail.do?goodsNo=A000000168301&dispCatNo=1000001000200010003&trackingCd&curation&egcode&rccode&egrankcode,갸스비,갸스비 에이아이덤 톤업 로션 50ml,25000,21200,,"정제수, 다이프로필렌글라이콜, 판테놀, 티타늄디옥사이드 (CI 77891), 다이부틸아디페이트, 아이소노닐아이소노나노에이트, 부틸옥틸살리실레이트, 페네틸벤조에이트, 글리세린, 디에칠아미노하이드록시벤조일헥실벤조에이트, 나이아신아마이드, 변성알코올, 편백오일, 베르가모트오일, 유칼립투스잎오일, 병풀추출물, 사과추출물, 에칠헥실트리아존, 글리세레스-26, 피토스테릴/이소스테아릴/세틸/스테아릴/베헤닐다이머디리놀리에이트, 폴리글리세릴-6스테아레이트, 1,2-헥산다이올, 펜틸렌글라이콜, 폴리하이드록시스테아릭애씨드, C20-22알킬포스페이트, 알루미늄하이드록사이드, 메칠렌비스-벤조트리아졸릴테트라메칠부틸페놀, 스테아릭애씨드, 포타슘세틸포스페이트, 하이드록시아세토페논, C12-20알킬글루코사이드, 폴리아크릴레이트크로스폴리머-6, 실리카, 트로메타민, 폴리글리세릴-2다이폴리하이드록시스테아레이트, 폴리글리세릴-6베헤네이트, 데실글루코사이드, 하이드록시프로필메틸셀룰로오스스테아록시에터, 소듐폴리아크릴로일다이메틸타우레이트, 아데노신, 트라이에톡시카프릴릴실레인, 트라이소듐에틸렌다이아민다이석시네이트, 부틸렌글라이콜, 글루코오스, 세테아릴알코올, C14-22알코올, C20-22알코올, 잔탄검, t-부틸알코올, 리모넨, 리날룰, 황색산화철 (CI 77492), 적색산화철 (CI 77491), 흑색산화철 (CI 77499)",모든 피부,npho****,2022.06.24,올인원만 바르고 다녔는데  톤업 로션 처음 사서 사용하는데 선크림을 따로 바르지 않아도 될 것 같고 BB대용으로 사용하기에도 무난한 것 같네요.,5,_alchera_none_
19,20221016_015717,프라이버/베이스,갸스비 에이아이덤 톤업 로션 50ml,https://www.oliveyoung.co.kr/store/goods/getGoodsDetail.do?goodsNo=A000000168301&dispCatNo=1000001000200010003&trackingCd&curation&egcode&rccode&egrankcode,갸스비,갸스비 에이아이덤 톤업 로션 50ml,25000,21200,,"정제수, 다이프로필렌글라이콜, 판테놀, 티타늄디옥사이드 (CI 77891), 다이부틸아디페이트, 아이소노닐아이소노나노에이트, 부틸옥틸살리실레이트, 페네틸벤조에이트, 글리세린, 디에칠아미노하이드록시벤조일헥실벤조에이트, 나이아신아마이드, 변성알코올, 편백오일, 베르가모트오일, 유칼립투스잎오일, 병풀추출물, 사과추출물, 에칠헥실트리아존, 글리세레스-26, 피토스테릴/이소스테아릴/세틸/스테아릴/베헤닐다이머디리놀리에이트, 폴리글리세릴-6스테아레이트, 1,2-헥산다이올, 펜틸렌글라이콜, 폴리하이드록시스테아릭애씨드, C20-22알킬포스페이트, 알루미늄하이드록사이드, 메칠렌비스-벤조트리아졸릴테트라메칠부틸페놀, 스테아릭애씨드, 포타슘세틸포스페이트, 하이드록시아세토페논, C12-20알킬글루코사이드, 폴리아크릴레이트크로스폴리머-6, 실리카, 트로메타민, 폴리글리세릴-2다이폴리하이드록시스테아레이트, 폴리글리세릴-6베헤네이트, 데실글루코사이드, 하이드록시프로필메틸셀룰로오스스테아록시에터, 소듐폴리아크릴로일다이메틸타우레이트, 아데노신, 트라이에톡시카프릴릴실레인, 트라이소듐에틸렌다이아민다이석시네이트, 부틸렌글라이콜, 글루코오스, 세테아릴알코올, C14-22알코올, C20-22알코올, 잔탄검, t-부틸알코올, 리모넨, 리날룰, 황색산화철 (CI 77492), 적색산화철 (CI 77491), 흑색산화철 (CI 77499)",모든 피부,cehjjm****,2022.06.23,이거 사용하면서 썬크림 안쓰고 있어요. 적당히 얼굴이 화사해져서 좋네요! 조금만 짜도 얼굴에 충분해서 오래 사용할 수 있을 것 같아요!,5,_alchera_none_
20,20221016_015720,프라이버/베이스,갸스비 에이아이덤 톤업 로션 50ml,https://www.oliveyoung.co.kr/store/goods/getGoodsDetail.do?goodsNo=A000000168301&dispCatNo=1000001000200010003&trackingCd&curation&egcode&rccode&egrankcode,갸스비,갸스비 에이아이덤 톤업 로션 50ml,25000,21200,,"정제수, 다이프로필렌글라이콜, 판테놀, 티타늄디옥사이드 (CI 77891), 다이부틸아디페이트, 아이소노닐아이소노나노에이트, 부틸옥틸살리실레이트, 페네틸벤조에이트, 글리세린, 디에칠아미노하이드록시벤조일헥실벤조에이트, 나이아신아마이드, 변성알코올, 편백오일, 베르가모트오일, 유칼립투스잎오일, 병풀추출물, 사과추출물, 에칠헥실트리아존, 글리세레스-26, 피토스테릴/이소스테아릴/세틸/스테아릴/베헤닐다이머디리놀리에이트, 폴리글리세릴-6스테아레이트, 1,2-헥산다이올, 펜틸렌글라이콜, 폴리하이드록시스테아릭애씨드, C20-22알킬포스페이트, 알루미늄하이드록사이드, 메칠렌비스-벤조트리아졸릴테트라메칠부틸페놀, 스테아릭애씨드, 포타슘세틸포스페이트, 하이드록시아세토페논, C12-20알킬글루코사이드, 폴리아크릴레이트크로스폴리머-6, 실리카, 트로메타민, 폴리글리세릴-2다이폴리하이드록시스테아레이트, 폴리글리세릴-6베헤네이트, 데실글루코사이드, 하이드록시프로필메틸셀룰로오스스테아록시에터, 소듐폴리아크릴로일다이메틸타우레이트, 아데노신, 트라이에톡시카프릴릴실레인, 트라이소듐에틸렌다이아민다이석시네이트, 부틸렌글라이콜, 글루코오스, 세테아릴알코올, C14-22알코올, C20-22알코올, 잔탄검, t-부틸알코올, 리모넨, 리날룰, 황색산화철 (CI 77492), 적색산화철 (CI 77491), 흑색산화철 (CI 77499)",모든 피부,lunar****,2022.07.04,남성 브랜드 톤업 로션 궁금해서 처음 써 봤습니다 저는 피부결이 안 좋아서 뭐든 잘 뜨는 편인데 이건 촉촉하니 잘 뜨지 않아서 좋네요 이거 바르고 난 다음에 파우더 얹어 주면 여름에도 쓰기 딱 좋은 것 같아요 굿굿,5,_alchera_none_
21,20221016_015721,프라이버/베이스,갸스비 에이아이덤 톤업 로션 50ml,https://www.oliveyoung.co.kr/store/goods/getGoodsDetail.do?goodsNo=A000000168301&dispCatNo=1000001000200010003&trackingCd&curation&egcode&rccode&egrankcode,갸스비,갸스비 에이아이덤 톤업 로션 50ml,25000,21200,,"정제수, 다이프로필렌글라이콜, 판테놀, 티타늄디옥사이드 (CI 77891), 다이부틸아디페이트, 아이소노닐아이소노나노에이트, 부틸옥틸살리실레이트, 페네틸벤조에이트, 글리세린, 디에칠아미노하이드록시벤조일헥실벤조에이트, 나이아신아마이드, 변성알코올, 편백오일, 베르가모트오일, 유칼립투스잎오일, 병풀추출물, 사과추출물, 에칠헥실트리아존, 글리세레스-26, 피토스테릴/이소스테아릴/세틸/스테아릴/베헤닐다이머디리놀리에이트, 폴리글리세릴-6스테아레이트, 1,2-헥산다이올, 펜틸렌글라이콜, 폴리하이드록시스테아릭애씨드, C20-22알킬포스페이트, 알루미늄하이드록사이드, 메칠렌비스-벤조트리아졸릴테트라메칠부틸페놀, 스테아릭애씨드, 포타슘세틸포스페이트, 하이드록시아세토페논, C12-20알킬글루코사이드, 폴리아크릴레이트크로스폴리머-6, 실리카, 트로메타민, 폴리글리세릴-2다이폴리하이드록시스테아레이트, 폴리글리세릴-6베헤네이트, 데실글루코사이드, 하이드록시프로필메틸셀룰로오스스테아록시에터, 소듐폴리아크릴로일다이메틸타우레이트, 아데노신, 트라이에톡시카프릴릴실레인, 트라이소듐에틸렌다이아민다이석시네이트, 부틸렌글라이콜, 글루코오스, 세테아릴알코올, C14-22알코올, C20-22알코올, 잔탄검, t-부틸알코올, 리모넨, 리날룰, 황색산화철 (CI 77492), 적색산화철 (CI 77491), 흑색산화철 (CI 77499)",모든 피부,squidwa****,2022.06.30,"너무티나게 하얘지지 않고 발림성도 괜찮은거 같네요
행사로 가격도 적당한고",5,_alchera_none_
