,timestamp,category,productName,urlProduct,brand,productName.1,price1,price2,Color,ingredients,skinType,username,datePublished,reviewText,score,reviewerSkinType
0,20221015_095907,아이브로우,갸스비 간단 수정 아이브로우 0.25g,https://www.oliveyoung.co.kr/store/goods/getGoodsDetail.do?goodsNo=A000000168299&dispCatNo=1000001000200070004&trackingCd&curation&egcode&rccode&egrankcode,갸스비,갸스비 간단 수정 아이브로우 0.25g,12000,12000,,"흑색산화철 (CI 77499),마이카 (CI 77019),쌀겨왁스,팔미틱애씨드,합성재팬왁스,칸데릴라왁스,스테아릭애씨드,티타늄디옥사이드 (CI 77891),적색산화철 (CI 77491),합성비즈왁스,황색산화철 (CI 77492),마이크로크리스탈린왁스,폴리글리세릴-2트라이아이소스테아레이트,검정콩추출물,토코페롤,부틸렌글라이콜,변성알코올,비에이치티",모든 피부타입,소니소니,2022.06.23,"남동생 눈썹이 하나도 관리안하고 너무 노답이여서.. 
남동생을 위해 하나 구매했는데 생각보다 너무 괜찮아서 여자인 제가씁니다 ㅋㅋ

후기 귀찮아서 안쓰는데.. 생각보다 아이브로우 넘 좋아서 써봅니다

색상은 일단 진한 브라운 느낌이 강한 아이브로우로 흑발한테 쓰기 좋은 컬러입니당

일단 부드럽게 잘 그려져서 사용하기 넘 쉽고 
지속력도 괜찮은것 같습니다. 

얇게 그릴려고 세워서 그리면 얇게 그려지고
뉘여서 그리면 굴게 그릴수 있어서 잘 조절해서 그릴수 있어서 좋았어여 

남자들 진짜 이걸로 눈썹 관리좀 했으면 좋겠습니다 ㅜㅜ

눈썹만 조금 그려도 완전 인상이 달라지는데..
펜슬+스크류+수정팁으로 되어 있어서 초보자도 사용하기 좋을듯

사진은 갸스비 간단 수정아이브로우로 그린 저의 눈썹입니다
슥슥 그리기 쉬워서 만족합니다!!",5,건성;쿨톤;각질;모공
1,20221015_095908,아이브로우,갸스비 간단 수정 아이브로우 0.25g,https://www.oliveyoung.co.kr/store/goods/getGoodsDetail.do?goodsNo=A000000168299&dispCatNo=1000001000200070004&trackingCd&curation&egcode&rccode&egrankcode,갸스비,갸스비 간단 수정 아이브로우 0.25g,12000,12000,,"흑색산화철 (CI 77499),마이카 (CI 77019),쌀겨왁스,팔미틱애씨드,합성재팬왁스,칸데릴라왁스,스테아릭애씨드,티타늄디옥사이드 (CI 77891),적색산화철 (CI 77491),합성비즈왁스,황색산화철 (CI 77492),마이크로크리스탈린왁스,폴리글리세릴-2트라이아이소스테아레이트,검정콩추출물,토코페롤,부틸렌글라이콜,변성알코올,비에이치티",모든 피부타입,ljm****,2022.06.30,"나이가 조금씩 들다보니 눈썹 뒷부분이 조금씩 
연해지는거같아 문신을 해야하나 고민했습니다

갑자기 문신을 하면 많이 어색할거같아 
처음으로 눈썹을 갸스비 제품으로 그려보았는데
처음엔 어려울것같았지만 
브러쉬로 결을 정리해주로
펜슬로 대충 뒤에를 채워주고 스펀지로 문질러주니
자연스럽게 잘 채워졌습니다

색상은 흑갈색이라 더 자연스러웠습니다
너무 무른제형은 너무 부자연스럽게 진하게 그려질것같은데 이 제품은 단단한 하드타입이라 

같이구매한 갸스비 톤업크림을 바르고 위에 그리니 자연스럽게 잘 어울려졌습니다^^",5,_alchera_none_
2,20221015_095910,아이브로우,갸스비 간단 수정 아이브로우 0.25g,https://www.oliveyoung.co.kr/store/goods/getGoodsDetail.do?goodsNo=A000000168299&dispCatNo=1000001000200070004&trackingCd&curation&egcode&rccode&egrankcode,갸스비,갸스비 간단 수정 아이브로우 0.25g,12000,12000,,"흑색산화철 (CI 77499),마이카 (CI 77019),쌀겨왁스,팔미틱애씨드,합성재팬왁스,칸데릴라왁스,스테아릭애씨드,티타늄디옥사이드 (CI 77891),적색산화철 (CI 77491),합성비즈왁스,황색산화철 (CI 77492),마이크로크리스탈린왁스,폴리글리세릴-2트라이아이소스테아레이트,검정콩추출물,토코페롤,부틸렌글라이콜,변성알코올,비에이치티",모든 피부타입,hansou****,2022.07.14,"컬러도 좋고 쓰기도 쉬운데, 뭣보다 눈썹 정리하는 부분이 마음에 들었습니. 다른데건 너무 작거나 일자라서 손을 꺽어서 사용했어야 했는데 갸스비는 이미 꺾여 있어서 쓰기 편했습니다. 원래는 다른데서 세일하는 것만 썼는데 슬슬 갸스비로 정착해도 될 듯...",5,_alchera_none_
3,20221015_095911,아이브로우,갸스비 간단 수정 아이브로우 0.25g,https://www.oliveyoung.co.kr/store/goods/getGoodsDetail.do?goodsNo=A000000168299&dispCatNo=1000001000200070004&trackingCd&curation&egcode&rccode&egrankcode,갸스비,갸스비 간단 수정 아이브로우 0.25g,12000,12000,,"흑색산화철 (CI 77499),마이카 (CI 77019),쌀겨왁스,팔미틱애씨드,합성재팬왁스,칸데릴라왁스,스테아릭애씨드,티타늄디옥사이드 (CI 77891),적색산화철 (CI 77491),합성비즈왁스,황색산화철 (CI 77492),마이크로크리스탈린왁스,폴리글리세릴-2트라이아이소스테아레이트,검정콩추출물,토코페롤,부틸렌글라이콜,변성알코올,비에이치티",모든 피부타입,핫핫핫,2022.07.04,자연스러운 컬러라서 일단 합격! 진하게 그려지지 않고 자연스럽게 눈썹 채워주는 느낌이라서 초보자들도 쓰기 쉬울 것 같아요! 그리고 맨살에 그려도 잘 그려져서 더 좋았어요,5,_alchera_none_
4,20221015_095912,아이브로우,갸스비 간단 수정 아이브로우 0.25g,https://www.oliveyoung.co.kr/store/goods/getGoodsDetail.do?goodsNo=A000000168299&dispCatNo=1000001000200070004&trackingCd&curation&egcode&rccode&egrankcode,갸스비,갸스비 간단 수정 아이브로우 0.25g,12000,12000,,"흑색산화철 (CI 77499),마이카 (CI 77019),쌀겨왁스,팔미틱애씨드,합성재팬왁스,칸데릴라왁스,스테아릭애씨드,티타늄디옥사이드 (CI 77891),적색산화철 (CI 77491),합성비즈왁스,황색산화철 (CI 77492),마이크로크리스탈린왁스,폴리글리세릴-2트라이아이소스테아레이트,검정콩추출물,토코페롤,부틸렌글라이콜,변성알코올,비에이치티",모든 피부타입,po****,2022.07.04,우선 검정색이 아니라 좋았습니다. 대부분 검정으로 하면 너무 두껍거나 강한 인상이 있어서 짱구같은 느낌이 많이 났는데 갸스비 아이브로우는 진한 브라운이라 자연스러운것 같아요. 특히 수정 스펀지?가 아주 좋습니다. 라인 넘치거나 너무 뭉치면 슥슥하면 깔끔하게 수정 됩니다. 대만족,5,_alchera_none_
5,20221015_095913,아이브로우,갸스비 간단 수정 아이브로우 0.25g,https://www.oliveyoung.co.kr/store/goods/getGoodsDetail.do?goodsNo=A000000168299&dispCatNo=1000001000200070004&trackingCd&curation&egcode&rccode&egrankcode,갸스비,갸스비 간단 수정 아이브로우 0.25g,12000,12000,,"흑색산화철 (CI 77499),마이카 (CI 77019),쌀겨왁스,팔미틱애씨드,합성재팬왁스,칸데릴라왁스,스테아릭애씨드,티타늄디옥사이드 (CI 77891),적색산화철 (CI 77491),합성비즈왁스,황색산화철 (CI 77492),마이크로크리스탈린왁스,폴리글리세릴-2트라이아이소스테아레이트,검정콩추출물,토코페롤,부틸렌글라이콜,변성알코올,비에이치티",모든 피부타입,mini****,2022.07.04,"남성용 제품이다 보니 사용 편의성이 가장 중요하다고 생각하는데요.

처음에는 사용하는게 어색했는데 사용하다보니 금방 적응해서 요즘은 쓱싹- 잘 꾸미고 다닙니다ㅎㅎ

단순 피부 미용 뿐만 아니라 디테일한 자기관리가 필요한 남성분들에게 강추드랴요ㅎㅎ",5,_alchera_none_
6,20221015_095914,아이브로우,갸스비 간단 수정 아이브로우 0.25g,https://www.oliveyoung.co.kr/store/goods/getGoodsDetail.do?goodsNo=A000000168299&dispCatNo=1000001000200070004&trackingCd&curation&egcode&rccode&egrankcode,갸스비,갸스비 간단 수정 아이브로우 0.25g,12000,12000,,"흑색산화철 (CI 77499),마이카 (CI 77019),쌀겨왁스,팔미틱애씨드,합성재팬왁스,칸데릴라왁스,스테아릭애씨드,티타늄디옥사이드 (CI 77891),적색산화철 (CI 77491),합성비즈왁스,황색산화철 (CI 77492),마이크로크리스탈린왁스,폴리글리세릴-2트라이아이소스테아레이트,검정콩추출물,토코페롤,부틸렌글라이콜,변성알코올,비에이치티",모든 피부타입,lil****,2022.06.27,"갓 20살이된 조카의 생일 선물로 썬크림 기능이 있는 톤업 로션 찾다가 풀 셋으로 플렉스합니다.
일단 상품 디자인이 깔꼼하니 세련미 넘치네요

쓰는 법을 알려주느라 저도 함 써봤는데요.
일단 진갈색입니다
좀 단단한 편이네요...그래서 눈썹 사이사이 잘 메워져요..
요게요 브러시인가요,,요게 구부러져있어 정리하기 더 편한것 같아요",5,_alchera_none_
7,20221015_095915,아이브로우,갸스비 간단 수정 아이브로우 0.25g,https://www.oliveyoung.co.kr/store/goods/getGoodsDetail.do?goodsNo=A000000168299&dispCatNo=1000001000200070004&trackingCd&curation&egcode&rccode&egrankcode,갸스비,갸스비 간단 수정 아이브로우 0.25g,12000,12000,,"흑색산화철 (CI 77499),마이카 (CI 77019),쌀겨왁스,팔미틱애씨드,합성재팬왁스,칸데릴라왁스,스테아릭애씨드,티타늄디옥사이드 (CI 77891),적색산화철 (CI 77491),합성비즈왁스,황색산화철 (CI 77492),마이크로크리스탈린왁스,폴리글리세릴-2트라이아이소스테아레이트,검정콩추출물,토코페롤,부틸렌글라이콜,변성알코올,비에이치티",모든 피부타입,jii****,2022.06.27,"스폰지와 브러쉬가 붙어있어 편리하궁
너무 부드럽지 않고 적적히 딱딱해서
쓱쓱 그려지지 않는 부분이 오히려
초보자들도 사용하기 편리한 부분인 거 같아요",5,_alchera_none_
8,20221015_095916,아이브로우,갸스비 간단 수정 아이브로우 0.25g,https://www.oliveyoung.co.kr/store/goods/getGoodsDetail.do?goodsNo=A000000168299&dispCatNo=1000001000200070004&trackingCd&curation&egcode&rccode&egrankcode,갸스비,갸스비 간단 수정 아이브로우 0.25g,12000,12000,,"흑색산화철 (CI 77499),마이카 (CI 77019),쌀겨왁스,팔미틱애씨드,합성재팬왁스,칸데릴라왁스,스테아릭애씨드,티타늄디옥사이드 (CI 77891),적색산화철 (CI 77491),합성비즈왁스,황색산화철 (CI 77492),마이크로크리스탈린왁스,폴리글리세릴-2트라이아이소스테아레이트,검정콩추출물,토코페롤,부틸렌글라이콜,변성알코올,비에이치티",모든 피부타입,rad****,2022.06.24,"사용이 익숙하지 않아서 사용하기 어려우면 어쩌나 싶었는데 쓰기 편하네요. 
진하게 칠해지지 않아서 실수를 해도 뒤에 있는 팁? 지우개?로 지우기 편했고
여러번 칠하면서 원하는 정도로 만들기 좋네요. 
저같은 초보가 쓰기에는 자연스럽고 좋았어요.",5,_alchera_none_
9,20221015_095917,아이브로우,갸스비 간단 수정 아이브로우 0.25g,https://www.oliveyoung.co.kr/store/goods/getGoodsDetail.do?goodsNo=A000000168299&dispCatNo=1000001000200070004&trackingCd&curation&egcode&rccode&egrankcode,갸스비,갸스비 간단 수정 아이브로우 0.25g,12000,12000,,"흑색산화철 (CI 77499),마이카 (CI 77019),쌀겨왁스,팔미틱애씨드,합성재팬왁스,칸데릴라왁스,스테아릭애씨드,티타늄디옥사이드 (CI 77891),적색산화철 (CI 77491),합성비즈왁스,황색산화철 (CI 77492),마이크로크리스탈린왁스,폴리글리세릴-2트라이아이소스테아레이트,검정콩추출물,토코페롤,부틸렌글라이콜,변성알코올,비에이치티",모든 피부타입,naigt****,2022.06.27,"눈썹은 어느 정도 정리된 상태이기는 한데, 색깔이 조금 부족해서 구매했습니다. 펜슬에 스크류와 수정팁이 있어, 처음 사용하시는 분들도 그리기도 수정하기도 쉽네요. 주말 이틀 써봤는데, 색깔은 그레이브라운으로 노란끼가 없어서 남자한테는 좋은 색깔이네요.",5,_alchera_none_
10,20221015_095921,아이브로우,갸스비 간단 수정 아이브로우 0.25g,https://www.oliveyoung.co.kr/store/goods/getGoodsDetail.do?goodsNo=A000000168299&dispCatNo=1000001000200070004&trackingCd&curation&egcode&rccode&egrankcode,갸스비,갸스비 간단 수정 아이브로우 0.25g,12000,12000,,"흑색산화철 (CI 77499),마이카 (CI 77019),쌀겨왁스,팔미틱애씨드,합성재팬왁스,칸데릴라왁스,스테아릭애씨드,티타늄디옥사이드 (CI 77891),적색산화철 (CI 77491),합성비즈왁스,황색산화철 (CI 77492),마이크로크리스탈린왁스,폴리글리세릴-2트라이아이소스테아레이트,검정콩추출물,토코페롤,부틸렌글라이콜,변성알코올,비에이치티",모든 피부타입,lunar****,2022.07.04,제 눈썹이 두꺼운데 사이사이 채우는 용으로 잘 쓰고 있습니다 색도 자연스럽고 슥슥 잘 그려져서 만족하며 쓰고 있어요  써 보니 괜찮아서 추천합니다!,5,_alchera_none_
11,20221015_095922,아이브로우,갸스비 간단 수정 아이브로우 0.25g,https://www.oliveyoung.co.kr/store/goods/getGoodsDetail.do?goodsNo=A000000168299&dispCatNo=1000001000200070004&trackingCd&curation&egcode&rccode&egrankcode,갸스비,갸스비 간단 수정 아이브로우 0.25g,12000,12000,,"흑색산화철 (CI 77499),마이카 (CI 77019),쌀겨왁스,팔미틱애씨드,합성재팬왁스,칸데릴라왁스,스테아릭애씨드,티타늄디옥사이드 (CI 77891),적색산화철 (CI 77491),합성비즈왁스,황색산화철 (CI 77492),마이크로크리스탈린왁스,폴리글리세릴-2트라이아이소스테아레이트,검정콩추출물,토코페롤,부틸렌글라이콜,변성알코올,비에이치티",모든 피부타입,skyl****,2022.06.28,뭉쳐서 진하게 그려지는게 아니고 하드타입이라 자연스럽게 그려집니다. 티나지 않고 오전에 그리면 오후까지도 거의 그대로 유지되는 것 같아요,5,_alchera_none_
12,20221015_095923,아이브로우,갸스비 간단 수정 아이브로우 0.25g,https://www.oliveyoung.co.kr/store/goods/getGoodsDetail.do?goodsNo=A000000168299&dispCatNo=1000001000200070004&trackingCd&curation&egcode&rccode&egrankcode,갸스비,갸스비 간단 수정 아이브로우 0.25g,12000,12000,,"흑색산화철 (CI 77499),마이카 (CI 77019),쌀겨왁스,팔미틱애씨드,합성재팬왁스,칸데릴라왁스,스테아릭애씨드,티타늄디옥사이드 (CI 77891),적색산화철 (CI 77491),합성비즈왁스,황색산화철 (CI 77492),마이크로크리스탈린왁스,폴리글리세릴-2트라이아이소스테아레이트,검정콩추출물,토코페롤,부틸렌글라이콜,변성알코올,비에이치티",모든 피부타입,cehjjm****,2022.06.23,"여자 눈썹에도 색상 자연스럽고 예쁩니다. 한쪽에 솔 달려있어서 먼저 정리하고, 눈썹 그리고 다시 정리하기에 좋아요.",5,_alchera_none_
13,20221015_095924,아이브로우,갸스비 간단 수정 아이브로우 0.25g,https://www.oliveyoung.co.kr/store/goods/getGoodsDetail.do?goodsNo=A000000168299&dispCatNo=1000001000200070004&trackingCd&curation&egcode&rccode&egrankcode,갸스비,갸스비 간단 수정 아이브로우 0.25g,12000,12000,,"흑색산화철 (CI 77499),마이카 (CI 77019),쌀겨왁스,팔미틱애씨드,합성재팬왁스,칸데릴라왁스,스테아릭애씨드,티타늄디옥사이드 (CI 77891),적색산화철 (CI 77491),합성비즈왁스,황색산화철 (CI 77492),마이크로크리스탈린왁스,폴리글리세릴-2트라이아이소스테아레이트,검정콩추출물,토코페롤,부틸렌글라이콜,변성알코올,비에이치티",모든 피부타입,squidwa****,2022.06.30,"행사하길래 하나 사봤습니다.
빈곳을 잘 채워주는거 같아요. 괜찮네요",5,_alchera_none_
14,20221015_095925,아이브로우,갸스비 간단 수정 아이브로우 0.25g,https://www.oliveyoung.co.kr/store/goods/getGoodsDetail.do?goodsNo=A000000168299&dispCatNo=1000001000200070004&trackingCd&curation&egcode&rccode&egrankcode,갸스비,갸스비 간단 수정 아이브로우 0.25g,12000,12000,,"흑색산화철 (CI 77499),마이카 (CI 77019),쌀겨왁스,팔미틱애씨드,합성재팬왁스,칸데릴라왁스,스테아릭애씨드,티타늄디옥사이드 (CI 77891),적색산화철 (CI 77491),합성비즈왁스,황색산화철 (CI 77492),마이크로크리스탈린왁스,폴리글리세릴-2트라이아이소스테아레이트,검정콩추출물,토코페롤,부틸렌글라이콜,변성알코올,비에이치티",모든 피부타입,npho****,2022.06.24,눈썹 생각보다 중요하네요...의심하며 샀는데 눈썹만 제대로 해도 얼굴 이미지가 확 달라져서 보기 좋습니다.,5,_alchera_none_
15,20221015_095926,아이브로우,갸스비 간단 수정 아이브로우 0.25g,https://www.oliveyoung.co.kr/store/goods/getGoodsDetail.do?goodsNo=A000000168299&dispCatNo=1000001000200070004&trackingCd&curation&egcode&rccode&egrankcode,갸스비,갸스비 간단 수정 아이브로우 0.25g,12000,12000,,"흑색산화철 (CI 77499),마이카 (CI 77019),쌀겨왁스,팔미틱애씨드,합성재팬왁스,칸데릴라왁스,스테아릭애씨드,티타늄디옥사이드 (CI 77891),적색산화철 (CI 77491),합성비즈왁스,황색산화철 (CI 77492),마이크로크리스탈린왁스,폴리글리세릴-2트라이아이소스테아레이트,검정콩추출물,토코페롤,부틸렌글라이콜,변성알코올,비에이치티",모든 피부타입,zonk****,2022.06.22,"자연스러운 컬러에 뭉침없이 그려져서 사용하기 편해요.
아침에 한번 사용으로 하루종일 유지되서 좋아요.",5,_alchera_none_
