,timestamp,category,productName,urlProduct,brand,productName.1,price1,price2,Color,ingredients,skinType,username,datePublished,reviewText,score,reviewerSkinType
0,20221016_025400,프라이버/베이스,그라펜 원스텝 톤업크림 50g,https://www.oliveyoung.co.kr/store/goods/getGoodsDetail.do?goodsNo=A000000161354&dispCatNo=1000001000200010003&trackingCd&curation&egcode&rccode&egrankcode,그라펜,그라펜 원스텝 톤업크림 50g,18000,18000,,"정제수, 부틸렌글라이콜, 프로판다이올, 사이클로펜타실록세인, 티타늄디옥사이드, 사이클로헥사실록세인, 1,2-헥산다이올, 나이아신아마이드, 펜타에리스리틸테트라에틸헥사노에이트, 다이메티콘/비닐다이메티콘크로스폴리머, 폴리솔베이트60, 다이메티콘, 소듐아크릴레이트/소듐아크릴로일다이메틸타우레이트코폴리머, 비스-피이지/피피지-20/5피이지/피피지-20/5다이메티콘, 메톡시피이지/피피지-25/4다이메티콘, 하이드록시에틸아크릴레이트/소듐아크릴로일다이메틸타우레이트코폴리머, 소듐폴리아크릴레이트, 아이소헥사데칸, 스쿠알란, 다이메티콘올, 카프릴릭/카프릭트라이글리세라이드, 폴리솔베이트80, 글리세린, 트라이에톡시카프릴릴실레인, 알루미늄하이드록사이드, 알로에베라잎추출물, 에틸헥실글리세린, 솔비탄올리에이트, 아데노신, 솔비탄아이소스테아레이트, 다이소듐이디티에이, 코튼추출물, 소듐하이알루로네이트, 하이알루로닉애씨드, 하이드롤라이즈드하이알루로닉애씨드, 돌나물추출물, 프로방스장미꽃추출물, 카멜그라스추출물, 라임껍질추출물, 애플민트잎추출물, 펜타에리스리틸테트라-다이-t-부틸하이드록시하이드로신나메이트",모든 피부 사용,후링이,2022.09.26,발림성도 자연스럽고 피부에 들뜨지 않게 자연스럽게 올라가요!,3,건성;쿨톤;탄력
1,20221016_025401,프라이버/베이스,그라펜 원스텝 톤업크림 50g,https://www.oliveyoung.co.kr/store/goods/getGoodsDetail.do?goodsNo=A000000161354&dispCatNo=1000001000200010003&trackingCd&curation&egcode&rccode&egrankcode,그라펜,그라펜 원스텝 톤업크림 50g,18000,18000,,"정제수, 부틸렌글라이콜, 프로판다이올, 사이클로펜타실록세인, 티타늄디옥사이드, 사이클로헥사실록세인, 1,2-헥산다이올, 나이아신아마이드, 펜타에리스리틸테트라에틸헥사노에이트, 다이메티콘/비닐다이메티콘크로스폴리머, 폴리솔베이트60, 다이메티콘, 소듐아크릴레이트/소듐아크릴로일다이메틸타우레이트코폴리머, 비스-피이지/피피지-20/5피이지/피피지-20/5다이메티콘, 메톡시피이지/피피지-25/4다이메티콘, 하이드록시에틸아크릴레이트/소듐아크릴로일다이메틸타우레이트코폴리머, 소듐폴리아크릴레이트, 아이소헥사데칸, 스쿠알란, 다이메티콘올, 카프릴릭/카프릭트라이글리세라이드, 폴리솔베이트80, 글리세린, 트라이에톡시카프릴릴실레인, 알루미늄하이드록사이드, 알로에베라잎추출물, 에틸헥실글리세린, 솔비탄올리에이트, 아데노신, 솔비탄아이소스테아레이트, 다이소듐이디티에이, 코튼추출물, 소듐하이알루로네이트, 하이알루로닉애씨드, 하이드롤라이즈드하이알루로닉애씨드, 돌나물추출물, 프로방스장미꽃추출물, 카멜그라스추출물, 라임껍질추출물, 애플민트잎추출물, 펜타에리스리틸테트라-다이-t-부틸하이드록시하이드로신나메이트",모든 피부 사용,콕끼,2022.09.24,9월 7일에 주문했는데 9월 21일에 받았어요..ㅎㅎ 배송 무슨 일..? 매장에서 사 오는게 낫겠다 싶었는데 중간에 취소도 안되고..,3,_alchera_none_
2,20221016_025402,프라이버/베이스,그라펜 원스텝 톤업크림 50g,https://www.oliveyoung.co.kr/store/goods/getGoodsDetail.do?goodsNo=A000000161354&dispCatNo=1000001000200010003&trackingCd&curation&egcode&rccode&egrankcode,그라펜,그라펜 원스텝 톤업크림 50g,18000,18000,,"정제수, 부틸렌글라이콜, 프로판다이올, 사이클로펜타실록세인, 티타늄디옥사이드, 사이클로헥사실록세인, 1,2-헥산다이올, 나이아신아마이드, 펜타에리스리틸테트라에틸헥사노에이트, 다이메티콘/비닐다이메티콘크로스폴리머, 폴리솔베이트60, 다이메티콘, 소듐아크릴레이트/소듐아크릴로일다이메틸타우레이트코폴리머, 비스-피이지/피피지-20/5피이지/피피지-20/5다이메티콘, 메톡시피이지/피피지-25/4다이메티콘, 하이드록시에틸아크릴레이트/소듐아크릴로일다이메틸타우레이트코폴리머, 소듐폴리아크릴레이트, 아이소헥사데칸, 스쿠알란, 다이메티콘올, 카프릴릭/카프릭트라이글리세라이드, 폴리솔베이트80, 글리세린, 트라이에톡시카프릴릴실레인, 알루미늄하이드록사이드, 알로에베라잎추출물, 에틸헥실글리세린, 솔비탄올리에이트, 아데노신, 솔비탄아이소스테아레이트, 다이소듐이디티에이, 코튼추출물, 소듐하이알루로네이트, 하이알루로닉애씨드, 하이드롤라이즈드하이알루로닉애씨드, 돌나물추출물, 프로방스장미꽃추출물, 카멜그라스추출물, 라임껍질추출물, 애플민트잎추출물, 펜타에리스리틸테트라-다이-t-부틸하이드록시하이드로신나메이트",모든 피부 사용,p1****,2022.06.02,"남자 톤업 크림이 필요해서 매장 방문할 때마다 다양한 제품들을 테스트 해보았습니다🙂 화장을 전혀 하지 않는 남자 친구가 바를 제품이어서 처음부터 비비나 파운데이션 같은 제형은 너무 부담스럽고 로션까지는 아니어도 선크림 정도의 제형이면 덜 부담스럽게 사용할 수 있을거라고 생각했는데 이 제품이 딱 그 느낌이었어요✨
손등 테스트를 해보았을 때 피부 화장한 느낌으로 끼는 제품이 많았는데 이 제품은 선크림처럼 너무 무겁지 않아서 좋았어요 !
물론 끼는 제품들이 그만큼 보정력이 높겠지만 화장을 처음 시작하는 남자 분이라면 이 제품도 만족할 듯..!
세일 가격으로 구입해서 가격도 저렴한 편이고 제형 특성상 뜨거나 그럴 일이 적어서 사계절 다 사용해도 될 것 같습니다~
장점이 가벼운 제형인 만큼 보정이 강하지는 않지만 자연스러워서 만족해요〰",4,_alchera_none_
3,20221016_025403,프라이버/베이스,그라펜 원스텝 톤업크림 50g,https://www.oliveyoung.co.kr/store/goods/getGoodsDetail.do?goodsNo=A000000161354&dispCatNo=1000001000200010003&trackingCd&curation&egcode&rccode&egrankcode,그라펜,그라펜 원스텝 톤업크림 50g,18000,18000,,"정제수, 부틸렌글라이콜, 프로판다이올, 사이클로펜타실록세인, 티타늄디옥사이드, 사이클로헥사실록세인, 1,2-헥산다이올, 나이아신아마이드, 펜타에리스리틸테트라에틸헥사노에이트, 다이메티콘/비닐다이메티콘크로스폴리머, 폴리솔베이트60, 다이메티콘, 소듐아크릴레이트/소듐아크릴로일다이메틸타우레이트코폴리머, 비스-피이지/피피지-20/5피이지/피피지-20/5다이메티콘, 메톡시피이지/피피지-25/4다이메티콘, 하이드록시에틸아크릴레이트/소듐아크릴로일다이메틸타우레이트코폴리머, 소듐폴리아크릴레이트, 아이소헥사데칸, 스쿠알란, 다이메티콘올, 카프릴릭/카프릭트라이글리세라이드, 폴리솔베이트80, 글리세린, 트라이에톡시카프릴릴실레인, 알루미늄하이드록사이드, 알로에베라잎추출물, 에틸헥실글리세린, 솔비탄올리에이트, 아데노신, 솔비탄아이소스테아레이트, 다이소듐이디티에이, 코튼추출물, 소듐하이알루로네이트, 하이알루로닉애씨드, 하이드롤라이즈드하이알루로닉애씨드, 돌나물추출물, 프로방스장미꽃추출물, 카멜그라스추출물, 라임껍질추출물, 애플민트잎추출물, 펜타에리스리틸테트라-다이-t-부틸하이드록시하이드로신나메이트",모든 피부 사용,fyak****,2022.09.06,솔직히 그라펜 제품치고 가격 저렴했던거 같고 한번쓰고 어떤 사람이 훔쳐가서 너무 짜증나고 아쉽지만 기존 리뷰 에서 봤던것보단 쓸만해요  발림성은 되게좋고 지속력은 그냥 보통인데 번짐같은게 없어서 좋았어요  써봐야 알지 뭐 근데.. 사람마다 다른것을   내돈주고 살만했습니다 솔직히 그라펜 제품치고 가격 저렴했던거 같고 한번쓰고 어떤 사람이 훔쳐가서 너무 짜증나고 아쉽지만 기존 리뷰 에서 봤던것보단 쓸만해요  발림성은 되게좋고 지속력은 그냥 보통인데 번짐같은게 없어서 좋았어요  써봐야 알지 뭐 근데.. 사람마다 다른것을   내돈주고 살만했습니다 솔직히 그라펜 제품치고 가격 저렴했던거 같고 한번쓰고 어떤 사람이 훔쳐가서 너무 짜증나고 아쉽지만 기존 리뷰 에서 봤던것보단 쓸만해요  발림성은 되게좋고 지속력은 그냥 보통인데 번짐같은게 없어서 좋았어요  써봐야 알지 뭐 근데.. 사람마다 다른것을   내돈주고 살만했습니다,5,_alchera_none_
4,20221016_025404,프라이버/베이스,그라펜 원스텝 톤업크림 50g,https://www.oliveyoung.co.kr/store/goods/getGoodsDetail.do?goodsNo=A000000161354&dispCatNo=1000001000200010003&trackingCd&curation&egcode&rccode&egrankcode,그라펜,그라펜 원스텝 톤업크림 50g,18000,18000,,"정제수, 부틸렌글라이콜, 프로판다이올, 사이클로펜타실록세인, 티타늄디옥사이드, 사이클로헥사실록세인, 1,2-헥산다이올, 나이아신아마이드, 펜타에리스리틸테트라에틸헥사노에이트, 다이메티콘/비닐다이메티콘크로스폴리머, 폴리솔베이트60, 다이메티콘, 소듐아크릴레이트/소듐아크릴로일다이메틸타우레이트코폴리머, 비스-피이지/피피지-20/5피이지/피피지-20/5다이메티콘, 메톡시피이지/피피지-25/4다이메티콘, 하이드록시에틸아크릴레이트/소듐아크릴로일다이메틸타우레이트코폴리머, 소듐폴리아크릴레이트, 아이소헥사데칸, 스쿠알란, 다이메티콘올, 카프릴릭/카프릭트라이글리세라이드, 폴리솔베이트80, 글리세린, 트라이에톡시카프릴릴실레인, 알루미늄하이드록사이드, 알로에베라잎추출물, 에틸헥실글리세린, 솔비탄올리에이트, 아데노신, 솔비탄아이소스테아레이트, 다이소듐이디티에이, 코튼추출물, 소듐하이알루로네이트, 하이알루로닉애씨드, 하이드롤라이즈드하이알루로닉애씨드, 돌나물추출물, 프로방스장미꽃추출물, 카멜그라스추출물, 라임껍질추출물, 애플민트잎추출물, 펜타에리스리틸테트라-다이-t-부틸하이드록시하이드로신나메이트",모든 피부 사용,mrcho****,2022.08.02,유분기 있는 선크림이랑 섞어서 바르니까 아주 좋아요. 톤업도 자연스럽고 화사한 피부톤으로 만들어줍니다.,5,_alchera_none_
5,20221016_025406,프라이버/베이스,그라펜 원스텝 톤업크림 50g,https://www.oliveyoung.co.kr/store/goods/getGoodsDetail.do?goodsNo=A000000161354&dispCatNo=1000001000200010003&trackingCd&curation&egcode&rccode&egrankcode,그라펜,그라펜 원스텝 톤업크림 50g,18000,18000,,"정제수, 부틸렌글라이콜, 프로판다이올, 사이클로펜타실록세인, 티타늄디옥사이드, 사이클로헥사실록세인, 1,2-헥산다이올, 나이아신아마이드, 펜타에리스리틸테트라에틸헥사노에이트, 다이메티콘/비닐다이메티콘크로스폴리머, 폴리솔베이트60, 다이메티콘, 소듐아크릴레이트/소듐아크릴로일다이메틸타우레이트코폴리머, 비스-피이지/피피지-20/5피이지/피피지-20/5다이메티콘, 메톡시피이지/피피지-25/4다이메티콘, 하이드록시에틸아크릴레이트/소듐아크릴로일다이메틸타우레이트코폴리머, 소듐폴리아크릴레이트, 아이소헥사데칸, 스쿠알란, 다이메티콘올, 카프릴릭/카프릭트라이글리세라이드, 폴리솔베이트80, 글리세린, 트라이에톡시카프릴릴실레인, 알루미늄하이드록사이드, 알로에베라잎추출물, 에틸헥실글리세린, 솔비탄올리에이트, 아데노신, 솔비탄아이소스테아레이트, 다이소듐이디티에이, 코튼추출물, 소듐하이알루로네이트, 하이알루로닉애씨드, 하이드롤라이즈드하이알루로닉애씨드, 돌나물추출물, 프로방스장미꽃추출물, 카멜그라스추출물, 라임껍질추출물, 애플민트잎추출물, 펜타에리스리틸테트라-다이-t-부틸하이드록시하이드로신나메이트",모든 피부 사용,kkkyo****,2022.10.14,앞으로 계속 사용할듯 남자라서 너무 과한건 꺼려볐는데 이게 딱이네요,5,_alchera_none_
6,20221016_025407,프라이버/베이스,그라펜 원스텝 톤업크림 50g,https://www.oliveyoung.co.kr/store/goods/getGoodsDetail.do?goodsNo=A000000161354&dispCatNo=1000001000200010003&trackingCd&curation&egcode&rccode&egrankcode,그라펜,그라펜 원스텝 톤업크림 50g,18000,18000,,"정제수, 부틸렌글라이콜, 프로판다이올, 사이클로펜타실록세인, 티타늄디옥사이드, 사이클로헥사실록세인, 1,2-헥산다이올, 나이아신아마이드, 펜타에리스리틸테트라에틸헥사노에이트, 다이메티콘/비닐다이메티콘크로스폴리머, 폴리솔베이트60, 다이메티콘, 소듐아크릴레이트/소듐아크릴로일다이메틸타우레이트코폴리머, 비스-피이지/피피지-20/5피이지/피피지-20/5다이메티콘, 메톡시피이지/피피지-25/4다이메티콘, 하이드록시에틸아크릴레이트/소듐아크릴로일다이메틸타우레이트코폴리머, 소듐폴리아크릴레이트, 아이소헥사데칸, 스쿠알란, 다이메티콘올, 카프릴릭/카프릭트라이글리세라이드, 폴리솔베이트80, 글리세린, 트라이에톡시카프릴릴실레인, 알루미늄하이드록사이드, 알로에베라잎추출물, 에틸헥실글리세린, 솔비탄올리에이트, 아데노신, 솔비탄아이소스테아레이트, 다이소듐이디티에이, 코튼추출물, 소듐하이알루로네이트, 하이알루로닉애씨드, 하이드롤라이즈드하이알루로닉애씨드, 돌나물추출물, 프로방스장미꽃추출물, 카멜그라스추출물, 라임껍질추출물, 애플민트잎추출물, 펜타에리스리틸테트라-다이-t-부틸하이드록시하이드로신나메이트",모든 피부 사용,wkdus****,2022.06.27,"제 동생이 사용한 후기입니다. 전체적으로 봤을 때 이 제품은 그냥 평타는 치는 것 같대요!!!!!!! 화장품 바르는 거 되게 귀찮아 하는 애라서 그냥 맨 얼굴에 발라봤는데, 그냥 맨 얼굴에 발랐을 때 하얗게 올라오더래요..... 모공 커버는 그냥 무난하고, 발림성은 괜찮은 편이더라고요. ...!!  하지만 지속력은 그렇게 좋지 않았대요!!!!!  몇 시간 안되어서 무너지는 것 같았다고 합니다ㅠㅠㅠㅠ  하지만 톤업 크림인 만큼 톤보정 측면에서는 확실히 효과가 있었습니당..!!!!!!! 제가 봤어요ㅎㅎㅎ  제 동생 말로는 적당히 촉촉해서 그냥 봄계절 가을계절에 쓰면 좋을 것 같다고 하더라고요.... 개인적으로는 가볍게 톤 보정하고 싶은 남성분들께 추천드립니다. 지속력은 그리 좋지 않다고 하니까요.",3,_alchera_none_
7,20221016_025408,프라이버/베이스,그라펜 원스텝 톤업크림 50g,https://www.oliveyoung.co.kr/store/goods/getGoodsDetail.do?goodsNo=A000000161354&dispCatNo=1000001000200010003&trackingCd&curation&egcode&rccode&egrankcode,그라펜,그라펜 원스텝 톤업크림 50g,18000,18000,,"정제수, 부틸렌글라이콜, 프로판다이올, 사이클로펜타실록세인, 티타늄디옥사이드, 사이클로헥사실록세인, 1,2-헥산다이올, 나이아신아마이드, 펜타에리스리틸테트라에틸헥사노에이트, 다이메티콘/비닐다이메티콘크로스폴리머, 폴리솔베이트60, 다이메티콘, 소듐아크릴레이트/소듐아크릴로일다이메틸타우레이트코폴리머, 비스-피이지/피피지-20/5피이지/피피지-20/5다이메티콘, 메톡시피이지/피피지-25/4다이메티콘, 하이드록시에틸아크릴레이트/소듐아크릴로일다이메틸타우레이트코폴리머, 소듐폴리아크릴레이트, 아이소헥사데칸, 스쿠알란, 다이메티콘올, 카프릴릭/카프릭트라이글리세라이드, 폴리솔베이트80, 글리세린, 트라이에톡시카프릴릴실레인, 알루미늄하이드록사이드, 알로에베라잎추출물, 에틸헥실글리세린, 솔비탄올리에이트, 아데노신, 솔비탄아이소스테아레이트, 다이소듐이디티에이, 코튼추출물, 소듐하이알루로네이트, 하이알루로닉애씨드, 하이드롤라이즈드하이알루로닉애씨드, 돌나물추출물, 프로방스장미꽃추출물, 카멜그라스추출물, 라임껍질추출물, 애플민트잎추출물, 펜타에리스리틸테트라-다이-t-부틸하이드록시하이드로신나메이트",모든 피부 사용,blackbox****,2022.09.18,"매번사용하는 제품으로 항상 만족하며 사용중입니다..
빠른배송 감사합니다.",5,_alchera_none_
8,20221016_025409,프라이버/베이스,그라펜 원스텝 톤업크림 50g,https://www.oliveyoung.co.kr/store/goods/getGoodsDetail.do?goodsNo=A000000161354&dispCatNo=1000001000200010003&trackingCd&curation&egcode&rccode&egrankcode,그라펜,그라펜 원스텝 톤업크림 50g,18000,18000,,"정제수, 부틸렌글라이콜, 프로판다이올, 사이클로펜타실록세인, 티타늄디옥사이드, 사이클로헥사실록세인, 1,2-헥산다이올, 나이아신아마이드, 펜타에리스리틸테트라에틸헥사노에이트, 다이메티콘/비닐다이메티콘크로스폴리머, 폴리솔베이트60, 다이메티콘, 소듐아크릴레이트/소듐아크릴로일다이메틸타우레이트코폴리머, 비스-피이지/피피지-20/5피이지/피피지-20/5다이메티콘, 메톡시피이지/피피지-25/4다이메티콘, 하이드록시에틸아크릴레이트/소듐아크릴로일다이메틸타우레이트코폴리머, 소듐폴리아크릴레이트, 아이소헥사데칸, 스쿠알란, 다이메티콘올, 카프릴릭/카프릭트라이글리세라이드, 폴리솔베이트80, 글리세린, 트라이에톡시카프릴릴실레인, 알루미늄하이드록사이드, 알로에베라잎추출물, 에틸헥실글리세린, 솔비탄올리에이트, 아데노신, 솔비탄아이소스테아레이트, 다이소듐이디티에이, 코튼추출물, 소듐하이알루로네이트, 하이알루로닉애씨드, 하이드롤라이즈드하이알루로닉애씨드, 돌나물추출물, 프로방스장미꽃추출물, 카멜그라스추출물, 라임껍질추출물, 애플민트잎추출물, 펜타에리스리틸테트라-다이-t-부틸하이드록시하이드로신나메이트",모든 피부 사용,yun****,2022.09.17,과하게 티나지 않고 자연스럽게 피부톤이 정리되는 느낌입니다. 가격도 저렴해서 만족하고 있습니다.,5,_alchera_none_
9,20221016_025410,프라이버/베이스,그라펜 원스텝 톤업크림 50g,https://www.oliveyoung.co.kr/store/goods/getGoodsDetail.do?goodsNo=A000000161354&dispCatNo=1000001000200010003&trackingCd&curation&egcode&rccode&egrankcode,그라펜,그라펜 원스텝 톤업크림 50g,18000,18000,,"정제수, 부틸렌글라이콜, 프로판다이올, 사이클로펜타실록세인, 티타늄디옥사이드, 사이클로헥사실록세인, 1,2-헥산다이올, 나이아신아마이드, 펜타에리스리틸테트라에틸헥사노에이트, 다이메티콘/비닐다이메티콘크로스폴리머, 폴리솔베이트60, 다이메티콘, 소듐아크릴레이트/소듐아크릴로일다이메틸타우레이트코폴리머, 비스-피이지/피피지-20/5피이지/피피지-20/5다이메티콘, 메톡시피이지/피피지-25/4다이메티콘, 하이드록시에틸아크릴레이트/소듐아크릴로일다이메틸타우레이트코폴리머, 소듐폴리아크릴레이트, 아이소헥사데칸, 스쿠알란, 다이메티콘올, 카프릴릭/카프릭트라이글리세라이드, 폴리솔베이트80, 글리세린, 트라이에톡시카프릴릴실레인, 알루미늄하이드록사이드, 알로에베라잎추출물, 에틸헥실글리세린, 솔비탄올리에이트, 아데노신, 솔비탄아이소스테아레이트, 다이소듐이디티에이, 코튼추출물, 소듐하이알루로네이트, 하이알루로닉애씨드, 하이드롤라이즈드하이알루로닉애씨드, 돌나물추출물, 프로방스장미꽃추출물, 카멜그라스추출물, 라임껍질추출물, 애플민트잎추출물, 펜타에리스리틸테트라-다이-t-부틸하이드록시하이드로신나메이트",모든 피부 사용,ns****,2022.09.04,너무 많이 바르면 안되구요. 콩알만하게 바르고 얼굴에 살짝씩만 찍어 바르고 펴발라줘야 너무 하얗게 뜨지 않습니다. 톤업되면서 얼굴이 화사해지므로 입술도 발색림밤 같은 걸 발라주면 좋아요.,5,_alchera_none_
10,20221016_025413,프라이버/베이스,그라펜 원스텝 톤업크림 50g,https://www.oliveyoung.co.kr/store/goods/getGoodsDetail.do?goodsNo=A000000161354&dispCatNo=1000001000200010003&trackingCd&curation&egcode&rccode&egrankcode,그라펜,그라펜 원스텝 톤업크림 50g,18000,18000,,"정제수, 부틸렌글라이콜, 프로판다이올, 사이클로펜타실록세인, 티타늄디옥사이드, 사이클로헥사실록세인, 1,2-헥산다이올, 나이아신아마이드, 펜타에리스리틸테트라에틸헥사노에이트, 다이메티콘/비닐다이메티콘크로스폴리머, 폴리솔베이트60, 다이메티콘, 소듐아크릴레이트/소듐아크릴로일다이메틸타우레이트코폴리머, 비스-피이지/피피지-20/5피이지/피피지-20/5다이메티콘, 메톡시피이지/피피지-25/4다이메티콘, 하이드록시에틸아크릴레이트/소듐아크릴로일다이메틸타우레이트코폴리머, 소듐폴리아크릴레이트, 아이소헥사데칸, 스쿠알란, 다이메티콘올, 카프릴릭/카프릭트라이글리세라이드, 폴리솔베이트80, 글리세린, 트라이에톡시카프릴릴실레인, 알루미늄하이드록사이드, 알로에베라잎추출물, 에틸헥실글리세린, 솔비탄올리에이트, 아데노신, 솔비탄아이소스테아레이트, 다이소듐이디티에이, 코튼추출물, 소듐하이알루로네이트, 하이알루로닉애씨드, 하이드롤라이즈드하이알루로닉애씨드, 돌나물추출물, 프로방스장미꽃추출물, 카멜그라스추출물, 라임껍질추출물, 애플민트잎추출물, 펜타에리스리틸테트라-다이-t-부틸하이드록시하이드로신나메이트",모든 피부 사용,aiu****,2022.08.30,끈적임x 독한 화장품 특유의 냄새x 밀림x 유분기x 남자친구가 한번 써보더니 혼자서 추가 구매를 할 정도에요,5,_alchera_none_
11,20221016_025414,프라이버/베이스,그라펜 원스텝 톤업크림 50g,https://www.oliveyoung.co.kr/store/goods/getGoodsDetail.do?goodsNo=A000000161354&dispCatNo=1000001000200010003&trackingCd&curation&egcode&rccode&egrankcode,그라펜,그라펜 원스텝 톤업크림 50g,18000,18000,,"정제수, 부틸렌글라이콜, 프로판다이올, 사이클로펜타실록세인, 티타늄디옥사이드, 사이클로헥사실록세인, 1,2-헥산다이올, 나이아신아마이드, 펜타에리스리틸테트라에틸헥사노에이트, 다이메티콘/비닐다이메티콘크로스폴리머, 폴리솔베이트60, 다이메티콘, 소듐아크릴레이트/소듐아크릴로일다이메틸타우레이트코폴리머, 비스-피이지/피피지-20/5피이지/피피지-20/5다이메티콘, 메톡시피이지/피피지-25/4다이메티콘, 하이드록시에틸아크릴레이트/소듐아크릴로일다이메틸타우레이트코폴리머, 소듐폴리아크릴레이트, 아이소헥사데칸, 스쿠알란, 다이메티콘올, 카프릴릭/카프릭트라이글리세라이드, 폴리솔베이트80, 글리세린, 트라이에톡시카프릴릴실레인, 알루미늄하이드록사이드, 알로에베라잎추출물, 에틸헥실글리세린, 솔비탄올리에이트, 아데노신, 솔비탄아이소스테아레이트, 다이소듐이디티에이, 코튼추출물, 소듐하이알루로네이트, 하이알루로닉애씨드, 하이드롤라이즈드하이알루로닉애씨드, 돌나물추출물, 프로방스장미꽃추출물, 카멜그라스추출물, 라임껍질추출물, 애플민트잎추출물, 펜타에리스리틸테트라-다이-t-부틸하이드록시하이드로신나메이트",모든 피부 사용,kdfh****,2022.07.01,"이전에 쓰던 톤업크림보다 훨씬 입자도 촘촘히 발려지는 것 같아요. 지속력도 생각보다 오래 가구요, 자연스러운 톤보정이 되어 만족합니다. 다만 좀 꾸덕?한 느낌 때문에 빠르고 나서 좀 끈적이는 감이 있어 호불호가 갈릴것 같네요.",4,_alchera_none_
12,20221016_025416,프라이버/베이스,그라펜 원스텝 톤업크림 50g,https://www.oliveyoung.co.kr/store/goods/getGoodsDetail.do?goodsNo=A000000161354&dispCatNo=1000001000200010003&trackingCd&curation&egcode&rccode&egrankcode,그라펜,그라펜 원스텝 톤업크림 50g,18000,18000,,"정제수, 부틸렌글라이콜, 프로판다이올, 사이클로펜타실록세인, 티타늄디옥사이드, 사이클로헥사실록세인, 1,2-헥산다이올, 나이아신아마이드, 펜타에리스리틸테트라에틸헥사노에이트, 다이메티콘/비닐다이메티콘크로스폴리머, 폴리솔베이트60, 다이메티콘, 소듐아크릴레이트/소듐아크릴로일다이메틸타우레이트코폴리머, 비스-피이지/피피지-20/5피이지/피피지-20/5다이메티콘, 메톡시피이지/피피지-25/4다이메티콘, 하이드록시에틸아크릴레이트/소듐아크릴로일다이메틸타우레이트코폴리머, 소듐폴리아크릴레이트, 아이소헥사데칸, 스쿠알란, 다이메티콘올, 카프릴릭/카프릭트라이글리세라이드, 폴리솔베이트80, 글리세린, 트라이에톡시카프릴릴실레인, 알루미늄하이드록사이드, 알로에베라잎추출물, 에틸헥실글리세린, 솔비탄올리에이트, 아데노신, 솔비탄아이소스테아레이트, 다이소듐이디티에이, 코튼추출물, 소듐하이알루로네이트, 하이알루로닉애씨드, 하이드롤라이즈드하이알루로닉애씨드, 돌나물추출물, 프로방스장미꽃추출물, 카멜그라스추출물, 라임껍질추출물, 애플민트잎추출물, 펜타에리스리틸테트라-다이-t-부틸하이드록시하이드로신나메이트",모든 피부 사용,892****,2022.07.09,음 조금 건조하네요~ 일단 더 써봐잉할걱ㆍㅌ아요80~~~~,5,_alchera_none_
13,20221016_025417,프라이버/베이스,그라펜 원스텝 톤업크림 50g,https://www.oliveyoung.co.kr/store/goods/getGoodsDetail.do?goodsNo=A000000161354&dispCatNo=1000001000200010003&trackingCd&curation&egcode&rccode&egrankcode,그라펜,그라펜 원스텝 톤업크림 50g,18000,18000,,"정제수, 부틸렌글라이콜, 프로판다이올, 사이클로펜타실록세인, 티타늄디옥사이드, 사이클로헥사실록세인, 1,2-헥산다이올, 나이아신아마이드, 펜타에리스리틸테트라에틸헥사노에이트, 다이메티콘/비닐다이메티콘크로스폴리머, 폴리솔베이트60, 다이메티콘, 소듐아크릴레이트/소듐아크릴로일다이메틸타우레이트코폴리머, 비스-피이지/피피지-20/5피이지/피피지-20/5다이메티콘, 메톡시피이지/피피지-25/4다이메티콘, 하이드록시에틸아크릴레이트/소듐아크릴로일다이메틸타우레이트코폴리머, 소듐폴리아크릴레이트, 아이소헥사데칸, 스쿠알란, 다이메티콘올, 카프릴릭/카프릭트라이글리세라이드, 폴리솔베이트80, 글리세린, 트라이에톡시카프릴릴실레인, 알루미늄하이드록사이드, 알로에베라잎추출물, 에틸헥실글리세린, 솔비탄올리에이트, 아데노신, 솔비탄아이소스테아레이트, 다이소듐이디티에이, 코튼추출물, 소듐하이알루로네이트, 하이알루로닉애씨드, 하이드롤라이즈드하이알루로닉애씨드, 돌나물추출물, 프로방스장미꽃추출물, 카멜그라스추출물, 라임껍질추출물, 애플민트잎추출물, 펜타에리스리틸테트라-다이-t-부틸하이드록시하이드로신나메이트",모든 피부 사용,yh****,2022.06.14,톤업이 되어서 좋아요 구매원하시는 분들께 추천드립니다아,5,_alchera_none_
14,20221016_025418,프라이버/베이스,그라펜 원스텝 톤업크림 50g,https://www.oliveyoung.co.kr/store/goods/getGoodsDetail.do?goodsNo=A000000161354&dispCatNo=1000001000200010003&trackingCd&curation&egcode&rccode&egrankcode,그라펜,그라펜 원스텝 톤업크림 50g,18000,18000,,"정제수, 부틸렌글라이콜, 프로판다이올, 사이클로펜타실록세인, 티타늄디옥사이드, 사이클로헥사실록세인, 1,2-헥산다이올, 나이아신아마이드, 펜타에리스리틸테트라에틸헥사노에이트, 다이메티콘/비닐다이메티콘크로스폴리머, 폴리솔베이트60, 다이메티콘, 소듐아크릴레이트/소듐아크릴로일다이메틸타우레이트코폴리머, 비스-피이지/피피지-20/5피이지/피피지-20/5다이메티콘, 메톡시피이지/피피지-25/4다이메티콘, 하이드록시에틸아크릴레이트/소듐아크릴로일다이메틸타우레이트코폴리머, 소듐폴리아크릴레이트, 아이소헥사데칸, 스쿠알란, 다이메티콘올, 카프릴릭/카프릭트라이글리세라이드, 폴리솔베이트80, 글리세린, 트라이에톡시카프릴릴실레인, 알루미늄하이드록사이드, 알로에베라잎추출물, 에틸헥실글리세린, 솔비탄올리에이트, 아데노신, 솔비탄아이소스테아레이트, 다이소듐이디티에이, 코튼추출물, 소듐하이알루로네이트, 하이알루로닉애씨드, 하이드롤라이즈드하이알루로닉애씨드, 돌나물추출물, 프로방스장미꽃추출물, 카멜그라스추출물, 라임껍질추출물, 애플민트잎추출물, 펜타에리스리틸테트라-다이-t-부틸하이드록시하이드로신나메이트",모든 피부 사용,kimsg****,2022.05.19,남자화장할때 톤업크림만 발라줘도 얼굴 혈색이 달라보였어요 최고에요..!,5,_alchera_none_
15,20221016_025419,프라이버/베이스,그라펜 원스텝 톤업크림 50g,https://www.oliveyoung.co.kr/store/goods/getGoodsDetail.do?goodsNo=A000000161354&dispCatNo=1000001000200010003&trackingCd&curation&egcode&rccode&egrankcode,그라펜,그라펜 원스텝 톤업크림 50g,18000,18000,,"정제수, 부틸렌글라이콜, 프로판다이올, 사이클로펜타실록세인, 티타늄디옥사이드, 사이클로헥사실록세인, 1,2-헥산다이올, 나이아신아마이드, 펜타에리스리틸테트라에틸헥사노에이트, 다이메티콘/비닐다이메티콘크로스폴리머, 폴리솔베이트60, 다이메티콘, 소듐아크릴레이트/소듐아크릴로일다이메틸타우레이트코폴리머, 비스-피이지/피피지-20/5피이지/피피지-20/5다이메티콘, 메톡시피이지/피피지-25/4다이메티콘, 하이드록시에틸아크릴레이트/소듐아크릴로일다이메틸타우레이트코폴리머, 소듐폴리아크릴레이트, 아이소헥사데칸, 스쿠알란, 다이메티콘올, 카프릴릭/카프릭트라이글리세라이드, 폴리솔베이트80, 글리세린, 트라이에톡시카프릴릴실레인, 알루미늄하이드록사이드, 알로에베라잎추출물, 에틸헥실글리세린, 솔비탄올리에이트, 아데노신, 솔비탄아이소스테아레이트, 다이소듐이디티에이, 코튼추출물, 소듐하이알루로네이트, 하이알루로닉애씨드, 하이드롤라이즈드하이알루로닉애씨드, 돌나물추출물, 프로방스장미꽃추출물, 카멜그라스추출물, 라임껍질추출물, 애플민트잎추출물, 펜타에리스리틸테트라-다이-t-부틸하이드록시하이드로신나메이트",모든 피부 사용,mat****,2022.05.05,"톤업으로 잡틲까지 가려지는 센스
좋아요
굿입니다
귯
강츄해요",5,_alchera_none_
16,20221016_025420,프라이버/베이스,그라펜 원스텝 톤업크림 50g,https://www.oliveyoung.co.kr/store/goods/getGoodsDetail.do?goodsNo=A000000161354&dispCatNo=1000001000200010003&trackingCd&curation&egcode&rccode&egrankcode,그라펜,그라펜 원스텝 톤업크림 50g,18000,18000,,"정제수, 부틸렌글라이콜, 프로판다이올, 사이클로펜타실록세인, 티타늄디옥사이드, 사이클로헥사실록세인, 1,2-헥산다이올, 나이아신아마이드, 펜타에리스리틸테트라에틸헥사노에이트, 다이메티콘/비닐다이메티콘크로스폴리머, 폴리솔베이트60, 다이메티콘, 소듐아크릴레이트/소듐아크릴로일다이메틸타우레이트코폴리머, 비스-피이지/피피지-20/5피이지/피피지-20/5다이메티콘, 메톡시피이지/피피지-25/4다이메티콘, 하이드록시에틸아크릴레이트/소듐아크릴로일다이메틸타우레이트코폴리머, 소듐폴리아크릴레이트, 아이소헥사데칸, 스쿠알란, 다이메티콘올, 카프릴릭/카프릭트라이글리세라이드, 폴리솔베이트80, 글리세린, 트라이에톡시카프릴릴실레인, 알루미늄하이드록사이드, 알로에베라잎추출물, 에틸헥실글리세린, 솔비탄올리에이트, 아데노신, 솔비탄아이소스테아레이트, 다이소듐이디티에이, 코튼추출물, 소듐하이알루로네이트, 하이알루로닉애씨드, 하이드롤라이즈드하이알루로닉애씨드, 돌나물추출물, 프로방스장미꽃추출물, 카멜그라스추출물, 라임껍질추출물, 애플민트잎추출물, 펜타에리스리틸테트라-다이-t-부틸하이드록시하이드로신나메이트",모든 피부 사용,bu****,2022.03.31,손등에 테스트해보고 로션같이 너무 촉촉하게 발려서 바로 남자 사촌동생 선물로 샀습니다,5,_alchera_none_
17,20221016_025421,프라이버/베이스,그라펜 원스텝 톤업크림 50g,https://www.oliveyoung.co.kr/store/goods/getGoodsDetail.do?goodsNo=A000000161354&dispCatNo=1000001000200010003&trackingCd&curation&egcode&rccode&egrankcode,그라펜,그라펜 원스텝 톤업크림 50g,18000,18000,,"정제수, 부틸렌글라이콜, 프로판다이올, 사이클로펜타실록세인, 티타늄디옥사이드, 사이클로헥사실록세인, 1,2-헥산다이올, 나이아신아마이드, 펜타에리스리틸테트라에틸헥사노에이트, 다이메티콘/비닐다이메티콘크로스폴리머, 폴리솔베이트60, 다이메티콘, 소듐아크릴레이트/소듐아크릴로일다이메틸타우레이트코폴리머, 비스-피이지/피피지-20/5피이지/피피지-20/5다이메티콘, 메톡시피이지/피피지-25/4다이메티콘, 하이드록시에틸아크릴레이트/소듐아크릴로일다이메틸타우레이트코폴리머, 소듐폴리아크릴레이트, 아이소헥사데칸, 스쿠알란, 다이메티콘올, 카프릴릭/카프릭트라이글리세라이드, 폴리솔베이트80, 글리세린, 트라이에톡시카프릴릴실레인, 알루미늄하이드록사이드, 알로에베라잎추출물, 에틸헥실글리세린, 솔비탄올리에이트, 아데노신, 솔비탄아이소스테아레이트, 다이소듐이디티에이, 코튼추출물, 소듐하이알루로네이트, 하이알루로닉애씨드, 하이드롤라이즈드하이알루로닉애씨드, 돌나물추출물, 프로방스장미꽃추출물, 카멜그라스추출물, 라임껍질추출물, 애플민트잎추출물, 펜타에리스리틸테트라-다이-t-부틸하이드록시하이드로신나메이트",모든 피부 사용,hkuk****,2022.03.01,쿠션과 같이 구매했는데 쿠션바르기 전에 사용하니까 흡수도 잘되고 자연스러운 스타일연출가능,4,_alchera_none_
