,timestamp,category,productName,urlProduct,brand,productName.1,price1,price2,Color,ingredients,skinType,username,datePublished,reviewText,score,reviewerSkinType
0,20221016_025531,프라이버/베이스,글린트 글로우 펄 베이스 30ml,https://www.oliveyoung.co.kr/store/goods/getGoodsDetail.do?goodsNo=A000000161170&dispCatNo=1000001000200010003&trackingCd&curation&egcode&rccode&egrankcode,글린트바이비디보브,글린트 글로우 펄 베이스 30ml,24000,24000,,"정제수, 다이페닐실록시페닐트라이메티콘, 트라이에틸헥사노인, 사이클로펜타실록세인, 글리세린, 사이클로헥사실록세인, 에틸헥실팔미테이트, 피이지-10다이메티콘, 합성플루오르플로고파이트, 1,2-헥산다이올, 트라이메틸실록시실리케이트, 알루미나, 마그네슘설페이트, 다이스테아다이모늄헥토라이트, 판테놀, 솔비탄세스퀴아이소스테아레이트, 다이메티콘/페닐비닐다이메티콘크로스폴리머, 다이스테아릴다이모늄클로라이드, 스테아릭애씨드, 마이카, 바이오사카라이드검-1, 틴옥사이드, 에틸헥실글리세린, 향료, 리날룰, 리모넨, 벤질살리실레이트, 시트로넬올, 하이드록시시트로넬알, 벤질벤조에이트, 헥실신남알, 티타늄디옥사이드(CI 77891), 적색산화철",모든피부용,빵먹고싶은사람,2022.10.03,"기초에서 나름 수분을 열심히 채운다고 채우는데도 쿠션만 바르면 볼이랑 이마 부분이 안 예쁘게 뜨는 수부지 피부 .. 🌋 피부가 더 건조해지는 겨울이 오기 전에 한번 구매해봤습니다




📍저는 보통 피부 화장을 할 때 수분프리이머 - 선크림 겸용 톤업 베이스 - 쿠션 순으로 바르기때문에 중간 단계인 톤업 베이스에다가 글린트 펄 베이스를 섞어서 발라줬어요

아무래도 기존 베이스가 이 베이스에 의해 희석되다보니 톤업 효과는 약간 떨어졌지만 대신 촉촉한 느낌을 유지할 수 있었어요 쿠션 발랐을 때 뜨는 것도 훨씬 덜하구요 !! 

쿠션을 바르고 몇 시간이 지나도 아랫볼에 건조한 느낌이 거의 들지 않았고 쿠션 밀착이 잘 되다보니 이마 요철 가리기에도 괜찮았어욤 굿

특히 저는 컨실러만 바르면 그 부분이 건조하게 뜨는 피부라 ㅠ ㅠ 컨실러 바르기가 어려운데 컨실러에 글린트 펄 베이스를 섞어서 피부에 얇게 발라주니 두껍지도 않고 트러블도 나쁘지 않게 커버돼서 좋았어요 🥹


+ 본격적인 피부 화장 할 때 말고 데일리로 쓸 때는 파데프리 선크림이랑 섞어서 바르면 좋아요!!!!
저는 넘ㅂㅓ즈인 제품 사용했는데 궁합 쏘 굿






📍펄 베이스라는 이름답게 펄이 왕창 들어있어요
그래서 화장 끝내고 보면 손등 반짝반짝 장난 아님 ㅜㅋㅋ
깔끔하게 따로 팔레트 쓰시는 분들이면 해당 사항 없겠지만 저처럼 손등 위에서 다른 베이스랑 이거 섞어서 쓰실 분들은 화장 끝내고 비누로 손 박박 씻으셔요 


+ 뭐랑 섞어 바르느냐에 따라 이 현상도 케바케인듯요 .. 
톤업 베이스랑 발랐을 때는 손등이 번쩍거렸는데 파데프리 선크림이랑 섞어서 발랐을 때는 그런 거 하나도 없었음 






📍저는 피부 밀착력을 높이려고 구매한 거라 속광 윤광 이런 거에 큰 관심을 안 뒀지만 .. 그런 걸 원해서 구매하시는 분들께는 별 효과 없다고 생각될 수도 있을듯
얼굴에 은은한 반짝임 효과는 있었지만 제가 생각했던 윤광 느낌까지는 아니었어요





💥총평 : 용량에 비해 가격이 저렴한 편은 아니지만 그래도 세일할 때 구매하면 나쁘지 않은 펄 베이스!!
뭘 발라도 잘 뜨는 분들께 추천드립니닷 
저는 산 이래로 피부화장할때마다 잘 쓰고 있어용",5,민감성;웜톤;모공;트러블
1,20221016_025532,프라이버/베이스,글린트 글로우 펄 베이스 30ml,https://www.oliveyoung.co.kr/store/goods/getGoodsDetail.do?goodsNo=A000000161170&dispCatNo=1000001000200010003&trackingCd&curation&egcode&rccode&egrankcode,글린트바이비디보브,글린트 글로우 펄 베이스 30ml,24000,24000,,"정제수, 다이페닐실록시페닐트라이메티콘, 트라이에틸헥사노인, 사이클로펜타실록세인, 글리세린, 사이클로헥사실록세인, 에틸헥실팔미테이트, 피이지-10다이메티콘, 합성플루오르플로고파이트, 1,2-헥산다이올, 트라이메틸실록시실리케이트, 알루미나, 마그네슘설페이트, 다이스테아다이모늄헥토라이트, 판테놀, 솔비탄세스퀴아이소스테아레이트, 다이메티콘/페닐비닐다이메티콘크로스폴리머, 다이스테아릴다이모늄클로라이드, 스테아릭애씨드, 마이카, 바이오사카라이드검-1, 틴옥사이드, 에틸헥실글리세린, 향료, 리날룰, 리모넨, 벤질살리실레이트, 시트로넬올, 하이드록시시트로넬알, 벤질벤조에이트, 헥실신남알, 티타늄디옥사이드(CI 77891), 적색산화철",모든피부용,michelle0121,2022.07.18,배송도 그럭저럭 빨랐구요 .. 깨지지 않구 잘왔구 몇십만원  매장에사도 사도 샘플도 못받는 일도 허다했는데 .. 예전엔 매장에서 주로 구매했는데 이젠 온라인에서 많이 이용할것같네요 .. 잘쓸게요 ..많이 파세용,5,_alchera_none_
2,20221016_025533,프라이버/베이스,글린트 글로우 펄 베이스 30ml,https://www.oliveyoung.co.kr/store/goods/getGoodsDetail.do?goodsNo=A000000161170&dispCatNo=1000001000200010003&trackingCd&curation&egcode&rccode&egrankcode,글린트바이비디보브,글린트 글로우 펄 베이스 30ml,24000,24000,,"정제수, 다이페닐실록시페닐트라이메티콘, 트라이에틸헥사노인, 사이클로펜타실록세인, 글리세린, 사이클로헥사실록세인, 에틸헥실팔미테이트, 피이지-10다이메티콘, 합성플루오르플로고파이트, 1,2-헥산다이올, 트라이메틸실록시실리케이트, 알루미나, 마그네슘설페이트, 다이스테아다이모늄헥토라이트, 판테놀, 솔비탄세스퀴아이소스테아레이트, 다이메티콘/페닐비닐다이메티콘크로스폴리머, 다이스테아릴다이모늄클로라이드, 스테아릭애씨드, 마이카, 바이오사카라이드검-1, 틴옥사이드, 에틸헥실글리세린, 향료, 리날룰, 리모넨, 벤질살리실레이트, 시트로넬올, 하이드록시시트로넬알, 벤질벤조에이트, 헥실신남알, 티타늄디옥사이드(CI 77891), 적색산화철",모든피부용,tl****,2022.09.30,톤보정도 자연스럽게 되고 지속력도 좋고 모공도 잘 가려주는게 좋아요,5,_alchera_none_
3,20221016_025535,프라이버/베이스,글린트 글로우 펄 베이스 30ml,https://www.oliveyoung.co.kr/store/goods/getGoodsDetail.do?goodsNo=A000000161170&dispCatNo=1000001000200010003&trackingCd&curation&egcode&rccode&egrankcode,글린트바이비디보브,글린트 글로우 펄 베이스 30ml,24000,24000,,"정제수, 다이페닐실록시페닐트라이메티콘, 트라이에틸헥사노인, 사이클로펜타실록세인, 글리세린, 사이클로헥사실록세인, 에틸헥실팔미테이트, 피이지-10다이메티콘, 합성플루오르플로고파이트, 1,2-헥산다이올, 트라이메틸실록시실리케이트, 알루미나, 마그네슘설페이트, 다이스테아다이모늄헥토라이트, 판테놀, 솔비탄세스퀴아이소스테아레이트, 다이메티콘/페닐비닐다이메티콘크로스폴리머, 다이스테아릴다이모늄클로라이드, 스테아릭애씨드, 마이카, 바이오사카라이드검-1, 틴옥사이드, 에틸헥실글리세린, 향료, 리날룰, 리모넨, 벤질살리실레이트, 시트로넬올, 하이드록시시트로넬알, 벤질벤조에이트, 헥실신남알, 티타늄디옥사이드(CI 77891), 적색산화철",모든피부용,ahepf****,2022.07.04,모공가려주기 보다는 촉촉한 피부표현에 좋은것같아요 적당량 바르는게 안밀리고 좋네요,4,_alchera_none_
4,20221016_025537,프라이버/베이스,글린트 글로우 펄 베이스 30ml,https://www.oliveyoung.co.kr/store/goods/getGoodsDetail.do?goodsNo=A000000161170&dispCatNo=1000001000200010003&trackingCd&curation&egcode&rccode&egrankcode,글린트바이비디보브,글린트 글로우 펄 베이스 30ml,24000,24000,,"정제수, 다이페닐실록시페닐트라이메티콘, 트라이에틸헥사노인, 사이클로펜타실록세인, 글리세린, 사이클로헥사실록세인, 에틸헥실팔미테이트, 피이지-10다이메티콘, 합성플루오르플로고파이트, 1,2-헥산다이올, 트라이메틸실록시실리케이트, 알루미나, 마그네슘설페이트, 다이스테아다이모늄헥토라이트, 판테놀, 솔비탄세스퀴아이소스테아레이트, 다이메티콘/페닐비닐다이메티콘크로스폴리머, 다이스테아릴다이모늄클로라이드, 스테아릭애씨드, 마이카, 바이오사카라이드검-1, 틴옥사이드, 에틸헥실글리세린, 향료, 리날룰, 리모넨, 벤질살리실레이트, 시트로넬올, 하이드록시시트로넬알, 벤질벤조에이트, 헥실신남알, 티타늄디옥사이드(CI 77891), 적색산화철",모든피부용,anc****,2022.03.22,펄베이스로 바르면 반짝거리고 예쁘게 피부 표현이 됩니다 예뻐요,5,_alchera_none_
